email_id,label_original,label_text,template_group_id,split,url_count,ip_address_url_count,urgency_word_count,credential_word_count,action_word_count,money_related_word_count,uppercase_letter_ratio,exclamation_mark_count,feature_contract_version,sanitisation_version
nazario5_000002_42a5d0fa9de4,0,legitimate,tpl_6795eb9f61a87c64,train,0,0,0,0,1,0,0.0774818401937046,1,1.0,1.0
nazario5_000003_762f8779c452,0,legitimate,tpl_c02e1d392212f574,train,3,0,0,0,0,0,0.2311212814645309,0,1.0,1.0
nazario5_000004_636596ccfb34,0,legitimate,tpl_1e5573f86ee7bb05,train,0,0,0,1,2,1,0.12184115523465704,0,1.0,1.0
nazario5_000005_9ef6465b5cd4,0,legitimate,tpl_1687f7b858ad7bad,train,0,0,0,1,0,0,0.06198347107438017,0,1.0,1.0
nazario5_000006_cce0d1f92015,0,legitimate,tpl_e098cdf9a825672e,train,0,0,0,0,1,0,0.18346774193548387,0,1.0,1.0
nazario5_000007_602f0a619728,0,legitimate,tpl_35b26871fe33cedd,train,0,0,0,0,0,0,0.06327683615819209,0,1.0,1.0
nazario5_000008_df5ea7b67cd2,0,legitimate,tpl_56bf2e3d3d58399c,train,0,0,0,0,0,1,0.04600484261501211,0,1.0,1.0
nazario5_000009_ce42bade8bc8,0,legitimate,tpl_1c26e8092f695d77,train,0,0,0,0,0,1,0.07428571428571429,0,1.0,1.0
nazario5_000011_fd135025c657,0,legitimate,tpl_0bc60220cf9691f7,train,0,0,0,0,0,1,0.06635071090047394,0,1.0,1.0
nazario5_000012_0a1759370397,0,legitimate,tpl_7bc2a9137ceae8c7,train,0,0,0,0,0,0,0.21052631578947367,0,1.0,1.0
nazario5_000014_7292ff5cef6b,0,legitimate,tpl_e7b6d4d078f16822,train,0,0,0,0,0,0,0.24615384615384617,0,1.0,1.0
nazario5_000016_7a55b14d6325,0,legitimate,tpl_af10a69c5b95144b,train,2,0,0,0,0,0,0.1935483870967742,6,1.0,1.0
nazario5_000017_a93006b2a993,0,legitimate,tpl_64db259c140def3e,train,2,0,0,0,2,0,0.15436507936507937,11,1.0,1.0
nazario5_000018_0ae70db23512,0,legitimate,tpl_57c2e85b0e8f9ab2,train,0,0,0,0,2,0,0.0472972972972973,0,1.0,1.0
nazario5_000019_abe9fb5ccb6e,0,legitimate,tpl_b0998de51ca6c4f6,train,0,0,0,0,1,0,0.1739961759082218,0,1.0,1.0
nazario5_000020_3dd7222f8144,0,legitimate,tpl_e456b2aaf445509d,train,0,0,0,0,0,0,0.1595744680851064,0,1.0,1.0
nazario5_000021_5119db6379b0,0,legitimate,tpl_f10ec50019526afe,train,0,0,0,0,1,0,0.1673881673881674,0,1.0,1.0
nazario5_000022_60b49a7bdf99,0,legitimate,tpl_3f24900bda474a5e,train,73,0,0,2,12,8,0.14574284729403653,0,1.0,1.0
nazario5_000023_9d4b1cb9c37c,0,legitimate,tpl_9fcb398e3dac5a18,train,4,0,0,2,2,0,0.10632746249184605,0,1.0,1.0
nazario5_000025_54f51cd2851c,0,legitimate,tpl_83eca1654de67b23,train,0,0,0,0,5,0,0.15801526717557252,0,1.0,1.0
nazario5_000028_0cf69d24ea50,0,legitimate,tpl_1e0471549783f6de,train,0,0,0,0,1,0,0.052805280528052806,0,1.0,1.0
nazario5_000029_938610cee149,0,legitimate,tpl_2a39e81cc35d61c9,train,0,0,6,0,4,0,0.08488499452354874,1,1.0,1.0
nazario5_000031_71ad2cfb637d,0,legitimate,tpl_4778e97d01a9a832,train,0,0,0,1,0,0,0.07446808510638298,0,1.0,1.0
nazario5_000032_90f6e6f881ba,0,legitimate,tpl_8860af9abb09398a,train,1,0,0,1,0,0,0.09429280397022333,0,1.0,1.0
nazario5_000033_bf62a0afcf66,0,legitimate,tpl_5c1b267468162993,train,0,0,0,0,4,0,0.11529933481152993,0,1.0,1.0
nazario5_000034_c40de79f0bf7,0,legitimate,tpl_7c5c52de9dafa2e6,train,0,0,0,0,0,0,0.06779661016949153,0,1.0,1.0
nazario5_000035_c6c5d6139493,0,legitimate,tpl_761e1a0723119733,train,0,0,0,0,0,0,0.3412784398699892,0,1.0,1.0
nazario5_000036_52f09da068c4,0,legitimate,tpl_1a04562a0ecd7dae,train,0,0,0,0,2,0,0.07220216606498195,0,1.0,1.0
nazario5_000037_504e091ffe40,0,legitimate,tpl_ade00c153cf97eed,train,1,0,0,0,0,0,0.05244755244755245,0,1.0,1.0
nazario5_000038_2931cea7bec5,0,legitimate,tpl_f866461ead48aa93,train,1,0,0,0,0,0,0.0759493670886076,0,1.0,1.0
nazario5_000039_cf2c6def6c88,0,legitimate,tpl_52421b70d6aac389,train,0,0,0,0,1,0,0.17763541059988353,0,1.0,1.0
nazario5_000040_eafe8fb4f72e,0,legitimate,tpl_b86c4f83c0cdc39d,train,1,0,1,1,8,1,0.06685894074462506,0,1.0,1.0
nazario5_000041_bbd9a998eeaf,0,legitimate,tpl_5a2fe04527a7848e,train,0,0,0,0,0,0,0.017241379310344827,0,1.0,1.0
nazario5_000043_78c2a2e8cf27,0,legitimate,tpl_9ba1a88a27f4cc7b,train,2,0,0,0,3,2,0.06514249921703727,0,1.0,1.0
nazario5_000045_f25876618fc7,0,legitimate,tpl_9f2a8e2085b64be7,train,5,0,0,1,0,1,0.12385786802030457,5,1.0,1.0
nazario5_000046_71e635cbb223,0,legitimate,tpl_f0d8b28e9dda09f3,train,0,0,0,0,0,0,0.1436651583710407,0,1.0,1.0
nazario5_000047_91aa6b910ede,0,legitimate,tpl_6596ecb0fc711224,train,3,0,0,5,1,0,0.09803921568627451,8,1.0,1.0
nazario5_000048_c5c318362cd0,0,legitimate,tpl_0f4f8859afdc2f73,train,0,0,0,0,0,0,0.08559782608695653,1,1.0,1.0
nazario5_000050_dc264e95604c,0,legitimate,tpl_c036205e249ed403,train,0,0,0,0,1,2,0.03538283062645012,0,1.0,1.0
nazario5_000051_d77b84c4a629,0,legitimate,tpl_5e69f665fc747889,train,1,0,0,1,2,0,0.07723577235772358,0,1.0,1.0
nazario5_000053_9876d7ba1637,0,legitimate,tpl_5e5a488a35127076,train,0,0,0,0,0,0,0.14583333333333334,1,1.0,1.0
nazario5_000055_a2b609b2f390,0,legitimate,tpl_2b31d7058533f2a8,train,0,0,0,0,0,0,0.19068736141906872,0,1.0,1.0
nazario5_000058_899c44093446,0,legitimate,tpl_9c086733e2e13c0b,train,0,0,0,0,0,0,0.14935064935064934,0,1.0,1.0
nazario5_000059_1dc75ee486b3,0,legitimate,tpl_bd66a5035ad28918,train,0,0,0,0,1,0,0.11785714285714285,0,1.0,1.0
nazario5_000060_e5963a2c0ee2,0,legitimate,tpl_e1d32363e29df7e7,train,0,0,1,0,1,0,0.148068669527897,0,1.0,1.0
nazario5_000068_097d3dc69887,0,legitimate,tpl_78199ab15ab0ec43,train,0,0,0,0,0,0,0.05008635578583765,0,1.0,1.0
nazario5_000069_6acdea7ff24c,0,legitimate,tpl_154c59029140eecd,train,1,0,0,0,0,0,0.07947019867549669,6,1.0,1.0
nazario5_000072_2c20d5e92a43,0,legitimate,tpl_bfd74c73a9f4ca02,train,0,0,0,0,0,2,0.16733067729083664,0,1.0,1.0
nazario5_000073_b7b4e224a18a,0,legitimate,tpl_96a5c4cc5c5551dd,train,0,0,1,0,0,2,0.23543495610534718,0,1.0,1.0
nazario5_000074_cddf46564b8e,0,legitimate,tpl_1cdd2a1271570d71,train,0,0,3,0,2,6,0.0691747572815534,0,1.0,1.0
nazario5_000075_9ac927347af0,0,legitimate,tpl_9708f06f6fc05848,train,0,0,0,0,0,0,0.07749469214437367,0,1.0,1.0
nazario5_000077_89f1ce92ce0a,0,legitimate,tpl_8d8574ca5c5f91e8,train,29,0,2,2,3,7,0.1324332373672193,0,1.0,1.0
nazario5_000078_56bca518a0e0,0,legitimate,tpl_c8e6435cdb2f697d,train,0,0,0,0,1,0,0.19573400250941028,0,1.0,1.0
nazario5_000080_006c70dc3fa6,0,legitimate,tpl_a0f7e74feedbe100,train,0,0,0,0,5,0,0.10547945205479452,0,1.0,1.0
nazario5_000081_976b4c0415a9,0,legitimate,tpl_28d9c09df0477f65,train,0,0,0,0,1,0,0.06716417910447761,0,1.0,1.0
nazario5_000085_7799ce2b4971,0,legitimate,tpl_9a8e18c06fbe61c1,train,0,0,0,0,0,0,0.12857142857142856,0,1.0,1.0
nazario5_000088_8caf1c458f1e,0,legitimate,tpl_2a3339937a75ff57,train,0,0,0,0,0,0,0.19172932330827067,1,1.0,1.0
nazario5_000089_b6c53130c381,0,legitimate,tpl_30d83d58252d1d3a,train,0,0,0,1,2,0,0.1487125591171834,0,1.0,1.0
nazario5_000090_1b65ec9e078f,0,legitimate,tpl_e0515cff33cc2a7a,train,0,0,0,0,0,0,0.12698412698412698,0,1.0,1.0
nazario5_000092_7c70b5da8119,0,legitimate,tpl_3908745d20b8c0fc,train,0,0,1,0,0,0,0.13448090371167296,0,1.0,1.0
nazario5_000096_741e33ab657b,0,legitimate,tpl_0900bb352012da50,train,0,0,0,0,1,3,0.06120527306967985,1,1.0,1.0
nazario5_000098_9bc1334014ab,0,legitimate,tpl_cabb05ac5fd394e7,train,0,0,0,0,0,0,0.06620209059233449,0,1.0,1.0
nazario5_000099_fb2fb37dde14,0,legitimate,tpl_2f73db5cc421816c,train,0,0,0,0,0,0,0.168141592920354,0,1.0,1.0
nazario5_000101_c064514ad7f9,0,legitimate,tpl_da3eadc411572d5e,train,1,0,0,0,0,0,0.23030303030303031,0,1.0,1.0
nazario5_000103_b713493ea5be,0,legitimate,tpl_cea0eb135e423001,train,0,0,0,1,3,6,0.0968680472360089,0,1.0,1.0
nazario5_000104_a612e1125619,0,legitimate,tpl_3cbc63bf0e8f8a36,train,1,0,1,1,3,0,0.15701668302257116,0,1.0,1.0
nazario5_000105_272574846ca7,0,legitimate,tpl_54d9ef179033277a,train,1,0,2,1,4,0,0.08992416034669556,0,1.0,1.0
nazario5_000106_f897e18ec99e,0,legitimate,tpl_f19058f9ba4c1caf,train,1,0,1,1,4,0,0.08639455782312926,0,1.0,1.0
nazario5_000107_a58dffdf2c3e,0,legitimate,tpl_05fba719ca9495ff,train,0,0,0,0,1,0,0.09393183707398171,0,1.0,1.0
nazario5_000108_8c7e754ad314,0,legitimate,tpl_8b9918f11bb2cc6f,train,0,0,0,0,0,0,0.13742690058479531,0,1.0,1.0
nazario5_000109_6bb4cf0cf72d,0,legitimate,tpl_155eb47d3fcff8f4,train,0,0,2,1,0,0,0.06624605678233439,0,1.0,1.0
nazario5_000110_dae6d4753982,0,legitimate,tpl_abb72883c676f8b8,train,0,0,0,1,0,16,0.10766045548654245,0,1.0,1.0
nazario5_000111_150e02b4dd21,0,legitimate,tpl_7ee95cc1640dc403,train,0,0,0,0,3,0,0.08578637510513036,4,1.0,1.0
nazario5_000112_631896d45f7a,0,legitimate,tpl_d06c0741aecd499f,train,1,0,0,0,1,0,0.1891891891891892,0,1.0,1.0
nazario5_000113_0be16a374f75,0,legitimate,tpl_265a84220dc67a7d,train,0,0,0,0,0,0,0.11496531219028741,0,1.0,1.0
nazario5_000114_0efdb3161eac,0,legitimate,tpl_91622c2a29e85843,train,0,0,0,0,0,0,0.23880597014925373,0,1.0,1.0
nazario5_000116_ebf50c73ec06,0,legitimate,tpl_6b626f3a33091012,train,0,0,0,0,0,0,0.10465116279069768,0,1.0,1.0
nazario5_000119_ce1363ee490b,0,legitimate,tpl_30d55f2c8dbe56a0,train,0,0,1,0,1,2,0.15283165244375485,1,1.0,1.0
nazario5_000120_d260515abe2b,0,legitimate,tpl_a2b6f7daa01e347c,train,0,0,0,0,0,0,0.3333333333333333,0,1.0,1.0
nazario5_000121_363e7089e322,0,legitimate,tpl_9a495fa32e96da67,train,1,0,0,8,4,0,0.10335195530726257,1,1.0,1.0
nazario5_000123_433a1671388f,0,legitimate,tpl_896bdc78b8c7e55a,train,0,0,2,0,0,0,0.026785714285714284,1,1.0,1.0
nazario5_000124_dd6b421c764e,0,legitimate,tpl_c4bf923f048d79c6,train,0,0,0,0,0,0,0.10460772104607721,0,1.0,1.0
nazario5_000126_d135c61a7712,0,legitimate,tpl_6921bb893fdcd00d,train,2,0,0,4,3,0,0.05155875299760192,0,1.0,1.0
nazario5_000127_1720d61b1de1,0,legitimate,tpl_93f39558d5382cfa,train,0,0,0,0,0,2,0.40634920634920635,6,1.0,1.0
nazario5_000128_b465fba67660,0,legitimate,tpl_57401af71ae4ff50,train,0,0,0,0,5,0,0.11172498465316145,0,1.0,1.0
nazario5_000130_7cc11a6ad32a,0,legitimate,tpl_211b4592cfd21dcc,train,0,0,0,0,0,0,0.09375,0,1.0,1.0
nazario5_000131_06da1e5c4f1a,0,legitimate,tpl_f31a9b4cbdd2cdf3,train,0,0,0,0,0,0,0.08163265306122448,0,1.0,1.0
nazario5_000132_4ce2f97c1b64,0,legitimate,tpl_da0d04c5a9823104,train,0,0,0,0,1,2,0.12255965292841649,0,1.0,1.0
nazario5_000133_d672fedce7b1,0,legitimate,tpl_187a67cd4f7603f0,train,0,0,0,0,0,0,0.0948905109489051,2,1.0,1.0
nazario5_000134_5614eb835e63,0,legitimate,tpl_febb262f0b03f452,train,0,0,0,1,3,0,0.06047516198704104,1,1.0,1.0
nazario5_000135_1d9927133ba1,0,legitimate,tpl_9f66deb255fc71f2,train,0,0,1,0,1,3,0.28187919463087246,0,1.0,1.0
nazario5_000137_c64f34bc457f,0,legitimate,tpl_32eda2111dbfc69d,train,0,0,0,0,0,0,0.10344827586206896,1,1.0,1.0
nazario5_000138_8dad5a676eb1,0,legitimate,tpl_219e97446fc87fb6,train,0,0,0,0,1,0,0.1111111111111111,0,1.0,1.0
nazario5_000139_580739d4a6c2,0,legitimate,tpl_9a152d30c8789b46,train,0,0,0,0,1,1,0.09670781893004116,0,1.0,1.0
nazario5_000140_14d6713d3ed3,0,legitimate,tpl_c63f68791ef6c783,train,0,0,0,0,0,0,0.12130177514792899,0,1.0,1.0
nazario5_000143_86f0320a8eda,0,legitimate,tpl_0a0202a5ffbf856e,train,1,0,0,0,7,0,0.06858685868586858,0,1.0,1.0
nazario5_000144_0add9964b514,0,legitimate,tpl_cb8f34a71da82b6f,train,0,0,0,0,3,0,0.07756232686980609,0,1.0,1.0
nazario5_000145_e93f696b5ec7,0,legitimate,tpl_a3cc874722a51a2b,train,1,0,0,0,5,3,0.07313974591651543,8,1.0,1.0
nazario5_000146_8fb4ce013df9,0,legitimate,tpl_014a87d7c5421155,train,1,0,0,0,1,0,0.035175879396984924,1,1.0,1.0
nazario5_000147_1bac9a557858,0,legitimate,tpl_9c0aa341aa7410f5,train,0,0,0,0,2,0,0.06679035250463822,0,1.0,1.0
nazario5_000152_a4f7175353ca,0,legitimate,tpl_3341effe6503284f,train,0,0,0,0,0,0,0.11335012594458438,0,1.0,1.0
nazario5_000154_453d985b97eb,0,legitimate,tpl_f11439d9597d7bbe,train,0,0,1,1,1,0,0.050748752079866885,0,1.0,1.0
nazario5_000155_e5e462519d95,0,legitimate,tpl_a58be0c98d0f0caf,train,1,0,1,0,1,0,0.1392081736909323,0,1.0,1.0
nazario5_000158_1a6d4b1956b4,0,legitimate,tpl_780bc7cd82216262,train,2,0,0,0,1,0,0.07667121418826739,0,1.0,1.0
nazario5_000159_a9c058d97031,0,legitimate,tpl_43d2a83a90034e23,train,1,0,0,0,0,1,0.24817518248175183,0,1.0,1.0
nazario5_000161_d3f38bf61a0e,0,legitimate,tpl_d92547ebea01c8f7,train,0,0,0,0,1,3,0.3611738148984199,0,1.0,1.0
nazario5_000163_db39af9fde54,0,legitimate,tpl_436e7732c889a601,train,2,0,0,0,3,0,0.06313890559230306,0,1.0,1.0
nazario5_000166_d7ae6dec183d,0,legitimate,tpl_a13307f17a845ed1,train,0,0,0,0,0,0,0.06985294117647059,0,1.0,1.0
nazario5_000167_8a93340531f3,0,legitimate,tpl_64e1552610668f5e,train,0,0,0,0,0,0,0.10330578512396695,0,1.0,1.0
nazario5_000168_3c3f9c8b4efd,0,legitimate,tpl_a78426bf2eee098d,train,0,0,0,0,0,1,0.08716026241799438,0,1.0,1.0
nazario5_000169_46b3472747a4,0,legitimate,tpl_56091efaacd635bb,train,0,0,0,0,0,0,0.25842696629213485,0,1.0,1.0
nazario5_000171_1c7b7ca65ae9,0,legitimate,tpl_8d0cfe6cc2661753,train,0,0,0,0,0,0,0.22340425531914893,0,1.0,1.0
nazario5_000173_73b963e57068,0,legitimate,tpl_5934073ea41d5fd9,train,0,0,0,0,0,0,0.14015151515151514,0,1.0,1.0
nazario5_000174_ac761fcefe27,0,legitimate,tpl_f95e4f2a32ebe98d,train,0,0,0,0,1,0,0.0625,0,1.0,1.0
nazario5_000176_a37ca8c54308,0,legitimate,tpl_ab38a0ec2c8bb5e9,train,0,0,0,0,0,0,0.1394422310756972,0,1.0,1.0
nazario5_000177_7e516e9b411f,0,legitimate,tpl_f85a3aeea85ffb5a,train,0,0,0,0,0,0,0.07428571428571429,0,1.0,1.0
nazario5_000178_dbe8a57a1989,0,legitimate,tpl_bd593eb334075580,train,0,0,0,0,0,0,0.2245762711864407,0,1.0,1.0
nazario5_000179_987aab73d7f3,0,legitimate,tpl_1cd1b855ee60acdb,train,0,0,0,0,0,0,0.2647058823529412,0,1.0,1.0
nazario5_000180_5150ba895d87,0,legitimate,tpl_fd0c1166c8c39a79,train,0,0,1,0,0,0,0.15822784810126583,0,1.0,1.0
nazario5_000181_caba0a35a259,0,legitimate,tpl_bf038afe7f74bce8,train,0,0,0,2,0,0,0.058712121212121215,0,1.0,1.0
nazario5_000183_c69167871e33,0,legitimate,tpl_4b1892edbf846410,train,0,0,1,0,3,1,0.07553776888444222,0,1.0,1.0
nazario5_000184_a53394aaeb9a,0,legitimate,tpl_5154e06175c5e889,train,39,0,3,2,4,5,0.14437778207857557,0,1.0,1.0
nazario5_000187_e30ce5ee67b6,0,legitimate,tpl_b0faa0fe1763b761,train,1,0,0,1,4,0,0.0865979381443299,0,1.0,1.0
nazario5_000188_0993a3cc97a2,0,legitimate,tpl_9dc69627ddd743b5,train,0,0,0,0,0,0,0.21804511278195488,0,1.0,1.0
nazario5_000189_472138c74c6b,0,legitimate,tpl_7782e143a8d8ead0,train,0,0,0,0,2,0,0.17118226600985223,0,1.0,1.0
nazario5_000190_06b61082c015,0,legitimate,tpl_411349873e78a540,train,1,0,1,0,1,0,0.1273317112733171,0,1.0,1.0
nazario5_000192_6effc7059264,0,legitimate,tpl_bb8e2ad8576060ff,train,0,0,0,0,0,0,0.11023622047244094,0,1.0,1.0
nazario5_000193_9134f80422ba,0,legitimate,tpl_0c8956686caed966,train,0,0,0,0,0,0,0.03455425017277125,1,1.0,1.0
nazario5_000194_75aab938d0fc,0,legitimate,tpl_af865c783c7068bc,train,1,0,0,0,2,0,0.13147410358565736,0,1.0,1.0
nazario5_000195_e8f44b2283b4,0,legitimate,tpl_2e74ce4a405ad662,train,0,0,0,0,1,0,0.1227810650887574,0,1.0,1.0
nazario5_000196_c482952a5390,0,legitimate,tpl_12ea46acf972e506,train,0,0,0,0,2,0,0.09446254071661238,0,1.0,1.0
nazario5_000199_fab21b02e646,0,legitimate,tpl_e7aeeef081c54ffe,train,0,0,0,0,1,3,0.1389937106918239,0,1.0,1.0
nazario5_000200_8f997a406cb3,0,legitimate,tpl_f231f7197d31ac5e,train,0,0,0,0,0,0,0.1292517006802721,0,1.0,1.0
nazario5_000201_b1c434d2f2a6,0,legitimate,tpl_b2e4ce9262501511,train,0,0,0,0,1,0,0.14222222222222222,1,1.0,1.0
nazario5_000202_9cce503d6565,0,legitimate,tpl_c81d6b1355e30d46,train,0,0,0,0,0,0,0.14675767918088736,0,1.0,1.0
nazario5_000205_df2999188c97,0,legitimate,tpl_913ccba5f88961a5,train,0,0,0,0,2,0,0.0551314673452078,0,1.0,1.0
nazario5_000206_e01469989daf,0,legitimate,tpl_22c72c7b8e55fce4,train,0,0,0,0,1,0,0.1460554371002132,0,1.0,1.0
nazario5_000207_5a003ca6979c,0,legitimate,tpl_7ddfa17ba033adcc,train,0,0,0,0,1,0,0.13333333333333333,0,1.0,1.0
nazario5_000208_2b55a4d164d2,0,legitimate,tpl_710d84416ec9513f,train,0,0,0,0,0,0,0.05870020964360587,0,1.0,1.0
nazario5_000209_789803c7a139,0,legitimate,tpl_4aeeb1f224bfd35f,train,0,0,0,0,0,0,0.1228813559322034,0,1.0,1.0
nazario5_000210_441e7786eb62,0,legitimate,tpl_740f9ac3f5ac33da,train,0,0,0,0,0,0,0.32926829268292684,0,1.0,1.0
nazario5_000211_ae1b11796ebd,0,legitimate,tpl_e3a5bcfb5657b401,train,0,0,0,0,0,0,0.125,0,1.0,1.0
nazario5_000212_20a9360fe5ee,0,legitimate,tpl_b7971422669140a1,train,0,0,0,0,3,2,0.07015264696329977,1,1.0,1.0
nazario5_000214_7ef1ca71e476,0,legitimate,tpl_31e43d262c5def99,train,0,0,0,0,0,0,0.0881057268722467,0,1.0,1.0
nazario5_000215_a0a0917a7ce1,0,legitimate,tpl_c3fb7e211946d92b,train,0,0,0,0,0,0,0.35544041450777203,0,1.0,1.0
nazario5_000216_9203c333f82f,0,legitimate,tpl_2bc3f2dc840c4ee5,train,0,0,0,0,2,0,0.052303860523038606,0,1.0,1.0
nazario5_000217_c1cf5a6d696b,0,legitimate,tpl_17191b1680eab3d8,train,0,0,0,0,3,0,0.10943396226415095,0,1.0,1.0
nazario5_000218_7adba4a76334,0,legitimate,tpl_60f3e793dcdbe360,train,0,0,0,0,0,0,0.16569767441860464,0,1.0,1.0
nazario5_000219_a02e8d744fca,0,legitimate,tpl_52ead43ffe0575a2,train,0,0,0,0,0,0,0.06622516556291391,0,1.0,1.0
nazario5_000220_220f7682f951,0,legitimate,tpl_ed767efe2a252064,train,0,0,1,0,2,1,0.11246684350132626,0,1.0,1.0
nazario5_000223_9934b34c25ef,0,legitimate,tpl_c638c402a87ee505,train,0,0,0,0,0,0,0.06679035250463822,7,1.0,1.0
nazario5_000224_491892ad0dd2,0,legitimate,tpl_e16404421fb43331,train,0,0,0,0,0,0,0.07954545454545454,0,1.0,1.0
nazario5_000225_5cf1eb232faf,0,legitimate,tpl_6d111fbdb3bfd222,train,0,0,0,0,0,0,0.18095238095238095,0,1.0,1.0
nazario5_000226_0b000506d13a,0,legitimate,tpl_69b83f4cb2ee802d,train,0,0,0,0,0,0,0.13452914798206278,0,1.0,1.0
nazario5_000227_291a64ca7712,0,legitimate,tpl_41eaa15f0c8685fc,train,1,0,0,0,3,0,0.10583941605839416,0,1.0,1.0
nazario5_000228_2997146f78a3,0,legitimate,tpl_4ca1e714e290bd5f,train,0,0,1,0,4,3,0.07560483870967742,1,1.0,1.0
nazario5_000229_4b6ac46705ca,0,legitimate,tpl_0bdfe83db0817ef0,train,0,0,0,0,0,0,0.07857142857142857,0,1.0,1.0
nazario5_000232_505e3209431b,0,legitimate,tpl_789e4a09798c3528,train,0,0,0,0,1,0,0.062261753494282084,0,1.0,1.0
nazario5_000234_30e931b6a7b8,0,legitimate,tpl_0f42ee27138d5289,train,0,0,2,0,1,0,0.07000864304235091,0,1.0,1.0
nazario5_000235_3968ef5791aa,0,legitimate,tpl_83273621262ccdc0,train,0,0,0,0,2,0,0.16722129783693843,0,1.0,1.0
nazario5_000236_465b7c305bd5,0,legitimate,tpl_30776d664081b2e0,train,1,0,1,1,3,0,0.12048192771084337,0,1.0,1.0
nazario5_000237_db2cd1bfe4c1,0,legitimate,tpl_a05a5280833e1c6e,train,3,0,0,0,2,1,0.076,0,1.0,1.0
nazario5_000238_f36462243d72,0,legitimate,tpl_276aac65abc07543,train,0,0,0,0,0,1,0.10057471264367816,0,1.0,1.0
nazario5_000239_15d8242f9177,0,legitimate,tpl_e4e8cf608c73fee2,train,0,0,0,0,0,1,0.11436170212765957,0,1.0,1.0
nazario5_000240_8c717aff7617,0,legitimate,tpl_bd6ca5467b0ef5bb,train,0,0,0,0,0,0,0.043478260869565216,0,1.0,1.0
nazario5_000243_c902e0d28ed7,0,legitimate,tpl_b6b63bf76f7ee38e,train,0,0,0,0,0,0,0.27472527472527475,0,1.0,1.0
nazario5_000244_9acdfb7a5d2b,0,legitimate,tpl_f6f2f9281d5b5f4d,train,0,0,0,2,3,29,0.1111111111111111,0,1.0,1.0
nazario5_000245_c0d53344d13c,0,legitimate,tpl_d5e93451020da05b,train,0,0,0,0,1,0,0.0455026455026455,0,1.0,1.0
nazario5_000246_d58b423d33d1,0,legitimate,tpl_88bb9316572bb68d,train,0,0,0,0,0,0,0.2,0,1.0,1.0
nazario5_000247_390e96c94f90,0,legitimate,tpl_67e5d8d5fa401341,train,0,0,0,0,1,1,0.14195979899497488,0,1.0,1.0
nazario5_000248_c1a1191dad94,0,legitimate,tpl_09a8f349e4b85929,train,0,0,0,0,0,0,0.11818181818181818,2,1.0,1.0
nazario5_000249_e4a4072f97e0,0,legitimate,tpl_ba26aaafe3747907,train,0,0,0,0,0,0,0.035652173913043476,1,1.0,1.0
nazario5_000250_19006e8dbed6,0,legitimate,tpl_78b99047191deb4c,train,2,0,0,0,0,0,0.14093959731543623,0,1.0,1.0
nazario5_000251_22a85c1ec3a2,0,legitimate,tpl_dece0f8ff60a5b11,train,0,0,0,0,1,1,0.13323353293413173,0,1.0,1.0
nazario5_000253_b0f8c5ca2048,0,legitimate,tpl_cd0dfc695576f176,train,0,0,0,0,3,1,0.04476670870113493,4,1.0,1.0
nazario5_000254_cd5459112a76,0,legitimate,tpl_3a3a20eb39e66b88,train,0,0,0,0,0,2,0.06912442396313365,0,1.0,1.0
nazario5_000255_1ba40767e1d3,0,legitimate,tpl_530f0bc97f710586,train,0,0,0,0,0,0,0.06706706706706707,0,1.0,1.0
nazario5_000256_7c37b939825e,0,legitimate,tpl_b5639d3415717998,train,0,0,1,0,1,1,0.14187866927592954,0,1.0,1.0
nazario5_000257_86c5a003e311,0,legitimate,tpl_5143649b69901443,train,0,0,0,0,2,0,0.06584362139917696,0,1.0,1.0
nazario5_000259_b3fe398381e9,0,legitimate,tpl_b5dca72a960b93cf,train,0,0,0,0,0,0,0.043859649122807015,0,1.0,1.0
nazario5_000260_b7e3a51fd0ca,0,legitimate,tpl_1399ec67518666e0,train,0,0,0,0,0,0,0.03556426771212545,0,1.0,1.0
nazario5_000261_4ffca76de570,0,legitimate,tpl_7e035aa12f55e34f,train,0,0,0,0,0,1,0.04533678756476684,1,1.0,1.0
nazario5_000264_e0f30f050c74,0,legitimate,tpl_0bf73cd0b54fdcdf,train,0,0,0,1,3,0,0.21109510086455333,1,1.0,1.0
nazario5_000265_bedb1cadab5a,0,legitimate,tpl_374b7f4528de2dc6,train,0,0,0,0,0,0,0.0778816199376947,0,1.0,1.0
nazario5_000266_c668dbf156b9,0,legitimate,tpl_cf844806adfba935,train,1,0,0,0,3,0,0.12602739726027398,0,1.0,1.0
nazario5_000268_fb27866f75aa,0,legitimate,tpl_9ea673b1bafaf194,train,0,0,0,2,1,1,0.12559618441971382,0,1.0,1.0
nazario5_000269_2da2106d401a,0,legitimate,tpl_15868924c15eb460,train,0,0,0,0,3,0,0.20682730923694778,0,1.0,1.0
nazario5_000270_856a46069869,0,legitimate,tpl_ea98ecbc8f83a806,train,0,0,3,0,0,1,0.08093797276853253,0,1.0,1.0
nazario5_000271_485a6913e91c,0,legitimate,tpl_3dec3bd43f98d6fa,train,0,0,0,0,0,0,0.16446700507614212,0,1.0,1.0
nazario5_000272_a728a1bb312b,0,legitimate,tpl_49c638cf88a5b830,train,0,0,0,0,2,0,0.06550218340611354,0,1.0,1.0
nazario5_000273_5ab896d40dbd,0,legitimate,tpl_3513f47f6034e6ab,train,0,0,0,0,8,1,0.04581447963800905,0,1.0,1.0
nazario5_000274_9ec8a0142741,0,legitimate,tpl_6224989c1b5af071,train,0,0,0,0,1,0,0.10266159695817491,0,1.0,1.0
nazario5_000275_e9c8970fef69,0,legitimate,tpl_5f950b08dff350f4,train,0,0,0,1,7,1,0.06076902393116429,0,1.0,1.0
nazario5_000276_930f94464b9a,0,legitimate,tpl_d93e98658b7c27fa,train,0,0,0,0,0,0,0.2579505300353357,0,1.0,1.0
nazario5_000278_c57ce89571d2,0,legitimate,tpl_6e50aa13b80a361c,train,0,0,0,0,0,0,0.08974358974358974,0,1.0,1.0
nazario5_000279_79ea196f363e,0,legitimate,tpl_48505aa30a1c4d99,train,0,0,0,0,0,0,0.05,0,1.0,1.0
nazario5_000280_33c934b8eb9a,0,legitimate,tpl_0133dc184a4ccb05,train,0,0,1,0,0,0,0.13215859030837004,1,1.0,1.0
nazario5_000281_8d8b72907ff1,0,legitimate,tpl_4e010a4502a58d49,train,1,0,0,0,1,0,0.184375,0,1.0,1.0
nazario5_000282_59e8b17fcc2a,0,legitimate,tpl_a9e718facbf08475,train,0,0,0,0,2,0,0.1227080394922426,1,1.0,1.0
nazario5_000283_fece046769fc,0,legitimate,tpl_060bfd7cd97b8c93,train,0,0,0,0,1,3,0.06582200247218789,0,1.0,1.0
nazario5_000284_c977d85ea080,0,legitimate,tpl_7c10e60d1c21a5e4,train,0,0,0,1,5,2,0.04575483239540005,2,1.0,1.0
nazario5_000286_c50e61a4ad81,0,legitimate,tpl_376ca948621b78d0,train,0,0,0,1,8,2,0.04243697478991597,2,1.0,1.0
nazario5_000287_9defab92a432,0,legitimate,tpl_9fbbe60407e883b5,train,0,0,0,0,0,1,0.0783132530120482,0,1.0,1.0
nazario5_000289_47f6e69f128d,0,legitimate,tpl_7caa01cdb2d2fb5a,train,0,0,0,0,1,0,0.05675146771037182,0,1.0,1.0
nazario5_000291_79b13e27e39c,0,legitimate,tpl_40dd390279ae9c18,train,0,0,0,0,2,0,0.2182890855457227,1,1.0,1.0
nazario5_000292_3312f81ca079,0,legitimate,tpl_5764195c950536e7,train,0,0,0,3,1,4,0.10742496050552923,0,1.0,1.0
nazario5_000293_d402a4fc25e5,0,legitimate,tpl_55add3bdcd196027,train,0,0,0,0,1,0,0.05152224824355972,0,1.0,1.0
nazario5_000294_2d72cc008ffa,0,legitimate,tpl_d2f26bdbfaa7068b,train,0,0,0,0,3,0,0.061519146264908973,0,1.0,1.0
nazario5_000295_da4b13e3c209,0,legitimate,tpl_69cf5f1b6cda5919,train,1,0,0,0,2,0,0.09736842105263158,1,1.0,1.0
nazario5_000296_b7fa360f6399,0,legitimate,tpl_15cd607d46fdd187,train,0,0,0,0,0,3,0.13670411985018727,0,1.0,1.0
nazario5_000297_621f382fee3f,0,legitimate,tpl_4a889c17aa2fc50d,train,0,0,0,0,0,0,0.11870503597122302,2,1.0,1.0
nazario5_000298_118683eaf111,0,legitimate,tpl_54baf38e790a633e,train,0,0,0,0,1,1,0.05140334279407127,1,1.0,1.0
nazario5_000300_3ce863ec48b5,0,legitimate,tpl_046a43adcab4d2d8,train,0,0,1,0,2,0,0.07242251739405439,0,1.0,1.0
nazario5_000301_ad804aa7b2b7,0,legitimate,tpl_ec792ff41151aaa7,train,0,0,0,0,1,0,0.03360957642725598,2,1.0,1.0
nazario5_000302_f16ca8ed6de7,0,legitimate,tpl_01a669b21fa986e0,train,0,0,0,0,1,0,0.1696,0,1.0,1.0
nazario5_000304_8d81a3266cab,0,legitimate,tpl_04b7c1b35d865b8d,train,0,0,0,0,0,0,0.04656862745098039,0,1.0,1.0
nazario5_000305_c6bfd16173a0,0,legitimate,tpl_cc0406c2c9fb0740,train,0,0,0,0,0,0,0.02786377708978328,0,1.0,1.0
nazario5_000306_5f7f2bebaf60,0,legitimate,tpl_2c50eca1eab37a90,train,0,0,0,0,0,0,0.09645669291338582,0,1.0,1.0
nazario5_000307_ed54844bfee2,0,legitimate,tpl_2fd4deba69657189,train,0,0,1,0,1,0,0.03253796095444685,0,1.0,1.0
nazario5_000308_696ad0575a19,0,legitimate,tpl_ec4bc50e3f01e5d6,train,0,0,0,0,0,0,0.022388059701492536,1,1.0,1.0
nazario5_000309_de3ade0e9f56,0,legitimate,tpl_e3cf3d98b995fed2,train,0,0,0,0,0,0,0.04712041884816754,0,1.0,1.0
nazario5_000310_d4cfd5f9a4c0,0,legitimate,tpl_dc6dda0da2e6fa73,train,0,0,0,0,0,0,0.03290676416819013,0,1.0,1.0
nazario5_000312_d481656db42e,0,legitimate,tpl_69c880f4e0f574b9,train,0,0,0,0,0,0,0.05699481865284974,0,1.0,1.0
nazario5_000313_1186b3f4ec39,0,legitimate,tpl_f6317fcc3c61c0b2,train,0,0,0,0,0,0,0.0507399577167019,0,1.0,1.0
nazario5_000316_f5a7b10a53f7,0,legitimate,tpl_3fbf50f0a3dc2ea8,train,0,0,0,0,0,0,0.02843601895734597,0,1.0,1.0
nazario5_000317_769a707cb238,0,legitimate,tpl_60b12f2c6a3c16b8,train,0,0,0,0,0,0,0.10960591133004927,2,1.0,1.0
nazario5_000318_e78b127ce37c,0,legitimate,tpl_04a5d13225c0f33b,train,0,0,0,0,0,0,0.04405286343612335,0,1.0,1.0
nazario5_000319_17cfe6c46fe7,0,legitimate,tpl_d37c6cd1fca18a42,train,0,0,0,0,0,0,0.03283582089552239,0,1.0,1.0
nazario5_000321_479e1c86e224,0,legitimate,tpl_6cb5e4ad41e78e99,train,0,0,0,0,0,0,0.06279069767441861,1,1.0,1.0
nazario5_000322_811158dfc905,0,legitimate,tpl_1175f23e7cc0112a,train,0,0,0,0,0,0,0.023516237402015677,0,1.0,1.0
nazario5_000323_bc366135f964,0,legitimate,tpl_e4431225a179fff0,train,0,0,0,0,0,0,0.06446280991735537,0,1.0,1.0
nazario5_000326_dc9aa61300ba,0,legitimate,tpl_935c7c2fc7d09b96,train,0,0,0,0,0,0,0.0,0,1.0,1.0
nazario5_000329_a8002996439d,0,legitimate,tpl_f07aa6b5b173460a,train,0,0,0,0,1,0,0.0339943342776204,0,1.0,1.0
nazario5_000330_0faeffeb89b8,0,legitimate,tpl_ef61a39b847b6739,train,0,0,0,0,0,0,0.019762845849802372,0,1.0,1.0
nazario5_000331_7dafc6e14133,0,legitimate,tpl_ef5fb8b1d9a4371e,train,0,0,0,0,0,0,0.023423423423423424,0,1.0,1.0
nazario5_000332_366733705b35,0,legitimate,tpl_3b223ca4923dc4f7,train,0,0,0,0,0,0,0.023255813953488372,0,1.0,1.0
nazario5_000334_909c099a1a98,0,legitimate,tpl_f83afbc8f281ea9b,train,0,0,0,0,0,0,0.05390835579514825,0,1.0,1.0
nazario5_000335_ce2c1b94b7da,0,legitimate,tpl_1eefcf3d47b12173,train,0,0,0,0,0,0,0.025,0,1.0,1.0
nazario5_000336_7db541605e05,0,legitimate,tpl_239e924b8644de82,train,0,0,0,0,0,0,0.1346749226006192,1,1.0,1.0
nazario5_000337_837b35afa928,0,legitimate,tpl_f5c0dcb3e1e8e6e7,train,0,0,0,0,0,0,0.1493975903614458,0,1.0,1.0
nazario5_000338_827eaf747212,0,legitimate,tpl_dbeb407932b90a41,train,0,0,0,0,0,0,0.11872586872586872,1,1.0,1.0
nazario5_000340_c9efea6bcbad,0,legitimate,tpl_02ac162a7af267df,train,0,0,0,1,0,0,0.02710027100271003,0,1.0,1.0
nazario5_000341_71ffe0f53112,0,legitimate,tpl_6828e5a4cdd0cea8,train,0,0,0,0,0,0,0.05853658536585366,0,1.0,1.0
nazario5_000342_8abf6139c993,0,legitimate,tpl_f6e3e23b930a5b9e,train,0,0,0,0,0,0,0.10349854227405247,1,1.0,1.0
nazario5_000343_6a51dbb013d7,0,legitimate,tpl_559cb45e3a2c49ac,train,0,0,0,0,0,0,0.027586206896551724,0,1.0,1.0
nazario5_000344_368f9be60ff7,0,legitimate,tpl_1b2594a87c45ca79,train,0,0,0,0,0,0,0.0,0,1.0,1.0
nazario5_000345_b7b6d7812b82,0,legitimate,tpl_4bcd2b88cec441cb,train,0,0,0,0,0,0,0.03867403314917127,0,1.0,1.0
nazario5_000346_26bf62156148,0,legitimate,tpl_14c8ec6a5bb6804b,train,0,0,0,0,0,0,0.02197802197802198,0,1.0,1.0
nazario5_000347_fb5b1387230e,0,legitimate,tpl_673177432188150a,train,0,0,0,0,0,0,0.1136150234741784,3,1.0,1.0
nazario5_000348_c3e8c9ae40e0,0,legitimate,tpl_e22f5ced82da1af3,train,0,0,0,1,5,0,0.06695957820738137,4,1.0,1.0
nazario5_000349_767a93215e8d,0,legitimate,tpl_7e0bf214b2784efd,train,0,0,0,0,0,0,0.06282722513089005,0,1.0,1.0
nazario5_000350_4788d35fc2c3,0,legitimate,tpl_626a08ab738e9c85,train,0,0,0,0,0,0,0.08108108108108109,0,1.0,1.0
nazario5_000351_02a6add144dd,0,legitimate,tpl_3292253a8395a637,train,0,0,0,0,0,0,0.1019219569015725,0,1.0,1.0
nazario5_000352_ba4c320cb85c,0,legitimate,tpl_0054719348ea50ee,train,0,0,0,0,0,0,0.06401551891367604,1,1.0,1.0
nazario5_000353_b22e11ca84e1,0,legitimate,tpl_943a0ec7f3f94c0d,train,0,0,0,0,0,0,0.026584867075664622,0,1.0,1.0
nazario5_000354_37a15650a96a,0,legitimate,tpl_71b3e13654d81721,train,0,0,0,0,0,0,0.05611899932386748,0,1.0,1.0
nazario5_000357_6b50c6830d12,0,legitimate,tpl_0201dd2cb8fa3d7c,train,0,0,0,0,0,0,0.07547169811320754,0,1.0,1.0
nazario5_000359_2bce0de9e309,0,legitimate,tpl_d32d7ac85c339061,train,0,0,0,0,1,0,0.0213903743315508,0,1.0,1.0
nazario5_000361_4d5984274b8a,0,legitimate,tpl_701160cc93c4b9e8,train,0,0,0,0,0,0,0.06060606060606061,0,1.0,1.0
nazario5_000362_3f1cbe7c1bb8,0,legitimate,tpl_6218e5d5a73d121a,train,0,0,0,0,0,0,0.28801897983392644,0,1.0,1.0
nazario5_000363_f5a024611605,0,legitimate,tpl_2e0a77e3efbe7523,train,0,0,0,0,0,0,0.03271028037383177,0,1.0,1.0
nazario5_000364_6f04c276d2c8,0,legitimate,tpl_35d147220d97d9ed,train,0,0,0,0,2,0,0.00683371298405467,1,1.0,1.0
nazario5_000367_f0aa7f9ebcb5,0,legitimate,tpl_894805aabfc7f7dd,train,0,0,0,0,0,0,0.03605015673981191,3,1.0,1.0
nazario5_000371_5a06ad4151c5,0,legitimate,tpl_705127f429050f38,train,0,0,0,0,0,0,0.05405405405405406,0,1.0,1.0
nazario5_000372_9bee71de7033,0,legitimate,tpl_acba5641f155d67d,train,0,0,0,0,0,0,0.03496503496503497,0,1.0,1.0
nazario5_000373_0482827f0c3f,0,legitimate,tpl_74e80c00da302d7c,train,0,0,0,1,3,0,0.05648854961832061,0,1.0,1.0
nazario5_000374_249840ee488a,0,legitimate,tpl_72fcd0c389bfd441,train,0,0,0,1,2,0,0.05846153846153846,0,1.0,1.0
nazario5_000375_ca97bbb66188,0,legitimate,tpl_545cc42be8e7d52e,train,0,0,0,1,0,0,0.03241013553329405,0,1.0,1.0
nazario5_000376_2736854ebd34,0,legitimate,tpl_1e172f55fd5a4a1e,train,0,0,0,0,2,0,0.01824817518248175,1,1.0,1.0
nazario5_000377_eebbbeba0f15,0,legitimate,tpl_7a0ca960653356e3,train,0,0,0,0,2,0,0.047865459249676584,0,1.0,1.0
nazario5_000378_0b41cb4f2c4c,0,legitimate,tpl_61bf74e3a4733e9e,train,0,0,0,0,0,0,0.07885462555066079,0,1.0,1.0
nazario5_000381_2152a7076625,0,legitimate,tpl_e00c7108a16fdc5b,train,0,0,0,0,0,0,0.08396946564885496,0,1.0,1.0
nazario5_000382_13b1da07f9b1,0,legitimate,tpl_dae670dbe5fe4344,train,0,0,0,0,0,0,0.07210031347962383,0,1.0,1.0
nazario5_000383_fb3ff8fac6fe,0,legitimate,tpl_0c695da9f12d93ee,train,0,0,0,0,1,0,0.06521739130434782,0,1.0,1.0
nazario5_000384_fdff1accd0a1,0,legitimate,tpl_6b7be2bfa61a3ce0,train,0,0,0,0,0,0,0.04534005037783375,0,1.0,1.0
nazario5_000386_4f94b69e0d15,0,legitimate,tpl_afc402ac436dc548,train,0,0,0,0,0,0,0.0,0,1.0,1.0
nazario5_000387_eef922f53e35,0,legitimate,tpl_efdd7c37b6d09c93,train,0,0,0,0,0,0,0.07865168539325842,0,1.0,1.0
nazario5_000388_7a92e7795470,0,legitimate,tpl_200ece26d2434c1b,train,0,0,0,0,0,0,0.017769002961500493,0,1.0,1.0
nazario5_000390_6b2392b92bea,0,legitimate,tpl_95e1fe814d275b15,train,0,0,0,0,0,0,0.043689320388349516,2,1.0,1.0
nazario5_000392_b84029d485d7,0,legitimate,tpl_fb5755021e255708,train,0,0,0,2,1,0,0.041666666666666664,0,1.0,1.0
nazario5_000393_26f7ecd3b3a6,0,legitimate,tpl_1779ca6df90bb97b,train,0,0,0,3,1,0,0.0549777117384844,0,1.0,1.0
nazario5_000394_29f1ac77ce81,0,legitimate,tpl_3caf25b655cb5fff,train,0,0,0,0,1,0,0.06445672191528545,18,1.0,1.0
nazario5_000395_4f561d5fb43e,0,legitimate,tpl_6af27aefdb1249d9,train,0,0,0,0,0,0,0.1388888888888889,0,1.0,1.0
nazario5_000396_fa706ee8eb2f,0,legitimate,tpl_66de6b1494162f6c,train,0,0,0,0,0,0,0.1830065359477124,1,1.0,1.0
nazario5_000397_bc9db56051e6,0,legitimate,tpl_334063d591b4aa1b,train,0,0,0,1,0,0,0.03648424543946932,2,1.0,1.0
nazario5_000401_5848600dd768,0,legitimate,tpl_f48d0a5172e9d8f1,train,0,0,0,0,0,0,0.0,0,1.0,1.0
nazario5_000402_f42307531f0b,0,legitimate,tpl_e4997d9cd0b32b48,train,0,0,0,0,0,0,0.009345794392523364,0,1.0,1.0
nazario5_000403_1484329c8577,0,legitimate,tpl_3b49775b38e8f681,train,0,0,0,0,0,0,0.03571428571428571,0,1.0,1.0
nazario5_000404_668c80cf51e9,0,legitimate,tpl_f310d3a8670d0588,train,0,0,0,0,0,0,0.04119850187265917,0,1.0,1.0
nazario5_000405_65434222130a,0,legitimate,tpl_d6b1419d0931223b,train,0,0,0,0,0,0,0.08227848101265822,0,1.0,1.0
nazario5_000406_083e3b43cff6,0,legitimate,tpl_2fa5e2d202373b63,train,0,0,0,0,0,0,0.09032258064516129,0,1.0,1.0
nazario5_000407_7d23857979ef,0,legitimate,tpl_2042c4ac56ca3532,train,0,0,0,0,0,0,0.046511627906976744,0,1.0,1.0
nazario5_000408_d5711141fc4b,0,legitimate,tpl_146b2c9d50ac9b30,train,0,0,0,1,0,0,0.04401805869074492,0,1.0,1.0
nazario5_000410_dfce528e8f2d,0,legitimate,tpl_58a5d9a21c2215ad,train,0,0,0,0,0,0,0.05223880597014925,0,1.0,1.0
nazario5_000411_60e8971f677c,0,legitimate,tpl_eeb9715705972ebc,train,0,0,0,0,0,0,0.033707865168539325,0,1.0,1.0
nazario5_000412_7e844bd56550,0,legitimate,tpl_dabf4f15c4f5c5fc,train,0,0,0,0,0,0,0.10743801652892562,0,1.0,1.0
nazario5_000413_80f15220c5c2,0,legitimate,tpl_839c3f3f752621ab,train,0,0,0,0,0,0,0.041666666666666664,0,1.0,1.0
nazario5_000416_096c63d795fa,0,legitimate,tpl_d640faa1ec2ef1a8,train,0,0,0,0,0,0,0.11053315994798439,0,1.0,1.0
nazario5_000417_06174d061393,0,legitimate,tpl_3885397ad949f1ee,train,0,0,0,2,0,0,0.03225806451612903,0,1.0,1.0
nazario5_000418_248689b12c95,0,legitimate,tpl_621890253316e167,train,0,0,0,0,0,0,0.0,0,1.0,1.0
nazario5_000420_a542dfa81840,0,legitimate,tpl_898787e38bb04986,train,0,0,0,0,0,0,0.06043956043956044,0,1.0,1.0
nazario5_000421_878dfa8f3643,0,legitimate,tpl_bc7349292b4c68ee,train,0,0,0,0,0,0,0.04847396768402154,0,1.0,1.0
nazario5_000424_dcb7aa0746ad,0,legitimate,tpl_735c53e60beced59,train,1,0,1,0,3,0,0.04635843897588864,6,1.0,1.0
nazario5_000425_3d4e3ebac43b,0,legitimate,tpl_0a025b94a864b277,train,0,0,0,0,0,0,0.044444444444444446,0,1.0,1.0
nazario5_000426_a26bde6b9b1c,0,legitimate,tpl_df475764efb2846a,train,0,0,0,0,0,0,0.037894736842105266,0,1.0,1.0
nazario5_000427_6359ae1c401a,0,legitimate,tpl_f2e46e9c44d2d1c6,train,0,0,0,0,0,0,0.02147239263803681,0,1.0,1.0
nazario5_000428_67b0d8bce448,0,legitimate,tpl_9b0dc3e06b9a310f,train,0,0,0,0,0,0,0.12903225806451613,0,1.0,1.0
nazario5_000430_92a782142599,0,legitimate,tpl_405ba72e88cb783d,train,0,0,0,0,1,0,0.05196850393700787,0,1.0,1.0
nazario5_000431_50e4c6dbb9fb,0,legitimate,tpl_9e35ab01fefcccbc,train,0,0,0,0,0,0,0.04540023894862605,0,1.0,1.0
nazario5_000432_73357f026b24,0,legitimate,tpl_a101ac66dd991917,train,0,0,0,0,1,0,0.06013179571663921,0,1.0,1.0
nazario5_000435_dc8bc1bce9ae,0,legitimate,tpl_1d9fde52d175911e,train,0,0,0,0,0,0,0.0736196319018405,0,1.0,1.0
nazario5_000436_10903b65ae22,0,legitimate,tpl_6dd8b21733003af9,train,0,0,0,0,1,0,0.04196357878068092,0,1.0,1.0
nazario5_000437_173d543a574d,0,legitimate,tpl_a7d0a2f70a9c4995,train,0,0,0,0,0,0,0.06896551724137931,0,1.0,1.0
nazario5_000439_a6d68ce23819,0,legitimate,tpl_2fc0805fcced5ac4,train,0,0,0,1,0,0,0.0329277022190408,0,1.0,1.0
nazario5_000440_eca879581747,0,legitimate,tpl_3f42d54a42cba5b1,train,0,0,0,0,0,0,0.056164383561643834,0,1.0,1.0
nazario5_000441_72c60f9f2d4d,0,legitimate,tpl_45dc4bf69f03757f,train,0,0,0,0,0,0,0.05017921146953405,0,1.0,1.0
nazario5_000442_42971dc17c41,0,legitimate,tpl_f9849b633ac38e6b,train,0,0,0,0,0,0,0.03271028037383177,0,1.0,1.0
nazario5_000444_ee4995d44fd5,0,legitimate,tpl_d4cbef68048474cf,train,0,0,0,0,0,0,0.0273972602739726,0,1.0,1.0
nazario5_000446_060f5fc1da73,0,legitimate,tpl_316b2ba52b1398e3,train,0,0,0,0,0,0,0.0481283422459893,0,1.0,1.0
nazario5_000447_71f5248b41d8,0,legitimate,tpl_cb9883a862afdd55,train,0,0,0,0,0,0,0.05698672911787666,0,1.0,1.0
nazario5_000449_617996d8c1c1,0,legitimate,tpl_cfa1f134ff119055,train,0,0,0,0,0,0,0.03693728357060408,4,1.0,1.0
nazario5_000451_3470d2792ea7,0,legitimate,tpl_27f95fc55f9cde6f,train,0,0,0,0,0,0,0.04262877442273535,0,1.0,1.0
nazario5_000452_644630e395a2,0,legitimate,tpl_6239b6f4586a372e,train,0,0,0,0,0,0,0.050724637681159424,0,1.0,1.0
nazario5_000453_8cd850cfc091,0,legitimate,tpl_f5d3e6633d06dec3,train,0,0,0,0,0,0,0.03160270880361174,1,1.0,1.0
nazario5_000454_a7384a5de760,0,legitimate,tpl_3f4c13003e46ccad,train,0,0,0,0,1,0,0.036061026352288486,0,1.0,1.0
nazario5_000455_df2b818c625d,0,legitimate,tpl_480d789dd0a92b43,train,0,0,0,0,0,0,0.028985507246376812,0,1.0,1.0
nazario5_000457_7c5e5731ac9b,0,legitimate,tpl_ee271fc474956f4f,train,0,0,0,0,0,0,0.02188183807439825,0,1.0,1.0
nazario5_000458_8b4a23af31fe,0,legitimate,tpl_7fa8f26a5c0d5eba,train,0,0,0,0,0,0,0.04504504504504504,0,1.0,1.0
nazario5_000459_51db330e74c0,0,legitimate,tpl_2522b4508bb2dee4,train,0,0,0,0,0,0,0.0,0,1.0,1.0
nazario5_000460_cde10152bbd7,0,legitimate,tpl_66c1eaa42a4444b4,train,0,0,0,0,0,0,0.040457343887423045,0,1.0,1.0
nazario5_000461_69b0009fc3c1,0,legitimate,tpl_7bc67c11f2a2cd94,train,0,0,0,3,3,0,0.03682170542635659,1,1.0,1.0
nazario5_000462_1c720d3ffe5e,0,legitimate,tpl_80cfa76ee91125de,train,0,0,0,0,0,0,0.0,0,1.0,1.0
nazario5_000463_37737362bfd0,0,legitimate,tpl_a7f7009aa7b21ec0,train,0,0,0,0,0,0,0.08365019011406843,1,1.0,1.0
nazario5_000466_b2110d5f6022,0,legitimate,tpl_4dbb6caa9ddf049f,train,0,0,0,0,0,0,0.05392156862745098,0,1.0,1.0
nazario5_000469_282da2fe1dfe,0,legitimate,tpl_1ef063935759de73,train,0,0,0,0,0,0,0.057034220532319393,0,1.0,1.0
nazario5_000471_b2d5bfde3e17,0,legitimate,tpl_b3f35ebf84ab4721,train,0,0,0,0,0,0,0.056818181818181816,0,1.0,1.0
nazario5_000472_9ee6c6cdf63a,0,legitimate,tpl_a8e8f21f406c9a71,train,0,0,0,0,0,0,0.018518518518518517,0,1.0,1.0
nazario5_000475_5b5819bf8b6e,0,legitimate,tpl_196dd9a3ca25a4bc,train,0,0,0,0,0,1,0.049519959575543206,0,1.0,1.0
nazario5_000476_d3093a76755d,0,legitimate,tpl_21e5f502d19d3cf6,train,0,0,0,0,0,0,0.055100521221146684,1,1.0,1.0
nazario5_000477_8af01f3e2c46,0,legitimate,tpl_f9ae498767444b21,train,0,0,0,0,0,0,0.03734439834024896,0,1.0,1.0
nazario5_000479_3afab9b3ef90,0,legitimate,tpl_4ecd15308894db5f,train,0,0,0,0,0,0,0.03614457831325301,0,1.0,1.0
nazario5_000481_832842a84b65,0,legitimate,tpl_49b7ca1fd49a7ad5,train,0,0,0,0,1,0,0.08748615725359911,0,1.0,1.0
nazario5_000482_28809fc5beeb,0,legitimate,tpl_6f5ed302f0174ba6,train,0,0,0,0,0,0,0.07272727272727272,0,1.0,1.0
nazario5_000483_aa4222e8bcb2,0,legitimate,tpl_463b93f3706fb752,train,0,0,0,0,0,0,0.08898678414096917,2,1.0,1.0
nazario5_000484_52ecacb60b12,0,legitimate,tpl_e9706f0e4136a645,train,0,0,0,0,0,0,0.033849129593810444,0,1.0,1.0
nazario5_000485_d4d058d03a03,0,legitimate,tpl_dc6d9c7a36dfe8fe,train,0,0,1,0,0,0,0.08139534883720931,1,1.0,1.0
nazario5_000486_04c91d2cc7ce,0,legitimate,tpl_1b0b4c0cf43adc80,train,0,0,0,0,0,0,0.11728395061728394,0,1.0,1.0
nazario5_000488_99d8d14bf46e,0,legitimate,tpl_8e7eced2bfde9527,train,0,0,0,1,0,0,0.09117647058823529,1,1.0,1.0
nazario5_000490_4d986ff49b0d,0,legitimate,tpl_8abc789d3fe1b42e,train,0,0,0,0,0,0,0.10089020771513353,0,1.0,1.0
nazario5_000491_e9fb961e6045,0,legitimate,tpl_13a361cc89b79bfd,train,0,0,0,0,0,0,0.06993006993006994,0,1.0,1.0
nazario5_000492_b2a3a567b473,0,legitimate,tpl_7d16b2164e7874f8,train,0,0,0,0,0,0,0.05426356589147287,1,1.0,1.0
nazario5_000493_8246be7c6744,0,legitimate,tpl_a4dce47f2415b1bb,train,0,0,0,0,0,0,0.011741682974559686,0,1.0,1.0
nazario5_000494_3c416fd4a8bf,0,legitimate,tpl_1e44a5719ab482c0,train,0,0,0,0,0,0,0.0,0,1.0,1.0
nazario5_000496_b2a8ca4f7de1,0,legitimate,tpl_b8e953ee2f3c0bfd,train,0,0,0,0,0,0,0.03333333333333333,0,1.0,1.0
nazario5_000497_7754379a168d,0,legitimate,tpl_fc9b8107af5afb29,train,0,0,0,0,0,0,0.06542056074766354,0,1.0,1.0
nazario5_000498_64de96f2355c,0,legitimate,tpl_047626cef8deba86,train,0,0,0,0,0,0,0.05853658536585366,0,1.0,1.0
nazario5_000499_45d2750154ea,0,legitimate,tpl_7a945d115d9ee155,train,0,0,0,0,1,0,0.02952755905511811,0,1.0,1.0
nazario5_000500_31fef46f776e,0,legitimate,tpl_63c215f4ffddeb3e,train,0,0,0,0,0,0,0.04291044776119403,0,1.0,1.0
nazario5_000502_491568216d95,0,legitimate,tpl_ff3dde7e23953af6,train,0,0,0,0,0,0,0.07587253414264036,0,1.0,1.0
nazario5_000504_868a7a8eae80,0,legitimate,tpl_c780b48af6ec0cee,train,0,0,0,0,0,0,0.040280210157618214,0,1.0,1.0
nazario5_000505_b08bb71088cd,0,legitimate,tpl_c249dea95d02317d,train,0,0,0,0,0,0,0.05416666666666667,1,1.0,1.0
nazario5_000507_213b8b384581,0,legitimate,tpl_034ba57a6d3552a6,train,0,0,0,0,0,0,0.0215633423180593,0,1.0,1.0
nazario5_000508_425a40e784aa,0,legitimate,tpl_7c603e7173bbebd1,train,0,0,0,0,0,0,0.021645021645021644,0,1.0,1.0
nazario5_000509_81cca027f78d,0,legitimate,tpl_018ea0fea670ea34,train,0,0,0,0,1,0,0.009456264775413711,0,1.0,1.0
nazario5_000512_c07de2f29da2,0,legitimate,tpl_879a10803e845745,train,0,0,0,1,0,1,0.03409581355200691,3,1.0,1.0
nazario5_000513_c010e904cf1c,0,legitimate,tpl_268070b7d6099a1f,train,2,0,0,0,0,0,0.11722488038277512,0,1.0,1.0
nazario5_000516_5f8683487e2f,0,legitimate,tpl_301e38f191e0923d,train,0,0,0,0,0,0,0.03951890034364261,0,1.0,1.0
nazario5_000517_7fcdef2d1f24,0,legitimate,tpl_0d0b650de514ea06,train,0,0,0,0,0,0,0.023809523809523808,0,1.0,1.0
nazario5_000520_ed7f5ac8cb40,0,legitimate,tpl_4edc321aedb92813,train,0,0,0,0,0,0,0.021505376344086023,0,1.0,1.0
nazario5_000521_824bcb417372,0,legitimate,tpl_0f42b714e33513f8,train,0,0,0,0,1,0,0.060714285714285714,0,1.0,1.0
nazario5_000522_df81ab2e823e,0,legitimate,tpl_24be40ed1639741e,train,0,0,0,1,0,0,0.08946322067594434,0,1.0,1.0
nazario5_000524_a7293e5b6f6c,0,legitimate,tpl_754382630c2000ca,train,0,0,0,0,2,0,0.13636363636363635,0,1.0,1.0
nazario5_000525_79ca383fd050,0,legitimate,tpl_0bdf681a8564efb3,train,0,0,1,0,2,0,0.04998771800540408,1,1.0,1.0
nazario5_000526_052791a7d71a,0,legitimate,tpl_1b8009d191895adf,train,0,0,0,1,0,4,0.20484061393152303,5,1.0,1.0
nazario5_000528_8c633f1af536,0,legitimate,tpl_2eb9707ed05157ee,train,0,0,0,0,0,6,0.06926121372031663,1,1.0,1.0
nazario5_000530_50c857933c92,0,legitimate,tpl_5ae301528a2d22ad,train,0,0,0,0,0,0,0.08056042031523643,1,1.0,1.0
nazario5_000532_fb16a1c99df1,0,legitimate,tpl_a6b7687304fa9e00,train,0,0,0,0,0,0,0.05982905982905983,0,1.0,1.0
nazario5_000534_408556e3df9e,0,legitimate,tpl_58841e122b54458a,train,0,0,0,0,0,0,0.0804416403785489,0,1.0,1.0
nazario5_000535_2f54a0f76042,0,legitimate,tpl_8d0f347edfaea579,train,1,0,0,0,0,0,0.21458333333333332,0,1.0,1.0
nazario5_000536_cfa588d00e20,0,legitimate,tpl_e6dbec05f5c9ea6d,train,1,0,0,0,1,0,0.07411883182275932,0,1.0,1.0
nazario5_000537_ea717f397045,0,legitimate,tpl_b4f2cee39be0680c,train,0,0,0,0,0,0,0.11956521739130435,0,1.0,1.0
nazario5_000538_b83799c1c6c8,0,legitimate,tpl_3b2033aeb76b1612,train,2,0,0,0,0,0,0.08767471410419314,0,1.0,1.0
nazario5_000539_b544e84530cc,0,legitimate,tpl_dbf39c759cc90f97,train,0,0,0,0,0,0,0.0782608695652174,0,1.0,1.0
nazario5_000540_e5d53e503b88,0,legitimate,tpl_46e46f9d47560d89,train,2,0,0,8,5,0,0.15031446540880503,1,1.0,1.0
nazario5_000543_d8a4fdf701d9,0,legitimate,tpl_718aef9a75b30ede,train,0,0,0,1,0,0,0.032904148783977114,1,1.0,1.0
nazario5_000544_f8de63d4a529,0,legitimate,tpl_82a5c453461e6a32,train,0,0,0,0,0,0,0.08120649651972157,1,1.0,1.0
nazario5_000545_c554ff85dd35,0,legitimate,tpl_343924ed6decb422,train,0,0,0,0,0,1,0.060353798126951096,0,1.0,1.0
nazario5_000547_3f18e45c9342,0,legitimate,tpl_7b9e1ab2560df0ca,train,0,0,0,0,0,0,0.08120649651972157,2,1.0,1.0
nazario5_000548_0992219b4cd6,0,legitimate,tpl_5fa0e73859716c6e,train,0,0,0,0,0,0,0.03151862464183381,1,1.0,1.0
nazario5_000550_ed452d9e09d9,0,legitimate,tpl_db729612f8872497,train,0,0,0,0,1,0,0.0327970297029703,0,1.0,1.0
nazario5_000551_c04506ed4fba,0,legitimate,tpl_6d68ab90433b83bd,train,0,0,0,0,0,0,0.046228710462287104,1,1.0,1.0
nazario5_000552_a1404eef4559,0,legitimate,tpl_5bfd7f6d88793dea,train,0,0,0,0,0,0,0.07710011507479862,0,1.0,1.0
nazario5_000553_a78965134f21,0,legitimate,tpl_4abc06457e038ca5,train,0,0,0,0,0,0,0.08333333333333333,0,1.0,1.0
nazario5_000554_2912f0b9519f,0,legitimate,tpl_a0a3c8cebc7e00fe,train,0,0,0,0,0,0,0.0642570281124498,0,1.0,1.0
nazario5_000555_46c55479b00b,0,legitimate,tpl_09453d5b4fa12aac,train,0,0,0,0,1,0,0.03977272727272727,0,1.0,1.0
nazario5_000556_d67b6b466300,0,legitimate,tpl_9410be1dd13f7b5e,train,0,0,0,0,1,0,0.02679658952496955,0,1.0,1.0
nazario5_000557_2c257c682b3e,0,legitimate,tpl_f2449a45a7e398ee,train,0,0,1,1,0,0,0.022141440846001323,5,1.0,1.0
nazario5_000558_af7453fe5871,0,legitimate,tpl_a1daa475abb12d05,train,0,0,0,0,0,0,0.07027027027027027,0,1.0,1.0
nazario5_000559_edabe7106530,0,legitimate,tpl_f0fc3f66c18339b8,train,0,0,0,0,1,0,0.041985411848425545,3,1.0,1.0
nazario5_000561_9e7321151517,0,legitimate,tpl_f8baef29a253f06a,train,0,0,0,0,0,0,0.038910505836575876,0,1.0,1.0
nazario5_000562_c46f0d4cbe5a,0,legitimate,tpl_87d183cae3e20160,train,0,0,0,0,0,0,0.06300813008130081,0,1.0,1.0
nazario5_000563_bb7851dacbef,0,legitimate,tpl_0cbca475bd41c2b5,train,0,0,0,0,0,0,0.18667699457784662,0,1.0,1.0
nazario5_000564_2f5d8f0a8024,0,legitimate,tpl_0b59b3c45b8d691d,train,0,0,0,0,0,0,0.049886621315192746,0,1.0,1.0
nazario5_000566_57e8d64dfc7a,0,legitimate,tpl_1a14630042094c9c,train,0,0,0,0,0,0,0.06296296296296296,0,1.0,1.0
nazario5_000567_9cf2228ef9b0,0,legitimate,tpl_7fa9125fc054238b,train,0,0,0,0,1,0,0.015874233128834354,1,1.0,1.0
nazario5_000568_dc3b2b372f73,0,legitimate,tpl_825d9c5743c8e14e,train,0,0,0,0,0,0,0.23809523809523808,0,1.0,1.0
nazario5_000569_9774c0b10b46,0,legitimate,tpl_6331e3f1be76a00f,train,0,0,0,0,0,0,0.09535452322738386,0,1.0,1.0
nazario5_000570_96c0028f902d,0,legitimate,tpl_35c9fc00e4b152bf,train,0,0,0,0,0,0,0.11475409836065574,0,1.0,1.0
nazario5_000572_e8e8257c14c6,0,legitimate,tpl_2e0e5ceb390a53d6,train,0,0,0,0,0,0,0.045567522783761395,0,1.0,1.0
nazario5_000573_ec4e91c49d34,0,legitimate,tpl_ac9d74ead7a580d4,train,1,0,0,0,0,0,0.13316582914572864,2,1.0,1.0
nazario5_000574_f91ab4b593aa,0,legitimate,tpl_1908af4bb3cdd1a4,train,0,0,0,0,0,0,0.0533625730994152,1,1.0,1.0
nazario5_000575_79b02d6401c8,0,legitimate,tpl_d0d77dbf5db6a89f,train,0,0,0,0,0,0,0.07329842931937172,0,1.0,1.0
nazario5_000576_d86fb09a3e1d,0,legitimate,tpl_1602f50fa98bf754,train,0,0,1,0,0,0,0.03413821815154038,2,1.0,1.0
nazario5_000577_1b50a294850d,0,legitimate,tpl_01d11b7b34f68529,train,0,0,1,0,1,0,0.039102932719954,2,1.0,1.0
nazario5_000578_7dc0f5b6c63e,0,legitimate,tpl_d4ecef88fd3df135,train,0,0,0,0,0,0,0.035583941605839414,2,1.0,1.0
nazario5_000579_0b1b6fc914c6,0,legitimate,tpl_c68071806c45f50f,train,0,0,0,0,0,0,0.03933910306845004,2,1.0,1.0
nazario5_000580_8c2c9739b2e7,0,legitimate,tpl_4a2490cd7fb8d54a,train,0,0,0,0,0,0,0.04111405835543767,1,1.0,1.0
nazario5_000581_aa52b2ae5e0b,0,legitimate,tpl_da0c9055348b9c0d,train,0,0,0,0,0,0,0.06406149903907751,1,1.0,1.0
nazario5_000583_e88e45279d7e,0,legitimate,tpl_82856ffc4bb0208a,train,0,0,0,0,0,0,0.05755395683453238,0,1.0,1.0
nazario5_000584_d1a3b1671ecc,0,legitimate,tpl_5a7539eedf2e0df9,train,0,0,0,1,0,0,0.09366391184573003,0,1.0,1.0
nazario5_000585_78192d23ad79,0,legitimate,tpl_5ad5164128500e1d,train,0,0,0,0,1,0,0.043772383605252686,1,1.0,1.0
nazario5_000586_6260dc175ab3,0,legitimate,tpl_a65c3dc07e4ceac8,train,0,0,0,0,0,0,0.05844845908607864,0,1.0,1.0
nazario5_000587_da75c39900be,0,legitimate,tpl_c0a1ee11685b0fae,train,0,0,0,0,0,0,0.14925373134328357,0,1.0,1.0
nazario5_000588_66f7c1d28616,0,legitimate,tpl_66248dd4317f07e3,train,0,0,0,0,0,0,0.08564231738035265,0,1.0,1.0
nazario5_000589_c43cb8095be0,0,legitimate,tpl_cfe2f47b63c9dd4c,train,0,0,0,0,0,0,0.11673151750972763,1,1.0,1.0
nazario5_000590_1f00fb4d3882,0,legitimate,tpl_edee54772ed3c41e,train,0,0,0,0,0,0,0.11816578483245149,2,1.0,1.0
nazario5_000592_35ab94aa152e,0,legitimate,tpl_d6ee4741e82755e9,train,1,0,0,1,0,1,0.08316326530612245,0,1.0,1.0
nazario5_000594_634861c3add8,0,legitimate,tpl_728ff60de4199755,train,0,0,0,0,0,0,0.03550295857988166,0,1.0,1.0
nazario5_000596_675c1e218b50,0,legitimate,tpl_6868d19010b5d16e,train,0,0,0,0,0,0,0.02763819095477387,0,1.0,1.0
nazario5_000598_832ca2400d73,0,legitimate,tpl_82ffd3369cf7f82c,train,0,0,0,0,0,0,0.030944625407166124,0,1.0,1.0
nazario5_000600_53cf3838070e,0,legitimate,tpl_23d5ab937fa9c7c5,train,0,0,0,0,0,0,0.03636363636363636,0,1.0,1.0
nazario5_000601_bf318228f633,0,legitimate,tpl_930b6a4aa23d6cd6,train,2,0,0,0,0,0,0.14107142857142857,0,1.0,1.0
nazario5_000602_5a860fa4aaf3,0,legitimate,tpl_b7d722e73f54ef2c,train,3,0,0,0,2,0,0.06557377049180328,1,1.0,1.0
nazario5_000603_0e4bc38de9ba,0,legitimate,tpl_efea0f1bca1c3596,train,3,0,0,0,1,0,0.06413301662707839,1,1.0,1.0
nazario5_000604_9cee870cc315,0,legitimate,tpl_0431f759fd87867b,train,1,0,0,0,0,0,0.12704174228675136,1,1.0,1.0
nazario5_000605_91f9d2770e56,0,legitimate,tpl_438da4a4662cf692,train,3,0,0,0,1,0,0.13752276867030966,0,1.0,1.0
nazario5_000606_b220bee223b5,0,legitimate,tpl_0f73c17c046c814c,train,4,0,0,2,4,0,0.10291471752428931,0,1.0,1.0
nazario5_000607_b8dde0d8cdb0,0,legitimate,tpl_64a9755f7e81e05a,train,0,0,2,0,2,0,0.11787072243346007,1,1.0,1.0
nazario5_000610_e3ef8dc3ec0b,0,legitimate,tpl_694f24e2428a651b,train,0,0,2,0,0,0,0.1984126984126984,0,1.0,1.0
nazario5_000611_fe296c223ef9,0,legitimate,tpl_84ac76fc21587d5b,train,0,0,0,0,0,0,0.058997050147492625,0,1.0,1.0
nazario5_000612_006269f61d67,0,legitimate,tpl_e33b4882728fda75,train,0,0,0,0,0,0,0.044444444444444446,0,1.0,1.0
nazario5_000613_64963101573f,0,legitimate,tpl_d9bd2117b8bbaea5,train,0,0,0,0,0,0,0.04743083003952569,0,1.0,1.0
nazario5_000614_9af3cd43984a,0,legitimate,tpl_45d0aa9227381484,train,0,0,0,0,0,0,0.09779179810725552,0,1.0,1.0
nazario5_000615_4686ba5a1c7b,0,legitimate,tpl_7857c17946a9d0d7,train,5,0,0,0,1,0,0.08314350797266515,0,1.0,1.0
nazario5_000616_cb7a74b04e6c,0,legitimate,tpl_c891a695ccc9b1c2,train,0,0,0,0,2,0,0.04918032786885246,0,1.0,1.0
nazario5_000618_4bbdccff9a1e,0,legitimate,tpl_a796eb9e85c0c3ef,train,4,0,0,0,1,0,0.07023411371237458,0,1.0,1.0
nazario5_000622_997a068883ac,0,legitimate,tpl_b96c95bc931ef327,train,0,0,0,0,0,0,0.15736040609137056,0,1.0,1.0
nazario5_000623_32c98d4269f9,0,legitimate,tpl_d14cbfebf6b010ed,train,0,0,2,0,5,7,0.13743218806509946,1,1.0,1.0
nazario5_000624_4c9206c7ac55,0,legitimate,tpl_229d341d11f08fec,train,1,0,0,12,4,0,0.06769825918762089,1,1.0,1.0
nazario5_000625_fb66d21b2532,0,legitimate,tpl_bed2c03fb3dac952,train,2,0,0,0,1,0,0.0968421052631579,0,1.0,1.0
nazario5_000627_ebf6b6593ea1,0,legitimate,tpl_90080b0bc8dc0bee,train,0,0,2,0,2,0,0.12406576980568013,1,1.0,1.0
nazario5_000628_00230b968043,0,legitimate,tpl_a6560cbc4f7d79cc,train,1,0,0,0,1,0,0.11836734693877551,0,1.0,1.0
nazario5_000629_b3575ea0a432,0,legitimate,tpl_85f981e9d3ba9f38,train,2,0,0,0,1,0,0.05508474576271186,0,1.0,1.0
nazario5_000632_c4339cff3b0a,0,legitimate,tpl_10d0eb9260ea0d95,train,0,0,0,0,0,0,0.07076350093109869,0,1.0,1.0
nazario5_000634_414e66e6175f,0,legitimate,tpl_988c0a434b0f12da,train,1,0,0,0,1,0,0.09163346613545817,0,1.0,1.0
nazario5_000637_462ecaf157c1,0,legitimate,tpl_a1adf2608d1f93af,train,1,0,0,0,1,0,0.0870020964360587,0,1.0,1.0
nazario5_000639_6c4b3bf17a02,0,legitimate,tpl_e6ae390a110596ac,train,1,0,0,0,0,0,0.21611253196930946,0,1.0,1.0
nazario5_000640_c2c18882163c,0,legitimate,tpl_5b60f7558de310d8,train,3,0,1,2,0,0,0.07467204843592332,0,1.0,1.0
nazario5_000641_2f6fa7a49e41,0,legitimate,tpl_b49b46dd14a53cbd,train,0,0,0,0,0,0,0.10869565217391304,0,1.0,1.0
nazario5_000642_2096c0be67f6,0,legitimate,tpl_95ee5eed44a149be,train,0,0,0,0,0,0,0.06598407281001138,0,1.0,1.0
nazario5_000643_cb4431660ba7,0,legitimate,tpl_afd6cac5caed670a,train,4,0,1,3,0,0,0.0748792270531401,0,1.0,1.0
nazario5_000646_b1a57bb6cef3,0,legitimate,tpl_32c61e6e40bb0cdc,train,0,0,0,0,0,0,0.12740637031851593,2,1.0,1.0
nazario5_000648_058fcbd70992,0,legitimate,tpl_81020836a4e7f169,train,0,0,0,0,0,0,0.06164383561643835,0,1.0,1.0
nazario5_000649_2ad8db3f8541,0,legitimate,tpl_65d0a02d6ee0f9da,train,1,0,0,0,0,0,0.07088122605363985,0,1.0,1.0
nazario5_000651_680304339c99,0,legitimate,tpl_f585f228b8d79268,train,2,0,0,0,1,0,0.3459958932238193,0,1.0,1.0
nazario5_000652_78a3eaa18bc6,0,legitimate,tpl_262430099152a69e,train,1,0,0,0,0,0,0.10526315789473684,0,1.0,1.0
nazario5_000654_b751c9b30b95,0,legitimate,tpl_88aefd3742f2692e,train,2,0,0,0,1,0,0.09875,0,1.0,1.0
nazario5_000656_efe1251619d1,0,legitimate,tpl_136db5fe24cae093,train,2,0,0,0,1,0,0.051209103840682786,0,1.0,1.0
nazario5_000657_79f808d3aab6,0,legitimate,tpl_49252e3fa15fb724,train,16,0,0,1,0,1,0.10096153846153846,0,1.0,1.0
nazario5_000659_582e66c251a8,0,legitimate,tpl_2933e1bb86175858,train,5,0,6,0,0,2,0.0837655601659751,1,1.0,1.0
nazario5_000661_3d9c7731a109,0,legitimate,tpl_af7bb9c6e1fefd22,train,4,0,0,0,1,0,0.08979591836734693,0,1.0,1.0
nazario5_000662_f6ded65c20a0,0,legitimate,tpl_2840acfe98ac5287,train,2,0,0,0,0,0,0.1593625498007968,0,1.0,1.0
nazario5_000663_79e937ba2ad1,0,legitimate,tpl_f3e789d442b28e68,train,1,0,7,0,6,3,0.05224706663714855,0,1.0,1.0
nazario5_000664_8d783d7c5d9b,0,legitimate,tpl_fd199227718fa6f2,train,2,0,2,0,0,0,0.051147540983606556,0,1.0,1.0
nazario5_000665_6e2e0ac287da,0,legitimate,tpl_345ee112f5a748a3,train,1,0,2,0,1,0,0.04416892677256877,0,1.0,1.0
nazario5_000666_76398d44f5c6,0,legitimate,tpl_369ea22d09bd15d6,train,0,0,0,0,0,0,0.0577319587628866,0,1.0,1.0
nazario5_000668_30a518b84b19,0,legitimate,tpl_7e1c0012c6a500fd,train,4,0,0,0,12,1,0.04735997145915091,0,1.0,1.0
nazario5_000669_407fada3b604,0,legitimate,tpl_e6cdeaeaacfa14f7,train,1,0,0,0,0,1,0.08679706601466992,0,1.0,1.0
nazario5_000670_4a2439b946e2,0,legitimate,tpl_aba92c271bf961b2,train,0,0,0,0,0,0,0.03614457831325301,0,1.0,1.0
nazario5_000673_9e4dde548b85,0,legitimate,tpl_57f92d81b5f70ed4,train,0,0,0,0,0,0,0.03856749311294766,0,1.0,1.0
nazario5_000674_d017fedc15cc,0,legitimate,tpl_094d27ff5c41d40a,train,0,0,0,0,0,0,0.048458149779735685,0,1.0,1.0
nazario5_000676_72a653d20698,0,legitimate,tpl_8e29021ead43a50e,train,0,0,0,0,0,0,0.03559870550161812,0,1.0,1.0
nazario5_000677_9e88a109f25f,0,legitimate,tpl_9db969f92fd01603,train,0,0,0,0,0,0,0.04152249134948097,0,1.0,1.0
nazario5_000678_b2015e5c1ff0,0,legitimate,tpl_33e236cdbd015b9f,train,0,0,0,0,0,0,0.05069124423963134,0,1.0,1.0
nazario5_000679_2a4e869e4bd0,0,legitimate,tpl_131d84e738a4ff1f,train,0,0,0,0,0,0,0.05128205128205128,0,1.0,1.0
nazario5_000680_076f5ecd18fe,0,legitimate,tpl_763a3da8510bda9e,train,2,0,0,0,1,0,0.07671232876712329,0,1.0,1.0
nazario5_000681_52e520fd6dbd,0,legitimate,tpl_844f165b937f7525,train,0,0,0,0,0,0,0.03460207612456748,0,1.0,1.0
nazario5_000682_482561142e6a,0,legitimate,tpl_187e4625716cab58,train,6,0,0,0,1,1,0.07894736842105263,1,1.0,1.0
nazario5_000683_33e157fa4c03,0,legitimate,tpl_affdc8f00f88b0e1,train,0,0,0,0,0,0,0.05150214592274678,0,1.0,1.0
nazario5_000684_156b19c64cf8,0,legitimate,tpl_1d49ad55b9853bef,train,0,0,0,0,0,0,0.04564315352697095,0,1.0,1.0
nazario5_000686_29a81bf1e3ca,0,legitimate,tpl_0762e3dcc859416c,train,0,0,0,0,0,0,0.05343511450381679,0,1.0,1.0
nazario5_000688_971b78e7f037,0,legitimate,tpl_5a0ca11eeb6c99f9,train,1,0,0,0,3,0,0.14531220164216155,0,1.0,1.0
nazario5_000689_1cc46c27ead4,0,legitimate,tpl_49fde315b2dc0eca,train,4,0,0,0,2,0,0.08617672790901137,0,1.0,1.0
nazario5_000690_bf2339414b8a,0,legitimate,tpl_a0731c09ea7ae54a,train,11,0,0,0,6,9,0.046768670625460536,0,1.0,1.0
nazario5_000691_8ff847b075dc,0,legitimate,tpl_ef207be234d81de4,train,2,0,0,0,0,0,0.12687585266030013,2,1.0,1.0
nazario5_000693_dcf9729c6299,0,legitimate,tpl_44824809d4da2f6c,train,2,0,1,0,1,0,0.08536877394636015,0,1.0,1.0
nazario5_000695_fe6d7e9a2f87,0,legitimate,tpl_79e0d9f60a93b148,train,5,0,0,0,2,0,0.06678700361010831,0,1.0,1.0
nazario5_000696_5d5689a7281f,0,legitimate,tpl_e6d8461a05f76db1,train,1,0,0,0,0,0,0.11042097998619738,0,1.0,1.0
nazario5_000697_89a785409415,0,legitimate,tpl_fb04c00a93784c24,train,1,0,0,0,0,0,0.05215004574565416,1,1.0,1.0
nazario5_000698_9e5fdd639f88,0,legitimate,tpl_582eec6cb030fe2e,train,4,0,0,0,2,0,0.05739238927011853,0,1.0,1.0
nazario5_000699_2bef147936f9,0,legitimate,tpl_311814df802c39dd,train,0,0,0,0,0,0,0.042222222222222223,0,1.0,1.0
nazario5_000700_9586f321bf72,0,legitimate,tpl_7d56c2e39d81cc20,train,1,0,0,4,0,0,0.29298597194388776,0,1.0,1.0
nazario5_000701_300be237231d,0,legitimate,tpl_1b2e57f95cba2cd7,train,0,0,0,4,0,0,0.2706205813040063,0,1.0,1.0
nazario5_000702_8cc551457683,0,legitimate,tpl_43aed3b021970f47,train,2,0,0,0,2,0,0.10531803962460896,0,1.0,1.0
nazario5_000703_eeb9c58ef881,0,legitimate,tpl_f0af33207d0b48d8,train,18,0,2,0,4,13,0.09401375429821819,3,1.0,1.0
nazario5_000706_f98bd67bac89,0,legitimate,tpl_eed22c537e0f483d,train,0,0,0,0,1,1,0.10875331564986737,0,1.0,1.0
nazario5_000707_51e985e7ec9f,0,legitimate,tpl_3d14cfe0875a245d,train,1,0,0,0,0,0,0.1323943661971831,0,1.0,1.0
nazario5_000708_7051110fec6b,0,legitimate,tpl_205ce15f373a0c69,train,1,0,1,0,1,0,0.11814967589864467,2,1.0,1.0
nazario5_000709_a9dfd7314538,0,legitimate,tpl_7c4edd1fb85a7b80,train,0,0,2,0,2,0,0.12645348837209303,1,1.0,1.0
nazario5_000710_0dec104e6325,0,legitimate,tpl_af65a1195c57f38f,train,0,0,0,0,0,0,0.09345794392523364,0,1.0,1.0
nazario5_000712_45080aade331,0,legitimate,tpl_2e1b9102b6853af3,train,0,0,1,0,9,5,0.1416871416871417,4,1.0,1.0
nazario5_000713_05420706a553,0,legitimate,tpl_56a7fad40becb7f1,train,0,0,0,0,0,0,0.040983606557377046,0,1.0,1.0
nazario5_000716_db834d3c9d1e,0,legitimate,tpl_730286f8658dfb4f,train,0,0,2,0,2,0,0.12871287128712872,1,1.0,1.0
nazario5_000717_916449b56790,0,legitimate,tpl_caa93453088efd08,train,5,0,0,0,1,0,0.11911357340720222,0,1.0,1.0
nazario5_000718_251162098272,0,legitimate,tpl_8b6c9dbc3b566feb,train,2,0,0,0,2,1,0.13210039630118892,0,1.0,1.0
nazario5_000720_f0fccc5bc83f,0,legitimate,tpl_f795f5aeb88b0273,train,0,0,2,0,3,0,0.1813186813186813,0,1.0,1.0
nazario5_000721_6380301efe69,0,legitimate,tpl_a5e05a651d6c200d,train,0,0,2,0,3,0,0.11226611226611227,0,1.0,1.0
nazario5_000722_2232b84a9a8c,0,legitimate,tpl_0414da64a8d37cd2,train,0,0,2,0,3,0,0.14285714285714285,0,1.0,1.0
nazario5_000723_1076a61e0645,0,legitimate,tpl_39cb0e715879a67f,train,0,0,2,0,3,0,0.11864406779661017,0,1.0,1.0
nazario5_000726_2d9ae1c6ecd2,0,legitimate,tpl_56d5d46a2e4c2a32,train,0,0,0,1,2,0,0.01876675603217158,1,1.0,1.0
nazario5_000727_f9957e86d59c,0,legitimate,tpl_e870d5225ba1d980,train,2,0,0,0,0,0,0.07520891364902507,2,1.0,1.0
nazario5_000729_08afa383898b,0,legitimate,tpl_3fef084a66f6668d,train,9,0,0,0,1,0,0.08039068369646882,9,1.0,1.0
nazario5_000730_a597a08538dc,0,legitimate,tpl_ac89f2ae4257e780,train,1,0,0,0,0,0,0.06333333333333334,0,1.0,1.0
nazario5_000731_a5d2907cd44c,0,legitimate,tpl_2267f851008bb90e,train,3,0,0,0,0,1,0.06125574272588055,3,1.0,1.0
nazario5_000732_eda673e410f2,0,legitimate,tpl_df0ad8b37e052e8e,train,4,0,0,0,2,0,0.04634353741496599,0,1.0,1.0
nazario5_000733_99622aed5503,0,legitimate,tpl_00f5cf17be406c77,train,1,0,0,0,0,0,0.08459214501510574,1,1.0,1.0
nazario5_000735_9f651e3ef204,0,legitimate,tpl_8ca0eabd4902d49a,train,0,0,5,0,2,1,0.1067193675889328,1,1.0,1.0
nazario5_000737_3c0ca366c584,0,legitimate,tpl_b052bb434ecec220,train,0,0,0,0,0,0,0.08552631578947369,0,1.0,1.0
nazario5_000738_650f1d005e59,0,legitimate,tpl_ff14d65291761582,train,2,0,0,0,0,0,0.05073020753266718,0,1.0,1.0
nazario5_000741_3344b78f9638,0,legitimate,tpl_129c9af23f979212,train,5,0,0,0,2,3,0.35498465018581354,0,1.0,1.0
nazario5_000743_e1a0de57d26b,0,legitimate,tpl_9b8b1632cac530ef,train,0,0,0,0,1,0,0.1399229781771502,0,1.0,1.0
nazario5_000744_645a53affda5,0,legitimate,tpl_d7ef1eb9a78b20e5,train,1,0,0,0,0,0,0.08333333333333333,0,1.0,1.0
nazario5_000745_965dac409610,0,legitimate,tpl_b365c3795e165bb0,train,1,0,0,0,0,1,0.07142857142857142,0,1.0,1.0
nazario5_000746_f942d349b6c1,0,legitimate,tpl_18acef122d1235e1,train,2,0,0,0,1,0,0.07306590257879657,0,1.0,1.0
nazario5_000749_408a98ef6412,0,legitimate,tpl_6cf508562972b883,train,2,0,0,0,1,0,0.1,0,1.0,1.0
nazario5_000750_ce143fd24d5b,0,legitimate,tpl_40ad63796e3329f4,train,1,0,0,0,0,0,0.12727272727272726,0,1.0,1.0
nazario5_000751_962619bcfde2,0,legitimate,tpl_d19b310121fea637,train,2,0,0,0,1,0,0.0999000999000999,0,1.0,1.0
nazario5_000752_869772db4447,0,legitimate,tpl_1ebf8fcc32fb156c,train,0,0,0,0,9,0,0.09950584007187781,2,1.0,1.0
nazario5_000753_ae5b41cc6da0,0,legitimate,tpl_ac662ca4baaa59d5,train,1,0,0,0,0,0,0.08539944903581267,1,1.0,1.0
nazario5_000754_4d47cdff8ae3,0,legitimate,tpl_9a933caa3acd4036,train,1,0,0,0,3,0,0.0666183924692252,0,1.0,1.0
nazario5_000755_bdd2fab41e56,0,legitimate,tpl_33c658b412df124c,train,2,0,0,0,0,0,0.10759493670886076,0,1.0,1.0
nazario5_000758_db264b59159a,0,legitimate,tpl_900426be69a39370,train,0,0,0,0,7,4,0.14464534075104313,1,1.0,1.0
nazario5_000759_2a9a2cd10f12,0,legitimate,tpl_9f5062d7a126676d,train,5,0,0,0,3,0,0.06302521008403361,0,1.0,1.0
nazario5_000761_6dfacd181e05,0,legitimate,tpl_c5b20f30eb8337a7,train,2,0,0,0,0,0,0.11494252873563218,1,1.0,1.0
nazario5_000762_fc8eabaad6ce,0,legitimate,tpl_7d05c6cc932b0cdf,train,2,0,1,0,1,3,0.04988558352402746,0,1.0,1.0
nazario5_000763_c82bab7095e7,0,legitimate,tpl_be4f4d14b3462e29,train,2,0,0,0,1,1,0.04916512059369202,0,1.0,1.0
nazario5_000764_3b898e98ea48,0,legitimate,tpl_d03b85c60a12f0e7,train,16,0,0,3,5,0,0.07462686567164178,0,1.0,1.0
nazario5_000765_9c0bf3c86217,0,legitimate,tpl_27ae3343189a1f4d,train,2,0,0,0,0,0,0.05058823529411765,1,1.0,1.0
nazario5_000766_6d0ece30ec00,0,legitimate,tpl_61b4a47aac0f4c61,train,2,0,0,0,0,0,0.21375590020229265,4,1.0,1.0
nazario5_000767_ae31629555c1,0,legitimate,tpl_4725a8f091e0cd0f,train,2,0,0,0,2,0,0.0504774897680764,0,1.0,1.0
nazario5_000768_288eb673b58f,0,legitimate,tpl_fe53a07d7b16c774,train,0,0,2,0,2,1,0.12936046511627908,1,1.0,1.0
nazario5_000770_1208a3b118fa,0,legitimate,tpl_adf18401f026edba,train,1,0,0,0,0,4,0.037037037037037035,0,1.0,1.0
nazario5_000772_421cc2a31c05,0,legitimate,tpl_bc9595624556bbe9,train,4,0,0,0,2,2,0.05739795918367347,0,1.0,1.0
nazario5_000773_4eff8c114dfa,0,legitimate,tpl_eec1ae364ab366cc,train,1,0,0,0,0,0,0.45691382765531063,0,1.0,1.0
nazario5_000774_6251c004c890,0,legitimate,tpl_d39e558979fa09ac,train,4,0,0,0,1,0,0.07380952380952381,0,1.0,1.0
nazario5_000775_c214c5ee91cc,0,legitimate,tpl_8d48cfd2829cccad,train,2,0,0,1,0,0,0.05390835579514825,1,1.0,1.0
nazario5_000776_010366e237e5,0,legitimate,tpl_b1823186a7263bca,train,6,0,0,0,3,2,0.05807570066454782,0,1.0,1.0
nazario5_000779_95d890e90374,0,legitimate,tpl_a413d5967ce27062,train,2,0,0,0,1,0,0.04815334268349696,0,1.0,1.0
nazario5_000783_94bbbfc43942,0,legitimate,tpl_051c4d0bded1b905,train,0,0,0,0,1,0,0.24,0,1.0,1.0
nazario5_000786_32dd46a0f54d,0,legitimate,tpl_a34d7f28a21f7768,train,4,0,0,0,1,0,0.07200306396016852,1,1.0,1.0
nazario5_000787_d6b0ef6d2f08,0,legitimate,tpl_18eb5f417dfc6e9a,train,1,0,0,0,8,0,0.05811250581125058,3,1.0,1.0
nazario5_000789_ab2b0c0c33e1,0,legitimate,tpl_50ca6cea03089db4,train,4,0,0,0,3,0,0.10108024691358025,0,1.0,1.0
nazario5_000790_9e55c91c9340,0,legitimate,tpl_d1de94de80214a56,train,2,0,0,0,1,0,0.14043583535108958,1,1.0,1.0
nazario5_000791_72c81fd58497,0,legitimate,tpl_c9c92976b36239d1,train,1,0,0,0,0,0,0.1496,0,1.0,1.0
nazario5_000792_a6fe24f5e002,0,legitimate,tpl_32f4d97adcc48ccc,train,1,0,0,0,0,0,0.05045871559633028,0,1.0,1.0
nazario5_000793_ebcf68fcbf52,0,legitimate,tpl_5e21bade3d3e766d,train,3,0,0,0,2,0,0.09307875894988067,0,1.0,1.0
nazario5_000794_4c64d12e527e,0,legitimate,tpl_464be238182bce1d,train,1,0,0,0,0,0,0.2918454935622318,0,1.0,1.0
nazario5_000795_947c296b8161,0,legitimate,tpl_c04d851c95766093,train,1,0,0,0,0,0,0.12654320987654322,0,1.0,1.0
nazario5_000796_ceb4e81f5532,0,legitimate,tpl_9e63d65d0f229e2c,train,3,0,0,0,1,0,0.08108108108108109,2,1.0,1.0
nazario5_000799_5e8965e202a6,0,legitimate,tpl_3825a38b7cc2b453,train,4,0,0,2,4,0,0.09825960841189267,0,1.0,1.0
nazario5_000801_a79008b5353d,0,legitimate,tpl_a6d815d670f53e25,train,2,0,0,0,1,0,0.21220159151193635,1,1.0,1.0
nazario5_000802_76cc7315d5d6,0,legitimate,tpl_ff41f49dcc03cf51,train,0,0,0,0,1,1,0.08267090620031796,0,1.0,1.0
nazario5_000804_688a2fb50e5c,0,legitimate,tpl_cb2da2030b535dcf,train,0,0,0,1,2,0,0.05,2,1.0,1.0
nazario5_000808_8f327dd02f24,0,legitimate,tpl_920a73ce0df563bb,train,2,0,0,0,1,0,0.16181689141234917,1,1.0,1.0
nazario5_000809_c98d27ffdace,0,legitimate,tpl_d81d876aaad31bbe,train,5,0,0,0,3,0,0.056451612903225805,0,1.0,1.0
nazario5_000812_833181f2336d,0,legitimate,tpl_f646f754e2ae08c8,train,0,0,0,0,1,1,0.16534040671971706,2,1.0,1.0
nazario5_000813_6b23cf008886,0,legitimate,tpl_8f86a846e675fde8,train,1,0,0,0,0,0,0.18681318681318682,0,1.0,1.0
nazario5_000814_b65aaa547f71,0,legitimate,tpl_93ce816d6b23b770,train,1,0,0,0,0,0,0.1286549707602339,0,1.0,1.0
nazario5_000815_49a5518a2041,0,legitimate,tpl_36b9d318b83ef332,train,3,0,0,0,2,0,0.11585365853658537,1,1.0,1.0
nazario5_000816_781e4a43340d,0,legitimate,tpl_ee0a3a3dc544aee3,train,2,0,0,1,0,0,0.06923076923076923,1,1.0,1.0
nazario5_000817_051a12833c2d,0,legitimate,tpl_a6fd936d1c3b8665,train,5,0,0,0,3,0,0.11746031746031746,1,1.0,1.0
nazario5_000818_71804d9a1b27,0,legitimate,tpl_d1bbc6fca3e8bd58,train,4,0,0,0,0,0,0.2624113475177305,0,1.0,1.0
nazario5_000819_e380dbb60d5a,0,legitimate,tpl_9afeb0272027c770,train,4,0,0,0,3,0,0.05428694528220594,0,1.0,1.0
nazario5_000820_4120e173152f,0,legitimate,tpl_864b8e0b2724c20b,train,0,0,0,0,2,0,0.13471901462663588,0,1.0,1.0
nazario5_000821_3f7c5b89df7b,0,legitimate,tpl_7e88bf7b159c8a05,train,0,0,0,0,0,0,0.11036789297658862,0,1.0,1.0
nazario5_000822_1d2a976ea4b5,0,legitimate,tpl_95bbc3d6a7ab2de6,train,9,0,0,1,3,0,0.087109375,0,1.0,1.0
nazario5_000823_9d206480fa07,0,legitimate,tpl_ab4a1bcceca2ce1a,train,8,0,0,0,4,0,0.0670489633877371,0,1.0,1.0
nazario5_000824_a09ec2c4d0c5,0,legitimate,tpl_83ff19360ebca231,train,8,0,0,0,4,4,0.1048424289008455,3,1.0,1.0
nazario5_000825_34c1aa6031d5,0,legitimate,tpl_8be4ead50f80e74f,train,1,0,0,0,8,0,0.07181467181467181,0,1.0,1.0
nazario5_000826_51fe060f68b4,0,legitimate,tpl_52b464970ed91a28,train,24,0,0,0,0,2,0.3521916411824669,0,1.0,1.0
nazario5_000828_31d9af5e4d39,0,legitimate,tpl_31dc419b1e231e22,train,1,0,1,0,3,0,0.18635170603674542,0,1.0,1.0
nazario5_000830_66dc7f4691e3,0,legitimate,tpl_277f2961e154cee3,train,2,0,0,0,1,0,0.08179012345679013,0,1.0,1.0
nazario5_000831_b0fd24c6f25c,0,legitimate,tpl_948706f27c24424f,train,2,0,0,0,4,0,0.0587427944002196,0,1.0,1.0
nazario5_000832_ae079165ac44,0,legitimate,tpl_02f9d29787baa239,train,6,0,0,0,5,0,0.09943714821763602,0,1.0,1.0
nazario5_000833_808629c20033,0,legitimate,tpl_3a934a34cecde723,train,0,0,1,0,0,0,0.08695652173913043,0,1.0,1.0
nazario5_000834_f007a4cc7cf9,0,legitimate,tpl_6a0fdacf45190360,train,2,0,0,0,1,0,0.11338962605548854,1,1.0,1.0
nazario5_000836_1a4a1f50e3b3,0,legitimate,tpl_53f1cd5ac9f2d320,train,0,0,1,0,1,0,0.06098514464425332,0,1.0,1.0
nazario5_000839_25c124ee0462,0,legitimate,tpl_2ee601820815a58b,train,1,0,1,0,5,0,0.08098411071245515,0,1.0,1.0
nazario5_000840_63887d37a036,0,legitimate,tpl_256c264751778ecd,train,0,0,0,0,0,0,0.026022304832713755,0,1.0,1.0
nazario5_000841_0aa14886f926,0,legitimate,tpl_56991f2250213be2,train,11,0,1,0,1,3,0.12038576654472896,0,1.0,1.0
nazario5_000843_2bcf443a295e,0,legitimate,tpl_5bcebf7db6c6a021,train,1,0,0,0,13,0,0.165710643722116,6,1.0,1.0
nazario5_000844_77fac1c4cdbd,0,legitimate,tpl_878935184bc124c5,train,3,0,0,0,4,0,0.05722460658082976,1,1.0,1.0
nazario5_000845_eeb44b9e81b9,0,legitimate,tpl_a37ab52011bf771f,train,0,0,1,0,3,0,0.21739130434782608,0,1.0,1.0
nazario5_000846_7d8eeecdbe09,0,legitimate,tpl_11be327050ce2cd3,train,8,0,0,0,4,0,0.06591702210158977,1,1.0,1.0
nazario5_000848_257d754843c8,0,legitimate,tpl_091e3d350c8c2ee5,train,4,0,0,0,2,1,0.047968545216251636,0,1.0,1.0
nazario5_000849_2f9a0a6580d1,0,legitimate,tpl_42f2a480ebd471fc,train,14,0,0,1,3,0,0.15447154471544716,1,1.0,1.0
nazario5_000850_0dd84a3affd9,0,legitimate,tpl_f9fa39cd2656fb83,train,9,0,0,0,4,0,0.07371405427298501,0,1.0,1.0
nazario5_000852_b9a183c05e47,0,legitimate,tpl_d53d04ce5b6fcfde,train,2,0,0,0,1,0,0.059178743961352656,0,1.0,1.0
nazario5_000854_a21b20229691,0,legitimate,tpl_fe6c0c2df7d7bb0a,train,1,0,0,0,0,0,0.05273069679849341,1,1.0,1.0
nazario5_000856_033bdc30a08d,0,legitimate,tpl_a862db6ce492baa1,train,2,0,0,0,1,0,0.28055260361317746,1,1.0,1.0
nazario5_000858_5aa38d4c04b7,0,legitimate,tpl_a4b3ae33cbb23cfb,train,0,0,0,0,1,0,0.1776375112714157,0,1.0,1.0
nazario5_000860_5bb2c91f05dd,0,legitimate,tpl_ff3a6347afa13612,train,0,0,0,0,9,4,0.1028599484472812,3,1.0,1.0
nazario5_000863_675248fdf816,0,legitimate,tpl_1677d6da0946651f,train,1,0,0,0,0,0,0.04885057471264368,0,1.0,1.0
nazario5_000864_1e6e743057ca,0,legitimate,tpl_e9c3fc04abe040db,train,0,0,1,0,3,0,0.17590361445783131,0,1.0,1.0
nazario5_000865_30985e523432,0,legitimate,tpl_6aa2297deb225df0,train,0,0,1,0,3,0,0.22,0,1.0,1.0
nazario5_000866_809231be4236,0,legitimate,tpl_d3a25b42dfd8456d,train,0,0,1,0,3,0,0.1417004048582996,0,1.0,1.0
nazario5_000867_6447655cbdd0,0,legitimate,tpl_b56ab74809633a39,train,0,0,1,0,3,0,0.14025974025974025,0,1.0,1.0
nazario5_000868_deaeed188335,0,legitimate,tpl_0588f30fbeeab07a,train,0,0,2,0,2,1,0.1282420749279539,1,1.0,1.0
nazario5_000869_bf3cf892fe7d,0,legitimate,tpl_026f123d0b76d4a1,train,9,0,0,0,5,0,0.06550802139037433,1,1.0,1.0
nazario5_000870_d4ec80c0dd5f,0,legitimate,tpl_c48b540b00d69eb0,train,0,0,0,0,0,0,0.07792207792207792,1,1.0,1.0
nazario5_000871_e112983fd19e,0,legitimate,tpl_f007b2f7faef283e,train,2,0,0,0,1,0,0.030405405405405407,0,1.0,1.0
nazario5_000872_7c385a7bb5e6,0,legitimate,tpl_f4af421dda119ea0,train,0,0,0,0,0,0,0.051466519092418374,0,1.0,1.0
nazario5_000875_77b96a2093d5,0,legitimate,tpl_40b33216d2fb5fcb,train,6,0,0,0,2,0,0.06115107913669065,0,1.0,1.0
nazario5_000876_3dbaa0c45f87,0,legitimate,tpl_cd5a02738ab2a740,train,3,0,2,0,0,0,0.09181636726546906,1,1.0,1.0
nazario5_000878_0ce8efaa3c2b,0,legitimate,tpl_ee1649194a72e84b,train,0,0,0,0,1,0,0.04308093994778068,0,1.0,1.0
nazario5_000879_34d6eaa1b5a6,0,legitimate,tpl_71580859551f3cf1,train,2,0,0,0,2,1,0.08754208754208755,2,1.0,1.0
nazario5_000881_60df738793b6,0,legitimate,tpl_b58d72f022a779cb,train,0,0,0,0,1,0,0.06515151515151515,0,1.0,1.0
nazario5_000882_351142856200,0,legitimate,tpl_5bb483602f81592a,train,0,0,0,1,0,0,0.1,0,1.0,1.0
nazario5_000883_bf9dd7fef2d7,0,legitimate,tpl_a16162a133ac55b1,train,1,0,0,0,0,0,0.062432723358449946,1,1.0,1.0
nazario5_000884_9b63d8c08dd2,0,legitimate,tpl_c83450cfdeab4c6d,train,0,0,0,0,0,0,0.0979020979020979,0,1.0,1.0
nazario5_000885_517bd61e8217,0,legitimate,tpl_73d10baaed7e7451,train,1,0,0,0,0,0,0.0967391304347826,0,1.0,1.0
nazario5_000886_262f79e57259,0,legitimate,tpl_a2f7481e9236f78d,train,1,0,0,0,0,0,0.24759284731774414,0,1.0,1.0
nazario5_000887_9bf2227e40f9,0,legitimate,tpl_73284d0195014957,train,0,0,0,0,0,0,0.11645101663585952,0,1.0,1.0
nazario5_000888_3a9c1c767498,0,legitimate,tpl_d965301f6fbbb0bd,train,1,0,0,0,0,0,0.0835509138381201,0,1.0,1.0
nazario5_000889_fb30cc434638,0,legitimate,tpl_5f86efa8bf684c19,train,0,0,2,0,2,0,0.11780104712041885,1,1.0,1.0
nazario5_000890_152d67670ff6,0,legitimate,tpl_d4990a01241f5532,train,5,0,1,0,2,0,0.23450704225352112,9,1.0,1.0
nazario5_000893_291a76ea2531,0,legitimate,tpl_8c8e6f554d4d7ced,train,0,0,0,0,0,0,0.06379310344827586,0,1.0,1.0
nazario5_000894_5b1d9341abdb,0,legitimate,tpl_c147e805a5c9b94c,train,0,0,0,0,0,0,0.06260869565217392,1,1.0,1.0
nazario5_000896_0d5bed0b8af8,0,legitimate,tpl_6536c66dde1a4bfe,train,4,0,0,0,2,3,0.0853517877739331,1,1.0,1.0
nazario5_000897_3138aa341764,0,legitimate,tpl_5de2632ae6ee2887,train,2,0,0,0,1,0,0.056776556776556776,0,1.0,1.0
nazario5_000899_6ebd1f9e3237,0,legitimate,tpl_80dc0efa87fef0d8,train,1,0,0,0,0,0,0.12391304347826088,0,1.0,1.0
nazario5_000900_fccc8224966d,0,legitimate,tpl_574210ad72df5ac3,train,1,0,0,0,0,0,0.2953020134228188,0,1.0,1.0
nazario5_000903_213f66d44b4b,0,legitimate,tpl_662cca3832bd07c4,train,3,0,0,0,0,0,0.12332439678284182,0,1.0,1.0
nazario5_000904_d944a63cd112,0,legitimate,tpl_0ee1a93d50997b61,train,11,0,0,0,1,0,0.10137228862328464,3,1.0,1.0
nazario5_000905_4ddb7e66dbe6,0,legitimate,tpl_1b8e424c59b483a5,train,10,0,2,0,4,0,0.10514799032592421,7,1.0,1.0
nazario5_000906_97d408422082,0,legitimate,tpl_d59460fd72faaf38,train,4,0,1,0,1,0,0.15484633569739953,0,1.0,1.0
nazario5_000907_64433ad81105,0,legitimate,tpl_a7a9fab0ea5bebca,train,0,0,0,0,1,0,0.08765989465763732,0,1.0,1.0
nazario5_000908_e152e3493586,0,legitimate,tpl_eab2e79ddd8dd069,train,1,0,0,0,1,0,0.1012216404886562,0,1.0,1.0
nazario5_000909_6de95f008ce4,0,legitimate,tpl_082c46b9d969fcf3,train,1,0,0,5,1,0,0.05010893246187364,8,1.0,1.0
nazario5_000910_9a81610bd7f5,0,legitimate,tpl_2ef9bcf7a391ecdf,train,0,0,0,0,0,0,0.04643962848297214,0,1.0,1.0
nazario5_000911_741fc116b80c,0,legitimate,tpl_11b459a9abe21d47,train,0,0,1,0,0,0,0.029242174629324547,0,1.0,1.0
nazario5_000912_be31ad0a5bf4,0,legitimate,tpl_3d88e7af4fb8a86c,train,0,0,0,0,2,0,0.026156941649899398,0,1.0,1.0
nazario5_000913_ff19504b2bf8,0,legitimate,tpl_9d3782613ba4dc54,train,1,0,0,0,0,0,0.08782742681047766,0,1.0,1.0
nazario5_000914_e5488afdb1af,0,legitimate,tpl_ab9ddba88a7280ec,train,1,0,0,0,2,0,0.10369068541300527,0,1.0,1.0
nazario5_000916_dbe434fbc0e5,0,legitimate,tpl_fc7f1660dda80ab7,train,1,0,1,0,0,0,0.09340659340659341,0,1.0,1.0
nazario5_000917_6518c6e9894c,0,legitimate,tpl_ea69e1cdc8ea4419,train,0,0,0,0,2,0,0.040249433106575964,0,1.0,1.0
nazario5_000918_651accf859c4,0,legitimate,tpl_6fd931dcfc0b557e,train,0,0,0,0,1,1,0.20675105485232068,0,1.0,1.0
nazario5_000919_5537f7697f81,0,legitimate,tpl_0e7ee2871b5edc37,train,4,0,1,0,1,0,0.1017463933181473,0,1.0,1.0
nazario5_000921_24dc6c21971a,0,legitimate,tpl_43cbefb6ad200009,train,0,0,0,0,1,0,0.06474820143884892,1,1.0,1.0
nazario5_000924_0fa3a8e0620f,0,legitimate,tpl_2209e865ee060e92,train,3,0,0,0,1,0,0.07260963335729691,0,1.0,1.0
nazario5_000925_0ff07b737766,0,legitimate,tpl_7d72eb78e61cdbd7,train,29,0,6,0,0,4,0.20613844144536353,1,1.0,1.0
nazario5_000926_285e6a5785ed,0,legitimate,tpl_9dace1124a285082,train,3,0,0,0,0,0,0.07578947368421053,0,1.0,1.0
nazario5_000927_4a4b25cbd1da,0,legitimate,tpl_df083a92fd2ffac8,train,4,0,0,0,1,0,0.07828655834564253,0,1.0,1.0
nazario5_000928_397132d759c0,0,legitimate,tpl_d00d80e1b5294d7a,train,0,0,0,0,0,0,0.05181347150259067,0,1.0,1.0
nazario5_000932_f8ad2bd7df9f,0,legitimate,tpl_8c1a802a2f9a023f,train,2,0,0,0,0,0,0.08076514346439957,0,1.0,1.0
nazario5_000933_e72825317bfd,0,legitimate,tpl_32106436a6323bf5,train,0,0,0,0,3,0,0.18430034129692832,0,1.0,1.0
nazario5_000934_c0d7982c032b,0,legitimate,tpl_73dce50d5b47e958,train,0,0,0,0,0,0,0.17032967032967034,0,1.0,1.0
nazario5_000935_d8a94e95ad09,0,legitimate,tpl_47cd0ea2f28d3d6f,train,0,0,0,0,1,0,0.1307820299500832,6,1.0,1.0
nazario5_000938_09cb34c697c2,0,legitimate,tpl_80498b2af8237ff6,train,2,0,0,0,1,0,0.06748466257668712,0,1.0,1.0
nazario5_000939_81ab13ae096d,0,legitimate,tpl_81687371f8d39c04,train,3,0,0,0,0,0,0.05223880597014925,3,1.0,1.0
nazario5_000942_e2f32c7fae6e,0,legitimate,tpl_3a064d258ac1aaf4,train,0,0,0,0,0,0,0.1388888888888889,0,1.0,1.0
nazario5_000943_ca6a601a01ac,0,legitimate,tpl_58c89a04b5f96f65,train,11,0,1,0,4,0,0.10215791443183235,7,1.0,1.0
nazario5_000944_530cff5eaab6,0,legitimate,tpl_8345ab5f23f26ea4,train,13,0,0,1,12,0,0.08735244519392918,2,1.0,1.0
nazario5_000945_dc1af3f7a7b2,0,legitimate,tpl_37dfe0cd3a2f7287,train,3,0,0,0,1,0,0.06221719457013575,0,1.0,1.0
nazario5_000946_02cd551b26be,0,legitimate,tpl_4b4b31b1dd5bad95,train,2,0,0,0,0,0,0.07524271844660194,0,1.0,1.0
nazario5_000947_675f47719ac0,0,legitimate,tpl_491b8445ae48a76e,train,0,0,0,0,0,0,0.02844141069397042,1,1.0,1.0
nazario5_000948_fe7322e8bde4,0,legitimate,tpl_d1e5ea202378dc63,train,4,0,0,2,0,0,0.09112709832134293,1,1.0,1.0
nazario5_000949_b82668bd4602,0,legitimate,tpl_3e535dceb6bc9fb3,train,0,0,0,0,0,0,0.050955414012738856,0,1.0,1.0
nazario5_000953_b095b1917cdd,0,legitimate,tpl_5a38d2076ae0d446,train,0,0,0,1,2,0,0.10318664643399089,3,1.0,1.0
nazario5_000954_5adda4120712,0,legitimate,tpl_a175cb0dbd7d16bb,train,0,0,0,0,0,0,0.041379310344827586,0,1.0,1.0
nazario5_000956_34842dd9bc6b,0,legitimate,tpl_936ff73c617d8882,train,4,0,2,0,2,2,0.06638566912539515,2,1.0,1.0
nazario5_000958_c8c95562a69a,0,legitimate,tpl_e1890d643ce90f4c,train,12,0,0,0,4,2,0.07539480387162506,0,1.0,1.0
nazario5_000959_66283eac513d,0,legitimate,tpl_4b33b71f3837eaa1,train,10,0,0,0,0,2,0.0794044665012407,1,1.0,1.0
nazario5_000961_9e801ae33855,0,legitimate,tpl_a3a7a5f75c50373f,train,1,0,0,0,1,0,0.12773722627737227,0,1.0,1.0
nazario5_000962_9501f29888a4,0,legitimate,tpl_3deec9b06317168a,train,0,0,0,6,0,0,0.013986013986013986,0,1.0,1.0
nazario5_000963_728c5ebbd996,0,legitimate,tpl_c2319fa98cbcd361,train,1,0,0,1,1,0,0.09375,0,1.0,1.0
nazario5_000965_ab53365a4c78,0,legitimate,tpl_f7c953a4de7e5f1f,train,3,0,0,1,3,0,0.05851910828025478,0,1.0,1.0
nazario5_000967_0084215e98e9,0,legitimate,tpl_37ad319b5c58d4ca,train,2,0,0,0,2,0,0.07906976744186046,0,1.0,1.0
nazario5_000968_6d0fbca8b943,0,legitimate,tpl_73d2b59163b93920,train,3,0,0,1,1,0,0.11894273127753303,1,1.0,1.0
nazario5_000969_cb5cb321482e,0,legitimate,tpl_0f2289d3ea3dfa01,train,0,0,0,0,1,0,0.04492512479201331,0,1.0,1.0
nazario5_000970_3c74aba7889f,0,legitimate,tpl_de4834713fe2db26,train,5,0,0,2,0,0,0.08828828828828829,2,1.0,1.0
nazario5_000971_1d8ab229cd67,0,legitimate,tpl_c57e90faf5558bf8,train,2,0,0,0,3,0,0.07142857142857142,0,1.0,1.0
nazario5_000972_91b33dd78ea4,0,legitimate,tpl_aafbea3094feb836,train,2,0,1,0,1,5,0.04655965455740167,0,1.0,1.0
nazario5_000974_a609ddbbac3c,0,legitimate,tpl_9c51225167c962c2,train,0,0,0,0,0,0,0.05357142857142857,0,1.0,1.0
nazario5_000978_b50faa8b3e13,0,legitimate,tpl_d2a9eb225edcfe2d,train,0,0,0,0,0,0,0.04992867332382311,0,1.0,1.0
nazario5_000979_bcb33bc2bd61,0,legitimate,tpl_41d93adcd86b1a95,train,0,0,0,0,0,0,0.12727272727272726,0,1.0,1.0
nazario5_000980_44af7fbb7479,0,legitimate,tpl_3afdc51937a87acb,train,1,0,0,0,2,0,0.10773480662983426,0,1.0,1.0
nazario5_000981_e7d2ffeccae9,0,legitimate,tpl_7efc9f6381c67b54,train,1,0,0,0,1,0,0.13306451612903225,0,1.0,1.0
nazario5_000983_4c6751be60f1,0,legitimate,tpl_bc7dc4753efcf5ba,train,4,0,0,1,3,0,0.07105882352941177,3,1.0,1.0
nazario5_000987_081712c1ccd6,0,legitimate,tpl_23fdd0c0c607c307,train,0,0,0,5,2,0,0.05413887799136916,3,1.0,1.0
nazario5_000989_71fceebf3e07,0,legitimate,tpl_1bc3f93caee547c1,train,0,0,2,0,1,0,0.2941371865138681,3,1.0,1.0
nazario5_000991_02546688b0eb,0,legitimate,tpl_79e8699a8742e351,train,2,0,0,0,1,0,0.052502050861361775,0,1.0,1.0
nazario5_000994_e42b09b95709,0,legitimate,tpl_5fd8a00534f583c3,train,4,0,0,9,0,0,0.054945054945054944,4,1.0,1.0
nazario5_000995_80034ae209cf,0,legitimate,tpl_5c0976b459f27316,train,86,0,0,0,1,2,0.1474269819193324,3,1.0,1.0
nazario5_000996_e4bd1dbf4b70,0,legitimate,tpl_5f93130c52e350de,train,1,0,0,0,1,0,0.11668107173725151,0,1.0,1.0
nazario5_000997_21ea476806c4,0,legitimate,tpl_c4b7051de5a3817e,train,2,0,0,0,2,0,0.07525655644241733,0,1.0,1.0
nazario5_000999_48a35f4e3923,0,legitimate,tpl_12e07106370c18b5,train,4,0,0,0,0,0,0.07138179436804191,0,1.0,1.0
nazario5_001003_882240554568,0,legitimate,tpl_734309284df76ee3,train,5,0,6,0,1,0,0.05782493368700265,2,1.0,1.0
nazario5_001004_190cbca1e394,0,legitimate,tpl_371aa2d77a964c01,train,14,0,0,1,8,1,0.1915680473372781,5,1.0,1.0
nazario5_001005_2fde8059cfb4,0,legitimate,tpl_38d87fab25d6e35c,train,1,0,0,0,1,0,0.1,0,1.0,1.0
nazario5_001007_8e6a0381808d,0,legitimate,tpl_d5b30ebbefcf7448,train,8,0,0,0,2,0,0.11472415052977712,2,1.0,1.0
nazario5_001008_5322236c4d14,0,legitimate,tpl_fa72bd8d5290cb98,train,0,0,0,0,0,0,0.025974025974025976,0,1.0,1.0
nazario5_001010_7171597d6239,0,legitimate,tpl_28a2834dda3137bf,train,0,0,1,0,0,0,0.33714285714285713,0,1.0,1.0
nazario5_001013_302c5ec70244,0,legitimate,tpl_3f2026136eaed7b6,train,0,0,2,1,4,0,0.10734463276836158,0,1.0,1.0
nazario5_001014_bf775892edff,0,legitimate,tpl_50aa6fa70edb3977,train,0,0,5,1,2,0,0.152753108348135,0,1.0,1.0
nazario5_001016_11a7483d84e4,0,legitimate,tpl_01841bd019dae93a,train,0,0,1,0,0,0,0.2926829268292683,0,1.0,1.0
nazario5_001018_9c26d7e8e5dd,0,legitimate,tpl_8100bd91fe3a784e,train,0,0,0,0,1,0,0.0274949083503055,1,1.0,1.0
nazario5_001020_1bc15c0880c2,0,legitimate,tpl_717328808add62b9,train,0,0,0,0,1,0,0.0680161943319838,0,1.0,1.0
nazario5_001022_5a071590e2ee,0,legitimate,tpl_58ed5e5488b26b9c,train,0,0,0,0,0,0,0.08904109589041095,0,1.0,1.0
nazario5_001023_cbb23b349e48,0,legitimate,tpl_c06977b0fcef7229,train,0,0,0,0,1,0,0.17901234567901234,0,1.0,1.0
nazario5_001024_2ea564e66c5d,0,legitimate,tpl_1a65559e6a82a824,train,5,0,0,0,4,0,0.06986128625472887,3,1.0,1.0
nazario5_001025_8e0442952b22,0,legitimate,tpl_2b53105e57f83c8d,train,1,0,0,1,1,0,0.06389776357827476,2,1.0,1.0
nazario5_001027_ba9ba07a386f,0,legitimate,tpl_21c5f5e34b1499d7,train,3,0,0,0,0,0,0.13931297709923665,0,1.0,1.0
nazario5_001028_fb4910c5cfb9,0,legitimate,tpl_b4e61dd80459fd53,train,0,0,0,0,2,0,0.0647748303516348,0,1.0,1.0
nazario5_001029_10cfc132c759,0,legitimate,tpl_ad44dfacb1ef2ce8,train,0,0,0,1,0,0,0.052980132450331126,0,1.0,1.0
nazario5_001030_6a3012be890a,0,legitimate,tpl_6f1aad3957b06955,train,0,0,0,0,0,4,0.05241379310344828,0,1.0,1.0
nazario5_001031_c334015e908c,0,legitimate,tpl_3f8fce9b24dcde34,train,2,0,0,0,0,0,0.10799584631360332,0,1.0,1.0
nazario5_001033_a5bf9e484a26,0,legitimate,tpl_abd367f0ad177989,train,0,0,0,0,0,0,0.045454545454545456,0,1.0,1.0
nazario5_001034_49c16dcf41d6,0,legitimate,tpl_51d4500064e13573,train,3,0,0,0,1,0,0.18441971383147854,2,1.0,1.0
nazario5_001036_d86b30f410f1,0,legitimate,tpl_4e885639fc8b50cc,train,0,0,0,0,0,0,0.08512931034482758,0,1.0,1.0
nazario5_001037_be2663351a05,0,legitimate,tpl_c708f62c9d3f31d1,train,1,0,0,0,1,0,0.10249307479224377,0,1.0,1.0
nazario5_001038_83d40f33d9be,0,legitimate,tpl_8e1784e42f2eba11,train,1,0,0,0,0,0,0.12693498452012383,0,1.0,1.0
nazario5_001039_50b171c4f489,0,legitimate,tpl_2a95f68a2623f865,train,2,0,0,0,0,0,0.10279187817258884,0,1.0,1.0
nazario5_001040_b02c5722f078,0,legitimate,tpl_f0d163bb49b70ddb,train,0,0,0,0,0,0,0.05405405405405406,3,1.0,1.0
nazario5_001043_fdcd31f60f94,0,legitimate,tpl_7ef301ad3cd35ce0,train,0,0,0,2,9,0,0.12976313079299692,2,1.0,1.0
nazario5_001044_5f1bc7122ed4,0,legitimate,tpl_1cbb6ead867f3cbe,train,3,0,0,0,2,0,0.06615776081424936,1,1.0,1.0
nazario5_001045_e062d471f6bd,0,legitimate,tpl_dfb317e9a3a7d5f4,train,36,0,0,3,6,0,0.2863036303630363,4,1.0,1.0
nazario5_001047_49fdd0e16217,0,legitimate,tpl_6610dc28f16b395a,train,2,0,0,0,0,0,0.036036036036036036,2,1.0,1.0
nazario5_001048_e501f2b31f65,0,legitimate,tpl_392827a90e2769c0,train,1,0,0,0,0,0,0.10234278668310727,1,1.0,1.0
nazario5_001049_25dc6c16391e,0,legitimate,tpl_f464b153b87d9285,train,30,0,1,0,1,1,0.10434894493051981,3,1.0,1.0
nazario5_001052_c251fcf2d1cc,0,legitimate,tpl_12f4e6b6f656de57,train,1,0,0,0,0,0,0.07557117750439367,0,1.0,1.0
nazario5_001054_ce451a9bcb95,0,legitimate,tpl_d07f2a573c808dc4,train,1,0,0,0,0,0,0.05,0,1.0,1.0
nazario5_001056_2d7d376a3f87,0,legitimate,tpl_2745b2c5533a0600,train,0,0,0,0,0,0,0.07253886010362694,1,1.0,1.0
nazario5_001057_2204596f6d75,0,legitimate,tpl_810e8dfa63f6aca6,train,1,0,3,0,5,0,0.17327459618208516,0,1.0,1.0
nazario5_001060_76df59d73df7,0,legitimate,tpl_99f7a36f41e85caa,train,1,0,3,0,5,0,0.12642094385118843,0,1.0,1.0
nazario5_001061_c373aec9ce32,0,legitimate,tpl_55c17ad8c9d0c04c,train,1,0,0,0,1,0,0.09324009324009325,0,1.0,1.0
nazario5_001062_d5ebb3ab5f6c,0,legitimate,tpl_fc370f2decffe599,train,0,0,1,0,0,0,0.06666666666666667,1,1.0,1.0
nazario5_001065_f28ab01fa1c5,0,legitimate,tpl_cc1071b3235b13e3,train,0,0,0,0,0,0,0.060034305317324184,0,1.0,1.0
nazario5_001066_8e2a488a3255,0,legitimate,tpl_0dfa1a91872be76d,train,0,0,1,0,0,2,0.06861313868613139,0,1.0,1.0
nazario5_001067_071b43c268d5,0,legitimate,tpl_e5a04b6c3a866706,train,0,0,0,7,2,0,0.10543390105433902,2,1.0,1.0
nazario5_001068_2d23044ad53d,0,legitimate,tpl_21e7d66c81fe5ed1,train,1,0,1,0,1,0,0.02056843679880329,177,1.0,1.0
nazario5_001070_e0d5299c9809,0,legitimate,tpl_252846d36ea3e45f,train,0,0,0,0,0,0,0.09064327485380116,0,1.0,1.0
nazario5_001071_4619b59c3cc1,0,legitimate,tpl_16bbadb79534b82a,train,1,0,0,0,0,0,0.11787072243346007,0,1.0,1.0
nazario5_001072_3caa4e7944a2,0,legitimate,tpl_3acd12db21d4ab0f,train,1,0,2,0,0,0,0.14522058823529413,0,1.0,1.0
nazario5_001073_88f7d848973b,0,legitimate,tpl_6a9930a308c0f3c2,train,1,0,0,6,1,4,0.08542713567839195,2,1.0,1.0
nazario5_001075_57fa5a6a0de2,0,legitimate,tpl_f95929fb5b427ca1,train,7,0,1,3,4,0,0.14805825242718446,3,1.0,1.0
nazario5_001076_6defe8f2b2aa,0,legitimate,tpl_99aceea6b6ff2039,train,1,0,0,0,1,0,0.11447811447811448,0,1.0,1.0
nazario5_001077_72c71dc2827f,0,legitimate,tpl_284e48a0525f71c8,train,1,0,0,1,9,0,0.11459403905447071,1,1.0,1.0
nazario5_001078_b8c402dee23e,0,legitimate,tpl_98a25cf7c913209c,train,4,0,0,0,1,0,0.08986615678776291,0,1.0,1.0
nazario5_001079_9934e9435b0c,0,legitimate,tpl_6c940219ac064c36,train,53,0,0,1,0,1,0.16818075937572793,6,1.0,1.0
nazario5_001081_01377f55748b,0,legitimate,tpl_78275ed65786110b,train,1,0,0,1,1,0,0.056657223796033995,0,1.0,1.0
nazario5_001082_3bbc0e985e34,0,legitimate,tpl_5f44964a9a0c7dba,train,0,0,0,0,0,0,0.04040404040404041,0,1.0,1.0
nazario5_001083_23331d1c596b,0,legitimate,tpl_c4d3411e19a2ee1f,train,1,0,0,32,5,0,0.07077826725403819,54,1.0,1.0
nazario5_001085_c56359a6dda3,0,legitimate,tpl_50252bffde7a3947,train,1,0,0,1,1,0,0.11491442542787286,1,1.0,1.0
nazario5_001088_a39c90222b91,0,legitimate,tpl_3034d877d7ea9944,train,0,0,5,0,0,0,0.1144578313253012,0,1.0,1.0
nazario5_001090_dcee3c5a013a,0,legitimate,tpl_4d04272af7b75786,train,0,0,0,0,0,0,0.04864864864864865,0,1.0,1.0
nazario5_001091_4b83dc1b039c,0,legitimate,tpl_6d35da48a5e17de9,train,2,0,1,0,0,0,0.2038753159224937,0,1.0,1.0
nazario5_001092_52e8b2b85f07,0,legitimate,tpl_cb09bf5cfa1d60ce,train,0,0,0,4,0,0,0.14957780458383596,0,1.0,1.0
nazario5_001094_5c7483408072,0,legitimate,tpl_f6773952fac5ad9f,train,0,0,0,2,8,0,0.1157930798218568,2,1.0,1.0
nazario5_001096_fcfab6a4d57d,0,legitimate,tpl_3a5fa1933ebec83d,train,0,0,0,1,0,0,0.031982942430703626,0,1.0,1.0
nazario5_001097_0dbc5fcdf6c2,0,legitimate,tpl_ede7ea0a779f1fc5,train,0,0,0,0,0,0,0.09322033898305085,0,1.0,1.0
nazario5_001100_bc2bfd1cd89b,0,legitimate,tpl_4f1f4fa9c9c03a43,train,1,0,0,0,1,0,0.03856749311294766,5,1.0,1.0
nazario5_001101_b648cde51534,0,legitimate,tpl_d5aa976825bb8818,train,1,0,0,0,0,0,0.06509695290858726,0,1.0,1.0
nazario5_001102_2aa27e5b7d84,0,legitimate,tpl_c774293914a8d068,train,3,0,0,4,6,1,0.07236061684460261,0,1.0,1.0
nazario5_001103_f34aa39bdd40,0,legitimate,tpl_8ad309826ec0e850,train,0,0,0,1,0,0,0.026241799437675725,2,1.0,1.0
nazario5_001104_87a3deb86dd4,0,legitimate,tpl_72f0909e5a34ea70,train,1,0,0,0,1,0,0.05482456140350877,0,1.0,1.0
nazario5_001105_5f0852b89937,0,legitimate,tpl_4f20b11ba5aed133,train,0,0,0,1,0,0,0.05818965517241379,0,1.0,1.0
nazario5_001106_e88c6c7d6888,0,legitimate,tpl_f163d9208c602add,train,0,0,0,0,0,0,0.08447488584474885,0,1.0,1.0
nazario5_001107_25aaf3fe02cd,0,legitimate,tpl_48ea779fb6756a75,train,4,0,0,0,1,0,0.05580865603644647,1,1.0,1.0
nazario5_001108_d281a844f281,0,legitimate,tpl_b2d61ab1dca72317,train,1,0,0,0,0,0,0.10067114093959731,0,1.0,1.0
nazario5_001109_081527895385,0,legitimate,tpl_1cae27eb7acfbd86,train,1,0,0,0,2,0,0.09242325277596342,1,1.0,1.0
nazario5_001111_e95840e4aeb7,0,legitimate,tpl_f54a85c6266f5ada,train,0,0,0,0,0,0,0.16738197424892703,0,1.0,1.0
nazario5_001112_c3449052f78e,0,legitimate,tpl_3c5b6601a5c622bb,train,0,0,0,0,0,0,0.05625,0,1.0,1.0
nazario5_001113_5a8611be6c87,0,legitimate,tpl_bd6e1e98ba93f62d,train,4,0,0,2,4,0,0.07780112910536943,0,1.0,1.0
nazario5_001115_111b483c82db,0,legitimate,tpl_31afe5342242e7fa,train,1,0,0,0,1,0,0.16279069767441862,0,1.0,1.0
nazario5_001116_5f2c4d9bb423,0,legitimate,tpl_92a19f9b663bffef,train,1,0,0,0,0,0,0.1723826714801444,0,1.0,1.0
nazario5_001120_60cc4bb36047,0,legitimate,tpl_1c1f3e482b051330,train,1,0,0,0,1,0,0.1268882175226586,0,1.0,1.0
nazario5_001121_a3339b7cbe1e,0,legitimate,tpl_5462220c77ab142b,train,5,0,0,1,3,0,0.08185516680227828,0,1.0,1.0
nazario5_001124_c479e10fd96b,0,legitimate,tpl_89d04e73fddd4a8c,train,0,0,0,0,0,0,0.024583333333333332,0,1.0,1.0
nazario5_001126_14e0ef277289,0,legitimate,tpl_05390d1fba285fd8,train,2,0,1,0,0,0,0.05310344827586207,0,1.0,1.0
nazario5_001128_239ac019d189,0,legitimate,tpl_5e71d26487866b99,train,1,0,0,0,1,0,0.09497206703910614,0,1.0,1.0
nazario5_001129_50e68bbbf414,0,legitimate,tpl_5a722ce39b320f2f,train,11,0,0,0,9,3,0.08110973670259763,3,1.0,1.0
nazario5_001130_722a98cd7e82,0,legitimate,tpl_d7bc416d022807b7,train,0,0,0,0,0,0,0.08540925266903915,0,1.0,1.0
nazario5_001131_7e7911c50630,0,legitimate,tpl_27751ba479d1db61,train,1,0,0,0,5,0,0.05660377358490566,0,1.0,1.0
nazario5_001133_b60da9a57529,0,legitimate,tpl_9edffad1607160bb,train,2,0,0,0,0,0,0.056588520614389654,1,1.0,1.0
nazario5_001134_cc178749eb72,0,legitimate,tpl_219bf8053b718d92,train,1,0,0,0,1,0,0.08806050783360346,18,1.0,1.0
nazario5_001135_3d411eee1d60,0,legitimate,tpl_72233e3274c28b09,train,1,0,0,0,0,0,0.07909604519774012,0,1.0,1.0
nazario5_001136_8db89470e6b7,0,legitimate,tpl_134bebb46c1398ce,train,0,0,0,0,0,0,0.08055555555555556,0,1.0,1.0
nazario5_001138_ed4917f7e341,0,legitimate,tpl_b03f98bbcf3ff1a6,train,0,0,0,3,1,0,0.014192139737991267,0,1.0,1.0
nazario5_001139_5189bee9f224,0,legitimate,tpl_079ab428e84b8978,train,0,0,1,0,0,0,0.07460732984293193,1,1.0,1.0
nazario5_001140_fca4465cc104,0,legitimate,tpl_92e295325f52d549,train,0,0,0,0,0,0,0.03048780487804878,0,1.0,1.0
nazario5_001141_92bb9751bc3b,0,legitimate,tpl_cf13184a9adb03e6,train,11,0,0,0,0,0,0.12516823687752354,1,1.0,1.0
nazario5_001142_d74366d032e7,0,legitimate,tpl_e6a67eff8d8d6066,train,0,0,1,0,0,0,0.09090909090909091,0,1.0,1.0
nazario5_001143_1905a0c40ec3,0,legitimate,tpl_5825476997f90922,train,2,0,0,0,3,0,0.08823529411764706,0,1.0,1.0
nazario5_001144_1380dafebce7,0,legitimate,tpl_d696a93831fbb6b7,train,1,0,0,0,1,0,0.08990536277602523,2,1.0,1.0
nazario5_001146_af9383b7de10,0,legitimate,tpl_89b2e505c92c5e25,train,0,0,0,1,1,0,0.21376281112737922,0,1.0,1.0
nazario5_001147_ec07039dd32e,0,legitimate,tpl_151629fc290f69f5,train,3,0,0,4,2,1,0.08321579689703808,0,1.0,1.0
nazario5_001148_a1f3667a3a7f,0,legitimate,tpl_a1d021ac658c3ee5,train,17,0,0,5,2,1,0.07901685963843184,1,1.0,1.0
nazario5_001150_7b97671e4ef9,0,legitimate,tpl_09ce7ee4a122f8d9,train,0,0,0,0,0,0,0.04185351270553064,0,1.0,1.0
nazario5_001151_e2374441c585,0,legitimate,tpl_289afd2e5a48c138,train,0,0,0,0,2,0,0.033426183844011144,5,1.0,1.0
nazario5_001152_3aef6157da6d,0,legitimate,tpl_dfb7594dd1fe087d,train,2,0,0,0,0,0,0.199288256227758,0,1.0,1.0
nazario5_001153_47dfe4f98fae,0,legitimate,tpl_602a56672790e197,train,2,0,0,0,2,0,0.09898989898989899,0,1.0,1.0
nazario5_001155_cf26bfd43741,0,legitimate,tpl_593765a9d954a2b8,train,1,0,0,0,2,0,0.10283687943262411,0,1.0,1.0
nazario5_001156_cfac60bf32f0,0,legitimate,tpl_c3c61eedb8d063e8,train,2,0,0,0,0,0,0.38026315789473686,0,1.0,1.0
nazario5_001158_a557d997690d,0,legitimate,tpl_2e88e116dc0adced,train,2,0,0,9,0,0,0.043645699614890884,0,1.0,1.0
nazario5_001159_64e408eb2cf2,0,legitimate,tpl_651d91b2aeeb50d4,train,0,0,0,1,0,0,0.04047217537942664,0,1.0,1.0
nazario5_001160_96dc4f4ee51d,0,legitimate,tpl_e18743e77e7189fe,train,1,0,0,0,1,0,0.09078590785907859,9,1.0,1.0
nazario5_001161_80ee7cceef07,0,legitimate,tpl_41721d87ade2c793,train,0,0,0,0,0,0,0.043256997455470736,0,1.0,1.0
nazario5_001162_16e140c63a89,0,legitimate,tpl_2b82e0089c50e546,train,1,0,0,0,1,0,0.06084656084656084,0,1.0,1.0
nazario5_001163_658a6e50b3d9,0,legitimate,tpl_200aae50840a3af2,train,1,0,0,0,1,0,0.04120238403731537,57,1.0,1.0
nazario5_001164_11cd976a3084,0,legitimate,tpl_e16d8367ee130043,train,1,0,0,0,1,0,0.06772009029345373,0,1.0,1.0
nazario5_001166_31c25ab04a95,0,legitimate,tpl_a4f2c35710f4bb7d,train,3,0,2,1,9,2,0.04138155751058977,0,1.0,1.0
nazario5_001167_296064f7575b,0,legitimate,tpl_d63bf05f84330edc,train,0,0,0,0,0,0,0.03663366336633663,1,1.0,1.0
nazario5_001169_af24c20fe559,0,legitimate,tpl_d271fb1e7feb31d1,train,1,0,0,0,1,0,0.0718954248366013,8,1.0,1.0
nazario5_001172_6b221789c002,0,legitimate,tpl_d5707cb879cacc41,train,1,0,0,0,5,0,0.06649937264742785,0,1.0,1.0
nazario5_001173_ca828691a417,0,legitimate,tpl_e9f80f2ad356921a,train,0,0,0,0,0,0,0.07792207792207792,1,1.0,1.0
nazario5_001174_b0790fd76b32,0,legitimate,tpl_7b435f746b363b89,train,1,0,0,0,0,0,0.09696969696969697,0,1.0,1.0
nazario5_001176_68617adfe044,0,legitimate,tpl_8a72361fbb1c81a1,train,1,0,0,0,1,0,0.1580188679245283,0,1.0,1.0
nazario5_001177_67ddfdf4f18e,0,legitimate,tpl_c830fb00ae233b2b,train,1,0,1,0,1,0,0.07240704500978473,0,1.0,1.0
nazario5_001178_1b08431a200e,0,legitimate,tpl_f775e462f3561afb,train,4,0,1,2,1,1,0.09218612818261633,0,1.0,1.0
nazario5_001179_2725356eb004,0,legitimate,tpl_2ecb7908c6091431,train,2,0,0,0,2,0,0.07891491985203453,1,1.0,1.0
nazario5_001181_77d64e264fdd,0,legitimate,tpl_dbde269972e1a5c4,train,0,0,0,1,9,5,0.06714527027027027,15,1.0,1.0
nazario5_001182_9002162f7558,0,legitimate,tpl_e656fffce24c0186,train,7,0,1,0,5,0,0.07638565440149045,62,1.0,1.0
nazario5_001184_8cfebd00d19e,0,legitimate,tpl_75870754083a24f7,train,1,0,0,0,0,0,0.12077294685990338,0,1.0,1.0
nazario5_001186_07cdec9064d3,0,legitimate,tpl_f8a415c3eb0f3334,train,0,0,0,2,0,0,0.03851640513552068,1,1.0,1.0
nazario5_001188_c01a82adaae4,0,legitimate,tpl_9221e2a806f26150,train,1,0,0,0,1,0,0.050946142649199416,2,1.0,1.0
nazario5_001190_96437e3cff3e,0,legitimate,tpl_a2c37c0b0687210c,train,1,0,0,0,1,0,0.100990099009901,0,1.0,1.0
nazario5_001192_f46db133ac2b,0,legitimate,tpl_4fcf8f995604d523,train,0,0,0,0,1,0,0.1446673706441394,20,1.0,1.0
nazario5_001193_5ba208192740,0,legitimate,tpl_f8e02a381edaece0,train,10,0,0,0,2,0,0.03424657534246575,0,1.0,1.0
nazario5_001194_3d376537b986,0,legitimate,tpl_3f29b07e64b7caab,train,2,0,0,0,0,0,0.13427561837455831,0,1.0,1.0
nazario5_001195_6b29a363c1e9,0,legitimate,tpl_9932a7e36e3d35aa,train,1,0,1,0,2,0,0.12050443717888837,0,1.0,1.0
nazario5_001196_3dc243d074d1,0,legitimate,tpl_77718c915d26c30b,train,1,0,0,0,0,3,0.09722222222222222,1,1.0,1.0
nazario5_001197_a6cb26a0c8b4,0,legitimate,tpl_1caf7fcefd7ab399,train,0,0,0,2,0,0,0.08038585209003216,0,1.0,1.0
nazario5_001199_a8185f339347,0,legitimate,tpl_4b56a966ff8752f4,train,1,0,0,1,0,0,0.07234042553191489,0,1.0,1.0
nazario5_001200_ff68cc379c93,0,legitimate,tpl_05d3dd099dcbebe6,train,1,0,0,0,1,1,0.1807909604519774,1,1.0,1.0
nazario5_001201_d833781c8011,0,legitimate,tpl_9d379ba35904a833,train,1,0,0,0,0,0,0.06893203883495146,0,1.0,1.0
nazario5_001204_7ad7ab800463,0,legitimate,tpl_8dac0b130f55b356,train,2,0,0,0,0,0,0.0711743772241993,0,1.0,1.0
nazario5_001207_9ab2a51085f3,0,legitimate,tpl_e4cc3c3fbd04686d,train,2,0,0,0,1,1,0.07440811724915446,2,1.0,1.0
nazario5_001209_e29f2fc3873e,0,legitimate,tpl_fb2e86eaebfc1662,train,2,0,0,1,1,1,0.03394656154183093,3,1.0,1.0
nazario5_001212_43a59cd743a1,0,legitimate,tpl_9f7753698d828528,train,2,0,0,0,1,0,0.06791907514450866,1,1.0,1.0
nazario5_001213_c4d9dda4a40f,0,legitimate,tpl_beb576d573931d35,train,1,0,0,0,0,0,0.06,0,1.0,1.0
nazario5_001214_8874402bf9fc,0,legitimate,tpl_ee4195b087b56020,train,3,0,0,0,1,0,0.1496649292628444,0,1.0,1.0
nazario5_001215_396607e89040,0,legitimate,tpl_54a0350cf93ab577,train,2,0,0,0,2,3,0.02769143825939531,1,1.0,1.0
nazario5_001216_59c545e469f4,0,legitimate,tpl_6cb7f9abf884dbf3,train,2,0,0,0,0,0,0.13507625272331156,0,1.0,1.0
nazario5_001217_d2dbbb2ad2c1,0,legitimate,tpl_05906c14a90cc387,train,2,0,0,0,1,0,0.08904933814681107,2,1.0,1.0
nazario5_001218_2645dd270802,0,legitimate,tpl_ba700240e88d62ec,train,2,0,0,0,0,0,0.12652439024390244,0,1.0,1.0
nazario5_001220_1d10c6b003eb,0,legitimate,tpl_af3f67a11e9e4ff5,train,1,0,0,0,0,0,0.08292682926829269,0,1.0,1.0
nazario5_001222_b3ab5313dbca,0,legitimate,tpl_ffe4e2e16ccb678b,train,1,0,0,0,0,0,0.06949458483754513,0,1.0,1.0
nazario5_001225_614997e4a98c,0,legitimate,tpl_d10936cf06bb495a,train,1,0,0,0,0,0,0.09235209235209235,0,1.0,1.0
nazario5_001226_488045972aec,0,legitimate,tpl_f1d306f5cf1c5791,train,1,0,0,0,1,3,0.030752916224814422,0,1.0,1.0
nazario5_001227_df0c6812bf1d,0,legitimate,tpl_03da17f835022f65,train,1,0,0,0,0,0,0.08016032064128256,0,1.0,1.0
nazario5_001228_b6226db4d68b,0,legitimate,tpl_0790142be90f5ffa,train,1,0,0,0,0,0,0.07480314960629922,0,1.0,1.0
nazario5_001229_d44a3bc0fb2c,0,legitimate,tpl_d507973b21c99d27,train,1,0,0,0,0,0,0.05555555555555555,0,1.0,1.0
nazario5_001230_86bd04f7b1e6,0,legitimate,tpl_57aadca1a9e21c91,train,2,0,0,0,1,0,0.06760700389105058,0,1.0,1.0
nazario5_001231_5105db727334,0,legitimate,tpl_b54f956dcf3c56b8,train,1,0,0,0,0,0,0.022435897435897436,0,1.0,1.0
nazario5_001234_acd390dbe806,0,legitimate,tpl_0f20731e88929352,train,1,0,0,0,0,0,0.14423076923076922,0,1.0,1.0
nazario5_001235_ce55b96e63a4,0,legitimate,tpl_8270fefc63a45fc7,train,3,0,0,2,0,0,0.0532258064516129,1,1.0,1.0
nazario5_001237_c9c215ab1952,0,legitimate,tpl_ea8d15fcf9ce13c5,train,3,0,0,0,1,0,0.05519480519480519,0,1.0,1.0
nazario5_001240_fa029780b042,0,legitimate,tpl_7aacf681233ac764,train,2,0,0,0,0,0,0.05910735826296743,0,1.0,1.0
nazario5_001241_27da8e9d028b,0,legitimate,tpl_c28462c5de04cda1,train,2,0,0,0,0,0,0.05357142857142857,0,1.0,1.0
nazario5_001242_bd8761517d9a,0,legitimate,tpl_e22bfb066aa43b5e,train,1,0,0,0,0,0,0.05514705882352941,0,1.0,1.0
nazario5_001245_80aa07e086de,0,legitimate,tpl_4ed30f8f6b53beb3,train,1,0,0,0,0,0,0.04606240713224369,0,1.0,1.0
nazario5_001246_00003ff48d20,0,legitimate,tpl_469caeb87e453906,train,0,0,0,0,0,0,0.08080808080808081,0,1.0,1.0
nazario5_001247_71b2400bdcf1,0,legitimate,tpl_c090e7b421182381,train,2,0,0,1,0,0,0.07911001236093942,0,1.0,1.0
nazario5_001248_6f86d49c3a7e,0,legitimate,tpl_645eb3942e9efb26,train,1,0,1,0,0,0,0.05806451612903226,0,1.0,1.0
nazario5_001250_ae52cd0226cd,0,legitimate,tpl_432a26b9cbd2933a,train,2,0,0,0,0,4,0.04056437389770723,0,1.0,1.0
nazario5_001251_33921d2ace72,0,legitimate,tpl_26752f8712b990be,train,1,0,0,0,0,0,0.09157509157509157,0,1.0,1.0
nazario5_001252_d4d90e5ed120,0,legitimate,tpl_e8a8b83cd55e007e,train,2,0,0,0,0,0,0.30184581976112923,0,1.0,1.0
nazario5_001253_3c9c9e1cdb80,0,legitimate,tpl_246e791b89b3a5f5,train,1,0,0,0,0,0,0.06546644844517185,0,1.0,1.0
nazario5_001254_fb5179677deb,0,legitimate,tpl_da98cba3baeffb96,train,1,0,0,0,0,0,0.0625,0,1.0,1.0
nazario5_001257_0abd4789638a,0,legitimate,tpl_8cdbcfa0def337b4,train,3,0,0,0,1,0,0.06443914081145585,0,1.0,1.0
nazario5_001258_437d4070efcd,0,legitimate,tpl_cc7f8f0afd2624a9,train,4,0,0,0,0,0,0.07212205270457697,0,1.0,1.0
nazario5_001259_f18c35d66f56,0,legitimate,tpl_fc9327993f706296,train,3,0,0,0,0,0,0.06844106463878327,3,1.0,1.0
nazario5_001261_b7a30de1630c,0,legitimate,tpl_4f58c4732aa7c692,train,3,0,0,1,1,0,0.09875311720698254,1,1.0,1.0
nazario5_001262_6dc18c024b86,0,legitimate,tpl_ae53b089a8a32dff,train,3,0,0,0,0,4,0.13629737609329445,0,1.0,1.0
nazario5_001263_4d49cdb80472,0,legitimate,tpl_e24e5831eeabeb59,train,4,0,0,0,0,4,0.13895781637717122,0,1.0,1.0
nazario5_001265_8911ec35a65c,0,legitimate,tpl_c8be2eb51b4bf6ec,train,0,0,0,0,0,0,0.0,0,1.0,1.0
nazario5_001266_af1edd83ba8c,0,legitimate,tpl_d3983ca428141abc,train,3,0,0,0,0,1,0.14669421487603307,1,1.0,1.0
nazario5_001267_69abe8e1f4ba,0,legitimate,tpl_0870c82fd2f6f346,train,1,0,0,0,2,2,0.4701006512729426,2,1.0,1.0
nazario5_001269_3a3854809553,0,legitimate,tpl_095e37659cdb3b1a,train,1,0,0,0,0,0,0.21680497925311204,0,1.0,1.0
nazario5_001270_e0e82e7c97f4,0,legitimate,tpl_72a19f9e941cc4d9,train,4,0,0,1,0,4,0.05694980694980695,0,1.0,1.0
nazario5_001272_4a2bd3bdb35d,0,legitimate,tpl_fd137978ce74d301,train,1,0,0,0,0,0,0.033783783783783786,0,1.0,1.0
nazario5_001274_5b61a96f90bd,0,legitimate,tpl_fc5e2faac32c3b3b,train,4,0,0,0,7,0,0.057083906464924346,1,1.0,1.0
nazario5_001275_ca0d45873078,0,legitimate,tpl_2a10a237886ab721,train,1,0,0,0,0,0,0.03663003663003663,0,1.0,1.0
nazario5_001276_0a490447577a,0,legitimate,tpl_f5446eb6267519b2,train,1,0,0,0,0,0,0.1390728476821192,0,1.0,1.0
nazario5_001277_c6e1bbb11d9c,0,legitimate,tpl_79af7d2270e9b88a,train,4,0,0,0,1,7,0.028767979987492184,0,1.0,1.0
nazario5_001278_99d5a71a0b5a,0,legitimate,tpl_3fbec6d39e207991,train,3,0,0,0,1,0,0.05997552019583843,0,1.0,1.0
nazario5_001279_0915b71549a8,0,legitimate,tpl_74bf20f0d3f0af68,train,0,0,0,0,0,0,0.04814814814814815,1,1.0,1.0
nazario5_001280_3da169d4eef1,0,legitimate,tpl_4882b8e12899eb1c,train,2,0,0,0,0,0,0.07912087912087912,0,1.0,1.0
nazario5_001282_def5ce661c2a,0,legitimate,tpl_c7403df57a70047a,train,0,0,0,0,0,0,0.059113300492610835,0,1.0,1.0
nazario5_001283_5862166a1ac1,0,legitimate,tpl_f93f5db2a86324ab,train,1,0,0,0,0,0,0.044859813084112146,0,1.0,1.0
nazario5_001284_aea1596a9c7d,0,legitimate,tpl_b1a3a8aa60f79963,train,1,0,1,0,0,0,0.12087912087912088,0,1.0,1.0
nazario5_001285_9061bdd3e796,0,legitimate,tpl_e9eb26e9644707ab,train,1,0,0,0,0,0,0.05704697986577181,0,1.0,1.0
nazario5_001286_809c641d9a70,0,legitimate,tpl_0bcefd86d632eb66,train,1,0,0,1,0,0,0.19391634980988592,0,1.0,1.0
nazario5_001287_39483e6afce9,0,legitimate,tpl_38b35d69e3e00371,train,0,0,0,0,0,0,0.04128440366972477,8,1.0,1.0
nazario5_001289_3031d991bf63,0,legitimate,tpl_a23d5f24a212da01,train,1,0,1,2,0,0,0.04062038404726736,0,1.0,1.0
nazario5_001290_dd13d9b0f287,0,legitimate,tpl_b2a9bf612e5391bb,train,1,0,0,0,1,0,0.09709962168978563,0,1.0,1.0
nazario5_001293_6a393af3efd8,0,legitimate,tpl_b2e8ff2430aeb8a7,train,2,0,0,0,1,0,0.10519480519480519,0,1.0,1.0
nazario5_001294_b5b57b61c0e2,0,legitimate,tpl_56f9449b496ee68d,train,2,0,0,0,0,0,0.26788990825688075,0,1.0,1.0
nazario5_001295_686fcee62fc3,0,legitimate,tpl_92430b5b73b2c99e,train,1,0,0,0,0,0,0.0868421052631579,0,1.0,1.0
nazario5_001296_15828a0ab77a,0,legitimate,tpl_ae77801389abc3e3,train,3,0,0,0,1,0,0.2085987261146497,0,1.0,1.0
nazario5_001297_01b59c8d3cf6,0,legitimate,tpl_f3f744c967a40b91,train,2,0,0,0,0,0,0.1274787535410765,0,1.0,1.0
nazario5_001299_87603d59b7bb,0,legitimate,tpl_a93a32cab199f2f4,train,1,0,0,0,0,0,0.14756258234519104,0,1.0,1.0
nazario5_001300_a976f1118a61,0,legitimate,tpl_75f89f4b8fd65733,train,2,0,0,0,0,0,0.05663716814159292,0,1.0,1.0
nazario5_001301_7eb6fa683443,0,legitimate,tpl_cbc25afe3a172463,train,2,0,0,0,0,0,0.0673076923076923,1,1.0,1.0
nazario5_001302_f967fe0d8368,0,legitimate,tpl_91fa9a128f9fb94f,train,1,0,0,0,0,0,0.15454545454545454,0,1.0,1.0
nazario5_001304_7f7cb49e373e,0,legitimate,tpl_55bc1d445ef395c4,train,1,0,0,0,0,0,0.05675146771037182,0,1.0,1.0
nazario5_001305_3a1c7f120dfc,0,legitimate,tpl_1001840247327c2b,train,1,0,0,0,1,0,0.05860349127182045,0,1.0,1.0
nazario5_001306_0b687ea80217,0,legitimate,tpl_dcbbb5a8913f031e,train,1,0,0,0,1,0,0.07590132827324478,0,1.0,1.0
nazario5_001307_d3647e0e152d,0,legitimate,tpl_5f688ff4ee9b8383,train,3,0,0,0,1,0,0.05245901639344262,0,1.0,1.0
nazario5_001308_65f82b456bfc,0,legitimate,tpl_05445b223b99d271,train,1,0,0,2,0,0,0.059805285118219746,0,1.0,1.0
nazario5_001309_093c68797de5,0,legitimate,tpl_063eba4e02e4b957,train,4,0,0,3,1,0,0.08665749656121045,0,1.0,1.0
nazario5_001311_6353ec725a8f,0,legitimate,tpl_4508f5907005df32,train,1,0,0,0,2,0,0.060753341433778855,0,1.0,1.0
nazario5_001313_9bd706b9539a,0,legitimate,tpl_649afed7145c35ed,train,4,0,0,0,0,0,0.0531829170024174,0,1.0,1.0
nazario5_001317_41aba4e2ff0d,0,legitimate,tpl_a29fe78b40e47ab8,train,3,0,0,0,1,0,0.0757002271006813,2,1.0,1.0
nazario5_001319_ab11f6a0d402,0,legitimate,tpl_4732c6fd4df0c987,train,2,0,0,0,1,0,0.06820119352088662,2,1.0,1.0
nazario5_001325_2cd6f401aab0,0,legitimate,tpl_83f076ff2f2a43d1,train,2,0,0,0,0,0,0.07227332457293036,0,1.0,1.0
nazario5_001326_e3b8ce58f0e0,0,legitimate,tpl_700f05299a380cad,train,3,0,0,0,1,1,0.08440797186400938,2,1.0,1.0
nazario5_001328_54fc6716d67a,0,legitimate,tpl_4dff5ad0540b849b,train,0,0,0,0,0,10,0.045112781954887216,0,1.0,1.0
nazario5_001331_6231284534cb,0,legitimate,tpl_86c12a975a31aae2,train,5,0,0,0,1,0,0.10035419126328217,8,1.0,1.0
nazario5_001332_d2a213dbc426,0,legitimate,tpl_30ec36768b29020f,train,5,0,0,0,1,0,0.09696969696969697,5,1.0,1.0
nazario5_001333_9aef5165cfde,0,legitimate,tpl_27b06e578826a499,train,5,0,0,0,2,0,0.1220159151193634,5,1.0,1.0
nazario5_001335_a95429bad9a9,0,legitimate,tpl_43de9107dd6314df,train,7,0,0,0,1,0,0.11589403973509933,11,1.0,1.0
nazario5_001336_ce1a06a91548,0,legitimate,tpl_4460d3313e95891e,train,1,0,0,0,0,0,0.07046979865771812,0,1.0,1.0
nazario5_001337_7befa1adc05f,0,legitimate,tpl_8554a37c21c66e4d,train,2,0,0,0,0,0,0.06940874035989718,0,1.0,1.0
nazario5_001338_ba8af4d4637a,0,legitimate,tpl_a1ce7f37b31e8b02,train,2,0,0,0,0,0,0.045337895637296836,0,1.0,1.0
nazario5_001339_e7e5b84b7461,0,legitimate,tpl_c14fcdda68ab0935,train,4,0,0,0,0,0,0.10714285714285714,1,1.0,1.0
nazario5_001340_da37fdbc5703,0,legitimate,tpl_6171c00d51c1f4e6,train,3,0,0,0,0,0,0.11026615969581749,1,1.0,1.0
nazario5_001341_aaabddc473c4,0,legitimate,tpl_f84472e393012a8f,train,3,0,0,0,0,0,0.18229166666666666,1,1.0,1.0
nazario5_001342_c7d2239ee386,0,legitimate,tpl_fabaa441ecd6a1e7,train,3,0,0,0,0,0,0.10894941634241245,1,1.0,1.0
nazario5_001343_7ea784792f74,0,legitimate,tpl_3aa97a7ae6c62fb5,train,1,0,0,0,1,0,0.15748031496062992,0,1.0,1.0
nazario5_001344_aa3ab95d39ff,0,legitimate,tpl_96fa8f4507358407,train,1,0,0,0,1,0,0.09950248756218906,0,1.0,1.0
nazario5_001346_f5354fef67df,0,legitimate,tpl_97cc23c00dcb3e03,train,1,0,0,0,1,0,0.10909090909090909,0,1.0,1.0
nazario5_001349_c75cfafa3c5b,0,legitimate,tpl_b880e9bd5f6641af,train,1,0,0,0,1,0,0.08791208791208792,0,1.0,1.0
nazario5_001352_d81873c0cbe8,0,legitimate,tpl_9f6ddbb129b9f118,train,2,0,0,0,1,0,0.0755939524838013,0,1.0,1.0
nazario5_001354_d73eb9628161,0,legitimate,tpl_8f81cd078b843688,train,3,0,0,0,1,0,0.06561514195583597,2,1.0,1.0
nazario5_001355_f2acac6bc0a4,0,legitimate,tpl_752ae14949df8a4e,train,3,0,0,0,0,0,0.09313725490196079,0,1.0,1.0
nazario5_001358_72fd5283e128,0,legitimate,tpl_5a266e27139c54fb,train,3,0,0,0,2,1,0.053516819571865444,2,1.0,1.0
nazario5_001359_cb929e115834,0,legitimate,tpl_437387298214d11c,train,3,0,0,0,1,0,0.05105762217359591,3,1.0,1.0
nazario5_001361_31988f983af2,0,legitimate,tpl_f136794115c00d46,train,2,0,0,0,1,0,0.060178306092124816,2,1.0,1.0
nazario5_001364_31b1d2d4281c,0,legitimate,tpl_bdf7d16292f767f6,train,0,0,0,0,1,1,0.01685097419694576,0,1.0,1.0
nazario5_001365_850d3457d75a,0,legitimate,tpl_5be02079e7209ac7,train,3,0,1,0,1,2,0.09200240529164161,4,1.0,1.0
nazario5_001367_ce9b0fbd9ca2,0,legitimate,tpl_41caecbc0d88b3ad,train,5,0,0,0,3,0,0.11464968152866242,5,1.0,1.0
nazario5_001368_5d8621e0a8eb,0,legitimate,tpl_30a9c869987a5c9d,train,1,0,0,0,0,0,0.11235955056179775,0,1.0,1.0
nazario5_001369_f8cfc469441b,0,legitimate,tpl_5d21f22d5b7e86cd,train,4,0,0,0,0,0,0.07782101167315175,0,1.0,1.0
nazario5_001375_5aaabb4ed41d,0,legitimate,tpl_72634bba8a974d7f,train,3,0,0,0,1,0,0.10384068278805121,2,1.0,1.0
nazario5_001377_0314ec737bf5,0,legitimate,tpl_7cf6e900da3a44b7,train,2,0,1,0,1,0,0.034699150978220746,2,1.0,1.0
nazario5_001378_ace2cadb8055,0,legitimate,tpl_5767452a2509c885,train,3,0,0,0,1,0,0.06649937264742785,2,1.0,1.0
nazario5_001379_8cbdba6f6a13,0,legitimate,tpl_74e2c5eac1f65300,train,3,0,0,0,1,0,0.05263157894736842,2,1.0,1.0
nazario5_001380_a7b7f1027533,0,legitimate,tpl_575bf435ffc8f2a5,train,2,0,0,0,1,1,0.04005641748942172,2,1.0,1.0
nazario5_001381_46a713a9be6d,0,legitimate,tpl_b2cd31b7aa44cbad,train,2,0,0,0,1,0,0.046207497820401046,2,1.0,1.0
nazario5_001383_8a90552726bf,0,legitimate,tpl_39215f66967cfdc6,train,3,0,0,0,1,0,0.04576976421636616,2,1.0,1.0
nazario5_001384_5f72961ca3ac,0,legitimate,tpl_71f3f36793ebbc6b,train,3,0,0,0,1,0,0.06503137478608101,2,1.0,1.0
nazario5_001386_39ef65fd41d8,0,legitimate,tpl_0e387289af45ab39,train,2,0,0,0,1,0,0.05168884339815762,2,1.0,1.0
nazario5_001388_ec5dcee3a6ea,0,legitimate,tpl_936d1e0e2baf07ea,train,2,0,0,0,1,0,0.060714285714285714,2,1.0,1.0
nazario5_001389_1d47fe42ba62,0,legitimate,tpl_892a56934c5fb77f,train,2,0,1,0,1,0,0.09187749667110519,4,1.0,1.0
nazario5_001391_8328212954b7,0,legitimate,tpl_00c30e25f99e4bac,train,0,0,0,0,0,1,0.015358361774744027,0,1.0,1.0
nazario5_001393_52601815fcd7,0,legitimate,tpl_c4e8f207362d3f86,train,0,0,0,0,0,0,0.05660377358490566,1,1.0,1.0
nazario5_001395_75a87fdadfe8,0,legitimate,tpl_bd5010f82d9a4281,train,2,0,0,0,1,0,0.09431345353675451,3,1.0,1.0
nazario5_001398_65de7e5a2ca3,0,legitimate,tpl_1ad74071ea39a476,train,1,0,0,0,0,1,0.06338028169014084,0,1.0,1.0
nazario5_001400_5a79d30aefc5,0,legitimate,tpl_65ad9e5b6919b94e,train,2,0,0,0,0,1,0.07092907092907093,0,1.0,1.0
nazario5_001401_8d5810aa1778,0,legitimate,tpl_87257969a1b2fed2,train,1,0,0,0,0,0,0.1038961038961039,0,1.0,1.0
nazario5_001403_7b8dc037a9d3,0,legitimate,tpl_231fa83228583a94,train,1,0,0,0,0,0,0.08813559322033898,0,1.0,1.0
nazario5_001405_880973055aa5,0,legitimate,tpl_a651d4b11b82b277,train,2,0,0,0,0,0,0.12941176470588237,0,1.0,1.0
nazario5_001407_c009c66732e8,0,legitimate,tpl_b402a875ef075c8e,train,2,0,0,0,0,0,0.11608623548922056,0,1.0,1.0
nazario5_001409_3a70bf53e6e5,0,legitimate,tpl_8c768b6321c5df2a,train,1,0,0,0,0,0,0.09897610921501707,0,1.0,1.0
nazario5_001410_fefe5a10e07f,0,legitimate,tpl_765e37ff12a29f6f,train,1,0,0,0,0,0,0.09813084112149532,0,1.0,1.0
nazario5_001411_1b7332dcde97,0,legitimate,tpl_4eff671a0d05d5c4,train,1,0,0,0,0,0,0.1073170731707317,0,1.0,1.0
nazario5_001412_85e9aa2a1e12,0,legitimate,tpl_ad29584770321023,train,2,0,1,0,0,0,0.08658346333853355,0,1.0,1.0
nazario5_001413_68bab8c7862b,0,legitimate,tpl_6b51a131a007a217,train,1,0,0,0,0,0,0.0711825487944891,0,1.0,1.0
nazario5_001414_4bd6e395899f,0,legitimate,tpl_fb98e934cb6cadfc,train,1,0,0,0,0,0,0.08372093023255814,0,1.0,1.0
nazario5_001415_fbf2a8995f38,0,legitimate,tpl_1dbfc0a1e4478bc4,train,1,0,0,0,0,0,0.06427221172022685,0,1.0,1.0
nazario5_001416_bd48f868d2d8,0,legitimate,tpl_bb6a18b4370ea074,train,1,0,0,2,0,0,0.07136322049405307,2,1.0,1.0
nazario5_001417_630ba32ba276,0,legitimate,tpl_5795ecb5b5f13ec9,train,1,0,0,0,1,0,0.07236842105263158,0,1.0,1.0
nazario5_001418_73fd8c6a23dc,0,legitimate,tpl_518e51d4ae9c56c6,train,1,0,0,0,0,0,0.07327586206896551,3,1.0,1.0
nazario5_001419_3c432a1b3078,0,legitimate,tpl_0a9d13e596bef7c8,train,1,0,0,0,0,0,0.11949685534591195,0,1.0,1.0
nazario5_001420_0b3da3b25fa4,0,legitimate,tpl_eca67a14d7f96b53,train,3,0,0,0,0,0,0.09202453987730061,0,1.0,1.0
nazario5_001421_846e2e33fbe7,0,legitimate,tpl_7408de9513c32494,train,1,0,0,0,0,0,0.09385113268608414,0,1.0,1.0
nazario5_001422_6480c6bad344,0,legitimate,tpl_1c3bbbdb359d8f42,train,1,0,0,0,0,0,0.13653136531365315,0,1.0,1.0
nazario5_001424_ff9f2f34e172,0,legitimate,tpl_452941d32832ccae,train,1,0,0,0,0,0,0.07669021190716448,2,1.0,1.0
nazario5_001425_7f717ac5d702,0,legitimate,tpl_29ce9b651b94c84e,train,3,0,1,0,2,2,0.03371555707684409,2,1.0,1.0
nazario5_001428_7b5202b8b79c,0,legitimate,tpl_367c53977a84d275,train,3,0,0,0,1,0,0.08643326039387308,2,1.0,1.0
nazario5_001429_0dd8012729c3,0,legitimate,tpl_49095f2d19de570f,train,3,0,0,0,1,0,0.04492600422832981,2,1.0,1.0
nazario5_001430_383100eeff9f,0,legitimate,tpl_89671595b1fbf9e6,train,2,0,0,0,1,0,0.08123249299719888,2,1.0,1.0
nazario5_001431_25b6562413d7,0,legitimate,tpl_884794e0add2e071,train,1,0,0,0,0,0,0.04552352048558422,0,1.0,1.0
nazario5_001432_d2db17fb5ada,0,legitimate,tpl_d7bbb87eabf34adb,train,3,0,0,0,2,0,0.05788712011577424,2,1.0,1.0
nazario5_001433_07e516b4373b,0,legitimate,tpl_3a50e9ec400d68ca,train,3,0,0,0,1,0,0.058186738836265225,3,1.0,1.0
nazario5_001434_153f60893143,0,legitimate,tpl_5aa1d5c56bb57ef3,train,2,0,0,0,3,0,0.05534495830174375,4,1.0,1.0
nazario5_001435_468aad3612be,0,legitimate,tpl_74166b28e8c1f1af,train,3,0,2,0,1,0,0.06468231253577561,5,1.0,1.0
nazario5_001436_d77335b0e3f5,0,legitimate,tpl_c628392b1887524c,train,1,0,0,0,0,0,0.16722408026755853,0,1.0,1.0
nazario5_001437_0a51f667441e,0,legitimate,tpl_1d991f4fe9f34b02,train,1,0,0,0,0,0,0.09271523178807947,0,1.0,1.0
nazario5_001438_b71484b83c8a,0,legitimate,tpl_a215c772c5c96091,train,3,0,0,0,3,0,0.0972972972972973,2,1.0,1.0
nazario5_001440_2239222b8795,0,legitimate,tpl_3d145d305e7b5371,train,5,0,1,0,2,1,0.06298142274580878,4,1.0,1.0
nazario5_001444_4bd417c8fa73,0,legitimate,tpl_3de167fad64939c4,train,2,0,0,0,1,0,0.06394052044609666,2,1.0,1.0
nazario5_001447_c00e7676bc99,0,legitimate,tpl_001005bd23e97e82,train,2,0,1,0,1,0,0.055856606919549814,3,1.0,1.0
nazario5_001448_28501ca2b6b7,0,legitimate,tpl_4c00898ba06d0cac,train,2,0,0,0,0,0,0.14107883817427386,2,1.0,1.0
nazario5_001449_a8837a1b987a,0,legitimate,tpl_5e9ffa91a8d48c5b,train,1,0,0,0,0,0,0.12028301886792453,0,1.0,1.0
nazario5_001450_bf8d017b4a08,0,legitimate,tpl_92869fb5e72eebe0,train,3,0,0,0,0,0,0.04572564612326044,2,1.0,1.0
nazario5_001451_9103c3851fb6,0,legitimate,tpl_d250219bec0f4ea0,train,8,0,0,2,2,0,0.09139482564679415,3,1.0,1.0
nazario5_001452_15fd30ee8504,0,legitimate,tpl_5038367e97acdd14,train,2,0,0,0,0,0,0.08007448789571694,0,1.0,1.0
nazario5_001453_626990895a02,0,legitimate,tpl_371717a43b7847db,train,2,0,0,0,1,0,0.04197530864197531,0,1.0,1.0
nazario5_001454_fe4585914f0d,0,legitimate,tpl_a0ba0d19b056b10c,train,2,0,0,0,1,0,0.038955979742890535,1,1.0,1.0
nazario5_001455_f24c0bbc803d,0,legitimate,tpl_b4fdf7d19da3f1d7,train,2,0,1,0,0,0,0.045853000674308836,4,1.0,1.0
nazario5_001456_244c2b16b986,0,legitimate,tpl_d2e575ac6d8b32d1,train,1,0,0,0,0,0,0.06462585034013606,0,1.0,1.0
nazario5_001457_9947ea0cae44,0,legitimate,tpl_14af20a7f63b5527,train,0,0,0,2,0,2,0.04030226700251889,0,1.0,1.0
nazario5_001458_77f7d68c52af,0,legitimate,tpl_75687a8cda4a4170,train,2,0,0,0,0,0,0.22272727272727272,0,1.0,1.0
nazario5_001459_40576f47f134,0,legitimate,tpl_853ee3bb2eb87d69,train,1,0,0,0,0,0,0.040892193308550186,0,1.0,1.0
nazario5_001460_a0bb4c149393,0,legitimate,tpl_8a0b44d81d7923e2,train,2,0,0,0,0,0,0.06428571428571428,0,1.0,1.0
nazario5_001461_36921daadb77,0,legitimate,tpl_780cd924d9477f16,train,2,0,0,0,2,1,0.036279683377308705,0,1.0,1.0
nazario5_001462_56f6ef0ac2f9,0,legitimate,tpl_e6958fe46cad9a10,train,0,0,0,0,1,0,0.08333333333333333,0,1.0,1.0
nazario5_001463_dd948ca982cf,0,legitimate,tpl_3216f3d0c5ea2c81,train,0,0,0,2,0,2,0.03081232492997199,0,1.0,1.0
nazario5_001464_66b5c8f3799c,0,legitimate,tpl_f82ba939a9f7446d,train,1,0,0,0,0,0,0.06832298136645963,0,1.0,1.0
nazario5_001465_f1831298ec5d,0,legitimate,tpl_6a86c9129c79e0a1,train,1,0,2,0,8,9,0.03466291932403704,4,1.0,1.0
nazario5_001466_d702e7ff70b2,0,legitimate,tpl_e505dcbe377be2dd,train,1,0,0,0,0,0,0.041005291005291,0,1.0,1.0
nazario5_001467_7107f8b0ccdb,0,legitimate,tpl_dac90962494a2671,train,1,0,0,0,0,0,0.09259259259259259,0,1.0,1.0
nazario5_001468_aaa1d7645620,0,legitimate,tpl_f8ec9ae4451a7d26,train,1,0,0,0,0,1,0.09873949579831932,2,1.0,1.0
nazario5_001469_54347854fa1f,0,legitimate,tpl_d722fad66b0d62e1,train,2,0,0,0,0,0,0.279045643153527,1,1.0,1.0
nazario5_001471_f5a1aa0eab65,0,legitimate,tpl_f0acb7181334c88c,train,2,0,1,0,4,5,0.03303373409594958,3,1.0,1.0
nazario5_001472_f59560de00e1,0,legitimate,tpl_9cde3d3342058ccf,train,1,0,0,0,0,1,0.045454545454545456,0,1.0,1.0
nazario5_001473_707e6f5d09b1,0,legitimate,tpl_bad4d6b8916a7f78,train,2,0,0,0,0,0,0.06924315619967794,0,1.0,1.0
nazario5_001474_c5300ba60fdd,0,legitimate,tpl_a87be0f0b10eb746,train,1,0,0,0,0,1,0.04593070104754231,0,1.0,1.0
nazario5_001476_5b9bfc83e016,0,legitimate,tpl_daa213be7c1078a9,train,3,0,0,0,0,0,0.16056338028169015,0,1.0,1.0
nazario5_001477_3bd1c967d8fd,0,legitimate,tpl_a90936fa73cd1af0,train,1,0,0,0,1,0,0.10509554140127389,0,1.0,1.0
nazario5_001478_fdd9368b581e,0,legitimate,tpl_ce217f24fb23e274,train,2,0,0,0,3,0,0.05699481865284974,0,1.0,1.0
nazario5_001479_f11450cb1419,0,legitimate,tpl_e6a1f91037164546,train,1,0,0,0,0,0,0.07021276595744681,0,1.0,1.0
nazario5_001480_d6b443d804c2,0,legitimate,tpl_76e63a7a43fb9d63,train,3,0,1,0,0,0,0.07762777242044358,3,1.0,1.0
nazario5_001481_95849bfd7276,0,legitimate,tpl_7923daa458d3694a,train,2,0,0,0,0,0,0.074487895716946,0,1.0,1.0
nazario5_001482_348a7a3e880d,0,legitimate,tpl_1d3aa852fe16327f,train,11,0,1,0,1,0,0.0888728323699422,0,1.0,1.0
nazario5_001483_60f0b162c264,0,legitimate,tpl_18d776fb17b6338e,train,1,0,0,0,1,0,0.08978583196046129,0,1.0,1.0
nazario5_001486_c06ed9e626ec,0,legitimate,tpl_87b71cbcb9ebbca4,train,2,0,0,0,0,0,0.07174887892376682,0,1.0,1.0
nazario5_001487_fcdc79b2a71e,0,legitimate,tpl_0610a7dc2595902f,train,1,0,0,0,0,0,0.05363984674329502,0,1.0,1.0
nazario5_001488_e9ae579baf4e,0,legitimate,tpl_c4b3befa40036227,train,2,0,0,0,1,0,0.08431952662721894,1,1.0,1.0
nazario5_001489_02e4d72b892b,0,legitimate,tpl_41e8910f64b27985,train,1,0,0,0,0,0,0.07008547008547009,0,1.0,1.0
nazario5_001492_3ab5ac113e3c,0,legitimate,tpl_0aa96fb9c0c54fd4,train,2,0,0,1,2,0,0.05998421468034728,0,1.0,1.0
nazario5_001493_5460d5ce976c,0,legitimate,tpl_e1b29e66a4270271,train,4,0,0,0,1,0,0.061611374407582936,3,1.0,1.0
nazario5_001496_b9f1e188c48d,0,legitimate,tpl_6e0bd476b6d8ed84,train,1,0,0,0,1,0,0.09850746268656717,0,1.0,1.0
nazario5_001497_fd945c223392,0,legitimate,tpl_1c00d8b1f67c9bd2,train,1,0,0,0,0,0,0.05263157894736842,3,1.0,1.0
nazario5_001498_c962ceeca4bc,0,legitimate,tpl_9f5b798641197579,train,2,0,1,0,0,0,0.034666666666666665,0,1.0,1.0
nazario5_001499_926a2ce907db,0,legitimate,tpl_695ec2b21944747d,train,1,0,1,0,1,0,0.03185437997724687,0,1.0,1.0
nazario5_001500_6e6003e09b2d,0,legitimate,tpl_37b70cd1ffa42180,train,4,0,0,0,0,0,0.13680781758957655,0,1.0,1.0
nazario5_001501_44a5934b531d,1,phishing,tpl_207124196d5894cb,train,121,1,274,1846,1311,597,0.46945830872127065,167,1.0,1.0
nazario5_001502_d83bd3026637,1,phishing,tpl_936de522ee6e0adf,train,0,0,0,5,5,0,0.08839779005524862,0,1.0,1.0
nazario5_001504_054f0435b040,1,phishing,tpl_d6e37a54c32ff3e5,train,0,0,1,1,2,0,0.18888888888888888,0,1.0,1.0
nazario5_001506_3d1cf8d5adc9,1,phishing,tpl_e52d9d87b4109f60,train,0,0,0,3,0,0,0.1111111111111111,0,1.0,1.0
nazario5_001507_0ade5c21fe0a,1,phishing,tpl_9928b51a09748da0,train,0,0,0,4,2,0,0.25,0,1.0,1.0
nazario5_001508_2e28ccac83a8,1,phishing,tpl_80c775f7baba2b06,train,2,0,2,16,18,2,0.12122969837587007,0,1.0,1.0
nazario5_001509_8c253690a544,1,phishing,tpl_dc2a68fa52e7f381,train,0,0,1,13,8,0,0.04279279279279279,3,1.0,1.0
nazario5_001510_c03ba7a0aab3,1,phishing,tpl_0f1ed54ec62f8bd0,train,0,0,2,5,5,0,0.16304347826086957,0,1.0,1.0
nazario5_001511_de0ab9f5efa0,1,phishing,tpl_60904f54fe3fabe3,train,0,0,1,10,4,2,0.07969432314410481,3,1.0,1.0
nazario5_001512_9b4f550af78e,1,phishing,tpl_41ab87f17639e5ef,train,0,0,1,3,3,0,0.125,0,1.0,1.0
nazario5_001513_51db222454ce,1,phishing,tpl_886349e87b0537d3,train,0,0,1,3,2,0,0.07916666666666666,0,1.0,1.0
nazario5_001515_2f36db2a2013,1,phishing,tpl_af101b460d90704b,train,2,0,0,12,2,0,0.06954887218045112,0,1.0,1.0
nazario5_001517_2fe55b5f0639,1,phishing,tpl_509884d80068a9df,train,0,0,6,15,2,0,0.055771725032425425,3,1.0,1.0
nazario5_001520_fd9137b78624,1,phishing,tpl_683a56bbbccb29b8,train,0,0,0,15,2,2,0.15191256830601094,0,1.0,1.0
nazario5_001521_560d808bd2c6,1,phishing,tpl_4362bbcaa4fa3b90,train,0,0,0,2,4,0,0.1,0,1.0,1.0
nazario5_001523_9dea1086b742,1,phishing,tpl_b9b2b85437ecdb17,train,0,0,1,2,0,0,0.12307692307692308,0,1.0,1.0
nazario5_001524_d2faa5622be0,1,phishing,tpl_5c4db76cce7f166d,train,0,0,2,2,4,0,0.03197158081705151,0,1.0,1.0
nazario5_001526_83f317eadfa9,1,phishing,tpl_5d255522ac80b70d,train,2,0,3,9,8,0,0.0913312693498452,0,1.0,1.0
nazario5_001527_39e7e1d4c71f,1,phishing,tpl_e28df2677a8056b3,train,2,0,6,24,9,2,0.1252556237218814,0,1.0,1.0
nazario5_001528_a502589f74a0,1,phishing,tpl_34c9105b0bd4ba59,train,0,0,2,5,9,0,0.095703125,0,1.0,1.0
nazario5_001530_5c10f824cd6f,1,phishing,tpl_5e2df2e356705aef,train,0,0,0,3,8,2,0.16214427531436135,0,1.0,1.0
nazario5_001532_958b70c77a29,1,phishing,tpl_594876789520de1f,train,0,0,0,1,0,2,0.16293929712460065,0,1.0,1.0
nazario5_001533_8a1db0ebf79a,1,phishing,tpl_8a2142cd7b6fd4bb,train,0,0,1,15,13,4,0.13295304958315052,0,1.0,1.0
nazario5_001534_c978d67583fd,1,phishing,tpl_410ebb872297e5b1,train,0,0,0,12,10,2,0.16193961573650503,1,1.0,1.0
nazario5_001536_840808052270,1,phishing,tpl_42f4b7cdc41aafc4,train,0,0,0,5,13,4,0.125,0,1.0,1.0
nazario5_001537_9d7179e69313,1,phishing,tpl_bc3f5e8f438f80b6,train,0,0,2,4,4,0,0.055384615384615386,3,1.0,1.0
nazario5_001539_2d7a28d9a9a4,1,phishing,tpl_d55c73451148521e,train,0,0,3,19,15,0,0.12943372744243933,0,1.0,1.0
nazario5_001540_5256355755c8,1,phishing,tpl_d955f99d8df2583f,train,0,0,0,1,5,0,0.049441786283891544,0,1.0,1.0
nazario5_001542_2bedcc02f99a,1,phishing,tpl_330ec9b712f1571d,train,1,0,1,0,4,0,0.18456375838926176,0,1.0,1.0
nazario5_001544_9406e584fc7c,1,phishing,tpl_808ddfb87dbe8bcb,train,0,0,2,4,8,0,0.07304347826086957,0,1.0,1.0
nazario5_001547_4a1eae1f7cfe,1,phishing,tpl_2d686ebe2bd0517e,train,0,0,0,1,0,0,0.2,0,1.0,1.0
nazario5_001549_d5a6beff8f54,1,phishing,tpl_e0374238a7b9bf77,train,0,0,2,10,4,0,0.1259259259259259,0,1.0,1.0
nazario5_001550_fc6bca6b6612,1,phishing,tpl_8404dd6183291ebe,train,0,0,4,12,5,0,0.13165680473372782,0,1.0,1.0
nazario5_001551_fdb124c5075c,1,phishing,tpl_ec75c12114085d46,train,0,0,0,0,0,0,0.046511627906976744,0,1.0,1.0
nazario5_001552_84ab2d41e41b,1,phishing,tpl_030715bcedb7e5bd,train,0,0,2,6,8,0,0.13976945244956773,0,1.0,1.0
nazario5_001553_3997aad45e5f,1,phishing,tpl_b1131cdf325f4a69,train,0,0,1,4,6,1,0.0960960960960961,0,1.0,1.0
nazario5_001556_80030725f893,1,phishing,tpl_97e1419a66732f49,train,0,0,2,7,2,3,0.12805241215008933,0,1.0,1.0
nazario5_001558_89aa7b95f140,1,phishing,tpl_2e39e44d80dde93c,train,1,0,3,3,4,0,0.11904761904761904,0,1.0,1.0
nazario5_001559_0b16ae2c468a,1,phishing,tpl_b9611f6c2102f54f,train,0,0,3,9,5,1,0.09251101321585903,0,1.0,1.0
nazario5_001560_5fd73812b500,1,phishing,tpl_e380e3c5d7bc8119,train,2,0,1,10,12,0,0.17857142857142858,1,1.0,1.0
nazario5_001562_29a070421bc3,1,phishing,tpl_3f09dffbc7481540,train,2,0,2,2,9,0,0.08115942028985507,0,1.0,1.0
nazario5_001563_8f15dca8a2b2,1,phishing,tpl_ef8dba1d092e0a4f,train,0,0,2,26,14,2,0.11824175824175824,0,1.0,1.0
nazario5_001564_bdcb7b894bbc,1,phishing,tpl_e62b6722a6ae0303,train,0,0,3,10,2,4,0.15316642120765833,0,1.0,1.0
nazario5_001565_e19063371e98,1,phishing,tpl_c3de963ed624b6ed,train,1,0,2,10,5,0,0.05894308943089431,0,1.0,1.0
nazario5_001566_af7a8b0d74e7,1,phishing,tpl_cc5d9ecf84144f3e,train,0,0,5,26,15,0,0.09410043881033642,0,1.0,1.0
nazario5_001567_99cdde190418,1,phishing,tpl_a474f6093df012a4,train,0,0,5,7,8,0,0.09397590361445783,3,1.0,1.0
nazario5_001571_9df7238c4f38,1,phishing,tpl_c28f9b0204aa39ac,train,0,0,0,12,4,0,0.03723887375113533,0,1.0,1.0
nazario5_001572_361b6d19fe69,1,phishing,tpl_4d6aa566f24ff517,train,0,0,1,1,2,0,0.13793103448275862,3,1.0,1.0
nazario5_001575_f900aa7f24ab,1,phishing,tpl_565df33a58154211,train,0,0,0,2,3,0,0.18947368421052632,0,1.0,1.0
nazario5_001576_c1b4a4594d0a,1,phishing,tpl_91178ec7ceeeab98,train,0,0,2,2,6,0,0.08666666666666667,0,1.0,1.0
nazario5_001577_fd27880237e3,1,phishing,tpl_26c4746c5a3f0f64,train,0,0,2,5,7,0,0.0963855421686747,0,1.0,1.0
nazario5_001580_fd129e9c9bc1,1,phishing,tpl_c0212c2db00aeafd,train,0,0,4,3,7,0,0.09698996655518395,0,1.0,1.0
nazario5_001581_e58f7ac71b2e,1,phishing,tpl_9a39da9f33f00afd,train,0,0,2,3,7,0,0.10008340283569642,0,1.0,1.0
nazario5_001583_f77ff0e4e80e,1,phishing,tpl_66fdfb27df96b0ee,train,2,0,0,5,8,0,0.04950495049504951,0,1.0,1.0
nazario5_001584_7ea1617d40f4,1,phishing,tpl_5bb3a20823fa2c77,train,0,0,0,1,1,0,0.4794520547945205,0,1.0,1.0
nazario5_001585_aaeb845e1c76,1,phishing,tpl_8e41fcdff4448aa7,train,0,0,2,2,3,0,0.07003891050583658,0,1.0,1.0
nazario5_001586_f660dc8d6188,1,phishing,tpl_bf8a9fa23ccb5a5d,train,0,0,0,2,12,0,0.15534738485558158,0,1.0,1.0
nazario5_001587_769aa44652ed,1,phishing,tpl_69557099ac8b9a77,train,1,0,1,1,4,0,0.06308610400682012,0,1.0,1.0
nazario5_001588_83cdb0aa64a6,1,phishing,tpl_30c50d26d64d80c8,train,0,0,8,3,1,3,0.0945945945945946,0,1.0,1.0
nazario5_001589_64e2d5a29b12,1,phishing,tpl_7a39df54dc1083ae,train,0,0,1,4,0,4,0.086,0,1.0,1.0
nazario5_001591_49afb53e1038,1,phishing,tpl_c194416fbc7e52fd,train,0,0,0,0,0,0,0.07235142118863049,0,1.0,1.0
nazario5_001592_a1b01adeb536,1,phishing,tpl_2333f1337e3af19d,train,1,0,1,6,3,5,0.059574468085106386,0,1.0,1.0
nazario5_001593_2d7ddfd71fbf,1,phishing,tpl_5dbbbb1f85224f23,train,0,0,1,0,2,0,0.1111111111111111,1,1.0,1.0
nazario5_001594_e1b72a74a4d8,1,phishing,tpl_5967653acdf13640,train,0,0,4,3,5,0,0.07099391480730223,0,1.0,1.0
nazario5_001595_03e113d963d9,1,phishing,tpl_9b673e6314f24dea,train,1,0,2,7,2,0,0.07339449541284404,0,1.0,1.0
nazario5_001596_f6878108c6ba,1,phishing,tpl_1e0f69d96a896283,train,0,0,2,17,18,0,0.1366622864651774,0,1.0,1.0
nazario5_001597_09b49da5e4fa,1,phishing,tpl_4cb6751d89e4cf50,train,0,0,0,12,15,2,0.1595959595959596,2,1.0,1.0
nazario5_001598_9eaba2505b80,1,phishing,tpl_a3ffacc02121e8c7,train,0,0,0,0,1,1,0.05128205128205128,0,1.0,1.0
nazario5_001599_e89374ca6f62,1,phishing,tpl_27ef07c42debf438,train,0,0,4,11,6,0,0.07317073170731707,0,1.0,1.0
nazario5_001600_74af01279b13,1,phishing,tpl_16bcfa49d86ad82f,train,0,0,0,0,2,0,0.10756972111553785,0,1.0,1.0
nazario5_001601_37e96d084bc4,1,phishing,tpl_23ee02418c19bd71,train,2,0,0,0,0,0,0.384180790960452,0,1.0,1.0
nazario5_001602_1141421b6478,1,phishing,tpl_8ba0f1ee03efe670,train,0,0,0,1,3,5,0.08044382801664356,0,1.0,1.0
nazario5_001603_1e31624f2ce6,1,phishing,tpl_7a9b25b52c227963,train,0,0,1,5,7,2,0.04643449419568822,0,1.0,1.0
nazario5_001605_cf01af22e11b,1,phishing,tpl_db5b3486c776c1a4,train,0,0,0,0,0,0,0.2808988764044944,0,1.0,1.0
nazario5_001606_dff8cdf4feb8,1,phishing,tpl_ed74f0b48a0c993d,train,0,0,0,0,0,0,0.2808988764044944,0,1.0,1.0
nazario5_001608_8e5066728553,1,phishing,tpl_ece7a709c8840e4f,train,0,0,3,9,10,1,0.07415730337078652,0,1.0,1.0
nazario5_001610_de4bb9903375,1,phishing,tpl_8fe4fbff8be9e305,train,0,0,4,15,11,0,0.1055396370582617,16,1.0,1.0
nazario5_001612_98d7dff0e65f,1,phishing,tpl_6f892481cd1ccb6a,train,0,0,2,9,13,0,0.09618573797678276,0,1.0,1.0
nazario5_001613_1a2ddcc75374,1,phishing,tpl_9800f6dbd3c8f504,train,0,0,0,0,5,4,0.09941520467836257,0,1.0,1.0
nazario5_001614_cea45c7c54a9,1,phishing,tpl_a88e116441c7ca30,train,0,0,2,9,4,2,0.1206896551724138,0,1.0,1.0
nazario5_001615_f4f5a7529cff,1,phishing,tpl_f63851ce363c2fd2,train,0,0,0,1,0,0,0.8163265306122449,0,1.0,1.0
nazario5_001616_8663c27f56c3,1,phishing,tpl_06c2ea7c790fd8f9,train,0,0,0,0,8,0,0.06231454005934718,0,1.0,1.0
nazario5_001617_b7e417a1ac1a,1,phishing,tpl_49159077eba39f31,train,0,0,0,0,6,2,0.06070287539936102,0,1.0,1.0
nazario5_001618_fe83cecc4c24,1,phishing,tpl_f5707fe5722390f0,train,0,0,3,9,7,0,0.26003824091778205,0,1.0,1.0
nazario5_001620_4fee8545f20a,1,phishing,tpl_cf17f8b5a8ad38dd,train,0,0,1,10,4,2,0.09020217729393468,1,1.0,1.0
nazario5_001621_1f79fac64bde,1,phishing,tpl_5cddcfc8c6344924,train,0,0,4,5,2,6,0.06550218340611354,0,1.0,1.0
nazario5_001622_a0326bf18205,1,phishing,tpl_ca255a027d6fb9d1,train,0,0,1,13,15,0,0.14285714285714285,0,1.0,1.0
nazario5_001624_e6bcf1b92473,1,phishing,tpl_282a387d9f57747a,train,1,0,0,7,9,0,0.09024390243902439,0,1.0,1.0
nazario5_001626_13863400355c,1,phishing,tpl_945416c009964fdd,train,0,0,1,8,3,0,0.05157894736842105,0,1.0,1.0
nazario5_001628_2302ba864c52,1,phishing,tpl_80d4f41c21f29886,train,0,0,0,12,4,4,0.056790123456790124,0,1.0,1.0
nazario5_001629_0f540f93cb16,1,phishing,tpl_246ec9ee76b25d90,train,0,0,4,4,5,0,0.03814262023217247,2,1.0,1.0
nazario5_001632_46444f2793d2,1,phishing,tpl_f263cbd8dcf14953,train,1,0,1,2,4,0,0.06947368421052631,1,1.0,1.0
nazario5_001633_96d699f4fec8,1,phishing,tpl_4bc77bcaf42188eb,train,1,0,0,4,9,0,0.11754068716094032,0,1.0,1.0
nazario5_001634_3ba795fd2cc1,1,phishing,tpl_4626ceaad1f515f0,train,0,0,2,19,8,6,0.05393700787401575,0,1.0,1.0
nazario5_001635_f4bd96b91d32,1,phishing,tpl_33d678d2731542c0,train,0,0,2,9,6,18,0.050128064398097326,0,1.0,1.0
nazario5_001636_34d2d35bf8c5,1,phishing,tpl_4a18641fe6ee0339,train,0,0,0,9,11,10,0.10734463276836158,0,1.0,1.0
nazario5_001637_449f8eaae718,1,phishing,tpl_b0d8152dc507ccf8,train,0,0,2,7,6,0,0.09859154929577464,1,1.0,1.0
nazario5_001638_244cc310a126,1,phishing,tpl_6c203ec3059e89d1,train,0,0,4,16,15,10,0.109375,0,1.0,1.0
nazario5_001640_a7fd496d21ef,1,phishing,tpl_ed986632434de265,train,0,0,0,2,8,2,0.10201149425287356,0,1.0,1.0
nazario5_001641_c997dab54449,1,phishing,tpl_4d16fb5acec9dbe2,train,0,0,0,1,1,0,0.15151515151515152,0,1.0,1.0
nazario5_001642_dc2338efdbe7,1,phishing,tpl_e2be5158869b460c,train,1,0,1,1,0,0,0.11280487804878049,0,1.0,1.0
nazario5_001643_bc6c05c1e9b3,1,phishing,tpl_93d0af2eb1805f0a,train,0,0,0,0,0,0,0.15333333333333332,0,1.0,1.0
nazario5_001645_7773fff12917,1,phishing,tpl_7bdf9c1e10cd98e2,train,0,0,0,9,3,0,0.0637065637065637,0,1.0,1.0
nazario5_001651_4ffb45524966,1,phishing,tpl_d7a564116fd1944f,train,2,0,2,6,11,0,0.0572987721691678,0,1.0,1.0
nazario5_001654_e550ac8fad66,1,phishing,tpl_82db8e1b482c8412,train,0,0,2,3,4,0,0.13020833333333334,0,1.0,1.0
nazario5_001655_e875c18b3908,1,phishing,tpl_adeb2dcbe0fd5eab,train,0,0,0,1,1,0,0.2842465753424658,1,1.0,1.0
nazario5_001657_c39f84cf5c83,1,phishing,tpl_794141abb201331d,train,0,0,2,5,5,0,0.12631578947368421,0,1.0,1.0
nazario5_001658_9dd0ea9ef84f,1,phishing,tpl_8871eeb57e7ae0f9,train,0,0,2,1,2,0,0.5866666666666667,0,1.0,1.0
nazario5_001659_076492b442ac,1,phishing,tpl_0221082d350dd00c,train,2,0,0,0,0,0,0.42105263157894735,0,1.0,1.0
nazario5_001660_591a11b78aaa,1,phishing,tpl_f505640be65ba9e1,train,0,0,0,0,4,0,0.14497041420118342,0,1.0,1.0
nazario5_001662_e6a0cb8894d9,1,phishing,tpl_8e6321a48a9ff9fd,train,0,0,0,9,3,0,0.047244094488188976,0,1.0,1.0
nazario5_001665_de82c9d6d378,1,phishing,tpl_9c60c068244476a0,train,0,0,0,3,1,3,0.16042780748663102,0,1.0,1.0
nazario5_001666_feabe5307c31,1,phishing,tpl_8e094f49b7f0aa12,train,0,0,1,1,1,0,0.5542168674698795,0,1.0,1.0
nazario5_001667_9ddc7fa97a52,1,phishing,tpl_56d04263df6e7e11,train,4,0,0,22,14,6,0.07273482959268496,0,1.0,1.0
nazario5_001668_5958f20b01b8,1,phishing,tpl_efc775e07a2a6276,train,0,0,3,2,1,1,0.0782122905027933,1,1.0,1.0
nazario5_001671_c89a3d7a98ad,1,phishing,tpl_a74fea181a339f93,train,2,0,2,8,8,0,0.11353032659409021,0,1.0,1.0
nazario5_001672_c331efd5abf2,1,phishing,tpl_5b68ed76b64800ae,train,0,0,2,7,5,0,0.09782608695652174,0,1.0,1.0
nazario5_001673_575b12d43713,1,phishing,tpl_1323198df0d09a5b,train,0,0,0,5,2,0,0.03820816864295125,2,1.0,1.0
nazario5_001674_62e0236eba1d,1,phishing,tpl_2deb54a5a0b8fd4a,train,0,0,2,20,15,9,0.12571103526734925,0,1.0,1.0
nazario5_001675_8595552acb20,1,phishing,tpl_3de52fc94010da12,train,2,0,0,16,7,1,0.05570291777188329,0,1.0,1.0
nazario5_001676_69209f83a8f3,1,phishing,tpl_22c2760b77148416,train,0,0,0,4,4,0,0.084070796460177,0,1.0,1.0
nazario5_001677_002bfaff230c,1,phishing,tpl_c069c4db1eb7e44b,train,0,0,0,2,7,1,0.08077260755048288,1,1.0,1.0
nazario5_001679_f7937ec5b594,1,phishing,tpl_27549122f1449f43,train,0,0,3,5,5,0,0.08035714285714286,0,1.0,1.0
nazario5_001680_1bcbe8adf3ef,1,phishing,tpl_45a351272b9affbe,train,0,0,1,2,4,0,0.09653465346534654,0,1.0,1.0
nazario5_001681_82174fa29f3d,1,phishing,tpl_bea65d302638e664,train,0,0,0,3,4,0,0.12101910828025478,0,1.0,1.0
nazario5_001683_bc2baeed62a4,1,phishing,tpl_772978a5f5c3926f,train,1,0,0,1,0,0,0.2345679012345679,0,1.0,1.0
nazario5_001684_7f1245cb9624,1,phishing,tpl_8727a25ee6372875,train,0,0,0,1,4,2,0.32494279176201374,0,1.0,1.0
nazario5_001687_99970f7a754a,1,phishing,tpl_0a5f1bedc8dc204f,train,0,0,0,6,2,0,0.09513742071881606,0,1.0,1.0
nazario5_001688_544509c351fc,1,phishing,tpl_c754d0175f4f4df1,train,0,0,7,5,14,4,0.15445859872611464,0,1.0,1.0
nazario5_001689_c7aeb252ecda,1,phishing,tpl_9b3c28a32b52e5eb,train,1,0,1,1,4,0,0.10588235294117647,0,1.0,1.0
nazario5_001690_61cf9e0df361,1,phishing,tpl_903c2b92746b343e,train,0,0,1,1,1,0,0.5301204819277109,0,1.0,1.0
nazario5_001691_b2cf3d49c11e,1,phishing,tpl_80d87cc23a5c8c5a,train,0,0,2,5,0,0,0.11498257839721254,0,1.0,1.0
nazario5_001692_a49f3b7e6249,1,phishing,tpl_21cc755d33f91242,train,0,0,1,1,2,0,0.047619047619047616,0,1.0,1.0
nazario5_001693_760b7d124f8b,1,phishing,tpl_39c0ab48594cfc42,train,0,0,2,5,0,0,0.12376237623762376,0,1.0,1.0
nazario5_001694_9b16974c7f92,1,phishing,tpl_4997bd99f64ad60b,train,0,0,2,5,5,0,0.1717171717171717,0,1.0,1.0
nazario5_001695_9632b2493ed4,1,phishing,tpl_aa8d1545a2d02e50,train,0,0,1,1,1,0,0.4875,0,1.0,1.0
nazario5_001696_ad8176f1eeac,1,phishing,tpl_54cbc16074fc95bb,train,0,0,1,6,4,0,0.05742296918767507,0,1.0,1.0
nazario5_001698_5ce88aaf2b97,1,phishing,tpl_f4a2cddecf31b68e,train,2,0,2,2,6,0,0.042105263157894736,0,1.0,1.0
nazario5_001700_e63bb0315903,1,phishing,tpl_d90227b5e0179d4a,train,0,0,5,2,2,0,0.1099476439790576,0,1.0,1.0
nazario5_001701_6c38c609de7f,1,phishing,tpl_928ae1134b6fe399,train,2,0,7,8,8,7,0.08783783783783784,0,1.0,1.0
nazario5_001704_8abb58820963,1,phishing,tpl_c957cc3814e8f2a5,train,0,0,1,8,3,0,0.06595995288574794,0,1.0,1.0
nazario5_001705_3b4e3034c33a,1,phishing,tpl_db203cd117f52e64,train,0,0,3,6,2,0,0.10614525139664804,0,1.0,1.0
nazario5_001706_f52c3a5daa3b,1,phishing,tpl_15d8af57eed1cd14,train,0,0,0,1,2,1,0.10757946210268948,0,1.0,1.0
nazario5_001707_1d4e3164a972,1,phishing,tpl_2ddc23861f9fdafc,train,0,0,0,2,2,0,0.17551020408163265,0,1.0,1.0
nazario5_001708_2cf6b961231f,1,phishing,tpl_8cb21d76d6bd7f69,train,0,0,3,4,8,5,0.06823027718550106,0,1.0,1.0
nazario5_001709_eb2669e7d356,1,phishing,tpl_301e770b3fe1735b,train,2,0,2,6,8,0,0.061083743842364535,0,1.0,1.0
nazario5_001711_5043fb32ea45,1,phishing,tpl_0a3d6b6c79dcc9ab,train,2,0,0,0,4,0,0.1476121562952243,0,1.0,1.0
nazario5_001713_707c4e98529d,1,phishing,tpl_98f87de3e8da222b,train,0,0,0,0,0,2,0.19658119658119658,0,1.0,1.0
nazario5_001714_f6f1008210ad,1,phishing,tpl_cd1954f630aa992c,train,0,0,5,6,4,0,0.04649042844120328,2,1.0,1.0
nazario5_001718_5add87d087e0,1,phishing,tpl_1026f15dac75dde6,train,0,0,2,10,6,0,0.08108108108108109,0,1.0,1.0
nazario5_001719_e93142d3a5dd,1,phishing,tpl_0a8083b672bbcd04,train,2,0,2,8,8,0,0.09103260869565218,2,1.0,1.0
nazario5_001721_196f7e66ff86,1,phishing,tpl_8371f1bd914fdf61,train,0,0,1,7,3,0,0.0775716694772344,0,1.0,1.0
nazario5_001722_74b76c017191,1,phishing,tpl_a40333e639a6b792,train,0,0,1,0,2,0,0.12155963302752294,0,1.0,1.0
nazario5_001723_5062de2e7268,1,phishing,tpl_26c2e8a958078ca3,train,0,0,0,3,1,4,0.12919896640826872,0,1.0,1.0
nazario5_001725_bc49d23298ac,1,phishing,tpl_ac60b10b0b04f720,train,0,0,3,12,6,0,0.09728867623604466,0,1.0,1.0
nazario5_001726_7949f44029cc,1,phishing,tpl_816caea9c9f23342,train,0,0,5,14,2,0,0.08937728937728938,0,1.0,1.0
nazario5_001727_a147c87a1d1f,1,phishing,tpl_ff2d0bf623ff57e6,train,0,0,0,0,2,0,0.09289617486338798,0,1.0,1.0
nazario5_001729_84a424412103,1,phishing,tpl_8989598eedb3aa48,train,0,0,3,8,14,2,0.11287671232876713,0,1.0,1.0
nazario5_001730_e130586920ad,1,phishing,tpl_078be7725fb58785,train,0,0,6,2,10,0,0.09408602150537634,0,1.0,1.0
nazario5_001732_1be67d560ffb,1,phishing,tpl_fc085efbc43999e2,train,0,0,0,1,0,0,0.4473684210526316,0,1.0,1.0
nazario5_001733_72da075b310c,1,phishing,tpl_af2f471f92103a4c,train,0,0,3,4,0,0,0.08710217755443886,3,1.0,1.0
nazario5_001734_f65f605c0b0e,1,phishing,tpl_3ccbfcc19e6eea63,train,0,0,1,0,6,1,0.11079545454545454,0,1.0,1.0
nazario5_001735_9b91fcf5b5a3,1,phishing,tpl_069b786a3ab9bdde,train,0,0,3,4,2,0,0.07403189066059225,0,1.0,1.0
nazario5_001736_62bc44db398f,1,phishing,tpl_5687b21e327a37c5,train,0,0,4,10,8,0,0.10850439882697947,0,1.0,1.0
nazario5_001737_fda9023c292c,1,phishing,tpl_5466205d2c5f20ca,train,0,0,1,4,1,0,0.05614973262032086,0,1.0,1.0
nazario5_001738_e501da1fdf5f,1,phishing,tpl_2c66ef3c32b4744f,train,0,0,4,11,8,0,0.09165902841429881,0,1.0,1.0
nazario5_001739_a66d78d560fe,1,phishing,tpl_7794f0417f1ae89b,train,2,0,4,2,5,0,0.07754010695187166,1,1.0,1.0
nazario5_001740_6b0892542ff0,1,phishing,tpl_eada9a213eddf064,train,2,0,8,14,8,0,0.08663729809104258,0,1.0,1.0
nazario5_001741_5ec7102d5aa7,1,phishing,tpl_30846e0d1196fd01,train,0,0,3,6,0,0,0.0677361853832442,1,1.0,1.0
nazario5_001742_eaa0379f69bf,1,phishing,tpl_505b3f13ccf63ea1,train,0,0,4,11,11,2,0.08369565217391305,0,1.0,1.0
nazario5_001743_68403cc70f13,1,phishing,tpl_397d268e29eae820,train,0,0,4,11,10,0,0.08298755186721991,0,1.0,1.0
nazario5_001745_a86575da4608,1,phishing,tpl_cee03d82a2f1e948,train,0,0,0,3,1,0,0.07049608355091384,0,1.0,1.0
nazario5_001746_df015f0839ba,1,phishing,tpl_14b023c16a610bf7,train,0,0,3,3,0,0,0.07465135356849877,0,1.0,1.0
nazario5_001748_50547fa6169c,1,phishing,tpl_314b8ae5f0513418,train,1,0,0,3,5,0,0.028830313014827018,0,1.0,1.0
nazario5_001749_705910f26b18,1,phishing,tpl_f15669d911cbc2b7,train,1,0,3,10,7,0,0.10317460317460317,3,1.0,1.0
nazario5_001751_9d232311b3e6,1,phishing,tpl_6cb6a2efb9bf11d2,train,0,0,0,2,3,0,0.10062893081761007,0,1.0,1.0
nazario5_001752_0366e28549bf,1,phishing,tpl_5b1f05311e7e340b,train,0,0,0,0,2,0,0.06392199349945829,0,1.0,1.0
nazario5_001753_5e12c717ce01,1,phishing,tpl_fb2cae7c32e78c56,train,0,0,5,5,6,0,0.06340579710144928,0,1.0,1.0
nazario5_001754_cda2875e0bae,1,phishing,tpl_45773487fd05fbe7,train,0,0,0,0,0,0,0.12078651685393259,0,1.0,1.0
nazario5_001756_3473f532f2ad,1,phishing,tpl_90270400c45ac489,train,0,0,8,6,8,11,0.1304654442877292,0,1.0,1.0
nazario5_001757_eab3932e2f68,1,phishing,tpl_15523df96e330842,train,1,0,0,4,4,0,0.06309148264984227,1,1.0,1.0
nazario5_001758_3e531fa41e6a,1,phishing,tpl_3b81ce7be586bd08,train,0,0,0,0,4,4,0.08180300500834725,0,1.0,1.0
nazario5_001760_6deaebf4a11a,1,phishing,tpl_7a8aa028a55bef2b,train,12,0,0,0,6,1,0.11093871217998448,0,1.0,1.0
nazario5_001761_0fe7a4841e0e,1,phishing,tpl_0cb1106016c85d82,train,0,0,1,6,6,4,0.07453416149068323,0,1.0,1.0
nazario5_001762_95b8bb360984,1,phishing,tpl_e1b5d01753a19359,train,0,0,0,1,0,0,0.23344947735191637,0,1.0,1.0
nazario5_001763_5cc75f147951,1,phishing,tpl_9a0123fb617094f8,train,0,0,4,0,3,0,0.12721893491124261,3,1.0,1.0
nazario5_001764_ef2b678cb848,1,phishing,tpl_32bb1e10f08363bf,train,0,0,6,7,4,7,0.07801418439716312,0,1.0,1.0
nazario5_001766_9496ea79c66c,1,phishing,tpl_a81623bebc45a5f8,train,0,0,1,2,4,1,0.082039911308204,0,1.0,1.0
nazario5_001767_5ac7f725385f,1,phishing,tpl_4668dfacc8a6c9b2,train,0,0,0,8,2,0,0.06323185011709602,0,1.0,1.0
nazario5_001769_1f20a3ad934e,1,phishing,tpl_2c9e1f4e0a5bc97f,train,0,0,0,0,3,1,0.09004739336492891,0,1.0,1.0
nazario5_001770_7defd363930c,1,phishing,tpl_c440ef70bdef91b1,train,0,0,1,27,8,46,0.10272099986980862,0,1.0,1.0
nazario5_001772_696fe4f4c068,1,phishing,tpl_a8c47d5f7b121f71,train,0,0,0,4,6,0,0.02743142144638404,2,1.0,1.0
nazario5_001773_74b0bf1bcaeb,1,phishing,tpl_e85a875229c024c0,train,0,0,0,0,2,1,0.07428571428571429,0,1.0,1.0
nazario5_001775_5d2d5138fc4c,1,phishing,tpl_09eeeafecc38a3d0,train,0,0,2,22,12,2,0.06427634455618715,0,1.0,1.0
nazario5_001776_554b2b15450c,1,phishing,tpl_d0dff8c9160fd682,train,0,0,2,0,0,4,0.1328125,0,1.0,1.0
nazario5_001777_a8dbae8fa2b5,1,phishing,tpl_0a9a99f306354492,train,0,0,1,4,4,1,0.06578947368421052,2,1.0,1.0
nazario5_001784_f925ff079300,1,phishing,tpl_0fcec17f9545585f,train,0,0,0,10,8,0,0.10810810810810811,0,1.0,1.0
nazario5_001785_f076fcedf3ff,1,phishing,tpl_dcef9999cfad7d52,train,0,0,2,4,8,0,0.1040339702760085,0,1.0,1.0
nazario5_001786_9479ed0ff6b3,1,phishing,tpl_09d9fbc3923e008f,train,1,0,0,4,4,0,0.05423728813559322,0,1.0,1.0
nazario5_001787_2ee481b5b919,1,phishing,tpl_eb1d6c0518966917,train,2,0,2,4,0,10,0.07652173913043478,2,1.0,1.0
nazario5_001788_c1202eed810c,1,phishing,tpl_44ee2a700b7a33d4,train,0,0,0,0,9,2,0.1353826030085023,0,1.0,1.0
nazario5_001790_e93a8040d486,1,phishing,tpl_5a707a146ce43d6b,train,0,0,0,4,6,0,0.2613240418118467,0,1.0,1.0
nazario5_001791_a63dd23cac5b,1,phishing,tpl_0d23e8d5e3f2b5bb,train,0,0,0,0,2,0,0.04526748971193416,0,1.0,1.0
nazario5_001792_16326b59735c,1,phishing,tpl_5013d004db5b4590,train,0,0,0,5,5,0,0.025157232704402517,0,1.0,1.0
nazario5_001793_b8aea1554514,1,phishing,tpl_dcccc15ea4443f46,train,0,0,0,4,5,0,0.06506849315068493,0,1.0,1.0
nazario5_001794_3bf04853263b,1,phishing,tpl_c953afcf8438a0c8,train,0,0,2,0,0,0,0.5615141955835962,0,1.0,1.0
nazario5_001795_aae26f68331d,1,phishing,tpl_698218327a51707e,train,0,0,0,4,3,17,0.17579617834394903,0,1.0,1.0
nazario5_001798_69dba64e6a02,1,phishing,tpl_cf4f6f25d0b83b0e,train,0,0,0,0,0,2,0.12110726643598616,0,1.0,1.0
nazario5_001799_a76643ee1541,1,phishing,tpl_ffdff50fdee934fa,train,2,0,0,6,6,0,0.08601444517399869,4,1.0,1.0
nazario5_001800_c4d7f0286760,1,phishing,tpl_0982357c345e9f3b,train,0,0,0,2,1,0,0.11377245508982035,0,1.0,1.0
nazario5_001801_50bdb645b0c7,1,phishing,tpl_1efd54f35d3d7d66,train,0,0,0,1,0,0,0.16744186046511628,0,1.0,1.0
nazario5_001802_df9efb6dc5be,1,phishing,tpl_17614c8196b72016,train,0,0,0,5,0,0,0.11805555555555555,0,1.0,1.0
nazario5_001804_e19341309d9a,1,phishing,tpl_f462f77795dcba12,train,0,0,1,1,0,0,0.5666666666666667,0,1.0,1.0
nazario5_001805_102b84c49875,1,phishing,tpl_deb6177c166b3c07,train,0,0,2,6,2,0,0.05897435897435897,0,1.0,1.0
nazario5_001806_badb0cb40cc4,1,phishing,tpl_6a2b689e405c1354,train,0,0,0,9,8,1,0.09283819628647215,3,1.0,1.0
nazario5_001808_2f88aa65bd07,1,phishing,tpl_bb01cb6121fce892,train,0,0,4,7,6,0,0.10314685314685315,0,1.0,1.0
nazario5_001811_94d18b1a7b22,1,phishing,tpl_debb8623aab0b46c,train,0,0,1,2,6,2,0.1412478336221837,0,1.0,1.0
nazario5_001812_a76480a2551b,1,phishing,tpl_fdc888e9b2eb8a16,train,1,0,0,4,3,0,0.07722007722007722,0,1.0,1.0
nazario5_001813_eaf3aa0c1199,1,phishing,tpl_3aefcc6cdc9f39f1,train,0,0,4,10,2,0,0.34468937875751504,4,1.0,1.0
nazario5_001814_0107ff8a6109,1,phishing,tpl_c46aa8ea8369ad31,train,0,0,2,9,4,2,0.12084993359893759,0,1.0,1.0
nazario5_001816_0c5d92693338,1,phishing,tpl_0308ed1253959a72,train,0,0,2,9,9,1,0.08061224489795918,0,1.0,1.0
nazario5_001817_674b0f7438e3,1,phishing,tpl_7896a16a404289ef,train,0,0,4,7,5,0,0.1583710407239819,0,1.0,1.0
nazario5_001818_4ca55bbe515e,1,phishing,tpl_554b0eedc90052e3,train,0,0,2,2,6,0,0.11152416356877323,0,1.0,1.0
nazario5_001819_307f3f59c871,1,phishing,tpl_67034bee2422c2b7,train,0,0,0,16,14,0,0.05978705978705979,0,1.0,1.0
nazario5_001821_cbc4e9290aa6,1,phishing,tpl_04b47bf34ac5ffe2,train,0,0,0,11,10,0,0.09254498714652956,0,1.0,1.0
nazario5_001822_8110c6518b9d,1,phishing,tpl_9089c0ba5d1ffe60,train,0,0,3,7,8,0,0.06751054852320675,0,1.0,1.0
nazario5_001823_4e652a1608d4,1,phishing,tpl_2b7317a3fb168a06,train,0,0,2,3,5,0,0.06331877729257641,0,1.0,1.0
nazario5_001824_fbfdc03dea2d,1,phishing,tpl_ad039eb90c1c1045,train,0,0,0,4,2,0,0.14514608859566447,0,1.0,1.0
nazario5_001825_b9c11599f269,1,phishing,tpl_1e5b212d63a1b791,train,3,0,0,18,9,3,0.07631389488840892,0,1.0,1.0
nazario5_001826_01c7286f5b22,1,phishing,tpl_c214ff6b2dc8aaa9,train,0,0,0,13,2,0,0.049924357034795766,0,1.0,1.0
nazario5_001827_11f2cb0914b4,1,phishing,tpl_d6c9507482452a2d,train,1,0,0,1,1,0,0.06293706293706294,0,1.0,1.0
nazario5_001828_8242f16a1001,1,phishing,tpl_b01d7300241790ed,train,4,0,3,6,0,0,0.12225705329153605,6,1.0,1.0
nazario5_001829_c8a127aca652,1,phishing,tpl_6444c9a7c276b7f4,train,0,0,0,0,0,0,0.09669211195928754,0,1.0,1.0
nazario5_001830_df5ddc81fb29,1,phishing,tpl_0b0c27d84c7e0ac1,train,1,0,0,4,7,1,0.11447811447811448,0,1.0,1.0
nazario5_001831_f53cbb21470b,1,phishing,tpl_40693d6baed6b607,train,2,0,2,0,2,0,0.6022304832713755,5,1.0,1.0
nazario5_001832_cea39b5a7bde,1,phishing,tpl_8dc5e293aab419b8,train,0,0,0,1,6,4,0.1398176291793313,0,1.0,1.0
nazario5_001833_8a01d1a1cb7e,1,phishing,tpl_6057d8319818b01a,train,0,0,2,8,13,0,0.10344827586206896,0,1.0,1.0
nazario5_001834_e24d3fe12e97,1,phishing,tpl_5d789761981897b1,train,1,0,1,7,8,2,0.12850467289719625,0,1.0,1.0
nazario5_001835_c87f3329ce6b,1,phishing,tpl_75ca6a41b7a013e5,train,0,0,1,7,6,0,0.13108614232209737,0,1.0,1.0
nazario5_001836_d5a30098b057,1,phishing,tpl_a939feee092d9fb9,train,0,0,0,1,2,0,0.0525164113785558,0,1.0,1.0
nazario5_001837_4a71d2aa6613,1,phishing,tpl_693fcabe4c665f6a,train,0,0,6,5,5,0,0.04407443682664055,0,1.0,1.0
nazario5_001840_a4e578ffbb21,1,phishing,tpl_74a4b660cd4a9d10,train,0,0,0,10,12,21,0.09734114465975664,0,1.0,1.0
nazario5_001841_1db08f0dd1a4,1,phishing,tpl_5cb2990e773f3889,train,0,0,3,7,5,0,0.07344632768361582,0,1.0,1.0
nazario5_001842_7e35fec5db7e,1,phishing,tpl_7a151f8f8ed1917f,train,0,0,3,4,4,0,0.05063291139240506,0,1.0,1.0
nazario5_001845_22389c120af5,1,phishing,tpl_6358ce4a5d62b676,train,0,0,1,8,6,0,0.08369098712446352,0,1.0,1.0
nazario5_001846_2a774fe21e79,1,phishing,tpl_3e294b63e238d8ae,train,2,0,2,3,2,0,0.07878017789072427,6,1.0,1.0
nazario5_001849_3c2d1956bf54,1,phishing,tpl_f3c5c20dd7ce4780,train,0,0,1,1,3,0,0.08955223880597014,0,1.0,1.0
nazario5_001850_a0076c470770,1,phishing,tpl_9436a08b9ae6990e,train,0,0,4,2,4,0,0.07,0,1.0,1.0
nazario5_001852_ff5d22073339,1,phishing,tpl_3c06058dd344f732,train,0,0,4,6,5,0,0.16666666666666666,2,1.0,1.0
nazario5_001853_5e125d372c0e,1,phishing,tpl_89ad9dd86a36e479,train,0,0,0,1,1,10,0.10483870967741936,0,1.0,1.0
nazario5_001854_9164c673cc98,1,phishing,tpl_5eebc2bd2e8d6225,train,0,0,1,3,4,2,0.1,0,1.0,1.0
nazario5_001855_7a221bf8d479,1,phishing,tpl_e6e8a8cfaefb78fc,train,2,0,4,8,11,3,0.08448275862068966,0,1.0,1.0
nazario5_001857_2b983d8484e5,1,phishing,tpl_bc920c98e1ee6739,train,1,0,0,3,3,0,0.057803468208092484,0,1.0,1.0
nazario5_001858_4ed66a7d740c,1,phishing,tpl_8a0d7280e1f89068,train,0,0,2,2,2,1,0.07432432432432433,2,1.0,1.0
nazario5_001859_0fc0fcc3aafc,1,phishing,tpl_7f7b40c73eb9569f,train,0,0,0,1,0,0,0.6313131313131313,0,1.0,1.0
nazario5_001860_296ce0f2c370,1,phishing,tpl_ed16a0665bab8efe,train,0,0,1,11,5,0,0.07085346215780998,0,1.0,1.0
nazario5_001861_4febfbb5e3b3,1,phishing,tpl_a397075d776c9830,train,0,0,2,4,2,2,0.11003861003861004,1,1.0,1.0
nazario5_001862_41b9cf1133ba,1,phishing,tpl_f2b3f8de115f5690,train,0,0,6,2,4,0,0.09659090909090909,0,1.0,1.0
nazario5_001863_c92ea203cb99,1,phishing,tpl_6563c6a61b0ea2bc,train,0,0,0,2,4,9,0.057007125890736345,0,1.0,1.0
nazario5_001866_580ebba64d3b,1,phishing,tpl_5d18f504003b88ec,train,0,0,2,0,1,17,0.10891089108910891,0,1.0,1.0
nazario5_001867_84e178cdd5cf,1,phishing,tpl_f636c8c0ad9cacd2,train,0,0,3,9,8,24,0.12493465760585468,0,1.0,1.0
nazario5_001868_ca2031a21d39,1,phishing,tpl_cfcdb44164b04ee8,train,0,0,1,7,5,0,0.12054794520547946,2,1.0,1.0
nazario5_001870_f2aa036b67cb,1,phishing,tpl_4101248808bc200b,train,0,0,1,5,3,0,0.09067357512953368,0,1.0,1.0
nazario5_001871_9e99254448c7,1,phishing,tpl_d3b1eb14fb668aa9,train,0,0,1,1,5,0,0.07984293193717278,0,1.0,1.0
nazario5_001873_d3018b02f100,1,phishing,tpl_766f4b5de7bf5773,train,2,0,2,2,8,6,0.09655172413793103,0,1.0,1.0
nazario5_001874_1a637eb76eb7,1,phishing,tpl_2952c77b43faadab,train,0,0,2,4,6,0,0.06756756756756757,0,1.0,1.0
nazario5_001875_80571a30096d,1,phishing,tpl_35a01ddd9d664010,train,0,0,0,2,2,0,0.10285714285714286,0,1.0,1.0
nazario5_001877_ead6083b116d,1,phishing,tpl_7d77049955cb2816,train,0,0,0,0,1,0,0.4842105263157895,0,1.0,1.0
nazario5_001878_0aa2eb15cb3e,1,phishing,tpl_66405376fb677b75,train,0,0,1,24,8,6,0.11965811965811966,0,1.0,1.0
nazario5_001879_64e15a298d25,1,phishing,tpl_6b29ad6fefc267ac,train,0,0,8,2,10,0,0.08142493638676845,0,1.0,1.0
nazario5_001881_e041b6a02b9c,1,phishing,tpl_60c9dd2b724d1417,train,0,0,6,0,5,0,0.08946322067594434,0,1.0,1.0
nazario5_001882_91afd0ac0d4c,1,phishing,tpl_cbdc1c7518ade358,train,0,0,1,3,4,0,0.07164179104477612,0,1.0,1.0
nazario5_001883_9af3a67092c0,1,phishing,tpl_eb3442768c220550,train,0,0,0,8,10,3,0.04770318021201413,0,1.0,1.0
nazario5_001884_6564c9b71514,1,phishing,tpl_bb12e79f22be90d9,train,0,0,2,5,1,3,0.0861344537815126,0,1.0,1.0
nazario5_001885_906041538d10,1,phishing,tpl_2a1707be67f3acf9,train,0,0,0,3,3,2,0.12794612794612795,0,1.0,1.0
nazario5_001886_308b534de100,1,phishing,tpl_af8c6251d896833b,train,0,0,2,7,9,0,0.13727959697732997,0,1.0,1.0
nazario5_001887_88750b8055c3,1,phishing,tpl_46201a28db40f296,train,0,0,2,13,8,0,0.0874493927125506,0,1.0,1.0
nazario5_001888_e81bc6666712,1,phishing,tpl_8691b0e6c58b21a0,train,1,0,0,4,6,0,0.06518518518518518,0,1.0,1.0
nazario5_001889_959c47510264,1,phishing,tpl_e958845096dc7e39,train,0,0,0,1,3,0,0.11530172413793104,0,1.0,1.0
nazario5_001891_dd6d870f90cf,1,phishing,tpl_d8a635282e6a6363,train,0,0,0,10,8,0,0.07434402332361516,1,1.0,1.0
nazario5_001892_fbab8430639f,1,phishing,tpl_ee8bcd67805f3439,train,0,0,0,0,4,0,0.015659955257270694,0,1.0,1.0
nazario5_001893_76980b2e5865,1,phishing,tpl_42e37a22ac6c1aa5,train,0,0,3,11,9,0,0.06545454545454546,0,1.0,1.0
nazario5_001894_2daa88843042,1,phishing,tpl_93b1dcfce1c18ae2,train,0,0,1,7,7,0,0.08595988538681948,2,1.0,1.0
nazario5_001896_5b01a3ad08e5,1,phishing,tpl_89f7b2f000fca65e,train,0,0,4,5,6,1,0.13237410071942446,0,1.0,1.0
nazario5_001897_844921b002e3,1,phishing,tpl_13a3cc06872c495a,train,1,0,1,1,3,13,0.06053639846743295,0,1.0,1.0
nazario5_001898_8fe28fdf736f,1,phishing,tpl_b0c15b65fb53a0e0,train,0,0,0,9,5,0,0.0427807486631016,0,1.0,1.0
nazario5_001900_7fb866693987,1,phishing,tpl_df4f99d609fddddf,train,1,0,1,3,1,0,0.09550561797752809,0,1.0,1.0
nazario5_001901_f689d5b92c6a,1,phishing,tpl_8c12c9227b32124c,train,0,0,2,2,2,10,0.0423861852433281,0,1.0,1.0
nazario5_001902_9db7fafd39b1,1,phishing,tpl_64f8f4613fd614a0,train,1,0,0,0,2,0,0.057692307692307696,0,1.0,1.0
nazario5_001904_ec4fd0f017ac,1,phishing,tpl_ab69bd69bd7b3163,train,0,0,2,4,4,1,0.07213930348258707,1,1.0,1.0
nazario5_001905_44896b2fbd0a,1,phishing,tpl_9b1f8154329305d9,train,0,0,5,14,14,0,0.1089171974522293,0,1.0,1.0
nazario5_001906_f87254599fc3,1,phishing,tpl_77f9be34679b4aa9,train,0,0,1,0,0,0,0.7628205128205128,0,1.0,1.0
nazario5_001910_1c85dfd3852b,1,phishing,tpl_c5c62cf33fab0589,train,0,0,7,6,8,5,0.11165523996082272,0,1.0,1.0
nazario5_001911_20fcbf57a303,1,phishing,tpl_c5ee748c25ebd3c2,train,2,0,2,7,6,0,0.14511041009463724,0,1.0,1.0
nazario5_001912_a67db73aa905,1,phishing,tpl_6aaca3c15b4334a1,train,0,0,0,5,2,0,0.05583756345177665,0,1.0,1.0
nazario5_001913_86a120a73cf9,1,phishing,tpl_2341101e4c178dea,train,0,0,2,2,8,0,0.09746328437917223,0,1.0,1.0
nazario5_001914_83ca42480ad1,1,phishing,tpl_2849350cdd111b21,train,0,0,4,2,8,0,0.05971277399848828,0,1.0,1.0
nazario5_001915_8c6cb22069e5,1,phishing,tpl_9ea6cf461ba84ad6,train,1,0,3,1,2,10,0.04918032786885246,2,1.0,1.0
nazario5_001918_a0522c91f206,1,phishing,tpl_4587be9254afbb0a,train,0,0,2,3,4,0,0.05309734513274336,0,1.0,1.0
nazario5_001920_f65704ca5078,1,phishing,tpl_d1867cda925c2880,train,0,0,0,1,4,0,0.045307443365695796,0,1.0,1.0
nazario5_001924_3045ba3cdf27,1,phishing,tpl_ac76fd066a00616e,train,0,0,3,1,2,6,0.1623931623931624,0,1.0,1.0
nazario5_001925_db47bae888ba,1,phishing,tpl_5ddfbc6641a10f44,train,0,0,1,9,9,1,0.12883435582822086,0,1.0,1.0
nazario5_001926_da784f65c2f9,1,phishing,tpl_f3d8e687040f1078,train,0,0,5,8,4,0,0.07897934386391252,3,1.0,1.0
nazario5_001927_419a7737e17a,1,phishing,tpl_61fc2b4caaed2739,train,1,0,2,14,9,20,0.07042253521126761,2,1.0,1.0
nazario5_001931_103c654efdae,1,phishing,tpl_722a33aca6603004,train,0,0,1,2,3,0,0.08695652173913043,1,1.0,1.0
nazario5_001934_2898aab86909,1,phishing,tpl_da224d29e88c3411,train,0,0,4,5,6,0,0.10173160173160173,0,1.0,1.0
nazario5_001935_a98045e61946,1,phishing,tpl_e1f4145d89d363b4,train,1,0,0,2,4,1,0.14552736982643524,0,1.0,1.0
nazario5_001936_9b6ddf2ec702,1,phishing,tpl_cd0b3e8bff5c616f,train,0,0,0,21,2,0,0.12368815592203898,2,1.0,1.0
nazario5_001937_69ad1a2ffab5,1,phishing,tpl_6a6e36eecd1b5797,train,0,0,1,6,10,0,0.06179775280898876,0,1.0,1.0
nazario5_001938_6e0a37b55571,1,phishing,tpl_ceac7d47a73eb10f,train,0,0,5,4,4,12,0.1319910514541387,0,1.0,1.0
nazario5_001939_051693e71d48,1,phishing,tpl_acfdf414f80096a7,train,0,0,4,8,12,0,0.052434456928838954,0,1.0,1.0
nazario5_001940_2b6179c405b1,1,phishing,tpl_c841cd219ca0a6f1,train,0,0,0,2,2,0,0.088,0,1.0,1.0
nazario5_001941_b7393b75b9a0,1,phishing,tpl_dc462bbebb2223d2,train,0,0,2,16,8,0,0.09404990403071017,3,1.0,1.0
nazario5_001942_0415c676ee81,1,phishing,tpl_a1678e03b3b4fdcd,train,0,0,2,26,20,12,0.13126602937747728,0,1.0,1.0
nazario5_001943_1f22317c839d,1,phishing,tpl_8d5a33206dd7eef4,train,0,0,0,0,2,0,0.3156626506024096,0,1.0,1.0
nazario5_001944_c3e0754c7036,1,phishing,tpl_a20140a33164621b,train,0,0,2,7,12,3,0.04436860068259386,1,1.0,1.0
nazario5_001948_0c81fcdc7e63,1,phishing,tpl_10ba4907b8c731cb,train,0,0,0,8,11,0,0.05473684210526316,1,1.0,1.0
nazario5_001949_6086ba4d37b1,1,phishing,tpl_271edb7aef81c618,train,0,0,0,0,0,1,0.24242424242424243,0,1.0,1.0
nazario5_001950_f467c2586a3f,1,phishing,tpl_6093a5ebadfd580d,train,0,0,0,4,5,0,0.03980099502487562,0,1.0,1.0
nazario5_001953_0e18f1f947d4,1,phishing,tpl_2381da7b4f1c3e26,train,0,0,4,17,8,0,0.10108864696734059,0,1.0,1.0
nazario5_001955_29c3349b5bcc,1,phishing,tpl_466513a9845228d9,train,0,0,0,11,4,4,0.10348360655737705,2,1.0,1.0
nazario5_001956_59e60e3616ed,1,phishing,tpl_9422c603977377e0,train,0,0,2,4,8,0,0.09761388286334056,0,1.0,1.0
nazario5_001957_d6de78352b9e,1,phishing,tpl_e4de41ddb0b4e4a3,train,1,0,0,1,0,3,0.14285714285714285,1,1.0,1.0
nazario5_001958_17abc66c24b1,1,phishing,tpl_4926a173fc5bed24,train,2,0,0,2,7,7,0.21623335447051364,2,1.0,1.0
nazario5_001961_0e65988cd7b5,1,phishing,tpl_a7b83825a6e755c5,train,0,0,4,8,0,0,0.12280701754385964,0,1.0,1.0
nazario5_001963_a4e7f7cb2464,1,phishing,tpl_c58fbd6f8df1967f,train,0,0,0,5,6,0,0.1464968152866242,0,1.0,1.0
nazario5_001964_3b27d18b6a6a,1,phishing,tpl_04dd759ac3ff35dc,train,2,0,0,4,3,0,0.05263157894736842,0,1.0,1.0
nazario5_001965_1fe50f37de35,1,phishing,tpl_85e31b05231ed249,train,0,0,2,13,8,0,0.060142711518858305,0,1.0,1.0
nazario5_001966_84b0bf805eed,1,phishing,tpl_9d24d91641f99a0f,train,0,0,4,24,21,14,0.07728285077951003,0,1.0,1.0
nazario5_001968_25f58264a43f,1,phishing,tpl_aee3a5c8ee4bf04c,train,0,0,2,20,7,41,0.10273972602739725,0,1.0,1.0
nazario5_001969_bf6df262af9d,1,phishing,tpl_a0e3c2b07442686e,train,0,0,0,13,8,0,0.0759493670886076,0,1.0,1.0
nazario5_001970_3be5e405162a,1,phishing,tpl_092c0b2b7d0304be,train,0,0,3,2,5,0,0.0797979797979798,4,1.0,1.0
nazario5_001971_5bd790cfd1fe,1,phishing,tpl_54c9226afbc2cf01,train,0,0,2,4,6,0,0.1127348643006263,0,1.0,1.0
nazario5_001972_eb255491cead,1,phishing,tpl_ebccab6c4ce47bb0,train,0,0,0,6,0,0,0.11695906432748537,2,1.0,1.0
nazario5_001974_11ed86b8704b,1,phishing,tpl_660536ae4e8a6c84,train,0,0,0,0,2,2,0.08951406649616368,2,1.0,1.0
nazario5_001976_bf97645f0171,1,phishing,tpl_3fabd7e451484c22,train,0,0,2,4,6,0,0.10557184750733138,0,1.0,1.0
nazario5_001977_7fda39213d13,1,phishing,tpl_5fb82fcd258137f0,train,0,0,2,4,1,0,0.31715210355987056,0,1.0,1.0
nazario5_001978_35c357910a26,1,phishing,tpl_5594ac7de233906b,train,0,0,3,9,17,2,0.06674272675413577,1,1.0,1.0
nazario5_001979_6c86a71c7d4a,1,phishing,tpl_b72d39ce03042074,train,4,0,0,17,13,25,0.136986301369863,0,1.0,1.0
nazario5_001985_892f7583f02c,1,phishing,tpl_f5a2ec373f833bb2,train,0,0,2,2,2,0,0.027206370272063702,0,1.0,1.0
nazario5_001986_3f3fc311daca,1,phishing,tpl_6142daa6ed644356,train,0,0,4,6,4,16,0.0922722029988466,0,1.0,1.0
nazario5_001987_38ad0302b17d,1,phishing,tpl_57b8947af38dae1a,train,0,0,0,0,7,10,0.0631704410011919,0,1.0,1.0
nazario5_001988_2908ae7a9793,1,phishing,tpl_3d34119eb3ad0dfd,train,0,0,1,5,4,0,0.1105092091007584,0,1.0,1.0
nazario5_001990_e1d8ef9701ae,1,phishing,tpl_a04685607be37257,train,0,0,4,6,4,13,0.09210526315789473,0,1.0,1.0
nazario5_001991_fa43200b44d7,1,phishing,tpl_a92388dc9bb79888,train,0,0,1,2,3,0,0.11377245508982035,0,1.0,1.0
nazario5_001992_41e6d40be162,1,phishing,tpl_53a9d3402b16c6b1,train,0,0,7,8,10,4,0.1224366706875754,0,1.0,1.0
nazario5_001993_da1c40bed8ae,1,phishing,tpl_d7d59295354aed0e,train,0,0,0,0,3,0,0.11428571428571428,0,1.0,1.0
nazario5_001994_e6aaf197f6a5,1,phishing,tpl_b59e3985b2dae44a,train,1,0,1,0,2,0,0.08017492711370262,0,1.0,1.0
nazario5_001996_8af939694b67,1,phishing,tpl_d894ecab62160cb4,train,2,0,0,0,4,7,0.08796296296296297,0,1.0,1.0
nazario5_001997_4a6067c77c14,1,phishing,tpl_c793acc96b801ea7,train,0,0,0,10,8,0,0.1362862010221465,0,1.0,1.0
nazario5_001998_2c64fd1c9477,1,phishing,tpl_7e06d7a41870a398,train,4,0,1,2,0,0,0.12962962962962962,0,1.0,1.0
nazario5_001999_a3d4a5ab669d,1,phishing,tpl_8045310db406f6f4,train,0,0,1,0,6,4,0.04838709677419355,0,1.0,1.0
nazario5_002000_24619511ca62,1,phishing,tpl_16c8f5ad24041e60,train,0,0,3,16,8,6,0.11980306345733041,0,1.0,1.0
nazario5_002001_c269a89ba1e9,1,phishing,tpl_d3b5271ca6dbe8a1,train,0,0,4,10,5,0,0.34782608695652173,4,1.0,1.0
nazario5_002003_a0248c5c2e55,1,phishing,tpl_1906397b5fce5428,train,4,0,2,9,3,1,0.058664259927797835,0,1.0,1.0
nazario5_002004_4a4ff336c2e4,1,phishing,tpl_f0139668b8e8ff1c,train,1,0,0,9,6,6,0.06224489795918367,0,1.0,1.0
nazario5_002007_1373de9562df,1,phishing,tpl_4051969df77e620b,train,0,0,2,7,2,0,0.031746031746031744,0,1.0,1.0
nazario5_002008_db49923047c2,1,phishing,tpl_922287d9816550a8,train,0,0,0,1,12,0,0.06097560975609756,0,1.0,1.0
nazario5_002009_c3b9a9d1f9e8,1,phishing,tpl_87781b1efde04fd0,train,0,0,1,0,1,0,0.1079136690647482,0,1.0,1.0
nazario5_002010_0748cdd812ce,1,phishing,tpl_9225a8ab717bcf8a,train,0,0,0,4,5,0,0.055855855855855854,0,1.0,1.0
nazario5_002012_e4ce45780e7a,1,phishing,tpl_823bc846b455d91e,train,2,0,2,14,10,8,0.08092983211364614,0,1.0,1.0
nazario5_002013_89c5bb50f4c6,1,phishing,tpl_f78f6f34668c9d4b,train,0,0,1,0,1,0,0.10838150289017341,0,1.0,1.0
nazario5_002014_2975254b8fe0,1,phishing,tpl_1fc45ed979859e1d,train,0,0,3,6,5,0,0.046875,0,1.0,1.0
nazario5_002015_e315b3a085cf,1,phishing,tpl_0705dfc87039544f,train,2,0,4,8,10,0,0.12212943632567849,3,1.0,1.0
nazario5_002018_586aa73b3a51,1,phishing,tpl_78ddacb7f0375ee3,train,1,0,0,13,4,0,0.10054844606946983,0,1.0,1.0
nazario5_002019_a5a595170550,1,phishing,tpl_fbf651dfd59e8e65,train,0,0,5,4,0,5,0.19333333333333333,0,1.0,1.0
nazario5_002023_87671c85d78e,1,phishing,tpl_d400c5eab271de5b,train,0,0,0,2,4,0,0.07741935483870968,0,1.0,1.0
nazario5_002024_0eb9d5a9430f,1,phishing,tpl_bceaa070dc328ad8,train,0,0,2,4,5,0,0.10725552050473186,0,1.0,1.0
nazario5_002025_280a41e811e4,1,phishing,tpl_803087c4e0df196c,train,0,0,2,13,9,2,0.08023255813953488,0,1.0,1.0
nazario5_002026_569edf795b6d,1,phishing,tpl_d5527720104085e3,train,3,0,0,4,2,7,0.0380952380952381,0,1.0,1.0
nazario5_002028_507531f49582,1,phishing,tpl_649aec520c456fbc,train,0,0,2,1,0,0,0.6373626373626373,4,1.0,1.0
nazario5_002030_fb0b467c4f23,1,phishing,tpl_ab68fc7d24a8f253,train,1,0,0,5,4,10,0.09855334538878843,0,1.0,1.0
nazario5_002031_e3278f0cf671,1,phishing,tpl_98a199a4e65c279b,train,0,0,1,1,6,0,0.08333333333333333,0,1.0,1.0
nazario5_002032_0b2f3c57293e,1,phishing,tpl_ddf6be1b1694d74c,train,0,0,4,7,6,0,0.10575139146567718,0,1.0,1.0
nazario5_002033_31678a6148ae,1,phishing,tpl_4f011ac84951da38,train,1,0,1,1,6,0,0.33986928104575165,0,1.0,1.0
nazario5_002034_3cdfa6aa890d,1,phishing,tpl_be17596627183e91,train,2,0,5,11,2,15,0.2941416309362855,1,1.0,1.0
nazario5_002035_ddeadf014214,1,phishing,tpl_ab88000354c08c5d,train,2,0,3,6,11,11,0.1038961038961039,0,1.0,1.0
nazario5_002036_3c44a042c079,1,phishing,tpl_860a761546267b09,train,0,0,2,6,2,0,0.06038647342995169,0,1.0,1.0
nazario5_002037_3bbe2c64eb14,1,phishing,tpl_b2978d3c93e5088f,train,0,0,0,0,2,0,0.11051693404634581,0,1.0,1.0
nazario5_002040_de979c303dee,1,phishing,tpl_590c8c0ff639d88f,train,0,0,2,9,3,0,0.05603448275862069,0,1.0,1.0
nazario5_002041_99c840d5d9e6,1,phishing,tpl_439d3d8571863db7,train,0,0,4,6,4,2,0.12965964343598055,0,1.0,1.0
nazario5_002042_e25f8925c9bf,1,phishing,tpl_b1fc9e9c998da676,train,0,0,0,2,4,18,0.16096579476861167,0,1.0,1.0
nazario5_002043_6eb96f8f84d6,1,phishing,tpl_1f75ed6303392383,train,0,0,0,4,9,2,0.07883817427385892,0,1.0,1.0
nazario5_002044_ae668dd071a7,1,phishing,tpl_5aa1338b6faa5650,train,0,0,3,5,2,3,0.078125,0,1.0,1.0
nazario5_002045_054ef8b035b9,1,phishing,tpl_065c19d52e4e942b,train,0,0,4,8,3,0,0.06875,0,1.0,1.0
nazario5_002049_b3119cbd8bf8,1,phishing,tpl_6678b33dd568fe3f,train,0,0,0,2,2,0,0.10239651416122005,0,1.0,1.0
nazario5_002050_01492698b012,1,phishing,tpl_6a3f85f776c7aeab,train,0,0,0,10,4,3,0.14738124238733252,0,1.0,1.0
nazario5_002051_d1298265baa9,1,phishing,tpl_e7df69997cc12b77,train,0,0,1,2,2,0,0.049773755656108594,0,1.0,1.0
nazario5_002052_ba67089cb35b,1,phishing,tpl_16cdd154b67784ab,train,1,0,0,0,0,0,0.15,0,1.0,1.0
nazario5_002055_5790fc9e0f07,1,phishing,tpl_952c7eb8ad7a36ff,train,0,0,0,0,2,2,0.09917355371900827,0,1.0,1.0
nazario5_002056_a074be7d6ae2,1,phishing,tpl_d91ae9d426313906,train,2,0,2,4,4,3,0.1164021164021164,0,1.0,1.0
nazario5_002059_a6a7cfd1143a,1,phishing,tpl_d9536c9c7b13fdc6,train,0,0,0,0,1,1,0.13725490196078433,0,1.0,1.0
nazario5_002060_fbfbef04bda5,1,phishing,tpl_ad55ce7a2f09fee5,train,0,0,2,4,3,9,0.060948081264108354,0,1.0,1.0
nazario5_002061_21068af5b445,1,phishing,tpl_6f4a0c2e574c3b4b,train,0,0,4,3,7,0,0.04806786050895382,0,1.0,1.0
nazario5_002063_92111d38c386,1,phishing,tpl_0f3076069b3636a1,train,0,0,0,4,4,0,0.2320675105485232,0,1.0,1.0
nazario5_002065_69e3517f40fd,1,phishing,tpl_abea5c16792d42e5,train,0,0,3,15,8,0,0.0661625708884688,0,1.0,1.0
nazario5_002067_137742afb5b6,1,phishing,tpl_997fc556bf1f4f63,train,2,0,2,1,2,0,0.12384473197781885,0,1.0,1.0
nazario5_002068_a8bb9daa6e94,1,phishing,tpl_b47d12d65787a288,train,1,0,1,0,1,0,0.21171171171171171,1,1.0,1.0
nazario5_002069_c01ec434f6f2,1,phishing,tpl_981f0a950eb342ae,train,2,0,2,10,4,0,0.04280821917808219,2,1.0,1.0
nazario5_002070_5261b6c0034c,1,phishing,tpl_4f0e6c71574198e1,train,0,0,0,0,1,0,0.3134920634920635,0,1.0,1.0
nazario5_002071_929765d13487,1,phishing,tpl_71c8c44f364bad6c,train,0,0,0,1,2,2,0.16993464052287582,0,1.0,1.0
nazario5_002072_87cbaf19110e,1,phishing,tpl_86f6c71c3d2d11de,train,1,0,0,0,1,0,0.38427947598253276,0,1.0,1.0
nazario5_002073_d179c553d518,1,phishing,tpl_49c0381abe7930dd,train,1,0,0,0,1,0,0.3578500707213578,0,1.0,1.0
nazario5_002074_73b4e71c5848,1,phishing,tpl_9a6e1c103c71b1a1,train,0,0,0,6,0,6,0.6048237476808905,0,1.0,1.0
nazario5_002075_e43221cb5723,1,phishing,tpl_9719eac6c7918ffe,train,1,0,0,0,1,0,0.32642487046632124,0,1.0,1.0
nazario5_002076_33918085fb0f,1,phishing,tpl_44798e5b02be9c23,train,0,0,1,0,1,0,0.33648393194706994,0,1.0,1.0
nazario5_002077_3db84a954d55,1,phishing,tpl_5ebb2d68912b010f,train,0,0,1,6,6,0,0.1239193083573487,0,1.0,1.0
nazario5_002080_de930a2d1170,1,phishing,tpl_5ffc1bedf02bcae5,train,0,0,0,6,4,11,0.06451612903225806,0,1.0,1.0
nazario5_002081_174de679db13,1,phishing,tpl_31f754883ae6a0c7,train,0,0,0,0,0,0,0.22033898305084745,0,1.0,1.0
nazario5_002082_6cc0c88f4611,1,phishing,tpl_978e7851145e7bbd,train,0,0,0,2,8,0,0.08695652173913043,0,1.0,1.0
nazario5_002083_5d5c2061ec42,1,phishing,tpl_4ee6f5e7be2a82f3,train,0,0,0,7,8,4,0.11124769514443761,0,1.0,1.0
nazario5_002085_b48d0bbcb8b4,1,phishing,tpl_3a8f26cd5e9b570d,train,2,0,0,6,7,0,0.06627218934911243,2,1.0,1.0
nazario5_002087_0a75eb84db58,1,phishing,tpl_33369e944294b08c,train,2,0,3,8,8,0,0.055168040583386174,0,1.0,1.0
nazario5_002088_78c081e87ab5,1,phishing,tpl_96308159ed7381f7,train,0,0,6,1,0,0,0.0378619153674833,0,1.0,1.0
nazario5_002089_0c24f3507e67,1,phishing,tpl_7339e821ff53c118,train,0,0,3,0,10,2,0.06539173349784085,0,1.0,1.0
nazario5_002090_740e0e37a1ae,1,phishing,tpl_9ae03b1eb62d2fda,train,0,0,4,3,3,0,0.09233449477351917,0,1.0,1.0
nazario5_002091_997295c1f28c,1,phishing,tpl_a8d5b72eaccc1105,train,0,0,0,0,4,0,0.10040160642570281,0,1.0,1.0
nazario5_002092_1516ee01a9b1,1,phishing,tpl_1e6b04347f8e2bba,train,0,0,4,6,2,0,0.03442622950819672,1,1.0,1.0
nazario5_002094_09c55889cd79,1,phishing,tpl_dbd25497766d9747,train,0,0,3,5,7,0,0.06451612903225806,4,1.0,1.0
nazario5_002095_0c4d6edddd60,1,phishing,tpl_867f3d5b78ea716e,train,0,0,0,2,6,13,0.1568627450980392,0,1.0,1.0
nazario5_002096_d29f9a0ae472,1,phishing,tpl_cf8757d05f06ca0c,train,0,0,5,0,11,0,0.058365758754863814,0,1.0,1.0
nazario5_002097_6c35a5c9b71f,1,phishing,tpl_cb633d458220f654,train,0,0,0,0,10,0,0.09442724458204334,0,1.0,1.0
nazario5_002098_1a41f4b83790,1,phishing,tpl_ddbe05bf50b8dc99,train,0,0,2,10,13,0,0.0695970695970696,0,1.0,1.0
nazario5_002100_c0713c43fade,1,phishing,tpl_803333e267316c22,train,0,0,1,6,9,3,0.02361111111111111,0,1.0,1.0
nazario5_002101_6cf908550cf2,1,phishing,tpl_6d75e3ad42de0277,train,0,0,2,3,3,0,0.21180555555555555,0,1.0,1.0
nazario5_002102_15f6b0aac9a7,1,phishing,tpl_36d17b1184f4c520,train,0,0,7,4,0,0,0.07303974221267455,0,1.0,1.0
nazario5_002103_9c33e0bb7914,1,phishing,tpl_0091806e845c4744,train,0,0,0,3,8,0,0.19553072625698323,4,1.0,1.0
nazario5_002105_b4e702f5c055,1,phishing,tpl_40eeff00ed68663a,train,0,0,15,23,6,0,0.08667917448405253,0,1.0,1.0
nazario5_002106_6813c30d2d7c,1,phishing,tpl_dfd326c4978464ff,train,0,0,2,3,3,1,0.06396588486140725,0,1.0,1.0
nazario5_002108_a18c55d38216,1,phishing,tpl_db0ba3c030db1c42,train,0,0,17,23,2,0,0.0832969908416921,0,1.0,1.0
nazario5_002109_f93bba39df0e,1,phishing,tpl_fedb1c13c6e484df,train,0,0,0,10,6,0,0.04600484261501211,0,1.0,1.0
nazario5_002110_664439d50c3d,1,phishing,tpl_0ef76d7cf56635c9,train,0,0,2,3,2,1,0.04381443298969072,0,1.0,1.0
nazario5_002113_78a656200783,1,phishing,tpl_232be1427483ff2d,train,0,0,0,0,6,2,0.17580872011251758,0,1.0,1.0
nazario5_002114_b48dbb17d8e2,1,phishing,tpl_c32792100d731ad4,train,0,0,3,6,4,3,0.06178489702517163,6,1.0,1.0
nazario5_002115_92f9dc419915,1,phishing,tpl_89dcf0e85a61edfd,train,0,0,1,1,0,0,0.06910569105691057,0,1.0,1.0
nazario5_002116_cba69ad641a8,1,phishing,tpl_2d46dae821ff3ddc,train,0,0,4,9,10,0,0.08603491271820449,0,1.0,1.0
nazario5_002118_1cc3566fffd0,1,phishing,tpl_c07d125caccf029e,train,0,0,0,0,2,4,0.1454183266932271,0,1.0,1.0
nazario5_002123_67b3f488bdd0,1,phishing,tpl_3ea83e3e0b434502,train,0,0,3,10,6,0,0.06056527590847914,0,1.0,1.0
nazario5_002125_114c7bf7746e,1,phishing,tpl_43a0e801b5bce9c5,train,0,0,3,6,5,0,0.07075471698113207,0,1.0,1.0
nazario5_002126_2148e786fd5d,1,phishing,tpl_571c58fd9c22bef5,train,2,0,4,0,4,5,0.06212204507971413,3,1.0,1.0
nazario5_002127_a75c17535166,1,phishing,tpl_9ae2d73832888653,train,0,0,2,7,8,0,0.10910354412786658,0,1.0,1.0
nazario5_002128_cb1a0a091693,1,phishing,tpl_bde82a1bf857b921,train,0,0,0,1,2,0,0.106,0,1.0,1.0
nazario5_002130_bf5ecdf60b83,1,phishing,tpl_4114667304a201bb,train,0,0,2,5,4,0,0.11070110701107011,0,1.0,1.0
nazario5_002131_ef68196f7bd3,1,phishing,tpl_3ed622c091cf901d,train,0,0,2,6,4,0,0.09730848861283643,0,1.0,1.0
nazario5_002133_dd81eb9e3350,1,phishing,tpl_db131639768e66c3,train,8,0,0,43,12,0,0.06844783715012723,2,1.0,1.0
nazario5_002134_2f274bee3467,1,phishing,tpl_d0f946a9d5f7f9eb,train,1,0,0,0,10,9,0.1678224687933426,0,1.0,1.0
nazario5_002135_7f1461197032,1,phishing,tpl_c14ea38b9eb81e92,train,0,0,0,0,0,2,0.11827956989247312,0,1.0,1.0
nazario5_002136_7f8e423df1f3,1,phishing,tpl_c67779955ac52c02,train,0,0,1,2,3,0,0.0674373795761079,0,1.0,1.0
nazario5_002138_7be27f734eae,1,phishing,tpl_c9f5cbb5202fb81a,train,0,0,4,25,38,15,0.06923076923076923,0,1.0,1.0
nazario5_002140_4ef19c65f239,1,phishing,tpl_08b60dd62b644df1,train,0,0,0,6,4,0,0.050880626223091974,0,1.0,1.0
nazario5_002142_0d34805827cf,1,phishing,tpl_72bc142ce0c8882c,train,0,0,1,5,1,0,0.1371841155234657,0,1.0,1.0
nazario5_002143_8aaea9d05c3a,1,phishing,tpl_c4107a3370ddae8c,train,0,0,2,1,1,0,0.0708502024291498,0,1.0,1.0
nazario5_002144_28a8c0206850,1,phishing,tpl_79b556b6dfa43c3f,train,0,0,0,0,0,0,0.08087615838247683,0,1.0,1.0
nazario5_002146_20516302dec1,1,phishing,tpl_7e0a481f13613cec,train,0,0,0,7,4,0,0.10578842315369262,3,1.0,1.0
nazario5_002147_d115d3cabab6,1,phishing,tpl_48ee5226c0fca3d8,train,0,0,0,0,7,0,0.15723270440251572,3,1.0,1.0
nazario5_002148_8d57da88a93f,1,phishing,tpl_291182d7fde952ca,train,0,0,0,5,2,3,0.1650943396226415,0,1.0,1.0
nazario5_002149_107fae2a1990,1,phishing,tpl_9307c6e40ff87f86,train,0,0,2,2,0,0,0.04723346828609987,0,1.0,1.0
nazario5_002150_26f2074f178f,1,phishing,tpl_2bfbaf2c6a70e01b,train,0,0,0,2,4,0,0.03768115942028986,0,1.0,1.0
nazario5_002151_0f97098ca4fe,1,phishing,tpl_73704986a6d6173d,train,0,0,0,3,3,0,0.061946902654867256,0,1.0,1.0
nazario5_002152_f4ad39eb30ae,1,phishing,tpl_b2319a6964c83a32,train,1,0,4,17,21,13,0.08378910522861518,1,1.0,1.0
nazario5_002154_28b477cc33b7,1,phishing,tpl_e3564111e0d0955f,train,0,0,2,4,0,0,0.08134920634920635,2,1.0,1.0
nazario5_002156_30a4b39d6ec6,1,phishing,tpl_ad3acb76725b905c,train,0,0,0,13,5,11,0.17628705148205928,0,1.0,1.0
nazario5_002157_162b169eebdc,1,phishing,tpl_2b25337bddd4d5d8,train,0,0,0,2,3,2,0.05841121495327103,0,1.0,1.0
nazario5_002158_3cecdbf4d33a,1,phishing,tpl_2a7c6d86b5c3ddcf,train,0,0,1,6,7,0,0.10334788937409024,0,1.0,1.0
nazario5_002159_9bcad75a67c5,1,phishing,tpl_3768f00e14c76bb3,train,0,0,2,8,6,0,0.08745247148288973,2,1.0,1.0
nazario5_002160_b80f5590acdf,1,phishing,tpl_c980d4d6739456f1,train,0,0,1,1,2,0,0.104,0,1.0,1.0
nazario5_002162_06a60e71266b,1,phishing,tpl_5ca44c7cdf8139bd,train,0,0,1,4,4,0,0.039634146341463415,0,1.0,1.0
nazario5_002164_a0df6a2a019e,1,phishing,tpl_a080a16a091c268d,train,0,0,0,1,11,0,0.07434944237918216,4,1.0,1.0
nazario5_002165_0d9b952caee5,1,phishing,tpl_293bda409adc80a8,train,0,0,0,0,8,0,0.044573643410852716,0,1.0,1.0
nazario5_002166_cc93dab8d7d4,1,phishing,tpl_64fdb04f61a4d8d9,train,0,0,0,0,7,0,0.09273570324574962,0,1.0,1.0
nazario5_002167_4ff2bad25194,1,phishing,tpl_cdf04c260d709710,train,0,0,1,4,5,0,0.03917525773195876,4,1.0,1.0
nazario5_002169_7d248b953624,1,phishing,tpl_37759543fb51cc4b,train,0,0,2,15,4,0,0.05481120584652863,2,1.0,1.0
nazario5_002170_9a303e90da39,1,phishing,tpl_63cf379f1d73d5b2,train,0,0,3,0,5,0,0.03967446592065107,0,1.0,1.0
nazario5_002171_ad86a9628887,1,phishing,tpl_7ce26c99f265d6db,train,0,0,1,6,2,1,0.05714285714285714,1,1.0,1.0
nazario5_002172_9e42cd487db3,1,phishing,tpl_7a05895306e19955,train,0,0,0,4,1,0,0.13930348258706468,0,1.0,1.0
nazario5_002173_8d9fa58a2f58,1,phishing,tpl_c321e0acdbe3b358,train,0,0,0,6,6,0,0.080338266384778,1,1.0,1.0
nazario5_002174_d9f0679306a6,1,phishing,tpl_748150927b424360,train,2,0,2,15,6,8,0.10062370062370063,0,1.0,1.0
nazario5_002175_d60c7b0215b9,1,phishing,tpl_47f68439e4936738,train,0,0,1,11,6,20,0.1411351079859367,0,1.0,1.0
nazario5_002177_58ba90cd2065,1,phishing,tpl_09f743a156069431,train,0,0,1,5,1,0,0.2511013215859031,0,1.0,1.0
nazario5_002178_22dce8e6e4dd,1,phishing,tpl_b9b1554a8d7a1547,train,0,0,0,5,2,3,0.0979498861047836,2,1.0,1.0
nazario5_002179_cfe9b699136d,1,phishing,tpl_ad6dd30ce6442b0d,train,0,0,2,8,8,0,0.051833122629582805,0,1.0,1.0
nazario5_002180_5f3c7ef8dedf,1,phishing,tpl_d4fbf534dc10b84a,train,0,0,4,6,2,0,0.029097387173396674,0,1.0,1.0
nazario5_002181_32a27f8afbe2,1,phishing,tpl_d370668fb3519a86,train,0,0,5,4,4,2,0.03556485355648536,0,1.0,1.0
nazario5_002182_d619990a90a0,1,phishing,tpl_e8c83d2fabf10c2d,train,0,0,9,2,4,0,0.04835164835164835,1,1.0,1.0
nazario5_002183_ae8ac69ca120,1,phishing,tpl_7c9e3ff8c9c06dfa,train,0,0,0,0,2,6,0.3342541436464088,1,1.0,1.0
nazario5_002185_da523a166d86,1,phishing,tpl_e53631108ebfe1ec,train,0,0,2,1,1,0,0.06810035842293907,0,1.0,1.0
nazario5_002186_e67fb9c92c3f,1,phishing,tpl_0d7e3da0ec915d04,train,0,0,4,0,4,0,0.1210762331838565,0,1.0,1.0
nazario5_002188_0acbab3c19c1,1,phishing,tpl_f863de1b6db57fa8,train,0,0,0,9,9,0,0.09377093101138648,0,1.0,1.0
nazario5_002189_d776c2620130,1,phishing,tpl_3749946d289fcb39,train,0,0,0,0,4,1,0.1309255079006772,0,1.0,1.0
nazario5_002190_fc7709bfffe9,1,phishing,tpl_0d682de26dd894e1,train,0,0,2,4,6,0,0.06090133982947625,0,1.0,1.0
nazario5_002192_2f85c8055146,1,phishing,tpl_bd8149bb39c799e3,train,0,0,0,0,15,2,0.07573415765069552,0,1.0,1.0
nazario5_002193_bfd642ee8273,1,phishing,tpl_a8a4396183dddac7,train,0,0,3,6,4,0,0.14336917562724014,2,1.0,1.0
nazario5_002194_2078dc0b018e,1,phishing,tpl_2de6081bbd64bb8e,train,0,0,0,0,5,2,0.1518324607329843,0,1.0,1.0
nazario5_002196_f4b1fe10ca8c,1,phishing,tpl_93942e4dfa84d8d1,train,0,0,0,5,3,0,0.05025125628140704,0,1.0,1.0
nazario5_002197_d616e6365c3a,1,phishing,tpl_7ec2fe39ebda385d,train,0,0,0,6,3,0,0.03931203931203931,0,1.0,1.0
nazario5_002198_91200dd7f9c9,1,phishing,tpl_8232e30bb30f31e4,train,0,0,0,11,0,0,0.08948004836759371,0,1.0,1.0
nazario5_002199_74e31a5ff4fa,1,phishing,tpl_22a50ed3b245ac2d,train,0,0,2,6,5,0,0.12652068126520682,0,1.0,1.0
nazario5_002200_888feb243048,1,phishing,tpl_362dd0a51d319486,train,0,0,1,2,5,0,0.06188925081433225,0,1.0,1.0
nazario5_002201_92a7b6673bdf,1,phishing,tpl_c7dec8da88e342eb,train,0,0,1,4,7,0,0.07161803713527852,0,1.0,1.0
nazario5_002202_9575638728fc,1,phishing,tpl_0fdb36c7011678a3,train,0,0,3,10,6,0,0.06871345029239766,0,1.0,1.0
nazario5_002204_5a8f4241fa0b,1,phishing,tpl_40b1e66c9a135502,train,0,0,0,6,2,2,0.10112359550561797,0,1.0,1.0
nazario5_002205_03b9afea0538,1,phishing,tpl_68f25b9919de3545,train,0,0,2,4,3,0,0.04540481400437637,2,1.0,1.0
nazario5_002206_19265b18449a,1,phishing,tpl_44563928767a351e,train,0,0,1,6,6,0,0.07665505226480836,0,1.0,1.0
nazario5_002207_31b4b683d637,1,phishing,tpl_6715601140884938,train,1,0,2,8,8,0,0.027632291854795016,89,1.0,1.0
nazario5_002208_a04b1584df59,1,phishing,tpl_33c85aa65a1ec463,train,0,0,0,3,7,4,0.11147186147186147,0,1.0,1.0
nazario5_002209_780b5f2050cc,1,phishing,tpl_85c42c11e7d76f79,train,0,0,1,4,1,0,0.09541984732824428,1,1.0,1.0
nazario5_002210_3cd244b9aa7e,1,phishing,tpl_4837f1444754c1c5,train,0,0,0,0,2,0,0.08778625954198473,0,1.0,1.0
nazario5_002212_967c2cbe3a7b,1,phishing,tpl_b41066fb487ed624,train,0,0,2,8,3,0,0.07241379310344828,0,1.0,1.0
nazario5_002213_aef6312ceba8,1,phishing,tpl_c51939a909542fe9,train,0,0,0,7,0,0,0.03938730853391685,0,1.0,1.0
nazario5_002214_c87c8fe923f9,1,phishing,tpl_b23bd290fa08af96,train,0,0,7,8,6,0,0.07703488372093023,0,1.0,1.0
nazario5_002218_a363b7d5c6c7,1,phishing,tpl_462a72136fd8dd66,train,0,0,1,1,2,1,0.10457516339869281,0,1.0,1.0
nazario5_002220_a747527ca36c,1,phishing,tpl_2bca19168c7c55fd,train,0,0,0,7,8,0,0.10652173913043478,0,1.0,1.0
nazario5_002221_1cdec0af8dbc,1,phishing,tpl_657509b3411729cb,train,2,0,2,8,7,0,0.08482142857142858,0,1.0,1.0
nazario5_002223_f472b1c57e14,1,phishing,tpl_7809920a4b0bc354,train,0,0,2,11,6,2,0.0857843137254902,0,1.0,1.0
nazario5_002225_6ebcfacc2031,1,phishing,tpl_a7ca87007af0c3b0,train,0,0,0,6,3,0,0.04895104895104895,1,1.0,1.0
nazario5_002227_b91562ac0cfa,1,phishing,tpl_2cf75e5a57423505,train,0,0,0,2,0,8,0.22459016393442624,0,1.0,1.0
nazario5_002230_070ff8111698,1,phishing,tpl_c72a718ed00e547c,train,2,0,0,4,4,0,0.06517690875232775,0,1.0,1.0
nazario5_002231_af4cb820e021,1,phishing,tpl_129b34f66cbc15f3,train,0,0,3,2,2,0,0.09791666666666667,0,1.0,1.0
nazario5_002232_9a24463e5743,1,phishing,tpl_85b2b0c639c3769e,train,1,0,6,14,29,0,0.10050983248361253,0,1.0,1.0
nazario5_002234_740026c12f82,1,phishing,tpl_02032eba4799dc20,train,0,0,0,4,2,0,0.1366742596810934,0,1.0,1.0
nazario5_002235_749b99849ea4,1,phishing,tpl_68933fd8a6c8d0d5,train,0,0,0,0,0,0,0.17777777777777778,1,1.0,1.0
nazario5_002236_9e9b727e3385,1,phishing,tpl_d52d8f6619bcf9ae,train,0,0,0,3,0,15,0.12954876273653565,0,1.0,1.0
nazario5_002237_4627f011d3d7,1,phishing,tpl_e0dc06bee4e9ce92,train,0,0,0,0,1,0,0.07446808510638298,0,1.0,1.0
nazario5_002238_cb964c8dd0da,1,phishing,tpl_10b13ffac7a1cf18,train,0,0,2,22,4,0,0.0712,3,1.0,1.0
nazario5_002239_d18eb7be2edd,1,phishing,tpl_7380ef330ee2eb10,train,0,0,1,4,9,4,0.025373134328358207,0,1.0,1.0
nazario5_002240_6cafcf57b000,1,phishing,tpl_7f5045e500990349,train,2,0,4,12,7,0,0.055284552845528454,1,1.0,1.0
nazario5_002241_d7216bdc1f86,1,phishing,tpl_0b0d5319a12333a0,train,0,0,0,0,14,2,0.15129682997118155,0,1.0,1.0
nazario5_002242_732be5619a4e,1,phishing,tpl_50d9ef12295d704b,train,0,0,0,3,1,0,0.07575757575757576,0,1.0,1.0
nazario5_002243_1a870529823d,1,phishing,tpl_311fed1bd563ff6f,train,0,0,3,0,0,0,0.17105263157894737,0,1.0,1.0
nazario5_002244_196d717a21a9,1,phishing,tpl_e4bb554e4956ff65,train,0,0,0,0,0,0,0.14035087719298245,0,1.0,1.0
nazario5_002247_8d39444e68a7,1,phishing,tpl_77fbfdacfb4c4148,train,0,0,2,2,4,0,0.11204481792717087,0,1.0,1.0
nazario5_002248_50544dcf307c,1,phishing,tpl_4544c72b85429416,train,0,0,0,16,8,0,0.11071849234393404,0,1.0,1.0
nazario5_002249_f76a6433ec97,1,phishing,tpl_ee48b0d327155c87,train,0,0,2,0,2,0,0.2720306513409962,0,1.0,1.0
nazario5_002250_a3e369f51a72,1,phishing,tpl_cdf490ff4995854f,train,0,0,0,2,0,0,0.030508474576271188,1,1.0,1.0
nazario5_002251_6b765dbccfb5,1,phishing,tpl_0383f8023d5db840,train,0,0,3,34,41,24,0.06800573888091822,0,1.0,1.0
nazario5_002252_a830eeb2c5e0,1,phishing,tpl_cb2d623dba2aef2c,train,0,0,2,8,8,0,0.09232480533926585,2,1.0,1.0
nazario5_002254_a83ce3438541,1,phishing,tpl_f20bdf55ffb5fb1a,train,0,0,0,4,8,0,0.06507936507936508,0,1.0,1.0
nazario5_002255_d440cbfd1e40,1,phishing,tpl_baf531009c302da6,train,0,0,2,4,11,0,0.09686609686609686,6,1.0,1.0
nazario5_002256_7c70a79a2dda,1,phishing,tpl_0efa1156c4578dac,train,0,0,0,0,4,2,0.0967741935483871,4,1.0,1.0
nazario5_002257_abf3fca4b4a6,1,phishing,tpl_41dc4c7c0fe600ce,train,0,0,1,2,1,0,0.46153846153846156,2,1.0,1.0
nazario5_002258_26517f724e45,1,phishing,tpl_3f044e2015e7662f,train,0,0,2,2,4,2,0.07580082461148113,0,1.0,1.0
nazario5_002259_952ada8c1993,1,phishing,tpl_1ea97a279a59edec,train,0,0,0,0,0,0,0.027596588058203714,0,1.0,1.0
nazario5_002260_7ef2d6c493fb,1,phishing,tpl_0d5e89e8a57b56da,train,0,0,0,0,3,0,0.034739454094292806,0,1.0,1.0
nazario5_002261_8e73047b44a8,1,phishing,tpl_b5c748584199038e,train,0,0,2,0,3,0,0.07547169811320754,0,1.0,1.0
nazario5_002265_95ff0d0186d5,1,phishing,tpl_64b09d543f169c60,train,0,0,2,0,2,0,0.11494252873563218,2,1.0,1.0
nazario5_002267_36b2978b381c,1,phishing,tpl_6040b7e01392d6be,train,0,0,0,3,1,0,0.10548523206751055,0,1.0,1.0
nazario5_002268_ff96ca73fd4d,1,phishing,tpl_32690dfeb568e30f,train,0,0,2,0,10,2,0.16163141993957703,2,1.0,1.0
nazario5_002269_d8e7d84d7f83,1,phishing,tpl_08398a89bc49e358,train,0,0,3,12,4,0,0.0944527736131934,0,1.0,1.0
nazario5_002270_952555ec1ac5,1,phishing,tpl_60c921e138446488,train,0,0,0,0,11,2,0.1067849985685657,42,1.0,1.0
nazario5_002271_86346d8425e2,1,phishing,tpl_ccfef204431ba999,train,0,0,2,0,2,0,0.13398692810457516,0,1.0,1.0
nazario5_002272_59dbe80caf3c,1,phishing,tpl_af5e08ea2d606658,train,0,0,0,0,0,0,0.30612244897959184,0,1.0,1.0
nazario5_002273_5706eca312e9,1,phishing,tpl_6ba1eeb12dc3b4cf,train,0,0,4,6,2,13,0.10961214165261383,0,1.0,1.0
nazario5_002274_7ffcf5e76981,1,phishing,tpl_ec0cb18554fd615e,train,0,0,4,6,2,15,0.11711711711711711,0,1.0,1.0
nazario5_002275_8667c5ad807b,1,phishing,tpl_191d724ec6de1dc8,train,2,0,5,28,22,12,0.06898608349900597,0,1.0,1.0
nazario5_002276_a8a60ecf9c8e,1,phishing,tpl_21d86238acd12ada,train,0,0,0,0,0,0,0.09433962264150944,1,1.0,1.0
nazario5_002277_b661264271de,1,phishing,tpl_4c07a2ce4c2e6030,train,1,0,0,2,8,6,0.06310456011054813,0,1.0,1.0
nazario5_002279_db98fb954a32,1,phishing,tpl_13bb9e4149907c0b,train,0,0,2,3,0,0,0.10675381263616558,1,1.0,1.0
nazario5_002280_aa06eab29273,1,phishing,tpl_80d869118236f14e,train,1,0,2,3,7,3,0.10779082177161152,0,1.0,1.0
nazario5_002281_1078d4d022ae,1,phishing,tpl_ae53f2b9523d0290,train,0,0,8,4,7,6,0.044189852700491,0,1.0,1.0
nazario5_002283_f361882c56b9,1,phishing,tpl_06dd59d7ce6a28b0,train,0,0,0,1,3,3,0.09063444108761329,0,1.0,1.0
nazario5_002284_5b26887ef848,1,phishing,tpl_8996b17383ffa2ee,train,0,0,1,3,7,10,0.05644481887110362,1,1.0,1.0
nazario5_002286_821f71cc9dc4,1,phishing,tpl_366b3d098e053167,train,0,0,3,4,2,0,0.18559556786703602,1,1.0,1.0
nazario5_002287_639982d590d6,1,phishing,tpl_fc68c66f472c6565,train,0,0,2,5,2,0,0.09510869565217392,1,1.0,1.0
nazario5_002288_e12a256f70d4,1,phishing,tpl_6d6d969dd40cc196,train,0,0,1,0,9,0,0.059748427672955975,1,1.0,1.0
nazario5_002289_289c85e74d5d,1,phishing,tpl_6afc25ebc1321949,train,0,0,0,3,6,2,0.10110294117647059,0,1.0,1.0
nazario5_002290_643c4112f85e,1,phishing,tpl_3e8aa552b5696034,train,0,0,0,20,18,10,0.05069537909376402,0,1.0,1.0
nazario5_002291_fa380bbe1572,1,phishing,tpl_a5103b1960d27065,train,0,0,0,4,3,0,0.05084745762711865,0,1.0,1.0
nazario5_002293_a3517c759363,1,phishing,tpl_7cf93d0db3f5a952,train,0,0,3,16,4,0,0.05722070844686648,0,1.0,1.0
nazario5_002295_ac29a55e46a4,1,phishing,tpl_3178915b74a717de,train,0,0,0,4,8,0,0.07293354943273905,0,1.0,1.0
nazario5_002298_e3aad46ec425,1,phishing,tpl_077c3b4e2ad3befe,train,4,0,2,2,2,0,0.039301310043668124,0,1.0,1.0
nazario5_002300_57f87f272ada,1,phishing,tpl_18cf5398d8a288b1,train,0,0,1,1,2,0,0.09601181683899557,0,1.0,1.0
nazario5_002302_8c15ee45fd40,1,phishing,tpl_2c39037741418bba,train,0,0,1,6,4,1,0.06074074074074074,0,1.0,1.0
nazario5_002303_60cd078142f1,1,phishing,tpl_a2a2d357db3c8c52,train,0,0,0,0,14,0,0.07225433526011561,0,1.0,1.0
nazario5_002304_803f3f97f56b,1,phishing,tpl_7ab0d345e5b7a486,train,0,0,1,7,5,1,0.05263157894736842,0,1.0,1.0
nazario5_002305_1dc26f2848c0,1,phishing,tpl_2e306c033ca276f5,train,0,0,0,14,10,2,0.033385093167701864,0,1.0,1.0
nazario5_002306_76ed41ffd7d8,1,phishing,tpl_89ab68b98a8cdda9,train,2,0,0,10,8,2,0.08659217877094973,0,1.0,1.0
nazario5_002308_1dbd8018873f,1,phishing,tpl_ade1d2456789f5a4,train,0,0,0,12,14,0,0.05931417979610751,0,1.0,1.0
nazario5_002310_86c999035cd5,1,phishing,tpl_157c2d4ba4ef256a,train,0,0,1,4,5,0,0.0847145488029466,0,1.0,1.0
nazario5_002311_83f39b9525cc,1,phishing,tpl_58c7632d2bc99ecb,train,0,0,2,0,7,0,0.0967741935483871,0,1.0,1.0
nazario5_002313_955967e32a80,1,phishing,tpl_54ddcc997701a655,train,0,0,0,8,5,0,0.1550068587105624,0,1.0,1.0
nazario5_002315_18dd6af9ff37,1,phishing,tpl_f203080a5b72ed94,train,0,0,0,10,6,0,0.040229885057471264,0,1.0,1.0
nazario5_002317_e3569fb74f83,1,phishing,tpl_57e86144e1241809,train,2,0,0,11,5,0,0.04935064935064935,2,1.0,1.0
nazario5_002318_58ec407998a0,1,phishing,tpl_6e29695c23803cd8,train,0,0,4,5,1,0,0.058997050147492625,0,1.0,1.0
nazario5_002319_366c257a78ea,1,phishing,tpl_0a1f5dab4e56c280,train,0,0,0,3,3,2,0.11307420494699646,0,1.0,1.0
nazario5_002320_3347848ce2dd,1,phishing,tpl_7ca238ebf80d782f,train,0,0,0,2,4,0,0.11645569620253164,0,1.0,1.0
nazario5_002323_6953c7a35296,1,phishing,tpl_2ebdf49bd7a46d1b,train,0,0,0,7,1,0,0.1271186440677966,1,1.0,1.0
nazario5_002324_eecc87951229,1,phishing,tpl_09b80c7c542c59b2,train,0,0,0,1,1,0,0.304,0,1.0,1.0
nazario5_002326_757161aa8cd3,1,phishing,tpl_3c037bce27b0eb83,train,1,0,2,2,8,0,0.3351431391905232,0,1.0,1.0
nazario5_002327_e2fa6f90fff9,1,phishing,tpl_3932189e95a407d0,train,0,0,0,0,0,0,0.10396975425330812,0,1.0,1.0
nazario5_002328_dae628c1079e,1,phishing,tpl_593f420f9aeb4a0c,train,2,0,6,16,6,6,0.056179775280898875,0,1.0,1.0
nazario5_002330_87e8dc070c41,1,phishing,tpl_d8010999b5e7fcf7,train,0,0,2,0,13,2,0.14056224899598393,0,1.0,1.0
nazario5_002331_bd52be0c6eb3,1,phishing,tpl_6b0eea974e448ab7,train,0,0,0,0,5,0,0.5,0,1.0,1.0
nazario5_002332_c7473e650c6b,1,phishing,tpl_efd7cb2b0d4803dd,train,0,0,0,0,0,1,0.19696969696969696,0,1.0,1.0
nazario5_002333_41d037df92e2,1,phishing,tpl_396bc5532d3e8251,train,1,0,3,1,2,0,0.06134969325153374,0,1.0,1.0
nazario5_002337_681f2940cf1f,1,phishing,tpl_5d5b6f80f4f6baaf,train,0,0,0,0,4,0,0.12195121951219512,0,1.0,1.0
nazario5_002341_bb9dc5056a73,1,phishing,tpl_e9d7db380819a80f,train,0,0,0,0,5,0,0.1910569105691057,2,1.0,1.0
nazario5_002342_6fa2d68422d1,1,phishing,tpl_f3d060c75f7d3381,train,0,0,0,11,16,0,0.060816681146828845,0,1.0,1.0
nazario5_002343_4b3afc8f58b1,1,phishing,tpl_7b31493b1dedc8f7,train,0,0,0,4,5,0,0.07377049180327869,1,1.0,1.0
nazario5_002344_d14c87bbc59d,1,phishing,tpl_8928b0ddeb1d5337,train,0,0,0,0,4,13,0.16806722689075632,0,1.0,1.0
nazario5_002345_94788245d72e,1,phishing,tpl_f485ed213d63d896,train,0,0,1,9,8,0,0.06812339331619537,0,1.0,1.0
nazario5_002347_6d00089f4134,1,phishing,tpl_44415e4244f64389,train,0,0,6,12,6,0,0.0583804143126177,0,1.0,1.0
nazario5_002348_76484b0c4084,1,phishing,tpl_a4ae792c3f2faa2a,train,1,0,0,0,0,4,0.13861386138613863,0,1.0,1.0
nazario5_002349_97f775b69e3d,1,phishing,tpl_05171a5a4c28f036,train,0,0,9,11,9,10,0.06851851851851852,6,1.0,1.0
nazario5_002357_eec67b5eb6ba,1,phishing,tpl_58593e3d9fb08c9b,train,0,0,2,0,7,2,0.09326424870466321,1,1.0,1.0
nazario5_002358_8b73f472a4ac,1,phishing,tpl_99a0266559600a5a,train,0,0,0,7,4,2,0.04296875,0,1.0,1.0
nazario5_002359_5d56f84abea1,1,phishing,tpl_1a2b23208f09be9b,train,0,0,3,7,8,0,0.11440107671601615,0,1.0,1.0
nazario5_002360_74d0e1d9df19,1,phishing,tpl_dea434d40b7a58c3,train,0,0,2,6,5,0,0.15675675675675677,0,1.0,1.0
nazario5_002363_f2a941f53dd7,1,phishing,tpl_256502ba2b7439f1,train,0,0,2,2,1,0,0.1021377672209026,0,1.0,1.0
nazario5_002364_2dc576e2bfc5,1,phishing,tpl_a7ee2464487786c4,train,0,0,0,0,4,0,0.1757508342602892,0,1.0,1.0
nazario5_002367_e795ffac42b6,1,phishing,tpl_0c74ab9b0fcf802f,train,0,0,0,2,5,0,0.08048780487804878,3,1.0,1.0
nazario5_002369_f7d6a5a0d8b3,1,phishing,tpl_699834d921e0ba0b,train,0,0,0,0,0,0,0.21428571428571427,0,1.0,1.0
nazario5_002371_5321ba2e2637,1,phishing,tpl_cdad404f425a9c48,train,0,0,0,1,0,7,0.1464968152866242,0,1.0,1.0
nazario5_002375_cbe1d16ecd3b,1,phishing,tpl_2a4ed75c4b7950ef,train,0,0,1,6,9,0,0.13761467889908258,1,1.0,1.0
nazario5_002377_95333f19fc66,1,phishing,tpl_57f43488d38e6026,train,0,0,0,0,7,2,0.09295774647887324,1,1.0,1.0
nazario5_002378_861e9c17b1c0,1,phishing,tpl_4ea18c09622e8cd8,train,0,0,3,16,7,0,0.0650994575045208,0,1.0,1.0
nazario5_002379_15e2dfc02c65,1,phishing,tpl_9b39b7815e7271eb,train,0,0,2,0,2,0,0.17523056653491437,1,1.0,1.0
nazario5_002380_92606ce2101e,1,phishing,tpl_0646c33ba3b7f7e8,train,0,0,0,0,0,0,0.0872210953346856,3,1.0,1.0
nazario5_002381_cd6fb1fad833,1,phishing,tpl_5581b6e3769746d6,train,0,0,0,0,4,0,0.12415349887133183,0,1.0,1.0
nazario5_002382_2f23e96aa418,1,phishing,tpl_07bf9d68ab6a7697,train,0,0,2,6,4,0,0.15676959619952494,0,1.0,1.0
nazario5_002383_05ae508fc539,1,phishing,tpl_85733cc28e4c2271,train,0,0,2,2,5,0,0.12578616352201258,1,1.0,1.0
nazario5_002384_9bd13dbafacc,1,phishing,tpl_08b15f1f4fd4cfad,train,0,0,3,2,7,4,0.07961399276236429,0,1.0,1.0
nazario5_002388_ed21c3a7d9be,1,phishing,tpl_68fea8a01f321e68,train,0,0,0,0,6,0,0.18213058419243985,0,1.0,1.0
nazario5_002390_769708fec176,1,phishing,tpl_8e47d7461800156d,train,0,0,6,13,4,0,0.03095558546433378,0,1.0,1.0
nazario5_002392_77a3cb64db4f,1,phishing,tpl_b1f6172dcab17b3d,train,0,0,0,0,0,0,0.08992805755395683,0,1.0,1.0
nazario5_002393_1188c9d73c4a,1,phishing,tpl_884bf313c91ee3d2,train,0,0,2,6,2,0,0.14261744966442952,2,1.0,1.0
nazario5_002394_715913a85068,1,phishing,tpl_a389473c013ccaec,train,4,0,0,4,12,2,0.14585635359116023,0,1.0,1.0
nazario5_002395_5c58b879584d,1,phishing,tpl_287de25361ef8072,train,0,0,0,5,3,2,0.07199211045364892,0,1.0,1.0
nazario5_002396_763f16310c36,1,phishing,tpl_4f86c97d5af879ba,train,0,0,1,2,5,0,0.09543010752688172,0,1.0,1.0
nazario5_002397_6adedb2a7f2d,1,phishing,tpl_dbc1d308d9465db0,train,0,0,1,0,4,0,0.0861244019138756,0,1.0,1.0
nazario5_002399_d5988e78a1ea,1,phishing,tpl_276b59b368530b75,train,6,0,0,3,13,5,0.08168385837747422,2,1.0,1.0
nazario5_002400_c5333f7ed73c,1,phishing,tpl_297ccd205ecfa7d2,train,0,0,3,10,8,0,0.11934156378600823,0,1.0,1.0
nazario5_002402_455dbcb578ea,1,phishing,tpl_8624dc1e35431ae4,train,0,0,0,0,3,0,0.08053691275167785,1,1.0,1.0
nazario5_002404_2579118d3004,1,phishing,tpl_3e99a0996f03f5c2,train,0,0,1,1,4,0,0.07116104868913857,0,1.0,1.0
nazario5_002405_570c756a692f,1,phishing,tpl_93e5a37bfd627372,train,0,0,1,2,1,0,0.42483660130718953,1,1.0,1.0
nazario5_002406_fbd81284d399,1,phishing,tpl_2445ec836f34792e,train,0,0,1,1,0,0,0.17857142857142858,0,1.0,1.0
nazario5_002408_a11126453db6,1,phishing,tpl_cc06230acf7812aa,train,0,0,0,2,2,0,0.0319634703196347,0,1.0,1.0
nazario5_002410_fc3ef5e61101,1,phishing,tpl_ade17afdcdf5dd88,train,0,0,4,5,6,6,0.14343029087261785,0,1.0,1.0
nazario5_002411_57d237b48c58,1,phishing,tpl_9db0f72876ce88dd,train,0,0,3,0,4,0,0.046218487394957986,0,1.0,1.0
nazario5_002412_03cdc46501e7,1,phishing,tpl_8aa17a048c4e86fd,train,0,0,1,0,3,0,0.08641975308641975,0,1.0,1.0
nazario5_002413_28bde4c95f37,1,phishing,tpl_bda02b6ba6a83744,train,2,0,2,18,5,2,0.0557570262919311,0,1.0,1.0
nazario5_002414_1b6e9b337b7b,1,phishing,tpl_e3f57f644538163a,train,0,0,2,3,2,0,0.2757201646090535,1,1.0,1.0
nazario5_002416_c58243dfe4bc,1,phishing,tpl_d42a5c087c53a289,train,0,0,2,4,4,0,0.2109375,0,1.0,1.0
nazario5_002417_577098d9758b,1,phishing,tpl_ce831b7d3849be9d,train,0,0,2,2,4,0,0.045454545454545456,1,1.0,1.0
nazario5_002418_e516ad039877,1,phishing,tpl_be3286aa3595a79f,train,2,0,2,7,9,10,0.043390920048212135,0,1.0,1.0
nazario5_002420_7af6fa28be1d,1,phishing,tpl_54fc7258547827ab,train,0,0,5,11,8,0,0.05548854041013269,0,1.0,1.0
nazario5_002421_ef607b728160,1,phishing,tpl_4b4ac549e7ef3fed,train,0,0,0,0,2,0,0.07624633431085044,0,1.0,1.0
nazario5_002422_18ffb63523f2,1,phishing,tpl_21ad51611a62cea4,train,0,0,0,0,0,0,0.04772234273318872,1,1.0,1.0
nazario5_002424_9bd28ee10698,1,phishing,tpl_6a3abab7512493b1,train,0,0,1,9,1,0,0.049586776859504134,1,1.0,1.0
nazario5_002425_f52030862d8c,1,phishing,tpl_069c01c72f2c91f6,train,0,0,2,0,1,0,0.06129032258064516,1,1.0,1.0
nazario5_002426_8d530d4c2899,1,phishing,tpl_bf33a2f1167ac0d9,train,1,0,0,6,5,9,0.11244979919678715,0,1.0,1.0
nazario5_002427_6172ca51abae,1,phishing,tpl_85cdfa55ca588ce3,train,0,0,1,10,6,0,0.07903055848261328,0,1.0,1.0
nazario5_002428_beea367d7552,1,phishing,tpl_80c20c6899a627bd,train,0,0,2,6,7,0,0.15006915629322268,0,1.0,1.0
nazario5_002431_2fe3dad67ea2,1,phishing,tpl_af6e6be54bf9fc84,train,0,0,1,2,4,2,0.17862838915470494,0,1.0,1.0
nazario5_002432_277c1906f73b,1,phishing,tpl_b2c3c9c3dc687fc5,train,0,0,1,10,6,2,0.047865459249676584,0,1.0,1.0
nazario5_002433_5cb38b7ed11e,1,phishing,tpl_a5b67b17fbe6495c,train,0,0,1,2,0,1,0.052336448598130844,0,1.0,1.0
nazario5_002435_28e030f6e556,1,phishing,tpl_67d8f4d80e5cc567,train,0,0,2,14,13,7,0.07165304839723445,0,1.0,1.0
nazario5_002437_3ec1a1aab144,1,phishing,tpl_2a365b20b2171207,train,0,0,2,8,17,0,0.06460674157303371,0,1.0,1.0
nazario5_002438_374b8ecdc11f,1,phishing,tpl_a1cf15ed6eb4480c,train,0,0,0,0,4,0,0.1680327868852459,3,1.0,1.0
nazario5_002439_9ae74282523b,1,phishing,tpl_21455baf6dafa1bc,train,0,0,2,16,13,3,0.0680766688697951,0,1.0,1.0
nazario5_002440_0753246a7bcb,1,phishing,tpl_64fe00b82dcc6581,train,0,0,1,1,3,0,0.1452513966480447,0,1.0,1.0
nazario5_002443_3588cb9afec3,1,phishing,tpl_7a71054dfdac204e,train,0,0,1,4,2,0,0.0954356846473029,0,1.0,1.0
nazario5_002445_0efb79a1b865,1,phishing,tpl_5d0e4b5071d15c0f,train,0,0,0,0,2,0,0.17904761904761904,0,1.0,1.0
nazario5_002446_4a1f0277e531,1,phishing,tpl_91239ee4e3f41256,train,0,0,0,8,4,0,0.10268562401263823,0,1.0,1.0
nazario5_002448_6e2b7a68158d,1,phishing,tpl_ce928a9a5c9750a7,train,0,0,0,0,2,0,0.0784313725490196,0,1.0,1.0
nazario5_002450_669e2904a04c,1,phishing,tpl_3de6755931a75ade,train,0,0,0,0,0,0,0.1267605633802817,0,1.0,1.0
nazario5_002451_16ec38a00103,1,phishing,tpl_cc4c775c30211e38,train,0,0,3,0,3,7,0.08592425098925947,6,1.0,1.0
nazario5_002452_deb27e7c3fcf,1,phishing,tpl_2506b35793fa6345,train,1,0,1,4,1,0,0.0611353711790393,0,1.0,1.0
nazario5_002454_8bb45137fd6c,1,phishing,tpl_5285de46c0040285,train,0,0,2,5,2,0,0.06164383561643835,0,1.0,1.0
nazario5_002456_a2d262657e85,1,phishing,tpl_b3cd7de6636a3190,train,0,0,2,9,8,0,0.087248322147651,0,1.0,1.0
nazario5_002457_6ce141d4be0d,1,phishing,tpl_810e4ba0ab8a48be,train,0,0,0,0,3,6,0.11042944785276074,0,1.0,1.0
nazario5_002459_1189bfc29572,1,phishing,tpl_a0b4642e9ac72cd6,train,0,0,4,2,4,0,0.10031347962382445,0,1.0,1.0
nazario5_002460_a3a37879b150,1,phishing,tpl_047b6f24ffe4e165,train,0,0,0,10,3,0,0.05294619982920581,0,1.0,1.0
nazario5_002461_a19af8fc621c,1,phishing,tpl_ba128f0dacfe96a4,train,1,0,0,1,0,5,0.2865761689291101,0,1.0,1.0
nazario5_002462_23ae9655caa4,1,phishing,tpl_4a2ba6cd9e23d541,train,0,0,0,0,4,6,0.14216867469879518,0,1.0,1.0
nazario5_002463_31b44d57176c,1,phishing,tpl_dc6f2b47c766865f,train,0,0,3,4,2,1,0.09682804674457429,2,1.0,1.0
nazario5_002465_3a84888bcdb7,1,phishing,tpl_ca91ca75e7522b14,train,1,0,3,8,11,0,0.09218612818261633,0,1.0,1.0
nazario5_002466_67aaef3fefdd,1,phishing,tpl_df7459abd21a2f4e,train,0,0,0,3,5,0,0.048109965635738834,0,1.0,1.0
nazario5_002467_2a2227501d55,1,phishing,tpl_996d28e2fcba6f9f,train,0,0,0,2,5,0,0.06756756756756757,0,1.0,1.0
nazario5_002468_b1185ed3e5fd,1,phishing,tpl_445653aa5d49850f,train,0,0,0,0,2,0,0.060263653483992465,2,1.0,1.0
nazario5_002469_0d0261c260eb,1,phishing,tpl_0575753cfdd988ea,train,0,0,0,4,5,0,0.07392996108949416,1,1.0,1.0
nazario5_002471_1df60bc59eba,1,phishing,tpl_5cafca0c93473ae0,train,0,0,0,0,3,0,0.11946902654867257,0,1.0,1.0
nazario5_002472_ec1b0e07b3ff,1,phishing,tpl_cd344d918fd71b42,train,0,0,3,5,2,0,0.125,0,1.0,1.0
nazario5_002473_9938fde3f1fa,1,phishing,tpl_2e5e9b664faf8710,train,0,0,0,2,8,3,0.1323943661971831,0,1.0,1.0
nazario5_002474_cc0d0be8d7ed,1,phishing,tpl_c3371bc95cf8ac74,train,0,0,0,0,0,3,0.11363636363636363,0,1.0,1.0
nazario5_002475_3923a7f695d0,1,phishing,tpl_3928689caba0147d,train,0,0,2,2,4,0,0.08085106382978724,0,1.0,1.0
nazario5_002476_a3fb332ad7c0,1,phishing,tpl_15e045e33b7978d9,train,0,0,0,3,3,0,0.07423580786026202,0,1.0,1.0
nazario5_002483_47c78d05dbeb,1,phishing,tpl_a402cdfa748c6358,train,1,0,2,3,1,0,0.08670520231213873,0,1.0,1.0
nazario5_002484_14ba9397d90d,1,phishing,tpl_b48c2a5db2e764b5,train,1,0,0,0,1,5,0.1323943661971831,0,1.0,1.0
nazario5_002485_2fb93dd9d25f,1,phishing,tpl_4cf2fc03e4c2b156,train,0,0,2,3,3,0,0.071875,0,1.0,1.0
nazario5_002488_845980c1cbaa,1,phishing,tpl_2d1e4044b4fb581f,train,0,0,0,0,0,0,0.23655913978494625,0,1.0,1.0
nazario5_002489_182653dbc567,1,phishing,tpl_d48fa2c2ceeb9e1e,train,0,0,6,2,0,0,0.20967741935483872,0,1.0,1.0
nazario5_002490_c1489c683b25,1,phishing,tpl_83e5d2cbd3f56f21,train,0,0,0,0,0,0,0.5851063829787234,0,1.0,1.0
nazario5_002492_10dcb9f1f686,1,phishing,tpl_ed8e2f278766501e,train,1,0,0,0,1,1,0.09395973154362416,0,1.0,1.0
nazario5_002493_e66cbe432331,1,phishing,tpl_7badc86f9bbc8d43,train,0,0,0,0,5,0,0.12287581699346405,0,1.0,1.0
nazario5_002494_78698d9d5977,1,phishing,tpl_4b263f13caaa747f,train,0,0,2,6,8,0,0.03642172523961661,0,1.0,1.0
nazario5_002496_f4cd5eb4d01d,1,phishing,tpl_64380315822c78f5,train,0,0,0,2,11,2,0.05137844611528822,0,1.0,1.0
nazario5_002497_f981374d86e7,1,phishing,tpl_eec2e93d5f7131e4,train,0,0,5,1,2,0,0.10714285714285714,2,1.0,1.0
nazario5_002498_2bd1494125e7,1,phishing,tpl_2ba53332ca8f6da6,train,0,0,0,0,0,0,0.671875,0,1.0,1.0
nazario5_002499_17f7070da53e,1,phishing,tpl_efed8081ef988f79,train,0,0,0,0,1,0,0.11741424802110818,0,1.0,1.0
nazario5_002500_22a849136f61,1,phishing,tpl_e929c22d8158a599,train,0,0,1,4,7,2,0.038845726970033294,0,1.0,1.0
nazario5_002501_21dc68740aa0,1,phishing,tpl_b5d198e1412f9c78,train,0,0,0,9,6,0,0.10292397660818714,0,1.0,1.0
nazario5_002502_42d4d36b2cdd,1,phishing,tpl_c2c33bd3e47141c2,train,2,0,0,2,2,9,0.12418300653594772,0,1.0,1.0
nazario5_002503_58dd6a972574,1,phishing,tpl_de3ef35064579b4d,train,0,0,2,1,0,2,0.04021937842778794,0,1.0,1.0
nazario5_002505_940e1612b2dc,1,phishing,tpl_deac92ae629e78bf,train,0,0,0,1,0,0,0.059726962457337884,0,1.0,1.0
nazario5_002506_22bd99fa2068,1,phishing,tpl_9714f15ebdb703cf,train,0,0,2,11,4,1,0.07407407407407407,0,1.0,1.0
nazario5_002507_7876c6bdc01b,1,phishing,tpl_cdada16531e2e73c,train,0,0,0,0,1,0,0.1972972972972973,5,1.0,1.0
nazario5_002508_c56b1b431260,1,phishing,tpl_c6ecb9fb0ac0f721,train,0,0,4,2,6,0,0.08378378378378379,0,1.0,1.0
nazario5_002509_b38fbfb2e147,1,phishing,tpl_94b19260f90e2c45,train,0,0,4,8,11,0,0.07272727272727272,0,1.0,1.0
nazario5_002510_20f39c158333,1,phishing,tpl_2b2e5c9c7cc602de,train,0,0,1,2,3,0,0.08009708737864078,4,1.0,1.0
nazario5_002511_01cd5a7d0287,1,phishing,tpl_809c7bd750706d76,train,1,0,0,5,4,3,0.12446351931330472,0,1.0,1.0
nazario5_002512_0deabaaaddf9,1,phishing,tpl_81632d6d4fbba10e,train,0,0,3,0,4,0,0.0625,0,1.0,1.0
nazario5_002518_bcf4b159ff37,1,phishing,tpl_6650431f6b69d557,train,0,0,0,0,3,0,0.07863247863247863,0,1.0,1.0
nazario5_002519_5c9f3d6ec61b,1,phishing,tpl_ede986ec73cb83af,train,0,0,2,5,4,0,0.06204379562043796,2,1.0,1.0
nazario5_002521_30ca5dbb79cf,1,phishing,tpl_49b9e49c31f70da9,train,0,0,1,6,1,0,0.125,0,1.0,1.0
nazario5_002522_e1effece9c45,1,phishing,tpl_e406385bada16861,train,0,0,1,0,1,0,0.14285714285714285,0,1.0,1.0
nazario5_002523_9758b9d2135c,1,phishing,tpl_f3e98be081fa7b6c,train,0,0,0,0,0,0,0.060453400503778336,0,1.0,1.0
nazario5_002524_b4090642435a,1,phishing,tpl_272bd67c304d354c,train,2,0,1,2,6,13,0.11395759717314488,0,1.0,1.0
nazario5_002525_bec0950c6790,1,phishing,tpl_ad071392289683d0,train,0,0,0,3,2,2,0.10070257611241218,0,1.0,1.0
nazario5_002526_d70c6d9f6f54,1,phishing,tpl_383a44808d09698c,train,1,0,0,0,5,3,0.2840646651270208,0,1.0,1.0
nazario5_002527_bab0d89ec6c8,1,phishing,tpl_b8f72f075695a856,train,0,0,0,15,8,0,0.1501736111111111,0,1.0,1.0
nazario5_002528_635ac0b26e89,1,phishing,tpl_4d23ed079e8b0eaa,train,1,0,0,0,1,3,0.11255411255411256,0,1.0,1.0
nazario5_002530_626d3a4dd165,1,phishing,tpl_5dfbcc7a504fbec9,train,0,0,3,1,3,0,0.07714285714285714,1,1.0,1.0
nazario5_002531_6c1bdf259a01,1,phishing,tpl_8690e24ba406e5bc,train,0,0,0,1,5,2,0.13074204946996468,0,1.0,1.0
nazario5_002532_0a949e00e2bb,1,phishing,tpl_c7ce7886e5a0c53c,train,0,0,1,2,3,0,0.05813953488372093,0,1.0,1.0
nazario5_002533_8701f354ebd3,1,phishing,tpl_e3cd8db06436aeb0,train,2,0,2,14,15,15,0.05205768554344003,0,1.0,1.0
nazario5_002534_2da64fb259bc,1,phishing,tpl_b677c83da579924f,train,0,0,0,0,0,0,0.42105263157894735,0,1.0,1.0
nazario5_002535_81af036b6ab0,1,phishing,tpl_3b2f901490dc27a8,train,0,0,1,2,2,2,0.08383233532934131,2,1.0,1.0
nazario5_002537_b19506d50fc6,1,phishing,tpl_946441ef0edcebd3,train,0,0,1,3,3,2,0.10857142857142857,2,1.0,1.0
nazario5_002538_23829c2e9b34,1,phishing,tpl_546d0b77f25b0189,train,0,0,1,3,5,0,0.1875,0,1.0,1.0
nazario5_002539_58463babe879,1,phishing,tpl_45aaa87ca3e4af1e,train,0,0,8,1,0,4,0.279826464208243,0,1.0,1.0
nazario5_002541_229dd66341f5,1,phishing,tpl_22425be9a94e066c,train,2,0,0,4,6,7,0.056677018633540376,6,1.0,1.0
nazario5_002542_3c180c53671e,1,phishing,tpl_33dfc7a779fa798c,train,0,0,0,0,1,0,0.4117647058823529,0,1.0,1.0
nazario5_002543_60cc8d5562d0,1,phishing,tpl_f7d28e822270782c,train,0,0,1,0,2,0,0.1678832116788321,0,1.0,1.0
nazario5_002545_38fe578f3e3c,1,phishing,tpl_9d7071b2478a9e56,train,1,0,1,0,1,0,0.23043478260869565,1,1.0,1.0
nazario5_002546_80723f837498,1,phishing,tpl_1a3c0054d83e0eca,train,0,0,3,0,2,0,0.06925207756232687,0,1.0,1.0
nazario5_002547_05601d1f8f9a,1,phishing,tpl_f277ddcbbdb8c760,train,1,0,0,0,0,1,0.18275862068965518,0,1.0,1.0
nazario5_002549_9c6a4785c57f,1,phishing,tpl_ba4607541d7d49fc,train,0,0,2,4,6,0,0.20212765957446807,2,1.0,1.0
nazario5_002550_f4b72e460662,1,phishing,tpl_a2357a8c6240f0fd,train,0,0,0,2,5,0,0.03767123287671233,0,1.0,1.0
nazario5_002552_01d7ca97bbb0,1,phishing,tpl_9f9e220aadf6fc5e,train,0,0,1,11,13,0,0.058011049723756904,1,1.0,1.0
nazario5_002553_030bfed95909,1,phishing,tpl_24322daeb501cf42,train,0,0,3,3,5,0,0.0665083135391924,0,1.0,1.0
nazario5_002554_e005562aafe3,1,phishing,tpl_7d47084e21325423,train,0,0,0,4,0,0,0.11428571428571428,0,1.0,1.0
nazario5_002555_d4f3f3b5ae99,1,phishing,tpl_0a74edab6fe790b2,train,0,0,0,6,5,0,0.041791044776119404,1,1.0,1.0
nazario5_002557_a90535b5a47f,1,phishing,tpl_806e9a89c4aef055,train,0,0,1,6,2,0,0.03592814371257485,0,1.0,1.0
nazario5_002558_fb66afd50a0a,1,phishing,tpl_db3dd3d5683bb03a,train,0,0,3,2,2,0,0.07818930041152264,0,1.0,1.0
nazario5_002559_f8a3aa0513a7,1,phishing,tpl_37ddae014ab6f8a5,train,0,0,3,4,12,17,0.06056018168054504,0,1.0,1.0
nazario5_002560_92dc117188c4,1,phishing,tpl_1509b95720c3cb16,train,0,0,0,2,2,2,0.11180124223602485,1,1.0,1.0
nazario5_002561_155c76c92129,1,phishing,tpl_7c2aa9d7e9d543f2,train,0,0,3,1,1,0,0.0419047619047619,0,1.0,1.0
nazario5_002563_c0d55dc53c1a,1,phishing,tpl_b16cf6662346ed07,train,0,0,0,0,2,2,0.11627906976744186,0,1.0,1.0
nazario5_002564_ba3d33d24c37,1,phishing,tpl_c1531aad7cc4bff5,train,0,0,0,2,11,0,0.07049180327868852,0,1.0,1.0
nazario5_002565_f6586bbe09ed,1,phishing,tpl_c0aaa4a89cae995b,train,0,0,3,7,5,2,0.06983240223463687,0,1.0,1.0
nazario5_002566_cff0bc4e8918,1,phishing,tpl_1114fde501740afc,train,2,0,5,6,7,6,0.17577639751552795,0,1.0,1.0
nazario5_002567_bd7ed4d77b3b,1,phishing,tpl_b6c44eefa3a9f360,train,0,0,2,13,6,8,0.05573770491803279,0,1.0,1.0
nazario5_002568_f83818bf85bf,1,phishing,tpl_4099ec6fd29902db,train,0,0,2,12,8,6,0.13484740951029098,0,1.0,1.0
nazario5_002569_91be6ab901d8,1,phishing,tpl_4486941eae99c5bf,train,0,0,0,1,2,0,0.07514450867052024,0,1.0,1.0
nazario5_002570_be7bbfebe71f,1,phishing,tpl_d7bc34c2d92c92f1,train,0,0,4,6,6,0,0.09034267912772585,0,1.0,1.0
nazario5_002575_98f287b28104,1,phishing,tpl_9660e5a7820f35fe,train,0,0,0,0,1,0,0.056910569105691054,0,1.0,1.0
nazario5_002576_49961fadde15,1,phishing,tpl_b12d8ed73c74a247,train,0,0,2,8,8,0,0.054276315789473686,1,1.0,1.0
nazario5_002577_f31e0a633f03,1,phishing,tpl_22878ca773901f5a,train,0,0,1,1,4,0,0.0774818401937046,0,1.0,1.0
nazario5_002578_0f59eb98b73c,1,phishing,tpl_2f38c3db118a5ed8,train,0,0,0,1,1,0,0.08173076923076923,1,1.0,1.0
nazario5_002579_de50d995bea2,1,phishing,tpl_9eaf289cd7dda2eb,train,0,0,2,5,4,0,0.040697674418604654,0,1.0,1.0
nazario5_002580_a5339c7bf40c,1,phishing,tpl_ad0beb4f7db3b1bc,train,0,0,1,5,1,0,0.07659574468085106,0,1.0,1.0
nazario5_002581_93a1fbcd7092,1,phishing,tpl_5800484db800aa2e,train,0,0,2,3,3,0,0.05851063829787234,1,1.0,1.0
nazario5_002583_183d87ab8ba9,1,phishing,tpl_c0d3b36a406947c4,train,0,0,0,9,4,0,0.124750499001996,0,1.0,1.0
nazario5_002585_fb658d4f9125,1,phishing,tpl_65a29f23d725ceaa,train,0,0,3,6,4,2,0.02867383512544803,0,1.0,1.0
nazario5_002586_9233f43ddbb8,1,phishing,tpl_6fda79fd052e6cdc,train,0,0,8,2,4,0,0.038461538461538464,0,1.0,1.0
nazario5_002589_372b7374db9c,1,phishing,tpl_3600c107b59fbd75,train,0,0,0,2,4,0,0.06167400881057269,0,1.0,1.0
nazario5_002590_1ae9c6f178e7,1,phishing,tpl_c96a4544aa26ddce,train,0,0,2,7,6,0,0.04086845466155811,0,1.0,1.0
nazario5_002591_fe1ba3242057,1,phishing,tpl_4fbb8419002cc12e,train,1,0,2,1,1,0,0.07317073170731707,0,1.0,1.0
nazario5_002593_1dbd114f47e4,1,phishing,tpl_fb64b7e117ec7c72,train,0,0,0,2,3,0,0.17132867132867133,0,1.0,1.0
nazario5_002594_d264f525c05c,1,phishing,tpl_49bc385a75bfe4f5,train,0,0,2,3,2,0,0.08686440677966102,4,1.0,1.0
nazario5_002595_328e530d8e4f,1,phishing,tpl_8bc919b14842065c,train,0,0,0,0,1,0,0.11926605504587157,0,1.0,1.0
nazario5_002596_a4c94deebd3b,1,phishing,tpl_3e60afe16213ceaf,train,0,0,0,8,3,0,0.027744270205066344,0,1.0,1.0
nazario5_002597_fe227b2b3a15,1,phishing,tpl_3c14f76b308bb85f,train,0,0,2,7,2,0,0.10485133020344288,0,1.0,1.0
nazario5_002598_fa5433b9b99a,1,phishing,tpl_a43d5055eaecf09c,train,0,0,0,0,2,2,0.1423728813559322,0,1.0,1.0
nazario5_002599_00ed36c8fe78,1,phishing,tpl_7af0a28d70143ce6,train,0,0,1,0,3,0,0.11003236245954692,0,1.0,1.0
nazario5_002600_5d0815eedf7e,1,phishing,tpl_b5ad96c1e8c8dfd0,train,0,0,2,4,5,0,0.09343434343434344,0,1.0,1.0
nazario5_002602_8d02805f5ef6,1,phishing,tpl_15d209b87478b613,train,0,0,1,0,0,0,0.08771929824561403,0,1.0,1.0
nazario5_002604_75e170cda601,1,phishing,tpl_2217dca5e851893f,train,0,0,2,6,5,5,0.10358974358974359,1,1.0,1.0
nazario5_002605_ac2a4bdfed65,1,phishing,tpl_b7785b33b7fb0875,train,0,0,0,0,0,3,0.13829787234042554,0,1.0,1.0
nazario5_002607_5b30cda63ecc,1,phishing,tpl_9883ab0a811c32c0,train,0,0,2,12,9,0,0.05076741440377804,0,1.0,1.0
nazario5_002608_910d7c379b6a,1,phishing,tpl_9b9cbf50873cb86b,train,0,0,0,1,4,3,0.05735492577597841,0,1.0,1.0
nazario5_002609_7c5dd4d911bc,1,phishing,tpl_1105b3a9495c61bf,train,0,0,0,0,0,0,0.6079295154185022,0,1.0,1.0
nazario5_002610_bfa59c055064,1,phishing,tpl_d7391a7cf2fb7c95,train,2,0,0,0,0,0,0.09523809523809523,0,1.0,1.0
nazario5_002615_4f413b58e80c,1,phishing,tpl_acb5eae628780e82,train,0,0,0,0,3,0,0.17803030303030304,2,1.0,1.0
nazario5_002619_99deb9c4daaa,1,phishing,tpl_52485c18b121c6f4,train,11,0,0,0,4,0,0.15074694431869623,0,1.0,1.0
nazario5_002620_c0d2b81d4755,1,phishing,tpl_6f268b7072f0084a,train,0,0,1,3,2,0,0.0945945945945946,2,1.0,1.0
nazario5_002622_b024db7eb2a3,1,phishing,tpl_592dd1a313c50a52,train,0,0,0,0,1,1,0.09899328859060402,0,1.0,1.0
nazario5_002623_6b231513ca21,1,phishing,tpl_9615e949a3b30009,train,0,0,2,13,9,0,0.06277372262773723,0,1.0,1.0
nazario5_002624_03fbed676d77,1,phishing,tpl_455e189b53591e5b,train,0,0,0,0,0,0,0.12244897959183673,0,1.0,1.0
nazario5_002625_4c232a6c6770,1,phishing,tpl_0841ad40e9d790df,train,0,0,2,8,8,0,0.13063763608087092,0,1.0,1.0
nazario5_002626_f4b02296fe87,1,phishing,tpl_42d7a1e41314ab22,train,0,0,2,1,0,0,0.12937062937062938,0,1.0,1.0
nazario5_002627_81de62af4391,1,phishing,tpl_b9d09d6af8e017c8,train,1,0,0,0,1,1,0.12444444444444444,0,1.0,1.0
nazario5_002628_8f67a4b35bb8,1,phishing,tpl_6e94e1c3ce1f116f,train,0,0,1,5,1,0,0.10796915167095116,0,1.0,1.0
nazario5_002630_91bc440dc56a,1,phishing,tpl_7db4741832da150f,train,0,0,3,5,0,0,0.03671328671328671,3,1.0,1.0
nazario5_002631_cc0c98127f95,1,phishing,tpl_16a2c5b75fabdb50,train,2,0,0,0,6,2,0.1221826809015421,0,1.0,1.0
nazario5_002632_97df299fc959,1,phishing,tpl_09c67694a031a6a7,train,0,0,2,4,1,0,0.09090909090909091,1,1.0,1.0
nazario5_002633_cc92f313c089,1,phishing,tpl_f2b682f8f00c3b27,train,0,0,0,0,0,0,0.6198347107438017,0,1.0,1.0
nazario5_002634_20523b4c68bb,1,phishing,tpl_f8d4f2098c6233e6,train,0,0,2,5,7,0,0.04178272980501393,2,1.0,1.0
nazario5_002635_a6a4498e5f70,1,phishing,tpl_b2f06a1141f61555,train,0,0,1,6,1,0,0.07086614173228346,1,1.0,1.0
nazario5_002636_3111251ee779,1,phishing,tpl_479d09c4a122cb73,train,0,0,6,6,13,8,0.03786707882534776,0,1.0,1.0
nazario5_002637_76c7cd44fda4,1,phishing,tpl_5e5aa7a95d572abd,train,0,0,0,1,5,3,0.18604651162790697,0,1.0,1.0
nazario5_002638_1681ae63ac13,1,phishing,tpl_b0f818ee73e34694,train,0,0,1,7,3,2,0.13114754098360656,0,1.0,1.0
nazario5_002639_db770f1511e3,1,phishing,tpl_71458872152158e0,train,0,0,2,5,5,0,0.06569343065693431,0,1.0,1.0
nazario5_002641_4102ba7d9051,1,phishing,tpl_dbfaa7a616223036,train,0,0,3,3,3,0,0.05509641873278237,0,1.0,1.0
nazario5_002643_fb9ba17f14df,1,phishing,tpl_984f9b2ecf02816a,train,0,0,0,0,0,0,0.47863247863247865,0,1.0,1.0
nazario5_002645_07441d579ef5,1,phishing,tpl_78915b858ae43b75,train,0,0,0,9,13,0,0.0499194847020934,0,1.0,1.0
nazario5_002647_4c179de3285c,1,phishing,tpl_bf9c325a9fb2f084,train,2,0,2,2,2,0,0.10934105720492397,0,1.0,1.0
nazario5_002648_b8af202f1702,1,phishing,tpl_5a1d7bb3775a22c0,train,0,0,0,0,4,0,0.060810810810810814,0,1.0,1.0
nazario5_002649_ea59ffaba0b3,1,phishing,tpl_c10c091359da3a47,train,0,0,0,0,2,2,0.11995515695067265,0,1.0,1.0
nazario5_002651_0f86df4e39cd,1,phishing,tpl_a27e83b94633cf1a,train,1,0,0,0,1,2,0.1346153846153846,0,1.0,1.0
nazario5_002652_368b61bdcb83,1,phishing,tpl_712e37b5be0a3c75,train,0,0,4,12,4,0,0.06684141546526867,0,1.0,1.0
nazario5_002653_cc8b33bcf712,1,phishing,tpl_e974049b5a40425e,train,0,0,0,0,0,0,0.15542521994134897,0,1.0,1.0
nazario5_002654_12acf0e3d105,1,phishing,tpl_946ecaf87c9a2610,train,0,0,1,9,4,0,0.062135922330097085,0,1.0,1.0
nazario5_002660_0dd82ca504ed,1,phishing,tpl_106919a3d5cd0a77,train,1,0,1,6,0,0,0.08422459893048129,4,1.0,1.0
nazario5_002661_9af57d3df385,1,phishing,tpl_14bda828c219447d,train,2,0,3,2,2,0,0.0728476821192053,9,1.0,1.0
nazario5_002662_3da37b440368,1,phishing,tpl_0a31e29ce62ed714,train,0,0,1,0,2,1,0.18032786885245902,0,1.0,1.0
nazario5_002664_464b599a0edb,1,phishing,tpl_5ba7ea8baa262a33,train,0,0,2,1,2,1,0.08980582524271845,1,1.0,1.0
nazario5_002665_5dfab9d6df08,1,phishing,tpl_ea5a54c98b418180,train,0,0,0,0,1,0,0.21379310344827587,0,1.0,1.0
nazario5_002666_2f894f47c356,1,phishing,tpl_08c6166c4ed9482a,train,0,0,0,0,0,1,0.18672199170124482,0,1.0,1.0
nazario5_002667_a6a8bafb98df,1,phishing,tpl_6f4ecdfa62f9ae85,train,0,0,3,5,8,0,0.13839285714285715,0,1.0,1.0
nazario5_002668_cd8c050c6452,1,phishing,tpl_99d198f09df18f6c,train,0,0,4,6,3,0,0.05168776371308017,0,1.0,1.0
nazario5_002669_165050feeb7f,1,phishing,tpl_335c5dc7ff81c942,train,0,0,6,21,11,2,0.05913978494623656,0,1.0,1.0
nazario5_002671_01851c411dc3,1,phishing,tpl_b084411900dbad08,train,9,0,0,1,5,7,0.051224944320712694,0,1.0,1.0
nazario5_002672_ae1b2a9d6fea,1,phishing,tpl_f755cf5527b76265,train,0,0,2,2,4,0,0.15384615384615385,0,1.0,1.0
nazario5_002673_efdaa6f7f24b,1,phishing,tpl_7b8887ce3958b38b,train,0,0,0,0,0,2,0.03803303880138302,2,1.0,1.0
nazario5_002675_6ec94391a2a7,1,phishing,tpl_3506f251f93deb71,train,0,0,1,4,5,0,0.05790645879732739,0,1.0,1.0
nazario5_002676_f3b841df1057,1,phishing,tpl_e415c40f05658f79,train,0,0,1,7,2,0,0.05132450331125828,0,1.0,1.0
nazario5_002677_927c0daac479,1,phishing,tpl_6e6764e138d7131f,train,0,0,0,0,0,0,0.3709677419354839,0,1.0,1.0
nazario5_002678_11be16753297,1,phishing,tpl_52fac6cd8350298f,train,0,0,2,3,4,0,0.052083333333333336,0,1.0,1.0
nazario5_002679_cba0ef8ca397,1,phishing,tpl_2e7ad29432ac17f2,train,0,0,0,2,3,0,0.06813996316758748,0,1.0,1.0
nazario5_002680_c77a6a45b7fc,1,phishing,tpl_4302d0e571955396,train,1,0,0,8,6,52,0.11983967935871744,0,1.0,1.0
nazario5_002682_77ce015b0f28,1,phishing,tpl_996a7d5f330cd4e1,train,0,0,0,0,0,3,0.052336448598130844,0,1.0,1.0
nazario5_002683_fed5d0f1a862,1,phishing,tpl_ad5aac2dd2c64791,train,0,0,0,12,6,7,0.07283236994219654,0,1.0,1.0
nazario5_002684_daf08bf73057,1,phishing,tpl_ec901160e0f06754,train,0,0,0,1,0,0,0.07092198581560284,0,1.0,1.0
nazario5_002685_81cb462ea342,1,phishing,tpl_2cff7805384221b2,train,4,0,0,0,2,0,0.16666666666666666,6,1.0,1.0
nazario5_002687_3bc7b94837db,1,phishing,tpl_da3725f4ecfdb632,train,1,0,1,0,0,0,0.10815602836879433,0,1.0,1.0
nazario5_002688_3051cf29e6c7,1,phishing,tpl_821c6ea8fdd2a2b0,train,0,0,1,5,2,3,0.12438423645320197,1,1.0,1.0
nazario5_002689_5017d76c848f,1,phishing,tpl_a823c97171000d5b,train,0,0,2,4,3,0,0.21367521367521367,0,1.0,1.0
nazario5_002690_984049960676,1,phishing,tpl_eccefa722b4c60de,train,0,0,0,9,5,0,0.1,0,1.0,1.0
nazario5_002693_a0e72ad89366,1,phishing,tpl_b2c8e5671be10200,train,0,0,0,0,2,2,0.12276785714285714,0,1.0,1.0
nazario5_002694_dd16ba72bc2a,1,phishing,tpl_490bd1d6a18f1d93,train,0,0,2,0,2,2,0.18923076923076923,0,1.0,1.0
nazario5_002695_8ccb6cc69536,1,phishing,tpl_f641788aa8af3c98,train,0,0,3,9,5,0,0.1170018281535649,1,1.0,1.0
nazario5_002696_2c99c1b3b73a,1,phishing,tpl_6ac6fde5a3f57b59,train,0,0,0,3,4,0,0.056140350877192984,2,1.0,1.0
nazario5_002697_a670609fe21c,1,phishing,tpl_ffffa635d41c7a88,train,1,0,4,8,6,4,0.0389363722697056,0,1.0,1.0
nazario5_002698_d02a5fba26f8,1,phishing,tpl_d38b71e338dc7e01,train,2,0,0,0,0,0,0.0545045045045045,0,1.0,1.0
nazario5_002700_86eccc1f7577,1,phishing,tpl_65397a501bb3d82a,train,3,0,0,0,2,3,0.16530278232405893,0,1.0,1.0
nazario5_002702_b6418ae43d09,1,phishing,tpl_acfbdb2a522168d0,train,0,0,1,0,5,0,0.06382978723404255,0,1.0,1.0
nazario5_002703_a6711e36965b,1,phishing,tpl_8149ae58656576f4,train,0,0,0,0,0,0,0.3333333333333333,0,1.0,1.0
nazario5_002705_f6f662ed0522,1,phishing,tpl_903698ae6cbd9a84,train,0,0,1,7,0,0,0.11984282907662082,0,1.0,1.0
nazario5_002706_8ff0a552e09d,1,phishing,tpl_a727ef4147089ef0,train,0,0,0,3,4,0,0.07317073170731707,1,1.0,1.0
nazario5_002707_7f1a52f41450,1,phishing,tpl_16ae10e0ed3cd1f3,train,0,0,2,6,6,2,0.07647058823529412,1,1.0,1.0
nazario5_002708_5efef5f35967,1,phishing,tpl_6cc97a68a0444a0e,train,0,0,0,0,0,0,0.8641975308641975,0,1.0,1.0
nazario5_002710_8c63e3c1cc68,1,phishing,tpl_0f3c4529daef7c0b,train,2,0,0,0,0,0,0.05368647100930565,0,1.0,1.0
nazario5_002711_805fcb3e14a5,1,phishing,tpl_e5ea0b164dc95509,train,0,0,1,1,3,0,0.10891089108910891,0,1.0,1.0
nazario5_002713_9a79d443c13f,1,phishing,tpl_781e2e3d3661a974,train,2,0,1,2,1,2,0.11519198664440734,0,1.0,1.0
nazario5_002714_afda7dcc0ddc,1,phishing,tpl_691bd00861b3223a,train,0,0,4,0,6,0,0.14395886889460155,0,1.0,1.0
nazario5_002715_a336caef8d20,1,phishing,tpl_91971e8e46a07226,train,0,0,1,1,3,0,0.10891089108910891,0,1.0,1.0
nazario5_002716_ad07509e8ee5,1,phishing,tpl_22e54abbd6e8be9d,train,0,0,1,4,3,7,0.1736111111111111,0,1.0,1.0
nazario5_002717_e96972977d99,1,phishing,tpl_8fbf1a00d7fe7dfc,train,0,0,0,2,2,2,0.11568123393316196,1,1.0,1.0
nazario5_002718_787a715aa77f,1,phishing,tpl_559c0769d1db5be3,train,0,0,1,1,1,0,0.23015873015873015,2,1.0,1.0
nazario5_002719_334495ecec22,1,phishing,tpl_a25fb3c410525d31,train,0,0,0,0,2,0,0.13360323886639677,0,1.0,1.0
nazario5_002720_b0db2ce58d33,1,phishing,tpl_6e42fe6d99a14bfc,train,0,0,0,0,1,0,0.32432432432432434,0,1.0,1.0
nazario5_002722_ff5d6a0a07dd,1,phishing,tpl_1cb0276e1d3ae0e7,train,0,0,4,0,4,0,0.043209876543209874,1,1.0,1.0
nazario5_002724_173068ccce70,1,phishing,tpl_a4aad38438a074f5,train,0,0,1,7,4,0,0.09799554565701558,0,1.0,1.0
nazario5_002725_90948cbd6e62,1,phishing,tpl_db164489376fe940,train,0,0,1,3,2,0,0.18518518518518517,0,1.0,1.0
nazario5_002727_152a0233d382,1,phishing,tpl_0d8350d229fef449,train,2,0,0,0,0,0,0.041273584905660375,0,1.0,1.0
nazario5_002728_060d4a57b22e,1,phishing,tpl_673e2d9bdc376bf4,train,2,0,2,0,2,0,0.07489597780859916,2,1.0,1.0
nazario5_002729_e26ae334a7c8,1,phishing,tpl_73133e316494b853,train,0,0,0,1,2,1,0.07906458797327394,0,1.0,1.0
nazario5_002730_0d14cd414d90,1,phishing,tpl_186a22b8173a0ff0,train,0,0,3,5,1,0,0.10945273631840796,0,1.0,1.0
nazario5_002731_bd0aaf8c53da,1,phishing,tpl_fe5704327a3724d2,train,0,0,0,4,14,0,0.1511056511056511,1,1.0,1.0
nazario5_002732_473ec382dc5b,1,phishing,tpl_9efc099491da92e4,train,0,0,0,0,4,0,0.12269938650306748,0,1.0,1.0
nazario5_002733_b266cc214b20,1,phishing,tpl_3537932d650da592,train,0,0,2,3,2,0,0.07954545454545454,3,1.0,1.0
nazario5_002734_754a61ecb6d6,1,phishing,tpl_e6bd21e8aca97c42,train,0,0,0,4,2,0,0.15309446254071662,0,1.0,1.0
nazario5_002735_365597ae692b,1,phishing,tpl_7f1db375d16fe321,train,0,0,0,1,4,0,0.09693877551020408,0,1.0,1.0
nazario5_002736_4324981cc2d5,1,phishing,tpl_011a78946f1a5c3c,train,0,0,0,1,6,14,0.1026578073089701,0,1.0,1.0
nazario5_002738_6172063b8acd,1,phishing,tpl_a3d454dac45c0c43,train,0,0,0,0,0,0,0.16334661354581673,0,1.0,1.0
nazario5_002739_fbdf26220f6b,1,phishing,tpl_7b192d1d03f576ff,train,0,0,3,0,1,5,0.14112903225806453,0,1.0,1.0
nazario5_002740_3a37d0786f1f,1,phishing,tpl_cc45f31ee5211358,train,0,0,0,0,4,0,0.09226190476190477,0,1.0,1.0
nazario5_002741_4633845427f8,1,phishing,tpl_b6267f7f1faa4953,train,0,0,0,0,0,0,0.30158730158730157,0,1.0,1.0
nazario5_002742_af8ac3a4fa80,1,phishing,tpl_13d3747a0d2eec5f,train,0,0,0,1,1,0,0.07913669064748201,1,1.0,1.0
nazario5_002743_0b0ef8f92453,1,phishing,tpl_5cb02534f6a0c4ff,train,0,0,0,0,1,0,0.22058823529411764,0,1.0,1.0
nazario5_002744_e1913e9a0747,1,phishing,tpl_3ba3e5aa797a2385,train,0,0,0,0,0,0,0.09262759924385633,3,1.0,1.0
nazario5_002745_f3de82170d1c,1,phishing,tpl_6605f69fcaafdc24,train,0,0,1,2,2,0,0.10555555555555556,0,1.0,1.0
nazario5_002746_3aef04115069,1,phishing,tpl_9fc5cd65bfdb8413,train,0,0,0,0,1,0,0.11764705882352941,0,1.0,1.0
nazario5_002747_e5188fd950b2,1,phishing,tpl_3b97590cd3b664a9,train,0,0,1,1,4,0,0.13114754098360656,0,1.0,1.0
nazario5_002750_c6612bc2c394,1,phishing,tpl_056d7dc8210352bf,train,0,0,0,0,0,0,0.027870680044593088,3,1.0,1.0
nazario5_002751_883bff1b3980,1,phishing,tpl_bd0c52aaa3409c68,train,0,0,2,3,2,0,0.297029702970297,0,1.0,1.0
nazario5_002752_251eee8cb58d,1,phishing,tpl_36acc410bb3097ff,train,2,0,1,3,1,0,0.09380530973451327,2,1.0,1.0
nazario5_002753_68bfbf89a68b,1,phishing,tpl_c4b67d9d0c7036d5,train,0,0,0,0,3,0,0.09759759759759759,0,1.0,1.0
nazario5_002755_62c8feecaacd,1,phishing,tpl_e291d279c3d2ef03,train,0,0,0,3,0,0,0.09126984126984126,0,1.0,1.0
nazario5_002757_5d33a1b81abb,1,phishing,tpl_0532ec68ae39aa7e,train,0,0,0,6,5,0,0.058319039451114926,2,1.0,1.0
nazario5_002759_3761aabe1186,1,phishing,tpl_ff5cf24e16b87046,train,0,0,3,4,3,0,0.3607142857142857,4,1.0,1.0
nazario5_002761_1a12d9e3dbdf,1,phishing,tpl_745f47d8bbc4cd07,train,0,0,0,3,1,0,0.12162162162162163,2,1.0,1.0
nazario5_002762_aef5fad28e7d,1,phishing,tpl_866bcde08518b389,train,2,0,4,2,8,0,0.07178217821782178,0,1.0,1.0
nazario5_002763_e064f1a3c7e6,1,phishing,tpl_53626a5e1e7c52fc,train,0,0,2,2,10,0,0.07488986784140969,0,1.0,1.0
nazario5_002765_d54f580d9bd2,1,phishing,tpl_c200a52f1317a0c8,train,0,0,0,6,2,0,0.060324825986078884,2,1.0,1.0
nazario5_002768_1512a476d70c,1,phishing,tpl_0bf1013003fbdecd,train,0,0,0,0,2,4,0.12735542560103963,0,1.0,1.0
nazario5_002769_ae7c5bbc5327,1,phishing,tpl_ebb29a36e8103d9d,train,0,0,0,0,2,0,0.15265200517464425,0,1.0,1.0
nazario5_002770_dfd03ef69fd3,1,phishing,tpl_24a69235fe8bed0a,train,0,0,0,1,2,2,0.06153846153846154,0,1.0,1.0
nazario5_002771_6d3a3c024f56,1,phishing,tpl_af13eb463487131f,train,2,0,2,8,10,10,0.07995273729814888,0,1.0,1.0
nazario5_002772_592df8bb5030,1,phishing,tpl_034fe50bc88c5afd,train,0,0,3,2,3,0,0.09319899244332494,0,1.0,1.0
nazario5_002773_190ec9c73688,1,phishing,tpl_633dbd33965fe8e1,train,1,0,0,0,2,1,0.16646562123039807,0,1.0,1.0
nazario5_002774_37da2214b44a,1,phishing,tpl_112dcdde0af3875e,train,1,0,2,12,10,4,0.06235011990407674,0,1.0,1.0
nazario5_002775_6834d6690d0a,1,phishing,tpl_82bef223363fce61,train,0,0,0,1,0,0,0.08108108108108109,0,1.0,1.0
nazario5_002776_54f1317f12b1,1,phishing,tpl_2f2ac28ee09a114b,train,0,0,2,1,3,0,0.060126582278481014,0,1.0,1.0
nazario5_002777_0b0a7431cdef,1,phishing,tpl_8b9b13bc142e3fd8,train,0,0,1,5,8,0,0.012477718360071301,23,1.0,1.0
nazario5_002779_bb98c8719fa9,1,phishing,tpl_ac7ae26b05ddbdb9,train,0,0,0,1,2,0,0.05817174515235457,0,1.0,1.0
nazario5_002780_1890ea48e275,1,phishing,tpl_c515057c8e16e7d9,train,0,0,0,0,1,0,0.0967741935483871,0,1.0,1.0
nazario5_002781_dbd6c001c1ea,1,phishing,tpl_4d7326917c7a912e,train,0,0,0,0,4,7,0.14757709251101322,0,1.0,1.0
nazario5_002782_84c67e843d39,1,phishing,tpl_0d436d1069068fb7,train,0,0,0,0,2,2,0.12686567164179105,0,1.0,1.0
nazario5_002783_6570de1481a4,1,phishing,tpl_e83634861ed0515b,train,0,0,0,0,2,1,0.1295774647887324,0,1.0,1.0
nazario5_002786_46349f940bb3,1,phishing,tpl_38a53ed6100e87f5,train,0,0,4,15,7,1,0.07121879588839941,0,1.0,1.0
nazario5_002787_777a6093b96f,1,phishing,tpl_d3ec9095967aad7f,train,1,0,0,0,0,0,0.3192982456140351,0,1.0,1.0
nazario5_002790_844dc93728e7,1,phishing,tpl_e89bb34a4e3c1a79,train,0,0,0,9,2,0,0.09416195856873823,0,1.0,1.0
nazario5_002792_7a4459a57ba6,1,phishing,tpl_9b75d8a632d91f72,train,0,0,2,1,1,0,0.11475409836065574,0,1.0,1.0
nazario5_002793_104943d09620,1,phishing,tpl_f48e24a1eab328fd,train,0,0,2,1,1,0,0.11475409836065574,0,1.0,1.0
nazario5_002794_2cc4cbbf6e00,1,phishing,tpl_9e1440d684c86ae8,train,0,0,0,3,4,0,0.05956112852664577,0,1.0,1.0
nazario5_002795_dc7e897ca845,1,phishing,tpl_8b20d876e17e0746,train,0,0,1,6,0,0,0.19310344827586207,0,1.0,1.0
nazario5_002796_0c79dc11640f,1,phishing,tpl_31cd97646a242361,train,4,0,4,24,22,17,0.06432748538011696,0,1.0,1.0
nazario5_002797_2f1a94680adb,1,phishing,tpl_8a20f8a37cf9768c,train,0,0,1,0,2,1,0.16065573770491803,1,1.0,1.0
nazario5_002799_253a42678224,1,phishing,tpl_8ec3ffd8929d583c,train,0,0,0,2,0,2,0.09782608695652174,0,1.0,1.0
nazario5_002800_e0938ff85fe7,1,phishing,tpl_013a3090c34459b9,train,0,0,3,6,2,0,0.08389261744966443,0,1.0,1.0
nazario5_002801_acfb22d7cd35,1,phishing,tpl_55a9a33303367ea0,train,0,0,0,4,3,1,0.055248618784530384,0,1.0,1.0
nazario5_002802_429a5e1e284d,1,phishing,tpl_0db702635c0c8f4c,train,0,0,0,4,4,0,0.06060606060606061,0,1.0,1.0
nazario5_002804_ef40d54887e5,1,phishing,tpl_817ab6f446164b86,train,0,0,0,0,0,0,0.42344244984160506,0,1.0,1.0
nazario5_002805_9c9fa06bd2a5,1,phishing,tpl_d47558e33fd10bac,train,0,0,4,3,2,0,0.08133086876155268,0,1.0,1.0
nazario5_002806_0074a057cc01,1,phishing,tpl_cb41333fd67c0916,train,0,0,0,4,3,1,0.14925373134328357,1,1.0,1.0
nazario5_002809_82e6c8ea8ced,1,phishing,tpl_75eec30aa9cbe4b6,train,0,0,5,0,4,1,0.11779448621553884,0,1.0,1.0
nazario5_002810_e0187ff434ea,1,phishing,tpl_77d84597fef6cb6d,train,0,0,0,0,1,0,0.2608695652173913,0,1.0,1.0
nazario5_002811_82269fb9d0c9,1,phishing,tpl_e9d34d96bc2a8b6b,train,0,0,0,8,2,0,0.1218872870249017,0,1.0,1.0
nazario5_002812_c68b6044a267,1,phishing,tpl_856f255cdcd0ebac,train,0,0,0,7,5,0,0.13620071684587814,1,1.0,1.0
nazario5_002813_0cc3b4239599,1,phishing,tpl_b8c800efd3b6cb87,train,0,0,2,1,6,0,0.03208556149732621,0,1.0,1.0
nazario5_002814_fb2df9d574a8,1,phishing,tpl_972982fb2e1354cc,train,0,0,2,5,2,0,0.09059233449477352,3,1.0,1.0
nazario5_002815_379e1d0731fc,1,phishing,tpl_04afcc73d6c38450,train,0,0,1,5,2,0,0.07386363636363637,0,1.0,1.0
nazario5_002816_574beaf932e9,1,phishing,tpl_fb899d85057d96e8,train,0,0,1,3,4,0,0.17721518987341772,0,1.0,1.0
nazario5_002817_929a802f4f65,1,phishing,tpl_e86bb5bb36377038,train,0,0,0,0,2,4,0.054502369668246446,0,1.0,1.0
nazario5_002818_7fccdfa9bf8a,1,phishing,tpl_e152fd34652a0243,train,0,0,2,2,2,0,0.111268603827073,4,1.0,1.0
nazario5_002819_89f02c508fe3,1,phishing,tpl_71fb5c4499c4d366,train,0,0,5,3,2,3,0.1619217081850534,0,1.0,1.0
nazario5_002820_7d9a9b94c077,1,phishing,tpl_e88d75e2ac1faf62,train,0,0,1,13,2,1,0.10771113831089352,0,1.0,1.0
nazario5_002821_94cd9e593ff4,1,phishing,tpl_f0950e2dc49c3104,train,0,0,0,5,3,0,0.12037037037037036,0,1.0,1.0
nazario5_002822_5f501e9cde68,1,phishing,tpl_072a234c7f15ec13,train,0,0,4,2,15,2,0.09230769230769231,0,1.0,1.0
nazario5_002826_649c78403dd6,1,phishing,tpl_1fcc8ebd20d8e584,train,0,0,4,2,2,0,0.1678082191780822,0,1.0,1.0
nazario5_002827_209340e0482e,1,phishing,tpl_acb388e7b3261787,train,0,0,1,3,3,0,0.2403846153846154,0,1.0,1.0
nazario5_002829_00132d010326,1,phishing,tpl_d4e3b161fd1278e4,train,0,0,0,2,4,2,0.06310679611650485,0,1.0,1.0
nazario5_002830_e700a1d77ce6,1,phishing,tpl_2f93c8ad4ab1a67b,train,0,0,2,6,2,0,0.09455587392550144,0,1.0,1.0
nazario5_002831_d83de220af18,1,phishing,tpl_bc7db2072a491319,train,0,0,0,6,13,2,0.044760935910478125,0,1.0,1.0
nazario5_002833_da3cfb863b6c,1,phishing,tpl_ab9e8b8d5dfffa6f,train,1,0,0,9,0,0,0.07103825136612021,0,1.0,1.0
nazario5_002835_e8b4e17136c6,1,phishing,tpl_aa646d0419726b18,train,1,0,0,1,2,0,0.11673151750972763,0,1.0,1.0
nazario5_002839_a0d959db6722,1,phishing,tpl_4aa823d91ae9eaa8,train,0,0,0,2,1,0,0.15897435897435896,0,1.0,1.0
nazario5_002840_1a3d04f62cdc,1,phishing,tpl_172552a3505417fb,train,0,0,0,0,2,16,0.14743589743589744,0,1.0,1.0
nazario5_002841_6dcc2b963576,1,phishing,tpl_686ee3bfed4730e8,train,0,0,3,2,0,2,0.18151815181518152,0,1.0,1.0
nazario5_002842_c2a3be1c499b,1,phishing,tpl_51b79e3b67d50c2a,train,0,0,4,8,3,0,0.06971153846153846,0,1.0,1.0
nazario5_002843_952336cbb77c,1,phishing,tpl_d801c723a83f7c77,train,0,0,0,2,1,6,0.16197975253093364,2,1.0,1.0
nazario5_002844_b3244aae8663,1,phishing,tpl_430d9e1773e1ed32,train,0,0,2,0,8,1,0.05860113421550094,0,1.0,1.0
nazario5_002845_675606dbeddc,1,phishing,tpl_b536742dfdc8e0ec,train,0,0,3,13,4,0,0.11389236545682102,0,1.0,1.0
nazario5_002846_3f1369c32427,1,phishing,tpl_b967f9cfc40a3b42,train,0,0,3,0,2,0,0.3956262425447316,1,1.0,1.0
nazario5_002847_99986321a9d8,1,phishing,tpl_5fe422aaabbd370b,train,1,0,0,0,3,3,0.15005599104143338,0,1.0,1.0
nazario5_002848_19219107676c,1,phishing,tpl_269c369a75658455,train,0,0,0,0,2,0,0.07780507780507781,0,1.0,1.0
nazario5_002849_93e325b99e4e,1,phishing,tpl_d2d6a8e5f422e949,train,0,0,0,4,4,0,0.06060606060606061,0,1.0,1.0
nazario5_002851_c441e1e7eb2d,1,phishing,tpl_d42bb2789eda7d92,train,0,0,3,3,4,0,0.14285714285714285,1,1.0,1.0
nazario5_002853_98ad5ed05a63,1,phishing,tpl_4cf3bc4e8d8f5101,train,0,0,2,2,0,0,0.0979020979020979,0,1.0,1.0
nazario5_002854_462a2512491d,1,phishing,tpl_02de20edcd719982,train,0,0,0,1,1,0,0.233502538071066,2,1.0,1.0
nazario5_002856_ed7d726562c8,1,phishing,tpl_96a304fb512fae78,train,0,0,0,0,4,2,0.19714964370546317,0,1.0,1.0
nazario5_002858_798899802b51,1,phishing,tpl_60726ba1eefaeda1,train,0,0,0,2,2,0,0.08196721311475409,1,1.0,1.0
nazario5_002859_c2b6056bb2e6,1,phishing,tpl_470304bbf939d2a9,train,0,0,0,1,4,3,0.10472972972972973,0,1.0,1.0
nazario5_002860_4f1138a1082a,1,phishing,tpl_26bdfddc102be088,train,0,0,1,3,2,2,0.13548387096774195,0,1.0,1.0
nazario5_002864_4194eefb4867,1,phishing,tpl_8d54adc121ed5ce9,train,0,0,0,0,3,0,0.14659685863874344,0,1.0,1.0
nazario5_002865_623b1118a69f,1,phishing,tpl_2694719ad82fe058,train,1,0,1,0,2,2,0.09904153354632587,0,1.0,1.0
nazario5_002866_f131712e929d,1,phishing,tpl_b5234c073ca1464b,train,0,0,0,0,4,36,0.1423948220064725,0,1.0,1.0
nazario5_002867_514e352165b5,1,phishing,tpl_05a056734e204fc1,train,2,0,5,1,3,0,0.09536973047684866,3,1.0,1.0
nazario5_002868_4d2f85915d80,1,phishing,tpl_92ec2201a653d181,train,0,0,3,0,1,0,0.06624605678233439,1,1.0,1.0
nazario5_002870_90f3e85d7d5e,1,phishing,tpl_475c61fc84952866,train,0,0,2,4,3,0,0.0673469387755102,0,1.0,1.0
nazario5_002871_ddf0bb1855c1,1,phishing,tpl_a37bd9f53c158acd,train,0,0,0,5,4,0,0.06944444444444445,0,1.0,1.0
nazario5_002873_0ec9d7b52ca2,1,phishing,tpl_8111503ca397f973,train,0,0,0,0,2,1,0.11890243902439024,0,1.0,1.0
nazario5_002874_506c7b3737a5,1,phishing,tpl_4e7d8a427383d190,train,0,0,0,0,0,0,0.4027027027027027,0,1.0,1.0
nazario5_002878_613bc1972f98,1,phishing,tpl_0c2e35cbc9d711f2,train,0,0,0,0,0,0,0.1686746987951807,0,1.0,1.0
nazario5_002879_8936386c2721,1,phishing,tpl_15dc54f1915a6d61,train,0,0,5,2,0,2,0.14979195561719832,1,1.0,1.0
nazario5_002880_d9d03cf37936,1,phishing,tpl_282a44e816135b03,train,2,0,3,14,19,0,0.1211280628756357,0,1.0,1.0
nazario5_002881_90a37214047a,1,phishing,tpl_d96a28aa0f17fd51,train,0,0,4,0,4,0,0.03724053724053724,0,1.0,1.0
nazario5_002882_a8b699c387ed,1,phishing,tpl_db420ffa6b4457d0,train,0,0,1,2,3,0,0.07446808510638298,0,1.0,1.0
nazario5_002883_0449765efae2,1,phishing,tpl_04d6dce37f668cdc,train,2,0,4,3,0,0,0.07296137339055794,1,1.0,1.0
nazario5_002884_118880f8fbb8,1,phishing,tpl_a81253c5e1691c3d,train,0,0,0,0,0,0,0.2225609756097561,0,1.0,1.0
nazario5_002885_249b31534395,1,phishing,tpl_24520dac214685f0,train,0,0,2,0,0,0,0.17391304347826086,2,1.0,1.0
nazario5_002886_976b3f68783f,1,phishing,tpl_e3c9af6417b28b7f,train,0,0,2,5,0,0,0.10714285714285714,0,1.0,1.0
nazario5_002890_46dc5257cff7,1,phishing,tpl_51a9f734c17c3d0b,train,0,0,1,3,0,0,0.0625,0,1.0,1.0
nazario5_002891_9effe46c8d32,1,phishing,tpl_d5fe952e7e1a3b8e,train,0,0,2,3,3,5,0.066006600660066,0,1.0,1.0
nazario5_002892_b002551d84da,1,phishing,tpl_8ee7e224184ac1db,train,0,0,2,4,5,0,0.10505836575875487,0,1.0,1.0
nazario5_002893_873921c8f732,1,phishing,tpl_bc84f4c8703dab0a,train,1,0,0,0,2,0,0.15447154471544716,0,1.0,1.0
nazario5_002894_80273524e806,1,phishing,tpl_755fa4e96cdb76d9,train,0,0,0,0,1,1,0.14320388349514562,3,1.0,1.0
nazario5_002895_f484ad3305fd,1,phishing,tpl_560404e88571d266,train,0,0,5,2,1,0,0.20743034055727555,0,1.0,1.0
nazario5_002897_b09e8f5893a8,1,phishing,tpl_d1eba944e0bc42d0,train,0,0,4,7,6,0,0.07894736842105263,0,1.0,1.0
nazario5_002898_9dbb5e5620fb,1,phishing,tpl_f870a49b64f53667,train,0,0,0,1,0,0,0.057692307692307696,0,1.0,1.0
nazario5_002899_413833278d80,1,phishing,tpl_59b2372a604ee0d7,train,6,0,7,8,4,10,0.12164073550212164,0,1.0,1.0
nazario5_002900_861e3b58e604,1,phishing,tpl_afc0318ce08fa375,train,1,0,2,3,2,0,0.04127579737335835,0,1.0,1.0
nazario5_002901_778d41f137fb,1,phishing,tpl_21e054ee8f862328,train,0,0,0,0,4,2,0.15522388059701492,0,1.0,1.0
nazario5_002905_14d0ab644d17,1,phishing,tpl_2afc129a3b438dcc,train,4,0,6,12,18,19,0.05277256897937316,2,1.0,1.0
nazario5_002906_2aed4e4231a8,1,phishing,tpl_a120d4ea0cc7f5ef,train,1,0,0,11,3,0,0.0884109916367981,0,1.0,1.0
nazario5_002907_db14b5981dd3,1,phishing,tpl_173d4911f5842bc2,train,0,0,3,10,2,1,0.05200945626477541,0,1.0,1.0
nazario5_002908_981e4d06d337,1,phishing,tpl_4e2bf6a8be8a1ae3,train,1,0,2,8,4,0,0.13490725126475547,0,1.0,1.0
nazario5_002909_7d5b1d48b089,1,phishing,tpl_b756b1f22fe9fc0d,train,0,0,0,0,0,0,0.10576923076923077,0,1.0,1.0
nazario5_002910_9a99fb5a756d,1,phishing,tpl_e9d7c49f016c4323,train,0,0,0,3,4,0,0.06692913385826772,0,1.0,1.0
nazario5_002911_a71c44e52b0a,1,phishing,tpl_bacfd76389d25ef6,train,0,0,0,2,4,40,0.12783505154639174,0,1.0,1.0
nazario5_002912_052f3ff5ae1c,1,phishing,tpl_60e3494ee42d348c,train,0,0,1,3,2,0,0.0663265306122449,0,1.0,1.0
nazario5_002915_4ec676c2710e,1,phishing,tpl_10ad0201fe095068,train,0,0,0,2,0,0,0.05245975458741416,50,1.0,1.0
nazario5_002916_80d1893c16c5,1,phishing,tpl_e5187595d25beadd,train,0,0,3,3,8,3,0.06969376979936642,0,1.0,1.0
nazario5_002917_51fd36e54e10,1,phishing,tpl_02b44567a576edfd,train,0,0,0,0,0,1,0.05357142857142857,0,1.0,1.0
nazario5_002918_c645dd7a16eb,1,phishing,tpl_cc447fbe882aaa6e,train,0,0,0,0,0,1,0.05357142857142857,0,1.0,1.0
nazario5_002919_9a49dafeff88,1,phishing,tpl_0e2e7b58b93a9230,train,0,0,3,1,1,0,0.07878787878787878,0,1.0,1.0
nazario5_002921_ad49828a343d,1,phishing,tpl_24a4ee506de80c1d,train,0,0,0,0,0,1,0.1568627450980392,0,1.0,1.0
nazario5_002922_9a7cdb51619f,1,phishing,tpl_b56852f766925014,train,0,0,2,6,2,0,0.041666666666666664,1,1.0,1.0
nazario5_002923_c9a578387200,1,phishing,tpl_5811e24d8aee3bf8,train,0,0,0,0,3,3,0.16203703703703703,0,1.0,1.0
nazario5_002924_18a448435219,1,phishing,tpl_c8a4a015b03f0f3d,train,0,0,3,6,2,0,0.16533333333333333,2,1.0,1.0
nazario5_002925_d1f71b9f5307,1,phishing,tpl_1a4466759b95d1a2,train,0,0,0,0,0,0,0.023554603854389723,0,1.0,1.0
nazario5_002926_c2bc670290cb,1,phishing,tpl_e299a5901506c921,train,0,0,0,0,0,0,0.08139534883720931,0,1.0,1.0
nazario5_002930_7325a4e48185,1,phishing,tpl_ee70fcd7099e9ce0,train,0,0,0,0,4,0,0.08355795148247978,0,1.0,1.0
nazario5_002931_1440f286745b,1,phishing,tpl_5edb44614139973f,train,0,0,0,2,4,6,0.11749069643806485,0,1.0,1.0
nazario5_002933_10083174cf16,1,phishing,tpl_1bc46d28a51546c2,train,2,0,1,0,0,1,0.14779874213836477,0,1.0,1.0
nazario5_002934_44cdec09d99d,1,phishing,tpl_dc164fd8c86f2543,train,0,0,5,8,2,0,0.04909090909090909,0,1.0,1.0
nazario5_002935_e2b2906a51be,1,phishing,tpl_6554c4e0137dee56,train,0,0,0,2,2,0,0.15789473684210525,0,1.0,1.0
nazario5_002936_e00cf7dd3d66,1,phishing,tpl_1ca82324471cf801,train,0,0,1,0,0,0,0.08494208494208494,0,1.0,1.0
nazario5_002937_f4ff39c6e1aa,1,phishing,tpl_e010dfca43b7464d,train,0,0,0,0,0,0,0.22442505947660588,0,1.0,1.0
nazario5_002938_596008d32d79,1,phishing,tpl_b9b821ab1777bd1b,train,0,0,1,2,0,0,0.10559006211180125,0,1.0,1.0
nazario5_002939_541edf1a6ab0,1,phishing,tpl_e1d3021730511592,train,0,0,1,3,0,0,0.11914893617021277,0,1.0,1.0
nazario5_002942_dc1eea5f206c,1,phishing,tpl_65fa3354ac89b807,train,0,0,3,0,1,3,0.05830388692579505,0,1.0,1.0
nazario5_002943_c41a5eff83c9,1,phishing,tpl_eb815803daec0f83,train,1,0,6,4,2,0,0.17559523809523808,2,1.0,1.0
nazario5_002944_118cc8080198,1,phishing,tpl_cc32373afef9370c,train,0,0,0,0,0,0,0.13,0,1.0,1.0
nazario5_002945_2e2e94a1206a,1,phishing,tpl_e8cb97bc74b9367c,train,2,0,0,16,13,0,0.0660377358490566,0,1.0,1.0
nazario5_002951_507243055092,1,phishing,tpl_3f9cbc178b0afb02,train,0,0,0,4,5,0,0.10491071428571429,0,1.0,1.0
nazario5_002955_5afbaf4cd218,1,phishing,tpl_da8f80bb37df7b5a,train,1,0,1,7,5,0,0.054901960784313725,0,1.0,1.0
nazario5_002957_15fa8d36ad7e,1,phishing,tpl_072cea91abc40550,train,6,0,1,8,4,0,0.09882139619220308,1,1.0,1.0
nazario5_002958_014786109a73,1,phishing,tpl_656f39933f556555,train,0,0,2,2,2,11,0.0792664892043774,0,1.0,1.0
nazario5_002959_db1bff52a5eb,1,phishing,tpl_dcfd3d5d739e5602,train,0,0,2,2,1,0,0.10411622276029056,0,1.0,1.0
nazario5_002960_6c5f34a19f57,1,phishing,tpl_ef39481d93d61601,train,0,0,1,3,2,0,0.2822822822822823,0,1.0,1.0
nazario5_002961_8d20dc8271f3,1,phishing,tpl_fec4ddba14d88bbe,train,0,0,0,1,0,0,0.1864406779661017,0,1.0,1.0
nazario5_002962_f1868bf197c3,1,phishing,tpl_a2a5be235f99ebbd,train,3,0,0,0,5,0,0.08961593172119488,0,1.0,1.0
nazario5_002964_f630b7cedc28,1,phishing,tpl_c6353267d4890746,train,0,0,0,3,0,0,0.17094017094017094,0,1.0,1.0
nazario5_002966_81bd97324795,1,phishing,tpl_4769300542d67c4e,train,0,0,0,1,1,0,0.08823529411764706,0,1.0,1.0
nazario5_002967_570173936768,1,phishing,tpl_5308a91a3472ed16,train,0,0,0,0,2,0,0.09943181818181818,0,1.0,1.0
nazario5_002968_dc2c2aaba758,1,phishing,tpl_a2639f48a3efeb31,train,0,0,0,3,1,3,0.14594594594594595,0,1.0,1.0
nazario5_002969_668af1dcb913,1,phishing,tpl_9b52dbc37f52c458,train,0,0,0,0,0,9,0.15413737155219037,0,1.0,1.0
nazario5_002970_67e1c8744d3e,1,phishing,tpl_89ad416bddb86678,train,0,0,1,0,1,0,0.024390243902439025,0,1.0,1.0
nazario5_002971_77bf742eefbb,1,phishing,tpl_b294a7b067f71c29,train,0,0,1,10,11,0,0.11497005988023952,2,1.0,1.0
nazario5_002974_a9a051bf4ac5,1,phishing,tpl_fdf6fcc458b903a4,train,3,0,2,0,4,10,0.1075050709939148,0,1.0,1.0
nazario5_002975_b4dd2e653be2,1,phishing,tpl_84cde920853c2982,train,0,0,0,0,0,0,0.07760532150776053,0,1.0,1.0
nazario5_002976_c148b82edd4f,1,phishing,tpl_23402f77305e9fa2,train,0,0,0,0,0,0,0.06990881458966565,0,1.0,1.0
nazario5_002977_de0bb7965d06,1,phishing,tpl_902bbe51c61e5a01,train,0,0,0,0,0,0,0.06990881458966565,0,1.0,1.0
nazario5_002979_cd6777c3b753,1,phishing,tpl_5b3935da6aaa0cf5,train,0,0,0,0,7,3,0.07564477532571125,1,1.0,1.0
nazario5_002980_fa5e0b7f9d4f,1,phishing,tpl_e12344c98a19b3db,train,0,0,2,5,6,0,0.031141868512110725,0,1.0,1.0
nazario5_002982_a9008ec92b20,1,phishing,tpl_a23976748af9c126,train,0,0,0,0,0,0,0.1647940074906367,0,1.0,1.0
nazario5_002984_c319904bc676,1,phishing,tpl_949ab40eb2e51257,train,0,0,0,0,0,0,0.14893617021276595,0,1.0,1.0
nazario5_002985_499493386f37,1,phishing,tpl_a4478b6e482938da,train,0,0,0,1,4,0,0.10927835051546392,0,1.0,1.0
nazario5_002986_8315bb65a749,1,phishing,tpl_d614a2649f3164bc,train,0,0,0,0,1,0,0.1357142857142857,0,1.0,1.0
nazario5_002988_ab107b141af0,1,phishing,tpl_780d78c2d07459fe,train,0,0,2,3,7,0,0.12536443148688048,3,1.0,1.0
nazario5_002989_9d013c330b14,1,phishing,tpl_f49e35c958a81c97,train,3,0,4,5,4,0,0.13716814159292035,0,1.0,1.0
nazario5_002990_2eb2232a4f7f,1,phishing,tpl_d6bf0857bf2401db,train,2,0,3,8,9,8,0.0639235855988244,0,1.0,1.0
nazario5_002991_91f61fd77a89,1,phishing,tpl_446aad58a03faa6f,train,0,0,0,7,6,0,0.055379746835443035,0,1.0,1.0
nazario5_002997_88876612234f,1,phishing,tpl_c208a8accaca9fe3,train,0,0,1,3,5,0,0.05202312138728324,1,1.0,1.0
nazario5_002998_f4d89a4f4883,1,phishing,tpl_1ee7303898abee7f,train,0,0,0,5,4,0,0.04774535809018567,0,1.0,1.0
nazario5_003001_362cc6020956,1,phishing,tpl_14dff3d4abe0d1e0,train,0,0,0,7,5,0,0.12582781456953643,1,1.0,1.0
nazario5_003005_5242c208dfeb,1,phishing,tpl_ba676ed6e276113f,train,0,0,3,1,4,0,0.11829652996845426,0,1.0,1.0
nazario5_003006_92407f029a5b,1,phishing,tpl_a3093e953a78adfe,train,1,0,1,7,1,0,0.056140350877192984,0,1.0,1.0
nazario5_003007_c0546be453cd,1,phishing,tpl_b3129bcd3d2622fe,train,1,0,3,17,8,0,0.0760655737704918,2,1.0,1.0
nazario5_003009_cac48dcdbe0c,1,phishing,tpl_8dbd067b778d501b,train,0,0,0,0,0,0,0.130879345603272,0,1.0,1.0
nazario5_003012_8ba42eff4f01,1,phishing,tpl_6eca0269d2775567,train,0,0,4,0,0,0,0.09210526315789473,0,1.0,1.0
nazario5_003015_c4374cb24b00,1,phishing,tpl_badc615b4a135d83,train,0,0,2,4,3,0,0.07111111111111111,0,1.0,1.0
nazario5_003017_91d32e3c6342,1,phishing,tpl_97e2da4fe78c1744,train,0,0,0,0,6,7,0.16472868217054262,0,1.0,1.0
nazario5_003019_67d966adbe78,1,phishing,tpl_77a70b89d24777b0,train,0,0,4,1,0,0,0.06620209059233449,0,1.0,1.0
nazario5_003020_8722730c7b05,1,phishing,tpl_c99313bc18c43497,train,0,0,2,1,1,0,0.07835820895522388,0,1.0,1.0
nazario5_003021_e42ca02b36e6,1,phishing,tpl_e3223eda4a77f0f8,train,0,0,0,3,1,0,0.1005586592178771,0,1.0,1.0
nazario5_003023_bedf10053c9d,1,phishing,tpl_7eb3ad4d5874d06b,train,0,0,0,11,4,0,0.13901345291479822,1,1.0,1.0
nazario5_003024_b3040f895aa8,1,phishing,tpl_a827fa91474936e0,train,0,0,1,10,5,0,0.25727069351230425,0,1.0,1.0
nazario5_003026_be929f5a8c9c,1,phishing,tpl_86b3454e891328e5,train,0,0,3,5,0,0,0.19597989949748743,0,1.0,1.0
nazario5_003028_9739c0c3d913,1,phishing,tpl_3d5ce6fa32ef7fe1,train,0,0,4,9,6,0,0.08287724784988272,2,1.0,1.0
nazario5_003029_7f3d50d8154e,1,phishing,tpl_27f1bde20fff7b3f,train,0,0,3,1,2,0,0.2465753424657534,0,1.0,1.0
nazario5_003030_4f219fe2b5e9,1,phishing,tpl_ad5a000edb17862e,train,0,0,0,6,5,6,0.12071778140293637,0,1.0,1.0
nazario5_003031_2db041a654d1,1,phishing,tpl_40a958e8f59054ed,train,0,0,1,4,3,1,0.1174496644295302,0,1.0,1.0
nazario5_003035_c2f142418da5,1,phishing,tpl_39b3d5842a17fd2e,train,0,0,0,0,2,1,0.11688311688311688,0,1.0,1.0
nazario5_003037_be6d98bccacb,1,phishing,tpl_97f35543d5b5f25f,train,0,0,1,8,2,0,0.07803468208092486,0,1.0,1.0
nazario5_003038_9b0a94f589a2,1,phishing,tpl_2ef52a655aca49c1,train,0,0,1,2,1,0,0.12807881773399016,0,1.0,1.0
nazario5_003041_aba6cbd68eb7,1,phishing,tpl_3da9ddbf85b14df3,train,0,0,0,0,0,0,0.6171875,0,1.0,1.0
nazario5_003044_15fed8609df5,1,phishing,tpl_d34a6fc909e030d6,train,3,0,0,0,1,2,0.08788598574821853,0,1.0,1.0
nazario5_003047_9e950b741405,1,phishing,tpl_28fd7ec4fb2b9ce2,train,0,0,1,5,2,0,0.07524271844660194,1,1.0,1.0
nazario5_003049_4f637d9275d4,1,phishing,tpl_982c3b5cfe68805d,train,0,0,1,0,12,4,0.10529801324503311,0,1.0,1.0
nazario5_003050_3acacfd6ee57,1,phishing,tpl_74560d409f13f9a7,train,0,0,0,1,1,0,0.05734767025089606,0,1.0,1.0
nazario5_003052_273b3f39dcc7,1,phishing,tpl_3b1aab1c824b81b0,train,0,0,0,2,1,0,0.05572755417956656,0,1.0,1.0
nazario5_003054_7f149f8385a8,1,phishing,tpl_ab48b1d317541377,train,0,0,1,5,4,0,0.04155844155844156,0,1.0,1.0
nazario5_003056_b45aab2dfa4f,1,phishing,tpl_49092018f31f6f98,train,0,0,4,0,8,6,0.16269430051813472,0,1.0,1.0
nazario5_003057_d71ad788ac8f,1,phishing,tpl_10d4f8f18dd788c8,train,0,0,1,0,0,0,0.12781954887218044,0,1.0,1.0
nazario5_003058_a005d34129c1,1,phishing,tpl_06dd806a28bb01cd,train,0,0,0,0,2,2,0.1893687707641196,2,1.0,1.0
nazario5_003059_407018e2bb1a,1,phishing,tpl_b4baa338821340f1,train,1,0,2,0,1,2,0.1256198347107438,0,1.0,1.0
nazario5_003060_032dd1f95baf,1,phishing,tpl_6e5d908d4cf1e118,train,0,0,1,4,2,0,0.06086956521739131,0,1.0,1.0
nazario5_003061_ee22ef198499,1,phishing,tpl_26855766e382070b,train,0,0,0,2,4,30,0.18789144050104384,0,1.0,1.0
nazario5_003062_0da3115bc9c1,1,phishing,tpl_9eaabb239be4c5aa,train,0,0,1,1,0,0,0.136986301369863,0,1.0,1.0
nazario5_003063_79255ef82dc4,1,phishing,tpl_8e915b71b7eef4dd,train,3,0,0,3,6,10,0.042268041237113405,0,1.0,1.0
