email_id,raw_text_hash,sanitised_text_hash,duplicate_group_id,duplicate_group_size,duplicate_label_consistent
nazario5_000001_50b36f4bdf88,d3783b1fa5fd1a15fd5e2704ac17c56c628fcedecf6e24e6ce9f89588452eaaf,8b2f32271823940bedf7d0a7436ba30b53df0fab0dfed167692fe20dc95a1df9,dup_8b2f32271823940b,1,True
nazario5_000002_42a5d0fa9de4,81e090c4627f81b60e87f133f0d67d5ed5781e3d38c341dba29819465280261f,8bf25cfe23b867f27db5af0ab2b752033f82d908bf127e40da88f0dafab48d25,dup_8bf25cfe23b867f2,1,True
nazario5_000003_762f8779c452,c70d0140026080de9ecb129b82dc4b4429eb95f3e8cc904488383458ac1e29f9,df978336817290614ebd24ff67065118248a16a47ceba0243d3eed9e4cf4e9a5,dup_df97833681729061,1,True
nazario5_000004_636596ccfb34,8bc3d8e76c63b1c1d3221ab1d21c48909d950f1026d0f7d398dbf48f5618a157,c0664461fd8a3de53aebaf490a6b0ad3aae199d81c79a12526b246ee063dbafe,dup_c0664461fd8a3de5,1,True
nazario5_000005_9ef6465b5cd4,6dcce0aac3e9271410dfcfd40652fe324c97b1fb1fb485f6d99d81fbc9e293e2,7bdcd2b7412dab667a874d63e2afcf42430552673209ffb8d93e6f42f9f065cf,dup_7bdcd2b7412dab66,1,True
nazario5_000006_cce0d1f92015,ffd898e37f6294c3ab8dc4903cd6e788d5f324b331a424ebbcd6fc49f0674487,010510a5664b304f832cf89843de899082df9a09efdfb39024865f175fdd4586,dup_010510a5664b304f,1,True
nazario5_000007_602f0a619728,57766eb1c97b4648cdc8dc11486ce9f5d22626ab7c859134f1cfd366aa665e00,c2afaf33a40b5fcbcb6642bb6c94c5efe6fecf4462e6500b5d4d01dac963f426,dup_c2afaf33a40b5fcb,1,True
nazario5_000008_df5ea7b67cd2,5925553ee20a4d3d8bfe2e60305dc008f9baa527a8d0725bc6f2a46eb121c38d,162c4c2b578b45421112334e8e984e0613b4aae51c55787a9c37927af84b6006,dup_162c4c2b578b4542,1,True
nazario5_000009_ce42bade8bc8,eeab82dc58889a595b9b3237999015dcf522badce3ba8c4836b1250fcadd4465,5acc3c9a3db2d61ec6693f93e0f7492c500a721c2ed947a063caac0a4fae8c4c,dup_5acc3c9a3db2d61e,1,True
nazario5_000010_3889dbd2785e,53efe10f2807619ff333e04793367d9e5c1a06826413dc98b4eca740cf637bb1,fb377070aff0bc672bbb3db4a2b8a5a124e951323a680a0a13d76e0a81f7e20f,dup_fb377070aff0bc67,1,True
nazario5_000011_fd135025c657,e1dd79783fa97f55253d23e3b6dbc0adae1f218ff3a7558d1662f88e53de6252,c7d0e2d4bf720beb21baf399db6f9996a37e15266e8946e57f68684ebdad8b96,dup_c7d0e2d4bf720beb,1,True
nazario5_000012_0a1759370397,71d92d98d0d2cb7ca6c39805e4b34e78ce8d971b803afb714acd270b37b0fd34,bced0a251edf12a4b610906d4a8da8bf573dfb1be5ac79a10b52e9763d0f903f,dup_bced0a251edf12a4,1,True
nazario5_000013_69eb0ef5ba4c,a47aec4eb663939433aab75f4ad2cd81415f4708c511e556df4da01cb2ffb9b9,ebddb3ace925136277409683dafd8d69cd7e0346e09d4922cea624bcb016291a,dup_ebddb3ace9251362,1,True
nazario5_000014_7292ff5cef6b,3518dfb85ec2c3cf95dec0e155047dde6e82ab39003ad3f2a8d726af8a55dbce,24d0861faaa6448ec893d089083cad83f042e805170a6ac9ff152aecf16a63e5,dup_24d0861faaa6448e,1,True
nazario5_000015_3c553406e0e0,5082c8bbf48d03a4816b8281257adbda111f757f36eb2e9185e88f4545f56797,9b779a057c118611888250d9cc754e24bfcd99aa078c4c30f9b55cea41350ea8,dup_9b779a057c118611,1,True
nazario5_000016_7a55b14d6325,94e246c50bc0a96906a1b20a6abd0a106469ee34c560f92ba1b4c7caf0631b09,c020de9b0b92d02006bae448fa25f96f3adcb9caf945feadc9520443c248bebb,dup_c020de9b0b92d020,1,True
nazario5_000017_a93006b2a993,6f6709956c9afe8d9c07bfd94cc3971b06b82fca1ecd79dbdf3d72ae8087a2e8,3f3734d48f2cad8b463dab275f7c0b16e4fbcb7978f09ba4fbb69832460c4fb4,dup_3f3734d48f2cad8b,1,True
nazario5_000018_0ae70db23512,888ecae8651d6c4e2b33a94aa4599fd61ef2ae984e2660c33a522cb0865a0326,de3826fd0387139ce835c5822e5c26df3b9f67d393fce0611c7eebd07dd8c88d,dup_de3826fd0387139c,1,True
nazario5_000019_abe9fb5ccb6e,d211280b3cced283679ed77b2ed61973f00b5bc74d17b53c087e9ba54685cdc8,47883f3f6b230eff64e8177de6b198ffc1a9f44752e3d4eba2a53c55177039ac,dup_47883f3f6b230eff,1,True
nazario5_000020_3dd7222f8144,1a9ba28e763abd5ba04040f54c6a951b30b90f9e7d4f61c5227229cd858396c2,ff7ac6cbf0af1339807e34cad6f159331124e85dbcb9505294f67619c3d0d9bf,dup_ff7ac6cbf0af1339,1,True
nazario5_000021_5119db6379b0,b2abd56d0402e853c8d396aa95132db318b78854b52d317e4784776267b53d17,a049ffccd37816812b74d9ac58e59a8046c1ab6ec71d69222baec90af03a4ec5,dup_a049ffccd3781681,1,True
nazario5_000022_60b49a7bdf99,b2a97440985efccd3bb33e8af8e5e1673aadedaaf618b3d3b30ed8cc77b133b8,7f813434680a47d7b8fb99193655bcbce2cd7d542029189c11e15fc7c912c2fb,dup_7f813434680a47d7,1,True
nazario5_000023_9d4b1cb9c37c,7d7671c70481e200b321d92a865be1bf6f0aaa57b78ca8cc36469f480154e91d,490119d4f53d4809e069ad842577879b2e734e2ae9116b7c9d7244416c9a848f,dup_490119d4f53d4809,1,True
nazario5_000024_f8e8f086ac0a,189e2ce14e8f5bd0daaa02af7518a55a4427b9c84770e66d64b5a198caaf7230,3cd63e18bb0a852c95279cfb320965f72e960c4c9d4d1c4c89fadd59574bc975,dup_3cd63e18bb0a852c,1,True
nazario5_000025_54f51cd2851c,695bc260b96a5f5a7d71a4b76bfd18f1a4f106be7d96221068280753d6d80e51,4b857451c4ee49882c0de22f9475fea175cdf7e195229aba443236b3d0801714,dup_4b857451c4ee4988,1,True
nazario5_000026_60ad65e3f13e,dce4a2ae04a669aee60414dadf883da9de622bdfa1b7cef71825a96907cb44d6,d48380e229b460d8c0914170879c4a2627a08b559b8c4ea1209ebe7144772f09,dup_d48380e229b460d8,1,True
nazario5_000027_7d3d48a972ef,708d4459efbfba0b20d4723270aafc0306f2b19111363ac63815a53683bc120e,1d161da89203bee74ee2b1fbfda07c6f5504a15abb094397a46a07d8ce8f805b,dup_1d161da89203bee7,1,True
nazario5_000028_0cf69d24ea50,d15f4f3a5d1c19f5cc32768dfb63002e50238536ab093efa866ba9f97cde882a,ac434bc5cccab23d607883770dcdf58f0f2750b2e09593f2847ae450876af94e,dup_ac434bc5cccab23d,1,True
nazario5_000029_938610cee149,64dfbf88c7b89bdae11ad3f486cdd361d36e58ae4fb5a695d3bd411b780a91db,3a7d780a10121d317466e99004dee21cc8ce249b7d00180cd5edafa02a9d1933,dup_3a7d780a10121d31,1,True
nazario5_000030_df80403de389,d8a863d399c980e5b12581e463fb73bb8754dda4be6e38b1fc0cf0f7bdcdacc2,f0e974c98d2d055bd82f0df6eb83f0226e056c6e703f9f97808b615afdc241b5,dup_f0e974c98d2d055b,1,True
nazario5_000031_71ad2cfb637d,1bb85c44b0bf1d6bce10a6ef42c583cdc545db8d88665ca56469b2192a70949b,32a6857be56a5c22a457f6467cb269ec253642d5581735626a2f463778cf5c34,dup_32a6857be56a5c22,1,True
nazario5_000032_90f6e6f881ba,fbedd08a65a72b2cc9f74f7d1e9be7cb48d2320cea173fadbbe7839ac573d1d7,b8e3391edec35e75cb1e02eb1455288f90fa116068055ccda720db9c7c32fd42,dup_b8e3391edec35e75,1,True
nazario5_000033_bf62a0afcf66,467307f72208b4a8eb3bcca9b2d5eb58bf722cbac3b5b0c0d48e3c08bef9394a,cfb55ae7dbb675ed0aa3f846528d6fe2de06d9bf161dd611ea70783f9c0f1b04,dup_cfb55ae7dbb675ed,1,True
nazario5_000034_c40de79f0bf7,99a735670f390cb496c5ea30a27e78bcedaabe409d8e49bc116caf9372e625c9,b1f7f6fdfb60f49588ace1d6ab4c3b75678043d74d36e75b408e25d12fde0577,dup_b1f7f6fdfb60f495,1,True
nazario5_000035_c6c5d6139493,9c1197e13767190413023e5848413bec1c1726e452f042c2262f76bd0f05588e,c0bfe7ebd7aea4f61b90d29c3803a59fdc1592420b256813c616861d3fded7ac,dup_c0bfe7ebd7aea4f6,1,True
nazario5_000036_52f09da068c4,7ad1e96b09ee2b57acb3c7935a4d7e2bbde2881048e0015799162d7fc152ec52,282d793b88c8c7391334983e8931a47a03f5a8edb2f9d0cb973499ec10e97d09,dup_282d793b88c8c739,1,True
nazario5_000037_504e091ffe40,a0f7273df2186c41d70ca2af6a38505a7c9371af4fdaeb5611e0fa9ede2aef78,3f01b1fe6cc51de79c57f5038b5d7aa36bbc91131af2054823115f6166d2a849,dup_3f01b1fe6cc51de7,1,True
nazario5_000038_2931cea7bec5,644a454234fb7fdd0949eea62795893d97ecce78abb6b75b21ebdead2afdb6a7,c9b7c2f69618c11aad8020b91bf56e030f7c4f50bb3bae31f430aa1872288fdd,dup_c9b7c2f69618c11a,1,True
nazario5_000039_cf2c6def6c88,290ea84d723b926d7010f929fda730eddb18b2f86cb42a7211c90bed11793a05,10d9662c73ccdfe26bc579f9f2f8f7273bede61e4e9b0fa65e9c773cac4496bf,dup_10d9662c73ccdfe2,1,True
nazario5_000040_eafe8fb4f72e,5bfdf353383809ec78f35f3efdbb36f32704fbfc80d1e98d68458402bb384cf9,c996de970d3cbb9510278e1fd4ea7cddffed819c8747d0a8dff0e449a199979e,dup_c996de970d3cbb95,1,True
nazario5_000041_bbd9a998eeaf,0e58c1acc992546820e651e3b1f6813121376e2a43be9ac996b4c0f09ee40017,ef44e91dd7053970ea591a89a0a68b3465befdc6cf8a33a194ebaadc9a35de37,dup_ef44e91dd7053970,1,True
nazario5_000042_f709f8f32b71,1dcc74d8b5a2d5a4c27323cfa5a2cbc6c0335178f6f3d407e1811d980e46f5d8,f5f96c22ee6c7bf273da342d5067e83a48f8b4efb124e7c279d8023028ef95d1,dup_f5f96c22ee6c7bf2,1,True
nazario5_000043_78c2a2e8cf27,23ef3d6584f54e611702309b394da11fbe6760e5fa3f92e03654eb5946916239,507958f99df91846796382d091b3e990ba13cd265cae790294c6a89c6937aaf1,dup_507958f99df91846,1,True
nazario5_000044_a2be3cfe9d49,16d8eeb3ac4ebd0b10202b1a7dc9e06cdfb95830c1353c78c2f0221fa38c1035,379fa097a20e692d830c2a70c227ca0eb30bdb0b7c3bbd0c33f791f447fcab2c,dup_379fa097a20e692d,1,True
nazario5_000045_f25876618fc7,a0d77135f7dc4287fdc38306884f716387a23c90e865c04413b46c80edfe0b52,426e2d9521708d6923f0a33827f75b962f8d941876071f444014d4bafd47e424,dup_426e2d9521708d69,1,True
nazario5_000046_71e635cbb223,d115f08a123f19a7cddf21d0b08e6b256038dea68e70dba8a7d8878b52cba2a4,0cc6552164738e68b36b9cf4863b41878aefce83073e6225166a358e060fbbd1,dup_0cc6552164738e68,1,True
nazario5_000047_91aa6b910ede,2106ce84f633586298c74e24a2f76e91a1587967e0e67e6ae3e3d3fc395e3fe2,ba4a53115151ecc37bb525f3b1cbdd8d476ccc0cff10f41d36f5f99927ed9269,dup_ba4a53115151ecc3,1,True
nazario5_000048_c5c318362cd0,2dfa2eaaf606fd13ed250120efea5dfa6fc9766e7d114cc395824ee5dad0dca3,91c8ca8ac684c1ffeebcc4c85cabfc60d20d7fb8ffcb470c17c784952aa1cf6f,dup_91c8ca8ac684c1ff,1,True
nazario5_000049_d0bbbadb2a60,3e7e17468e3df15a45b6570b2b4ea4b8f69f2d9ab80283a8d8e0cbaf376a68f2,d58c5272a81d50fd5c68b2c00450f72dff2d8d61239c0529ef48e148558e5e9f,dup_d58c5272a81d50fd,1,True
nazario5_000050_dc264e95604c,9e18c24085e10d864db20c54f0ccf370c867c178787de887d21a0583fda9c472,36374cb80909903b3a726ca53f87245c11ff6195938ee7f76d2bdd10e58b645b,dup_36374cb80909903b,1,True
nazario5_000051_d77b84c4a629,e0c88af9e1e81dade88dc4084600c1dbe8f1366d574072dff555b8c021ffee85,0f104fb6dd1a44c3f63f125c7d8582c1d339d15cd94b0073b0ae94b0fde4520c,dup_0f104fb6dd1a44c3,1,True
nazario5_000052_ffd1f360c4b8,b1bbce9eb6f16cc2f353741fa9a12fad3254c1bf2c919ef431fac34e995a4feb,88972bab9786b56959342ee9479f5fb649bdbcaa3b146f2bdb72e88684627980,dup_88972bab9786b569,1,True
nazario5_000053_9876d7ba1637,5d4a2c469a4ee69dccca09b24876dbe7ded1148a96120ca940af03c43b9909b2,7659b51991f541ca38e3eb52007f0e8f6954374162490333b03062768806b350,dup_7659b51991f541ca,1,True
nazario5_000054_105db353c328,9badd6c9a1023117cd98cb63f90d226cf1ea8f78003eabd2ae77c47afec9c1fb,c61ebe69ff36f0029675cdad1c0b2d37bb512d3c7f798eb569132cd07b9c5bc5,dup_c61ebe69ff36f002,1,True
nazario5_000055_a2b609b2f390,d02d3e06f3ef8fc03e2ac5967795d23064c805405279014571f68d47d79ca6cd,e26e6662e08acb9e64e3e6464fcc826671cd4dc2f5e433cd5fe2b8577a59f0ed,dup_e26e6662e08acb9e,1,True
nazario5_000056_6668a3f844f3,647535036034a7f5f2005a60e9de3be897510915a8dabd33ade8ecc5c4c01dce,11eef6a90c4df6707e75b4b305a2ebf3cf788ab3791f87fa78ea3fcff805722a,dup_11eef6a90c4df670,1,True
nazario5_000057_822c51493bdf,ac823f82dabb21cd25492e7b53223e88d905a1236a2b99b5808313b35e3dde04,2692b28898a09e10681f078ab9da138b7e812c4a8bd022513a9a4b87924b878f,dup_2692b28898a09e10,1,True
nazario5_000058_899c44093446,ce670a202d46bb4498d1b4ddcbbe0a190644a08bfbbaff0fc1e72874dcaa5219,41d18f6971c143a2725679c142f755890c946b21ef73db7020607cbcf56d4a5c,dup_41d18f6971c143a2,1,True
nazario5_000059_1dc75ee486b3,51cfa580ddb900eeb580d4838cafe519801a795b6ca8735cdb00d9f7de545d9f,2eb292faca4fe466baa5b30b0cc3469af5d3454b0b05d4c5b3df1af5da69c318,dup_2eb292faca4fe466,1,True
nazario5_000060_e5963a2c0ee2,72ac541c816c1746a5ab1375102c8b541ea087701fa98b7c52d6772921d7c6ef,543add8767c4a778b53957866cfc55e737fa0a25cb964baeea971a486b3ba364,dup_543add8767c4a778,1,True
nazario5_000061_e361200d5023,1f291f2b655557b9a49a12483f87847aab94970dc303d6d0fb4ca6ce7a825013,710f53d29c834ba9a08cfe2c3941894571d70600009b6e274ae8368b8e3ae9da,dup_710f53d29c834ba9,1,True
nazario5_000062_709238d9687f,1bcf071499918520d54fe5555c99ae36bb58cf8dfb51bce9cb43b9f7b24314be,01cd6949345b06ecaa068060abd55d8bb84656fecb75bb613b9ff494e2a49d4f,dup_01cd6949345b06ec,1,True
nazario5_000063_56da5cf00028,dc383b6c5044a7975ea6319826fbea173e6a9708165d6abca83c2b78b308c4e4,c9904d0d9692b6b70c27f7921d5d897cfad53de307ee3b8f47107edf22b9d9b7,dup_c9904d0d9692b6b7,1,True
nazario5_000064_1e99c2c54d50,2acbd1994ad60c689571eb100fdf7e57a8d7c29b5a763f77630d4efb7bb3207f,89242f3ede4219c79fe047fd0ddb7f1eb7b5174641a45110e02cc76405f81450,dup_89242f3ede4219c7,1,True
nazario5_000065_0142a49a6222,38e16c33988c6e602b59f966a69211bcdf50dcf2185ee648fcedaec7e9fa872a,315cceb98fe816b5002a807257dd1446e5de40ef173daf9439e6f22e5ef555e1,dup_315cceb98fe816b5,1,True
nazario5_000066_976271582274,e1db2b8d28113409a52e447539f1e5156d10a80f68b62b5de925fd05481a2737,c98e89e720376633d7c7220fba47324e7947cce30d135abf35369a4d0fbd3fae,dup_c98e89e720376633,1,True
nazario5_000067_39cf5deeb467,a1c61afc05232babeed5d3e99f7392880ffda8476ddbd0e9a8db9c77d4e777c9,6b9bbd70e6fb26f1633418366606ccc3ede356cb563593d97312537302b01542,dup_6b9bbd70e6fb26f1,1,True
nazario5_000068_097d3dc69887,cd775d323d62c456cdce8251bc732b3f2ef3e184e9594280b290b51c642c2213,87de8d5330ce7dcc3a9637eee37c4b16295e1a9b19a81c615d221c4051d6223c,dup_87de8d5330ce7dcc,1,True
nazario5_000069_6acdea7ff24c,e2af3bc345aed0b1960692beb7e3a63cc157914a95794732ae8cac665a16cf27,46b74cbb6c92716f1e705575aa1abea821015df52aa420bcf5d3d919cc5e5bfa,dup_46b74cbb6c92716f,1,True
nazario5_000070_4140a2250d08,6e1dded0f11653b35f68da962fb870bfbae8c350f2450d55371c1d5681672c62,de6ccff149f6ba5b136a7cc3e9c41590027a9c8d4fa575ae7f1b6814fcbcbf1d,dup_de6ccff149f6ba5b,1,True
nazario5_000071_21710dcdc351,6a6ae62b77a07b4c5c1d1110cdef376e55ceb0979c29ea8b73c5a111d23cec40,fd227eb756f1dd945d58e391ece684e086df681021187e277d5c38f4f8646e01,dup_fd227eb756f1dd94,1,True
nazario5_000072_2c20d5e92a43,2c6c921d334166ec305e5c5872795cdef3d6509dc4a09be716054c5af3ff5c6a,eba846d34929adfdba539c0b92509f1d540cd00a690f02f02e26a8a7187f991f,dup_eba846d34929adfd,1,True
nazario5_000073_b7b4e224a18a,d7ae97e8331df00ef62b1f57ce0fbbb1b3cc67c4897d8049eec2b2804c5a3935,db5f56957e7952437d93006ec18a3ddf94b7dd8af0c378ec6c1c21c76704418b,dup_db5f56957e795243,1,True
nazario5_000074_cddf46564b8e,aece83ecd051b03510c0da1da0b825267345c2f759102c3f9356bc5f228cb621,065a95d3c070fa5853f149cad19622da403a55ad6056d1db0782145d38668ec7,dup_065a95d3c070fa58,1,True
nazario5_000075_9ac927347af0,4e3f413179120a46e301d4ebcc38d020644d28c844737f31d2f93f9cde6ccdf8,091c0068d56f553b1885e706a9925513bbd9d742fa08a88c83d84c81b14f4f79,dup_091c0068d56f553b,1,True
nazario5_000076_3e8823d6f7d5,454deeb1d73b4d3bdfa1fb21feaeb679d7b5e6de10cf822cb4966f722159059b,da414717c1d519cccd87ea95e0243e586207c29104f01e94ef00cf3ed9729534,dup_da414717c1d519cc,1,True
nazario5_000077_89f1ce92ce0a,4bb666fae1670525f6562e570a4ce60f068b8fce3f60e2290261893d4d6f0564,a4487564864039fdf9c192fcc5fea226f1076c4994e10e307ab7f53242f3f264,dup_a4487564864039fd,1,True
nazario5_000078_56bca518a0e0,d1f675b9d2e685dd32e23bfb29acc53add1f9af3b0992e6530353994bda10c64,f22abb8adbea983a4d895a74f2732d28d2ae9cf44963c88bc05a9af544df0217,dup_f22abb8adbea983a,1,True
nazario5_000079_6aaf50cfe3b8,ebb4c446efcd5ee28160471612d9ec66936a8998abdf0d1ea6abcf7acabaefff,f8756ebab9df70d1d8d38d64525dc2582c3fe61a25a3f42f58c7f3c210cd3328,dup_f8756ebab9df70d1,1,True
nazario5_000080_006c70dc3fa6,e47750a6254b7ddd8187c341181e88533074f89a48cab00ac1d81c757724c71d,31797c9c6cb102655a5b4d9dd089195c34c2111e082df1cff802270eaf0cec64,dup_31797c9c6cb10265,1,True
nazario5_000081_976b4c0415a9,914c24a891e40f7e17b849ff0b85df727069663993cf3854f94e5677764b13d6,9ce3ce34db1faf6f21a64b80c13f858bdff2542f2c2cb9d2446868e354ed146e,dup_9ce3ce34db1faf6f,1,True
nazario5_000082_c23a2155a307,fddc0a2cb2247351572e17b439337fffa2d9f7b4cd082d0eff07d678c2f44dd9,b3781343efed0d259cce9b6087c174210ea3e3f5543bbf1f6e7f3bc49fed6ff9,dup_b3781343efed0d25,1,True
nazario5_000083_9a6f028c80b5,a9499ec1f4f31d1c4f05b7299cdd7f5bc2b3de99eb691b7fb829e5a1c259f0ce,fd0a0c334a8ed33f66ba2fe46968cf9cb3a9a55dd08e78a91fe89b017c31b8c9,dup_fd0a0c334a8ed33f,1,True
nazario5_000084_07ddfa93d82d,a23d3d24adbfd4de74c26bde13e9afcc6cff1b41fe2587b3e054a51b66d1dda6,02da34f4fc4f6f0bf8e702832f99fefc4d7a1b49a03af2b1b1094288c6c43af6,dup_02da34f4fc4f6f0b,1,True
nazario5_000085_7799ce2b4971,0eea128e4d78b8d815277598b5b3b35c4cc1d1cc85fbbff7410cb9e90f4f5a89,abd597099714445d8baf417c5f3e83bce1769fc15859ea4fd723b5545d9e3570,dup_abd597099714445d,1,True
nazario5_000086_d34c0ce1df2e,c5c99a9d8818f0e52f21d3846710d7811e1f9eb6d03c074189d2830064f4aaab,7397d104d886437806aa0ad4b6b573b366c38e1d2af23db176652e578f66283f,dup_7397d104d8864378,1,True
nazario5_000087_85015231c66a,600d5afc17d0fb9c3843c4adcb58ca0e402e7db5c0f49559c0db3da994867c1e,ffc5197dca6cee58122c905ab087dce9566c9a3a70af63c355823a15d6338505,dup_ffc5197dca6cee58,1,True
nazario5_000088_8caf1c458f1e,30c89051ea554ea2f0a8f002112475b0b9de09e653c3450250538af9737292d5,68f1451fe1c4108d4af60420244cfcf0421f7dfcfbe9a2daa2811996eee0c8ae,dup_68f1451fe1c4108d,1,True
nazario5_000089_b6c53130c381,fa78427e47d42fa758d02a5876acc7b4af86361c306cc8ee5a7727d461cf416b,1cea761e7e8540d8acc925474a4f57db1804eb686525d4941a793fe0c6112a57,dup_1cea761e7e8540d8,1,True
nazario5_000090_1b65ec9e078f,b96568c82ffb90d32e82f918f6f458627830cca4fa25fea5322dd599953b66d1,94d4151a5e8eb704b45073a87b32d5b1a9fdd3f5f246df53e92f130e3c4eb260,dup_94d4151a5e8eb704,1,True
nazario5_000091_77a0366afb8e,5c72a996e4780a5a57d5f1e909e533fb07f0dd5e888dc1a1c027c6797398b0b8,76cc4a446d961843678f67dead504a54f25c6b3ce04a4c62bac244f7513b99b0,dup_76cc4a446d961843,1,True
nazario5_000092_7c70b5da8119,37dc63da104e76f1e0401f99f4411d3001a9498621b77460906a5d1b93eb1747,6f693f982f4d833791ba00dbfa55d8b8b9ba167babfb223e34755f249dff158c,dup_6f693f982f4d8337,1,True
nazario5_000093_a1e4b9648f27,87810dbb46e7a6738320157c917744e0cae8f94c381c30f56c095a4d578937b1,4678750dc9b5389a399ef7892762dc32d30825922e99ba82b4191f6f4a85a5e6,dup_4678750dc9b5389a,1,True
nazario5_000094_649b71ce4ab5,5ef4051ab42c8b02871d9f205159656dc2daaa62288ed3814c55ab6ab05ae772,d86eb2d728b1d6cd8312fa9cb2f4a3bd39c05ef13916bb3d637fc3b8d2cdf196,dup_d86eb2d728b1d6cd,1,True
nazario5_000095_06bb10224e5d,0e5dd696eccabd7c019ce8473292bcc73ff392d2e5f8b7e6e4d40ff5cde4824a,49e661d312de5d4634d3ccd9b33ec0a81bd6cc9e6f30565f42b184875de6a839,dup_49e661d312de5d46,1,True
nazario5_000096_741e33ab657b,19535d4c1f108b4c7ea4f5a644d73326cd11d083d974734030cdc1572a294cf0,179c8f755a5c91ed9273fdbd08645c464f169b3664aa9736f8e8e5836843528a,dup_179c8f755a5c91ed,1,True
nazario5_000097_d9a12b650873,acea86269757a9c6c40472eedacaec5b2f42dc2758871d38776a27d19c5d732b,8b2b597e24efc7c3888ef5c79676c038f5b005d5f20d2beba0e332285afedf3b,dup_8b2b597e24efc7c3,1,True
nazario5_000098_9bc1334014ab,1b7643adf534cdf09e7c14f6a2af1c5c1bec1225fe796bc5afc0d0f31361d728,ba203928d66eb56522d419d0d9d89eb28f319228d6a4955dfdaca0198d3be28d,dup_ba203928d66eb565,1,True
nazario5_000099_fb2fb37dde14,c259a88988774bc94bc4220a52e3c0d56a5f61e3834255047c515c4e8501d5ae,6e92c6a92af2258f8d3917ee2ff4a7aa74af5f1fab19f526e92dbd76bbfa1503,dup_6e92c6a92af2258f,1,True
nazario5_000100_55f77b59397a,00e13bd71344914d4753be3760381bb4306af3dd8245f53614a0d392982c707b,3c4976c4987f03c1dd112cad3ef3b85574d5676de038e4434f0fb9ebcfe4a912,dup_3c4976c4987f03c1,1,True
nazario5_000101_c064514ad7f9,8b6e7f67ec89c8705a6f3c2f5a8301efb63a6676b6ddb9ab6920deaa862f0db0,1a6ba3469c7ed8d61398d0e21bdc0b83d9ea046ed809b54f163b93571997c5cf,dup_1a6ba3469c7ed8d6,1,True
nazario5_000102_a9ed6fdd2696,17f38790ca9d393dd6e1dfc5236919add6b6f77d8170fc80786dd4604296754e,4414370bb491820c712fbe27513b28d2acbfd83c502796969e1aa770010863a2,dup_4414370bb491820c,1,True
nazario5_000103_b713493ea5be,80ca4fb1857b5e0248a3ade52725413628c067236f993568c67014bd66da50d3,1a79a801fc767bb11a9065a8efc2078ecc7eed3b42f0f0a7539b5ce07a9db4d1,dup_1a79a801fc767bb1,1,True
nazario5_000104_a612e1125619,dc99c8b9040bc20f42706225a05ffe9bc5105c3e78e67ec0e71236ed1bb6844b,774b3640e4408d44f518bec675eebe87edfea32525e56f5e840817affcf8f35c,dup_774b3640e4408d44,1,True
nazario5_000105_272574846ca7,4b13d6da854c9099bd1b1cdb7bbbebe796c1d2597f5928e26b08fe3232c7d1cd,6ab749b792e96958fe3df34efd8bd9bfef0391135ef5afb5b0622ce6f443ac4f,dup_6ab749b792e96958,1,True
nazario5_000106_f897e18ec99e,ed24ddb82d09073ee69cb6f328c6d46026abda61561cdd0220f7a77aa73b100e,a850c95477cda5302ddc92ead447427200375cb937a72f39f21a67e97065bd15,dup_a850c95477cda530,1,True
nazario5_000107_a58dffdf2c3e,ee8b3617cdbfa8a2946a8380ec5627db49f2827949680fb8e6744568c8ac7b4c,9abba0c4cb730155d47d4e0568cad7aae51e1bdefab976835176be121d3a3b76,dup_9abba0c4cb730155,1,True
nazario5_000108_8c7e754ad314,867d3d9b6b05151611164af44281a1de4fb7682d27aa0731b9c7584ca25cc817,59563d37adcd827df0a1bc947b8958c15108a1d3e47e03b37218b1dd008cd7d5,dup_59563d37adcd827d,1,True
nazario5_000109_6bb4cf0cf72d,be95c2e24a3dc4ca14b9b51b881fc9e2d96c51ea4494960f3abf7c131bd70364,17ccee98e400c2b6804e0853be8649f97bc7c7933a2328bcbaae625a2d320531,dup_17ccee98e400c2b6,1,True
nazario5_000110_dae6d4753982,b21e81ea4878af3a01c82f176ed656163c73c42f0a15505b97621fdecafbdee9,e3ad1ffd6cc97095250ec8547682dec18ccda199cc5cd95c0702ce0345211f1d,dup_e3ad1ffd6cc97095,1,True
nazario5_000111_150e02b4dd21,434f24890ddc4c2e238ee1e7482d51610a6bc094db8df12ba74a09649a396afa,06c9e6799800af03d36f9ee2d01ab9a9cfc3780b266694635549c5d5ca6dcff8,dup_06c9e6799800af03,1,True
nazario5_000112_631896d45f7a,f68af0082fba7af262252246f8997aa66f9558e67937710d40ee9514cd54c3f3,941e49dd9b402c2e0fd860948f54a28fefca20920a65aaa6047b4b25b5b73eec,dup_941e49dd9b402c2e,1,True
nazario5_000113_0be16a374f75,3a12a28fc5bad82cf3606b6862cedd188202f26004eaa8ab95186b3cbf70ffa8,15024920c6d671ff3956c9c211d9867c005de5bf5d1c5ab142660ca146b43579,dup_15024920c6d671ff,1,True
nazario5_000114_0efdb3161eac,6424cacffa02163c7959c274582b92603c9b671c8f56a85a5cd74a9cac52686a,76ea81dcf32e4c014985a78b4287093b905e4422c96a415d661e2f882bca2831,dup_76ea81dcf32e4c01,1,True
nazario5_000115_008fe27f6da9,4e1fd63cccec45db2accd2f0f4d3eeaa89e7c5b985f84141d3e0bb6f65a5ccdd,a09a0b6081b819e3882985fd22bba25c1091b740464f7f117da4db69183ae72e,dup_a09a0b6081b819e3,1,True
nazario5_000116_ebf50c73ec06,4267801cfb560c2f27b547c8bfa07e80c74c387edadaa0debafb6ecf858eb00d,f2e02bbe83ffb8e4b36eb658333df526eb54ace22e3911c0e3c0b9da9e0f6085,dup_f2e02bbe83ffb8e4,1,True
nazario5_000117_a095b05b6e42,b9a2a19adda96d775dd547b201ee88eddb2c48b232af1a696ace7c383d7e6f2b,a8c7d0a6ea2b1f62347a24f9f26dbf199a10db9ee95008378be88bb1426da2a7,dup_a8c7d0a6ea2b1f62,1,True
nazario5_000118_611397be1aa2,ac12ec0f088cdeb101b5d4751704076c7dfd9b7485928d20d28602c5535df3bf,2b7052e311dc75e8bb657d96ae1c3da8987c571e4c7d0a54397a5b655998cc4c,dup_2b7052e311dc75e8,1,True
nazario5_000119_ce1363ee490b,462a25591d5ce53fdb5f58c14fcb596c62847dc1a8ed2263290a234bdf76b912,f1a86ec993e4b8dcee7d2bdeb4ba5ae3ce85e778ebf59d87e6fda58d54e8d268,dup_f1a86ec993e4b8dc,1,True
nazario5_000120_d260515abe2b,6376d684041094bc31306bdc71ee9bb98884c1159e5a8e0b9d90357f1603967c,f19505895cd87ccac0e5f5fbf0db3bd365042f5e5a956cd1c8fc0e8b4004084b,dup_f19505895cd87cca,1,True
nazario5_000121_363e7089e322,9532a3188091d08cc2e0610e219495b3510763c04511ba2684ea4e1f4bfbaa56,0b115e286c9d549d98b452fc544a18d944c4475128f6a388357b35e45e9fc44f,dup_0b115e286c9d549d,1,True
nazario5_000122_99ac6b4ace4b,111db67ffb21631d9c5fb144098763b55c3d1334cd4f614558074df09814e559,4e83441ce9738e9eeb9d14cb8237dc769a36d5ff8a72f3e31312371041f4c195,dup_4e83441ce9738e9e,1,True
nazario5_000123_433a1671388f,df565d899acead9c61475b6989ddefc0949dbf58ee5c2847a6ea646020e833c7,af26604a41dc8da374abd2342d6c427b9d9017fe05bd9ba81fe48e4754ee69f2,dup_af26604a41dc8da3,1,True
nazario5_000124_dd6b421c764e,e74866217bb80927036338f4013891b29971b0da0e9d0fa58e580c9af1a276a1,654f0ec870f7a0dc7b4bc7ec83ca975043cbc5a101815672e6ddcb428240154e,dup_654f0ec870f7a0dc,1,True
nazario5_000125_fc43f0afd09a,e9bcc8ec52a8636f2c76fce1b93d7a46ea47ec6b71fe02671b012415e9a0ac06,cc543742c1cf1a4278b9182f4d42b800b74cacb0852f7679ddf374be91870761,dup_cc543742c1cf1a42,1,True
nazario5_000126_d135c61a7712,6800ce93d2090727f6085d94c399261d96590cb05df0f7ed7809c34572ef8000,15492b15722579e341f17810c2f1b854aa4249fff43c966321a6664b3f405c4c,dup_15492b15722579e3,1,True
nazario5_000127_1720d61b1de1,5221de8601930354e696f55b8002faea42416a0b1daa78d800d767d21a887d08,498213cb23d2178a6c3ffbb85b5b533bc49b973cd1f7b7291f6391822827c023,dup_498213cb23d2178a,1,True
nazario5_000128_b465fba67660,a72d374bd11c8df2ae234ac38465294e91d11ab6621365953820b731ce1f332a,dd00fddb51dfc4c7d59913c65fb283727d7161dd59ebcc8171d705df3d868129,dup_dd00fddb51dfc4c7,1,True
nazario5_000129_3af40e25ccc5,49e2fc21236a87ec01db7ed65264135b64690ffd20a8fd0f23d8df232382680f,c104f9373fda607d79bb24c65085e8e21e38a4f9d0196ab42547d5531a1ebd6a,dup_c104f9373fda607d,1,True
nazario5_000130_7cc11a6ad32a,d38023e9e969a981b9dc39e512017ba4422b645b909f57279d30b2d6575be20d,272528aa570a24dc8d8f578e1a195cd55ba0a6c5eea8cd010b9fe309ef0d124a,dup_272528aa570a24dc,1,True
nazario5_000131_06da1e5c4f1a,d305c0944b41a1af6320e657a243b2ff857fa75a58179b91f5622acf4f3ccc84,68575da294cc83d2129acdce254aeaee44d68d21a8b9e6d4155f2b2c888a596c,dup_68575da294cc83d2,1,True
nazario5_000132_4ce2f97c1b64,6c51b2224d19eee91c283693061ec64c20596522ac9a30419d512579de186bc7,e79e791aa6022ac3c06b8533ecccd14c42d5992658d066f53f72d35d98beaf59,dup_e79e791aa6022ac3,1,True
nazario5_000133_d672fedce7b1,a744fad6fb8f5313dd47b5b31e551ebe17244e9d71d39f1973acd468aeeb40dd,be81baeb630261675d1bae022f43c273a5eaa0d6bc5958607c2ad3efa5f1c1d1,dup_be81baeb63026167,1,True
nazario5_000134_5614eb835e63,641632bab64b8fcfad71b4129a3783530385c4c2fc069e949f2cfb01da8f685d,2cd90693957b2b7bccf76ee36679480bebc07a9785387adc6b0c3f91a25d6a3b,dup_2cd90693957b2b7b,1,True
nazario5_000135_1d9927133ba1,d5923e8b1bcade158e4abe238510ba419093fc769abdca9a6479f179a5101ad6,631027599871f0182e01d02b8e434086b640006f4f102ba1e5a958eb7b45ab82,dup_631027599871f018,1,True
nazario5_000136_d44f2f216fd5,3c07b83707fdeb893e5ee72bf9dfb8e0bbcc34fd6f054471e9523807b01e7671,bb09947ad04669b89eaf31ac23e09f4eaf6b002419aab0d4d75a5594ea1e2857,dup_bb09947ad04669b8,1,True
nazario5_000137_c64f34bc457f,5c5e7aed5ad21f3252ddda1e28a410441bc0a5d2b261c510e3fcb50000f18b75,3719e363ee537baf8ecc16946e01b04c50fd31aa0ad8aea23d138d3537c9b12f,dup_3719e363ee537baf,1,True
nazario5_000138_8dad5a676eb1,115e07d243100fa1a8e43c5d5742fd9268425deed7b62de43dde77f6b02b4fc2,ab06f70ccf851bad7dca104fd183175147d504c9c1f8a5e54f05f4cfe8ff14ef,dup_ab06f70ccf851bad,1,True
nazario5_000139_580739d4a6c2,066bc2c90400c01e854573f8356b18216624adb63616c884950a33e483534af1,1951b2eac63307411f5300a4b3ab99484ab0a19d778213b959df8c57c9dfba46,dup_1951b2eac6330741,1,True
nazario5_000140_14d6713d3ed3,3622822e1d4712fe24792f2bb361d5601ee147c8556b703c2f3ddf87acef9ec8,5e6abb216b85f0d8d8f7d32cd1c6c23069931b6c74d222a773722c293ecb184b,dup_5e6abb216b85f0d8,1,True
nazario5_000141_29816ff45512,3f8fab8da69442412c333c622b556d9fbaf5d50d62a16ee25201581ed070f9ad,6f0160df282b79331f3e41255d111e592802c535157ff2fc37277626bd6df107,dup_6f0160df282b7933,1,True
nazario5_000142_b1508338ea36,b0b963bfd8bb8575783f7dda4eb13b2d7c5b919bf93220eff09b1e42b70eb239,220931ee53acb39c4756709e0c7e36b4ca47e948e31c888532d99d724f3c63ba,dup_220931ee53acb39c,1,True
nazario5_000143_86f0320a8eda,88ec1775897d34c670755c67ff7af648ac9c7db076f3723ab12b8f6c9840bbe2,c30c43d8f7a6ac84ad9cd1c0b3f6054e214d86576624df4bc4560dfc42240387,dup_c30c43d8f7a6ac84,1,True
nazario5_000144_0add9964b514,b63e315548d26e8c7989b196ccba8b3d15ba43700236b3ad8038539913101abd,ac057c53f4dfe9c8e00cea41e09fefd0d8e189d536b9c9841fe56ba19c19515c,dup_ac057c53f4dfe9c8,1,True
nazario5_000145_e93f696b5ec7,a99768c688edfa94b5b854dce1c6abb0053cffea1731ac38b46ea0fd586ace66,fa09228838e1a0bc7fdecbafcfce7ad5d8f21ccd1fa02bb60d9f86df19127dca,dup_fa09228838e1a0bc,1,True
nazario5_000146_8fb4ce013df9,e89911ff90e95a509f105c4a2c3492d76df06f3cdcc79cfb1022f18c251b1181,460066b386982c8e8fcfa72ab6fa5a13425269b770ce65d80c10e1666b5e6598,dup_460066b386982c8e,1,True
nazario5_000147_1bac9a557858,9244858ef4898891455240fee607fb8f45ac3d5f017e6684e70e27735698c10a,3f146414c09eab5ab45ada6309cf4c7082b24dcfeba734af4a3b8b9d78f79e71,dup_3f146414c09eab5a,1,True
nazario5_000148_1bcef0ddd962,bde34c6518956f529f2676255b2df7b99babd4da10d6ec79e2dc4e2a3baa1d7f,2fc57dab5470ca6ad430b79a328885bb5daba4ce511a3b399b948146efdd7f3c,dup_2fc57dab5470ca6a,1,True
nazario5_000149_4f544303d86a,48e10a0a24432b46071e17b1b22b86cae5b76afce6a22564ec9924bc0e5e0bef,8823f58a8c14482c5b66e929ecf37e551922f5504488f8d952a22da46ad920e1,dup_8823f58a8c14482c,1,True
nazario5_000150_91b954225e39,50c6d2779662436e1e6168099c2a45744f908e1780ed9deb543c371cbfdea39a,f273fece3fe8e8651b63d4d5b8f32c1d4e5b7d48e16bd8d7e54e40f77d15e5f9,dup_f273fece3fe8e865,1,True
nazario5_000151_68755deb33be,8367398b7118f8e5e50389d4a5009f16ed912fb14f8dbec1bd77eef6e065007a,cab0be0e9d4f89c1cc6e9ea6411472754e01f893b3de77f1a171080aab92b23d,dup_cab0be0e9d4f89c1,1,True
nazario5_000152_a4f7175353ca,ce4d7fdc22358ceef892abe8fcd71bb89b55cc6de692f596db3f73a9f7479db9,6537b44149eedb9f595b95b6e65d997df283172b74b8d5c7e74ff9655eca8fa2,dup_6537b44149eedb9f,1,True
nazario5_000153_342273d79f0c,2d13e448b9b936a5ce985104ce60b2b05a88ba4ba8698f22a331a6f7755aee93,15571c8786959bb8b4db926efd1e55ad82217a3050ae28ac6e885cd953e5fb64,dup_15571c8786959bb8,1,True
nazario5_000154_453d985b97eb,eacf71e70dc8abf5dd900f68a4450137a67316d8dfea902658c79ca183fb4a5f,669ac774f0a4612f366d7b8556a2537eec5e4b65cb48dcef838824d23411adc8,dup_669ac774f0a4612f,1,True
nazario5_000155_e5e462519d95,f44dff8f48b60e6b625135e2108cb753276f68bc864b4fccc90cfdb38aa73190,0dba107271e20025db8e1d9c94f1cd4f011e867fdb57d3348fb441a661ac9a0a,dup_0dba107271e20025,1,True
nazario5_000156_6c27f7d968df,0e57034ec5840fcd604eb8a1c9c32be6611241fb65bffcb944736c8c8dc7f477,6d4f056dce7998ed0593723ba7f3c1b98fe4dc1ec8142fa2ecf088e37f547e0d,dup_6d4f056dce7998ed,1,True
nazario5_000157_f6be30ca6bf1,b74b042969245c5ef3ca7655057b8fafb0af4c508767d3f7a8661a8b83514180,98ad6b21b11632fcbe45e314eddf5f6d4e2ecb8c5cea2201a4b1d62561ee1e5f,dup_98ad6b21b11632fc,1,True
nazario5_000158_1a6d4b1956b4,ee23d2609a24b31673b02f3a6248b445069db401f0c7cd598c5f39815da3db30,2e90e85b90b90f3850b22340cbb67aeabc7d3e5815e2cbcbf6bc11b56641b29d,dup_2e90e85b90b90f38,1,True
nazario5_000159_a9c058d97031,1faab5ce027851de46855c9ee8e587553bdbe32f2203e6166d5a30f46295190c,b967434ceb39ca4ad4ccfe48494fa16575361e622c5956b3282cc386cc62973b,dup_b967434ceb39ca4a,1,True
nazario5_000160_971462d1bdc1,686fa2028aecbad21a74aa0c51287b1155d21e385febe37935c6d25c67e4bca3,3bdc83cde6dcc9b329c5facab8a3ea97fe86c9f1c5293ee548faf7ad55b554c1,dup_3bdc83cde6dcc9b3,1,True
nazario5_000161_d3f38bf61a0e,d81bcb56afeb7abd651b3da9a28403c144996ab66d238f537c1d616a0999aa57,be9ae624500a66f4a203bec1a35064d52d5917d42e283764f882fee564caf860,dup_be9ae624500a66f4,1,True
nazario5_000162_77339a1ee24c,3b93f92de8dfc009565e16c9c4b5485c822f27bcce29a99649e8f90d97a76239,b5ad6e67a9ca992cdc73f57a6ca302217f2ede0116ba496be8b768bcb89120fd,dup_b5ad6e67a9ca992c,1,True
nazario5_000163_db39af9fde54,83b0395963b67098c2122c01407f54c4517394496ce1afffda75c3fdea0380d0,cd0f452b038b56e2afa10daba79dc556a9dbb05cb3acecdc706c46cf6fd79dee,dup_cd0f452b038b56e2,1,True
nazario5_000164_fe2b32f16286,8421472d14242205576cfdcb27859b55afcd2613f8dacff39e0c76ddb6f81d1f,248816718dee3df4dbfef01d937c6bef76f6540db14f596a55b39d5bfdb2e9f1,dup_248816718dee3df4,1,True
nazario5_000165_a2c16bfaf645,ebe123993355298733104c3786f2bcf8c12606ecd41efdbcfe579f7e93b9ae1f,9c92b589721b90186aa612e6f299b6f21b2ca8d59e284d5f0db8b68c13643fa6,dup_9c92b589721b9018,1,True
nazario5_000166_d7ae6dec183d,8648d84fb2412e3abac2a6d1fc754ea9f3b77d3f9e8ff8aada335488033a8539,40b49381e045b24af3b9df72f9946ebc2590a1881e632d98e7db07928032c870,dup_40b49381e045b24a,1,True
nazario5_000167_8a93340531f3,aa79bb268fbc1dc2f067ef24ded8e346bc303357399afa2d5fed59c458a52550,e8e3cc1f79e6f4b741b86c097786006840051f48766db48130d4a1758d0644c5,dup_e8e3cc1f79e6f4b7,1,True
nazario5_000168_3c3f9c8b4efd,74c62b9ea09b29575ec3d5449a3d327fec7675483df89cc0607691b9e5d7745d,281312f608ab690f03db7ad5b902fd76d13ea2b3ccc1d4f26bf91d6dd2e277e4,dup_281312f608ab690f,1,True
nazario5_000169_46b3472747a4,fc68f857562d0996b7bcbe48524dc6cd910321e9a8230570f07d04e19485cfcf,490061de7362d4205d99e35147ded522f54a20d68ee2aa9f73a05a0ad8e47061,dup_490061de7362d420,1,True
nazario5_000170_6bf16fe0a771,2fc295b222b10ec4b211fb2f799ca2a11f44a9dd170ffe31895c4cfb64200e8b,512217687e6e1aa139e15c778ff59b4d8ad6e443318d17dd71ca6da1864b563c,dup_512217687e6e1aa1,1,True
nazario5_000171_1c7b7ca65ae9,900808a94a8a277d70f749045a111ab158929a298b9fedd324588046d59ec14f,23b5dcad58b1b4d0cab3205934b1922819fea53138f6e5d61572e8550ad7be95,dup_23b5dcad58b1b4d0,1,True
nazario5_000172_97dad7f46c71,9f3867b44a9fd2973990cb1aac0fc1306f6073971a4641825a697ecea19e6b7c,ee691368e04b4c88e30de6238796983a044e11afed9daee524723efe51b75776,dup_ee691368e04b4c88,1,True
nazario5_000173_73b963e57068,82923bb57baf57af0a6dea98abd9623da051449563c9eb66475e15c00c944acc,209105eff0a4fe3b8ab2a0ad917fe4a00228c11fda6742e2f8cc4f3831aa0b16,dup_209105eff0a4fe3b,1,True
nazario5_000174_ac761fcefe27,a00a55614ad0cab65927d6381837b65c19eca16f27d37968f07142e5b991cf92,3d4742c8f5f5f126ef70fe2b3ba7217217734c1bc1d6e73edae4f56970a90a1b,dup_3d4742c8f5f5f126,1,True
nazario5_000175_e053a905c374,6585d7061ba28fcf944e343f905bcbb6490c961ced6776fb355401a41160f395,4cc543c0991dad7db77f92f1a1d5e75debd9846c1a2bbbdf6ec3c8104d4d36dd,dup_4cc543c0991dad7d,1,True
nazario5_000176_a37ca8c54308,fc21bc5f665fc3c7ee16158dbaf2f498e0f25c0492f9252da16fef3f5a448f89,c8eeff17983818af5767b52b5af1de8d97d928a91bf1f163a8188fd69fbc911a,dup_c8eeff17983818af,1,True
nazario5_000177_7e516e9b411f,8bb71504269729c97c5716446b5987c44316e18a7d4fca9ab4473926a5053951,d59fcb590e2c83665ec28983c978a821361e2cd140fcb3592fd900c28361817e,dup_d59fcb590e2c8366,1,True
nazario5_000178_dbe8a57a1989,f895f56ddf2bafe26f779d47c745662d50e8a4e00c51f705d608837028e3c116,e5afb0400f7aa28d1105f9015caeac358e4dd90681e6f4d681ba152c7193df46,dup_e5afb0400f7aa28d,1,True
nazario5_000179_987aab73d7f3,d33dbae82d585632ba5939c9552eef3fd71ca0120f39c9347a4533bbfaa1aa0a,84195e1130eab37406c13660becd326513487a0b156d422c59486c5afb41f315,dup_84195e1130eab374,1,True
nazario5_000180_5150ba895d87,bc6efbee725550a00a1af72d9419c149cbd5bc2ad3e2c5b1b38407f607999833,a46a39af2710e4c42b06940494486a80a3d28e1ebd615830e9cc9fc5dc7276e7,dup_a46a39af2710e4c4,1,True
nazario5_000181_caba0a35a259,6ec9888b451c045941c145d4e515cff74c2a3afab6c9a2356a5e15672ba2fa69,1e420405d0333f3986609a5de51dc0471defedaf7504091fdf1db9517bd3a783,dup_1e420405d0333f39,1,True
nazario5_000182_bef0b67fbfc6,22aee1653417b9c6b15a60ff4d106b7dd3a62d61fe3602c1e6d6d0b475fd0324,2b6aa00a9bdcbf2baa4dd9f541814a7eb93dc3605be53294be28cf21901902a4,dup_2b6aa00a9bdcbf2b,1,True
nazario5_000183_c69167871e33,dd4bdea80f30b602c632bd125787ddd4e780e9bd52a8d928ef0b00de31d12a2c,9da657f6092b0f681670ce4c54c99d887749323b11a393ae1986e413b232d163,dup_9da657f6092b0f68,1,True
nazario5_000184_a53394aaeb9a,7f7036690fd7d859b0cb1812a694587512b5ee6efd0cde8bcb2d9f3cf7daa043,09a1eeb183a526f7206651a717aaef0c62468216944645efa13df5b0b49b5d95,dup_09a1eeb183a526f7,1,True
nazario5_000185_14c36f495503,381f5865c95fe353c80189af1713eaebf70494354a27dbb8a26f12ecacab57f1,ea329d5ce258b836f0518800002c43466860f0ccd3ebe4481125391130fca9b2,dup_ea329d5ce258b836,1,True
nazario5_000186_3e5da7648c09,1532351109423a7c44acd96f7e36ad02f3a39179e7aec39157a1ac6ddc0ed06c,2b9f73a419a0f0825065570c8e535a80114f96499ecf74592f1af9836e976924,dup_2b9f73a419a0f082,1,True
nazario5_000187_e30ce5ee67b6,8f1a653f76450790c7720d85abd911df4da188d3fb22160f569230a39b6ceddb,951bf8faa7166fac5df0d596d4748b7ecbc8437b31b98c6d52b8b1049dd6f0f6,dup_951bf8faa7166fac,1,True
nazario5_000188_0993a3cc97a2,4486abe4adc7ff8b8e2e9b907dc2802058d51da2ef27307e3070fd500c80d848,8ba35419e4034cc7281f15bf4b0103fb0d76ec09df138bcc3a401a66e690a138,dup_8ba35419e4034cc7,1,True
nazario5_000189_472138c74c6b,75c52f6fdcd1bef0fb8eef8ca29afa66cc242cefc33e6a72a5087bc1753a9dcb,09ba4c6e5b046ece11f221c86eba8e94ad74ecfdf368806fed12bcf4a7fa2f76,dup_09ba4c6e5b046ece,1,True
nazario5_000190_06b61082c015,0a22ba946aba058bc46dc4787038ad64c94210ecece3e2c37b70862e0cdf6960,df7b9b2fce7f2529c3745f2a47c2d08cecce1c0bcb163ec38d6df5be14e78aa6,dup_df7b9b2fce7f2529,1,True
nazario5_000191_6e1f41fb897f,48561b10abb330771d3fd39b91737c7b16fbf2e23cfac5c2816c37e02a6aa315,5cfb4c5438d1c4c737e13d651ba0e333b453363d6e5ee69dea113b7ce37931b9,dup_5cfb4c5438d1c4c7,1,True
nazario5_000192_6effc7059264,8ec7e16b530cb09dedfb5de451c48b3aa9ee3966cee3c6eea8c0739b6b298e81,e42d914f6b8fffbb6e2efcffe63e6983110168a46228e98540ef48f8896aaaf0,dup_e42d914f6b8fffbb,1,True
nazario5_000193_9134f80422ba,31afd60b765fd8e8adf82fc6c2f30dec8130d60f5cf8f98de7f4b0f7b9ca348c,c6424cb0f166b1043003f67db5e4d7d2bb4e06004bbb15139f0fefb9a7cf7a50,dup_c6424cb0f166b104,1,True
nazario5_000194_75aab938d0fc,1716ee7393600744899e23844741c8ab5fd53b703a268d6b552af0396973d23c,401be708e806ee6f35bf63be6ec2b6ca68b952526ff7d4ac8d39f6bffc41a039,dup_401be708e806ee6f,1,True
nazario5_000195_e8f44b2283b4,905c6696ec4f18a65e42ec51f52a468f41896a12f37d30fedc32df24a522b266,bf9fc93c955b8b591e34ff95a066e74918ec650060c99381fa7b9b04e67ec430,dup_bf9fc93c955b8b59,1,True
nazario5_000196_c482952a5390,ca04b8878af792c0979ee3623301fac9039c842104e070eceff28f6f544712aa,b291e2a672f05625a06bc72cdaa8d34414ca7eba47db7783c64d918a12f28095,dup_b291e2a672f05625,1,True
nazario5_000197_3ebb103d2dea,243951a3a07788e58c587a9158186d06abee79134f9764779c02b078a77b2b77,09f000c8e2c0e54ef1b0a7172c1b60c319b686e44db1d8d758e0c4f646ba43be,dup_09f000c8e2c0e54e,1,True
nazario5_000198_be6c1cb45139,6a58981b86873aacd44ad183d9011e713d34006b81a1c6018be20fbdb1b41fd2,76d18bc0a3de55e202d7fb78bbda83ea94620ea240499c0f0ceee345666d6d19,dup_76d18bc0a3de55e2,1,True
nazario5_000199_fab21b02e646,be9b277154c51f3e4906728e0a5533ad53d1aa5dd764901b4773ae7272069393,50ec9a0b09a0eda1a7d21e2bb6093c6f35d9328deea6fbbb734147e7679bf9ac,dup_50ec9a0b09a0eda1,1,True
nazario5_000200_8f997a406cb3,c57316b874bd5da87e8077bed840ee8a5ab1b8c7c899c6b566ec8d89aa5070ac,116161be07d18f370e6ef10d5050a57ce7ec096e4788a1df36f4f06593b8906e,dup_116161be07d18f37,1,True
nazario5_000201_b1c434d2f2a6,88941b3ef8eb3b880c35d7f849c3b8c36296e33501ad76940013917fd4deeb30,3fbc378fd9e7a05f6c4a5122b5cb33aae4df20fee32088aff566b7822e8f6ee0,dup_3fbc378fd9e7a05f,1,True
nazario5_000202_9cce503d6565,7cea477584878dca40ed943de7b9a8bd7e54cb78cd59566b849dc8a627e596c1,65ff85b95ae1d7d1fc4acc9fee7f73a688aacc5d1ee08316744ebe0af7d3bfdc,dup_65ff85b95ae1d7d1,1,True
nazario5_000203_7ed85aee4c8a,bc7bdca6b5eb828d31b556cd18f274494f363e5935fd8c1ed26e950cc7f7c534,cf8a8543a331566e8156bb5400a03307a80914bef0812af2340f8d76006f2708,dup_cf8a8543a331566e,1,True
nazario5_000204_37a3ec70e036,e0b283305b037f5e6c45fb83e2ed27ad95c5cc30fc0abfa5ed4b148b9278ad9c,002978382fd9f136338f5105dc3fd2d1f8622f5b65e4cc4a39cda8958356f228,dup_002978382fd9f136,1,True
nazario5_000205_df2999188c97,963b42eac1692aa258c4d7cbc060c49dfa19539fe264656a211ee5e3399304e2,081c4676a6108df36add39a25018718a73bec0d351e7e960c879766625ae34d0,dup_081c4676a6108df3,1,True
nazario5_000206_e01469989daf,8b5171c70929eaf5ee9e4ae86d8c59d5c0cff954db46170ccba2e6e074e17611,10d65c55197541ef4a154fa94ca6923e353bfacf4dd0804dd1f990405f893e12,dup_10d65c55197541ef,1,True
nazario5_000207_5a003ca6979c,65e1b78c891eb6c5b93ee13e7dd135c902646cc3350022f41bc05b99a26cb789,c561263fff69040928440e67ee3d0b6eab64455ef65765d4f25efeb8cb9c8a28,dup_c561263fff690409,1,True
nazario5_000208_2b55a4d164d2,b55fb0dd9df050f9d9d71daac018ade33bee8abc3a3b15aba24b7644ff6dc870,2d7a0d00bfd727a5bc4fbec02c8dee01d417cfb6f91279fda2606e7b77cdf287,dup_2d7a0d00bfd727a5,1,True
nazario5_000209_789803c7a139,ecb759234b6b880b9ace42021141d94d62fe2ef5cd9a2d2f9a0729f22f8647d6,dbfcd3ee34e661781c922994ca87f46bf65105062b81d7a419451fc6c2d91e3d,dup_dbfcd3ee34e66178,1,True
nazario5_000210_441e7786eb62,e799dbebb03543614aad94a7e3fd8d1b08e4d52fa90b11eaf9bf626de917219e,fa3595d7ff5405364dc8030e026ac72d1b4379756d48395aa7427252e701b542,dup_fa3595d7ff540536,1,True
nazario5_000211_ae1b11796ebd,930de94ee10f8ef8d366ed86125250c494838eac72496f2c1d2433ef8f67946f,21da3ac337877cbd9a4d3fee83d0fde0abdb1a785657c84ab602882c89e84d84,dup_21da3ac337877cbd,1,True
nazario5_000212_20a9360fe5ee,7c556863f83050cc6c0336e43095c9d0c0c71af949da686ef365b2a851b248e1,420da650bc8d4e5a062aa02fa62a91ebbc343f545f5627ad38c4f74d60df9e04,dup_420da650bc8d4e5a,1,True
nazario5_000213_05ff2d0eaa47,661b76597c85e73d31e5e3a56ed595c8ba7bc24bcf1a13a3e69d6882527a1438,f7a398033710db0868deec789dbe1e3cb93a81a6171398bd033219e5f1b5b762,dup_f7a398033710db08,1,True
nazario5_000214_7ef1ca71e476,72dd44c03689f649b487884957bce7e549eb3f51e325bf1f2fe6a61f714c34bc,d85ea57e6d8cdfef242c383469f1dc71bdf910cb1c1ff74abc2543caa745c25d,dup_d85ea57e6d8cdfef,1,True
nazario5_000215_a0a0917a7ce1,452330b2fc9d4ed609400bc86034b68b5155c8b0d3a11d3ae2eafce524b72303,1c229e043b09620580834cf6a05235e4712b1c40023e0481557cbcc4b314dbf7,dup_1c229e043b096205,1,True
nazario5_000216_9203c333f82f,3edf68f7a5fc5c1d395bbe6389a6edb8ed836928520f0565271353c28dd235d9,d69c158062d3036700415dd933ff354cba3dd9beedff9023983ed2c02e67f870,dup_d69c158062d30367,1,True
nazario5_000217_c1cf5a6d696b,43cf03ed18f007c707f96daf5c34e250a7417da4d66fc652d44aafa313713218,3880de11cd720c4d994a9385148c02ed80e13262f8a742c08fa21d4b2ec4d097,dup_3880de11cd720c4d,1,True
nazario5_000218_7adba4a76334,080794be62e117c3bf66a6d895ab07a67ac24352f11377d7445da5d02655344a,521f398399815806036d54b967eb25059fb02ccd2eeb7dc9747f623452c02b41,dup_521f398399815806,1,True
nazario5_000219_a02e8d744fca,03ccc7d3d352fa70f0b7fac31991a977861abfc5229e558af34f100e3626492a,ad22f7c4665aa1719bc6eb8b8f3ca1bb477d6ae6fa46946053f35661ce114f24,dup_ad22f7c4665aa171,1,True
nazario5_000220_220f7682f951,421d25847c3527dd149a43a10b81a6b949f3f76d8085cb9f484cc2cc3898c6fa,aef10d5c7153532ae999d842261248790ba02238dfe804a5712baebe80b3e558,dup_aef10d5c7153532a,1,True
nazario5_000221_3cfe6f3aa62d,9c8e6259a1c36a13542f6a3f5e8881481014cfe97659dfed94ff5039a0b31e47,a348d3af067d013b7a40b7e70d36769671c5ee2ad7425988bc3da27536d7f581,dup_a348d3af067d013b,1,True
nazario5_000222_13aed61e3c24,fa96c225926626d79d4000bc4c5be89e414971ffc77b456ac8bae689ffab8f3b,b8d37cc04a9b0671ddcbb974d02073afe91f0fac6abe081991d49f4f7bac6293,dup_b8d37cc04a9b0671,1,True
nazario5_000223_9934b34c25ef,0361cec66f1c921229be92aad1e2208bcdbb0706ec0563ec2c181b08fbc27c1e,feb89c6779dccea3f9284c559fa24f37f5268ae01d3beff3a82a1f8642fdbc76,dup_feb89c6779dccea3,1,True
nazario5_000224_491892ad0dd2,bff82c10da0220641dd745ddcd0ec1f8c2bb8d41bfa8df60e8b2d67e211f940e,2ae0c821398315299f952b4c91d53a95fadaa7fa47cc49ebb63c95fa8cde5d00,dup_2ae0c82139831529,1,True
nazario5_000225_5cf1eb232faf,6b6737e36a289a31b9b55382964770eeb9c1d9657ac17fd5f2200c496374028a,7ae9af83e7ea126bd9782dce761215dfc373566e63137dd7fad2df1b0d9cdcac,dup_7ae9af83e7ea126b,1,True
nazario5_000226_0b000506d13a,e812f1d5b692269a9e85ee612b7ad9509eb46436ea3fceeb2110107e1eaf4459,3e740228e1f1437305d68cdee0bef9220e4e5d2452bac23351e7a63d3dce63f2,dup_3e740228e1f14373,1,True
nazario5_000227_291a64ca7712,49946fbb2a2610bd2a05428c5698165a503a84f2d0d5541bd48449b31bd2a9b8,6f175e0da06b0116a5b686351c61bc173cfb5dd9d02279925f7cd72fde8f82f4,dup_6f175e0da06b0116,1,True
nazario5_000228_2997146f78a3,6df0edb26ad369ac55aabbd649f5b2b42517e0c1b0302331a310af1ac4bf6b03,e41ad5f5d295a27650a4972090a158705d2b9e39a9e022c8b89b28dad605b2d2,dup_e41ad5f5d295a276,1,True
nazario5_000229_4b6ac46705ca,67beee88792e485aceaaac35ee340f8353c46cdb2a6d96f2b6e143034ae55ad8,94c778c51ad3e7c9fb4c159fd29448275dbb448cda473ccde937c40d51e600f1,dup_94c778c51ad3e7c9,1,True
nazario5_000230_35a5c537f38b,b10d74267583a700a6384b7e6aa96b7995cfcb4362ee6d46739f0cce7ea87291,cabebe4ccf6035076c3f58f5c9bcbc5b78ff95cfd68edb863dffe072d577975c,dup_cabebe4ccf603507,1,True
nazario5_000231_da741cdd3ede,e24f5fb2058f5b32dba310109b0115103e558e6fdf580949fe3776945eacd4d8,3b5a5d86c30fef0441bdd4d4b6514ac970fcdcbe3cb97a1b5a8a0ca403e0c5d1,dup_3b5a5d86c30fef04,1,True
nazario5_000232_505e3209431b,38ca6e9085686b20f4f819aff3b3a9aef0bbc14c4752a140057a666c5830150c,993dde7e88a0b39edf816ded09aa780a5a33f9d3d855c822fd3ba6dd78af2369,dup_993dde7e88a0b39e,1,True
nazario5_000233_3247b72bbdbe,0a406ef95f4661b05ed597770019157473279c6f82bc1a0a1f9efc4feb670b30,998d6f90bce7f602d8ab76f1cf8b4914ab4d290e4e260126c357d05b55e8319d,dup_998d6f90bce7f602,1,True
nazario5_000234_30e931b6a7b8,f861219a3a646aca66c59a2508fac4ac94499606e6a06c9f1c52af7a758ea23c,3677fd1762d1782db223fd6043aa6150481ba1b383de143fb633625486b30af2,dup_3677fd1762d1782d,1,True
nazario5_000235_3968ef5791aa,1db5add812e4aff8514f142ef67f7c670c2e62f34b631803251212d3377eb39c,8ca0e0c33fff6ccbe28b048b1094b4634fb8a37913311696c1e51fe1c532dd03,dup_8ca0e0c33fff6ccb,1,True
nazario5_000236_465b7c305bd5,30a1af121d8ad708c05e1b0376ba9e15d152c1b3f9b97131d2bbdb71042fce8a,bb6cbb926567bb4746cfbe0736efc2fade6a480dd7c5c8c6bb58d932dea95b7b,dup_bb6cbb926567bb47,1,True
nazario5_000237_db2cd1bfe4c1,304d3e3a7f3fb640211e900389c9405445b57e99dc5dc5a05353c0e5e405da7c,11197a93b449de9f26ea368494013536fd1de5c69ae1b10bb3b0cd26e7dd4d1b,dup_11197a93b449de9f,1,True
nazario5_000238_f36462243d72,5ea9319cd1a930bd405f7fbc1828ad845d35ae9b2c0e650ebbc2d1ca47ebac4e,e919b6f13cc8b351ca2c5516433dd5d46cd4ff781a9035159baa81ce499821d8,dup_e919b6f13cc8b351,1,True
nazario5_000239_15d8242f9177,c73d5bab07ca0fa864bf58fac6a8f93158cc36b3906750eb7bd787d6372e1e51,b29478808936709c69aba5761176e53da5bd1eeed491b8d063bab1d0b3cddf92,dup_b29478808936709c,1,True
nazario5_000240_8c717aff7617,36eb17ae7655afebd76c15270ebd95dab470c3871dc7ffefe1e62ac451a6de9d,63907aa0084d906f38c8688ee4f29126e9c32c20ec61de720dc1e800d5c35197,dup_63907aa0084d906f,1,True
nazario5_000241_54c7bf457d10,248a0303ac79875f5bb93541634e800384a99f5c207d8cc93fcb96300a7e8f56,70c81f5491f4a6cfe26d731a722da8839aa3b3d033222e7448eb471f64cf06cd,dup_70c81f5491f4a6cf,1,True
nazario5_000242_633bc67f6150,d42a80d9c8e90da1aa537644fd046a9e15169cf3e2c002c60b4219b3a1a9a065,484ee5bff7779d3ca2ec1ba384f025c263dc0c10e02ba8f5c39eca55c01ea64d,dup_484ee5bff7779d3c,1,True
nazario5_000243_c902e0d28ed7,ed273b08d2cfda8032b133efe6475a964b73ccba784e2e1709176530be79c7eb,b0bad0207763bb0f84cafb2d452c9073690a273826c2d01863fae4c4b63d1f78,dup_b0bad0207763bb0f,1,True
nazario5_000244_9acdfb7a5d2b,580dfd30170276e02aa465fd8f8e3a0cde5c728619c50ea796f56b612f4d756c,4ba28b58ea73fe353d2435638f954eed5fdc262e435344f85d94aeca5e4c7bf1,dup_4ba28b58ea73fe35,1,True
nazario5_000245_c0d53344d13c,a0d2848e9576b40f2727ab2be6f5a4f0fbd6bf62665244d69af388b1f1ea1c78,4f5f28a527ebad4a69e0bcb4dc4dc110cd09cfe0953e142b5d950194e9a637b0,dup_4f5f28a527ebad4a,1,True
nazario5_000246_d58b423d33d1,cccd024c945097ad8a77507b6bf3518ea02ecbe4e9826b4b44e7c4c0ca3aaa1a,aa5563c6b7fd07686c3a0b2ddb3b189cce9b1d0ef2d42c8a9deb2626c7e7393c,dup_aa5563c6b7fd0768,1,True
nazario5_000247_390e96c94f90,105da199ab434b612a4780eba9f8d8bea9f9f25b842cba85ea1b4ecad7dc99b2,f21739164af818e780bedff374a06456624bf58b8d0a6e512402d7012bbe34af,dup_f21739164af818e7,1,True
nazario5_000248_c1a1191dad94,f4d3c537cd890bdb7e09a4a173648aa48093dbc465a5046780e8ab6bacc145f8,8b88c7fd9451b99eb4bc677c567617b922fa08bd769014fc4a9431804d7fd1c9,dup_8b88c7fd9451b99e,1,True
nazario5_000249_e4a4072f97e0,faff885da13cbcd70b0c633ce358dc5932e8f3a6ba4163e78983678f5ac151c4,4f4b316cf1603d3544726d7c521a5cc844d488aa84e878d387c126f39ea8f164,dup_4f4b316cf1603d35,1,True
nazario5_000250_19006e8dbed6,bd65681dc48a6092556396232583419328a1fca159824735bc7f9ebf0869777d,0a05f446c525c37c2c8556523b6ce045cc674058876f1eb715495f101b303a1c,dup_0a05f446c525c37c,1,True
nazario5_000251_22a85c1ec3a2,2123f914943524372bf0203f52dbf30ae93f31cbb7aa5a2867bdbc6b14ba013e,5016cdd9db820b4ed6b526d1a23aabaa2a090449685f8595f5ba537590e41341,dup_5016cdd9db820b4e,1,True
nazario5_000252_1b6fec55a22b,f0064f2243671ac682589a84c7ce8b8dfbab80433817b2c765a91e372f5da10d,6cc1ecb0e30f308afa7379f6203a8da912a2e2ed7c47540a607f6e80d948bc0d,dup_6cc1ecb0e30f308a,1,True
nazario5_000253_b0f8c5ca2048,a0357e41283434a0eca3092e3c3a3db5564d5b35c29c71b7334e107b2f3d7d33,a9f2eab0e0e8878e038ca8426ea3a5cdd23912a6328e15195e273c49cd1b9ec3,dup_a9f2eab0e0e8878e,1,True
nazario5_000254_cd5459112a76,79e8446b6834640b4d322acec3ab37be1db128e7c80b75d030b85ee3be976756,080168e3b09a3a3887d9293ae0b8db55e4a62965547804bfa567f66f41c63e93,dup_080168e3b09a3a38,1,True
nazario5_000255_1ba40767e1d3,94837cc3e613e81bd0fe255e7fededa59129496700ae46487b539b8d1460d8f3,869ff5af79c8ed4db0fe545341c1096cd7ea191a83e46a72205e9e33294415a8,dup_869ff5af79c8ed4d,1,True
nazario5_000256_7c37b939825e,7f807735e33a8bd56e24bd8c51bb34bba042a8a64ab5b1565cd648e8df792429,d72fa502bf46d897e178ba718f28a38f9c28a05e061cf4dbba46d7d764d33a43,dup_d72fa502bf46d897,1,True
nazario5_000257_86c5a003e311,b9a66523d73f32ccb54847e5ee4388e0fe5a629acc64a23b64885872a591d273,1fb7c913e0f3e8d1839be6fe8df722ec307b509ade69de39d131f04891c32faf,dup_1fb7c913e0f3e8d1,1,True
nazario5_000258_b61ffede6156,de99113c5a56825e371affa0d0bcd18fdd9dd183b2a2f3080a5ae0e6f727e626,a966779a3a37712e44e9c6fcb827b3640cf777f937f365807421fe2c2669f443,dup_a966779a3a37712e,1,True
nazario5_000259_b3fe398381e9,30cf77e265771515cb93ab93a88f50b233a58a91b8c4c1a263209a3908fe6e5c,34d7e4f7c36761a9a13ec26f8ba72463cc2d91e6534af0aaf1af0b570551b5ee,dup_34d7e4f7c36761a9,1,True
nazario5_000260_b7e3a51fd0ca,9b2208d1ab678906aa631c3b5a5b3db4bf7136f994609210b829c9de84732df7,3881445c8b1417511ba742536cbf461324a2d1c17aa23f8aea90b2f820d5c97c,dup_3881445c8b141751,1,True
nazario5_000261_4ffca76de570,893468377307e36b958b085616be56f2ecc87cbdca1aef8e32ed79d7a50c59a9,61ff8d334c240d3fca8494d8db4ad582ee536355f6b2eab6701491135409dae3,dup_61ff8d334c240d3f,1,True
nazario5_000262_6e43a3d64c4a,7b811b24ec35e4a6061d62f585ac924c5bae8cc129aa9802dd0de9e881a11ddc,0e31f6a6efe9114d80b685c418e2a9cf7152c3023c01c6d89388656e8be35eb6,dup_0e31f6a6efe9114d,1,True
nazario5_000263_36f640d09d15,5c6963e658c95a0abdcf671750d9ee05a582748ac57d557c4a733ce0763b9a98,9c91598969f582568b633401f3171e6881f365950023d412739e3ef73209eef0,dup_9c91598969f58256,1,True
nazario5_000264_e0f30f050c74,6e97c22c3b28e728991d0f4ffa5f230754412f642164dbc67ecf12e87ec2fdac,8132714fa7a922a8622a8162681d966228e534367a1ef1169176cd7c2dce3f6b,dup_8132714fa7a922a8,1,True
nazario5_000265_bedb1cadab5a,c8643ea93f7f4c93af6b79d3ebc26984d4c4b06b3b00eb5cb8b02582ea5691f6,f6ec814deb72d3c7c95f1ff59b91d526f4174e9a34647ad6569cfd6a16f88870,dup_f6ec814deb72d3c7,1,True
nazario5_000266_c668dbf156b9,00d690c00ca8d1c662e8b31f2ce97d589ba529baae62edb17f52e674d5e552a9,e94b3cd74943da43f010c5353751f3206fd98896a7f07ee29b1b43737245ac05,dup_e94b3cd74943da43,1,True
nazario5_000267_7173122fa2a9,d0215dd1304ce04377b7cec5cd7ec155270de9e7e52168809300383b831c906b,fefec0a6f62e1751247eecafd7ec360e43128d10c8f25161765d29cd1c64805a,dup_fefec0a6f62e1751,1,True
nazario5_000268_fb27866f75aa,caf20809e8b70355775daa70d6732a3370140ffa07f0c094452819be76a7f043,b4b4566af191bb3e7d8a3000e2b828aa903cb12108ba67ad703ef60e01bd6f25,dup_b4b4566af191bb3e,1,True
nazario5_000269_2da2106d401a,b0db3b1013ffa96399b0c295f7f5ea21ba2ba738ec9c54718ebe2e6c45eed781,5e81ccb667d9ee69bb9db0e3ced8bc82b567bb6f1f40582f733fdb0705e7f041,dup_5e81ccb667d9ee69,1,True
nazario5_000270_856a46069869,f2e89bd68441ec78a9ec3439ffc99912212f7b41125b682d2e1173c4ba23c987,cea65d2ef0807735f9093978f53aad7dbbe073fa1baa514a0bf552d66b7dda64,dup_cea65d2ef0807735,1,True
nazario5_000271_485a6913e91c,7297a457f78ff8f56e62d2485045495daca3089e504d8fa1a81d9b2ed1fa840c,b3603b7e06fad950ea75eaa8604ee2266f41ebc9c4b097f7e3bc8f5012830133,dup_b3603b7e06fad950,1,True
nazario5_000272_a728a1bb312b,9a58359cda82406db42d5976bd227d80702b61abb2afe09d45d03a19433479ca,34059ee327fabbbf38275709a62308f7abd2d2ff95551a7290e60b6215e33139,dup_34059ee327fabbbf,1,True
nazario5_000273_5ab896d40dbd,de9e13db7aa3e5e120aac52b954929afb6423a0f07b35a73052312d15b6c6fc6,783dcea259629e001c06df0f9ca352d050b4a6605f6d90a7cba5a920201f3972,dup_783dcea259629e00,1,True
nazario5_000274_9ec8a0142741,34e532dd85b28f24c8a8f8a822facc164462e580a255fd4ebc060646ba3394be,8d6dde291b5fe7c3ee61c836b34f9beba851ac47eb83ee99400e470f0d04010e,dup_8d6dde291b5fe7c3,1,True
nazario5_000275_e9c8970fef69,9a8a1730d02b59fadb3a6b6bf69030df005528faa334c9ccfb6a043ddbad86ae,d69a8cca43196bdbead7bfc9fe83853c18cab8d8004cba83cec8c6b40fea5348,dup_d69a8cca43196bdb,1,True
nazario5_000276_930f94464b9a,80f64874bc2e97ad10cea5ded29383ee8ca3815f50be55d2487616a3739028ae,6e807803c6ea17c42a7846cd2543ea7194932091427f6a0485ef87475063fb4b,dup_6e807803c6ea17c4,1,True
nazario5_000277_829d415247df,7ac875d2e4fc17b6a7ba26a16af1569e6071f5e358dc71fa0a20bb1258a0fdac,22a98ee83b25e2d4c958636c2671b0a231f45f5dbf5bac69bfb925570ff37805,dup_22a98ee83b25e2d4,1,True
nazario5_000278_c57ce89571d2,79f4fbd87e20baf24efd411de6473ac9235addd1993b052d2e2461f976b8c7b5,5d2c832ba8c532eb6550c0610f81f147ad8bfd09fc2f18f0a48576357a3e313a,dup_5d2c832ba8c532eb,1,True
nazario5_000279_79ea196f363e,40332670c06f680499a2f56e0fead5d5c25a9cf73b6d4d58d48a7e96931e2901,190fe4ac52f03a9d6fbf3ddaf018ec5af4de932fe4085580c6584e553f074475,dup_190fe4ac52f03a9d,1,True
nazario5_000280_33c934b8eb9a,6a085e9f49c8ebabd51959bcae6d5ccf3ec7d58fc49bc641765bbda41aede012,fe860f6292176433b46905ec1dfbbaf80a673ae736d4254c9ce490444bf422da,dup_fe860f6292176433,1,True
nazario5_000281_8d8b72907ff1,a784b547af1068b14c270f1fe70b8eebcb5df369af4886f8ac4a9306639e4499,c69c44c4da7bb21b7627411b242c68b495911b696a14bcfc63456e20e16681d3,dup_c69c44c4da7bb21b,1,True
nazario5_000282_59e8b17fcc2a,055f93242bb8de0a6c47dabae8286b861cf31f1e98422ba9f0efaf845d106d37,8ef2e9c888721c8e74e9c57708020502dcbb6c663304ef2e4a26022c72b31a89,dup_8ef2e9c888721c8e,1,True
nazario5_000283_fece046769fc,b8424cbbbd5db3e7f1994b3de13e46c117c3856a3b038d9fc63afe7b3f08421b,b4065137f3ab15623c75453dfa340a75b4b4e8fa73f609037e0c0948ce9a64c0,dup_b4065137f3ab1562,1,True
nazario5_000284_c977d85ea080,5d71dcde56f4c4f11ffb7760a6b159f2e1301d280aadbf35f2038a0a6ada8b00,eb7dcc45cac96597d8cbce097e04bf0b3f3e8aadf0c28054b8b90fa93c7168be,dup_eb7dcc45cac96597,1,True
nazario5_000285_b2bcd37266b5,68633046d093a75d6ea35e000281b41795a68b89a233fb8c6bd7cdd46f00391a,874a0d992981b99069a96a3dc5f2b8888f02eec33daaa351cc81f8623a5cb1e0,dup_874a0d992981b990,1,True
nazario5_000286_c50e61a4ad81,15a8d6bf2ac77b14648919d3b6edd457a4704b9da9ffbb41d72f4e4c9cdbcc85,bc88d356423483a960cd0d0cceb2eae19b05ff7b484934cad2e9c9b26c2d808e,dup_bc88d356423483a9,1,True
nazario5_000287_9defab92a432,a607274e6cd7bc4f1cd2accfd32270cb46d7b939b903658796067d6780bb32a0,99ed792e6318bb6b123a7380e872c395bf9a3925bf8fea4715d47e27f772766e,dup_99ed792e6318bb6b,1,True
nazario5_000288_0b1229519540,ff8d2a338129b4a2b2302344a36bc4d6a1bf2d546d137bf9c86da93c475b5c6a,4d6897b153772993b825b73287e1b3e1f548ce0a121f3c9173bb86667fef5b17,dup_4d6897b153772993,1,True
nazario5_000289_47f6e69f128d,4866d3e8795d49be4f4e6c779a5169b8be97e7ceed973a388fb02badff1eb3c3,0951a7a8dc4ebc93246a6217364f69e0f811988e8de4d396491ddf8a680473e0,dup_0951a7a8dc4ebc93,1,True
nazario5_000290_5da3efb8fe2e,35172cc3fbc12b58d915f2660fd08b1eaf51d6b3672e457de2fe042d17a34a12,ff1010e84dbc209b66e4e148a89796e9e841b6b3d230cbae3dc321c4859f8d90,dup_ff1010e84dbc209b,1,True
nazario5_000291_79b13e27e39c,5b307b065c4601b761022ce21a15cbb0f107aaa4e430a12fc43c93fcdbda2f80,c832f56eacf3c5d3865cfd585b5810a88434b9daf87fad75d90125dcc4499e7a,dup_c832f56eacf3c5d3,1,True
nazario5_000292_3312f81ca079,42fc7d4541d21095d530a946d3e2679ac6ff9794a25c1b1e21abee99ee4214cd,b51ac395bdd1c9d07472d00407abd7239292251487770a404d5f2128eba9f126,dup_b51ac395bdd1c9d0,1,True
nazario5_000293_d402a4fc25e5,79cbca088ff3f03ed2bac9e3c9b349eddb28ff5b6a528cf64a8a647062dac540,389082ede5184dee2419bc50ee15dc0259fd93db2e82cc2a6b587595d31f7eac,dup_389082ede5184dee,1,True
nazario5_000294_2d72cc008ffa,530b7f3d0d95b1ad7d6103c68411fe24d3c7d8e64b634bb5b66428d74046ec3c,4342fd4d9155d61860574b6ba249e8a25b5621edb44066cba4b8c795a2007df3,dup_4342fd4d9155d618,1,True
nazario5_000295_da4b13e3c209,24898211a3306cbac72b809ed2dc12ebc638d0587c18f378ca9db08737fa688c,67f2424440868c89e2a460aee2ae366a479e93b567cf9af2255b1a14bd3e711b,dup_67f2424440868c89,1,True
nazario5_000296_b7fa360f6399,950111bd07a333f4c65e051447dd2350e460eddd41cbd5ce8aa67e50dfa604fe,8fe01a99a41154c60638b8c13e8ed46ef39062fb0ceb04288c824820b53418ae,dup_8fe01a99a41154c6,1,True
nazario5_000297_621f382fee3f,026e12e90ff50e18f4d02bcad85fa6faa3c855d39137406d59f5b081c8c5b307,102bb0f6ec7279659d0b9fb7fe4c7ba841923d873226cd8995e7f8a8e1ac5e1d,dup_102bb0f6ec727965,1,True
nazario5_000298_118683eaf111,3d57114913a0da179a8bd612672fcb58cea7871b30e45ace24d4739b64a3651b,cabdcdcdde12482c9d433ef447a3697144f86e3d543b807699c7fe497a8333f0,dup_cabdcdcdde12482c,1,True
nazario5_000299_131923eded76,d9358c631ba7e63938a33ffd76282d2a56cfaee60b3493b1241542a914bc5ef3,5232b851ea8655d84fba96baa893b4abfcfcd891fb9ae128edef0625324e9fc5,dup_5232b851ea8655d8,1,True
nazario5_000300_3ce863ec48b5,6cfcdf21a9f070f730a263b90eadac2159d00e8e07cc175ab35b1dc9d864c0e0,58cba09e2bf4ef6e7a9c94acf2db0234a19523c86edb35c48899e4a636531ca6,dup_58cba09e2bf4ef6e,1,True
nazario5_000301_ad804aa7b2b7,c29f11f7b9b6c78ad233c0e3f9b2e09ce9d002f4c2a578065d73dd3f3cf134b6,2fb30964eb8d76d09476b0520fc38ffee9f440e400c6e102ea0b86a0921c7268,dup_2fb30964eb8d76d0,1,True
nazario5_000302_f16ca8ed6de7,28e591d0094766c6022f35a8996983d26e1bb58808dba16f910be23a6de677f9,001e17b9cfd0cf183fb5b985439d852fc6ac9d6fe99df79e3b22c56dbc0d0bae,dup_001e17b9cfd0cf18,1,True
nazario5_000303_36b11b2c3d11,83e595e5b3d63d978f605a7290fa8abafb5220bb2ad4484c7070de840fe025d2,498fcc7c3c012a333e2a7df5a177211265009b173c156c40a5fd2a5b7584f81d,dup_498fcc7c3c012a33,1,True
nazario5_000304_8d81a3266cab,8d72034b34b49ad6aa4a0f2329370c88f6f9a5a455265bf62aa146d24836afbb,d06b90b2a42e8a046330ecd826e7cbfa58c1ca3ba1ebdab8ca61d47709a03b34,dup_d06b90b2a42e8a04,1,True
nazario5_000305_c6bfd16173a0,48c274934b26fd23f971b842fcd730b099f0a6508562806aedd4c5e88b4ef4bf,0262e61df77c49f2d9907ee0d18e3fc35aca564046be67893ad4ac6ff31426ae,dup_0262e61df77c49f2,1,True
nazario5_000306_5f7f2bebaf60,ea5fa89f68842a6cc08c6138fcbacec9534a3cee80be80f2a3da2139c1c3bd7d,4d4063d9706ad5123982e0e08ef2b54fd60879427d3d8730695d17768a4f8d8d,dup_4d4063d9706ad512,1,True
nazario5_000307_ed54844bfee2,d80ddfa8bb733e9289a80caa9016323548fa7c040042d42e9fef0e3b7c11b088,f5e5276e6029c5df4e76ea4873f9bcb4c1312849f9076f2af05b3722a8708d89,dup_f5e5276e6029c5df,1,True
nazario5_000308_696ad0575a19,ef808bef6d6992f50237048cf607b462866605eae9bfb179ea988352fe808c91,b5bc76f55ef818517dfcaa86bc2ba551b5f52111f2a8e62a49bdfe339deb5a68,dup_b5bc76f55ef81851,1,True
nazario5_000309_de3ade0e9f56,682693afbcb397e453a506225eac4cf72657595d91d08e71ec8b590782d23a40,99bcdf8de9d2ae4d6d47785613c168a67037b6dd8b2e885997f649ccfb9fb9b9,dup_99bcdf8de9d2ae4d,1,True
nazario5_000310_d4cfd5f9a4c0,c74a6a68725274bc7efe6315a1042dcba466063f80580d822387a39ecb46a011,98c2c19685d3e67193056d6823cd99b3b724fe828f3bec96eb8a1d8ecb36cee0,dup_98c2c19685d3e671,1,True
nazario5_000311_97e8ef03c071,8df5658cf37e13b6d59e1d6f319656936b72a7e69613ad49653b060c60d61332,0825696a70fdd922b2166a1de535595fc15977d438d069d9cbcc6779af0c85be,dup_0825696a70fdd922,1,True
nazario5_000312_d481656db42e,e3e4575d244349845fec9dddaa52369c07401cf8d962fee4dc317171e51d7b86,f697bfa8752873ef27844dd1a1e04cc82e6b96d3a88f58769e23a9abdc8b1286,dup_f697bfa8752873ef,1,True
nazario5_000313_1186b3f4ec39,84bfb57d26b5ceb48e1909ea0bfb5b1b6a9adf368a5012734dfa7f68e903bbdd,e0c0a5fda6ae478cb000f226bdde4b3fdc372a50ffc402e0a57013e6c79f2512,dup_e0c0a5fda6ae478c,1,True
nazario5_000314_f5162c07b45a,846748789cb56e9768f4e27c45ea55370a11b1dab95bab908c43f75da021fc52,8972b7c3f8efed29b09df1f5c6ae9c4272fd6a15600d2d49ca72a8e1e4029e72,dup_8972b7c3f8efed29,1,True
nazario5_000315_3dc8fbf8ed9c,d2af1c53257c129551f397dce8d54654930245d1e3e5077f65459d572677b0af,28e169977e08ee9c9cd5908e266f40b6c644c56d7b0744f0d8f7d028d03e161d,dup_28e169977e08ee9c,1,True
nazario5_000316_f5a7b10a53f7,340242a3f97a4f9fef4298ef77794520826c760405ec2c558f1346e951666a22,fb8fb17d27f678b982e41ed67c36a7545acd69d5829fbd77c1320b0fc7915e01,dup_fb8fb17d27f678b9,1,True
nazario5_000317_769a707cb238,75f8a171e5dee14792e14b307a818a7473b21ac557c876d3918a0d1fe6e10c5c,632d42326f94d2ad3a815e640cacd2f48c93121baf3992d0bfd9d6c096167133,dup_632d42326f94d2ad,1,True
nazario5_000318_e78b127ce37c,c109030e7169906171c1a50fa1bf8798285269f18ef935cb1d3848961b7629dc,49aff3a215bc72c93686ad5902ada787f1dbd5bdada81cfabbd34d6f723ac4c9,dup_49aff3a215bc72c9,1,True
nazario5_000319_17cfe6c46fe7,a1ec45186f4b74a236c9e65b24e20372fa4c9a8c633cd2786f18c7f5a8c4febb,810c1ab00791feb3d43f49a7e818696f7ee5ca7cf1eea4a2cdba837b06856dfb,dup_810c1ab00791feb3,1,True
nazario5_000320_4c686865abfe,150a8f8453b9a57b6e124e5cd8d8b4a6e0fec547709f81420b64f421bc441f12,d903506cb139878a75b88bb76fba205b1183981fdc76c06e7c538c52ca770a7a,dup_d903506cb139878a,1,True
nazario5_000321_479e1c86e224,bcd99744e231c7c6b5b420e479bfa9363ab93d571b008e869f689d2035ed48fe,c5f1ccc1bf4f4d2b5455bce6362bcf6c3e85cd9acb8b74cb9814f79aa8b71bd0,dup_c5f1ccc1bf4f4d2b,1,True
nazario5_000322_811158dfc905,cf3e200f044930d93cf527bd0841f2386b69dcfccbf3d832a8f126e547869404,900eac1f99b1933234a63076f1eb4ea1b8d44b7ced1303cf7db29255b4392193,dup_900eac1f99b19332,1,True
nazario5_000323_bc366135f964,07544f4e72d7702d5f4080aad15f0ad806576e4fcd27828bc3a0c48e96972f75,3a47e1ba190987ebd0320744b48510771b27b2b5233da758b435d05588d471f0,dup_3a47e1ba190987eb,1,True
nazario5_000324_9cedbbe21c99,2254bc76eef9e32992578168e2cdc73e5b049340fa9317639c699ce823bd8d51,43e1264c5f752b158c1d67f19573ec5143249491d080dd161fd2dfad8fbba26f,dup_43e1264c5f752b15,1,True
nazario5_000325_2113216f7f31,be5d171e1b60b532fc94d9c770fc9d7fef973b37f6e117c39894a5bcce74b865,85275a169086f544f7c2b2885f86809d413ebc67219bd5cc14ae6148421b5fac,dup_85275a169086f544,1,True
nazario5_000326_dc9aa61300ba,e0bcde3ca9920b23d4c55a4a9151a2b755f44e801666638fe1f110fed6da1dfc,81a07775e43ba0090dd194fabc04eae2bfd0079468a49cd548d4ddada93a48eb,dup_81a07775e43ba009,1,True
nazario5_000327_b07b7b40aba1,4c9ccd34b3ca65bd176da4a4ba87973b01a30eb126a48798a117c9c6c626da36,0a37ec897c7a10c13e70fefa5268e50e517942f94523f08f8d900b6c1397af59,dup_0a37ec897c7a10c1,1,True
nazario5_000328_ccbe4de982b6,a704737e435e063a3b97377df13f8612ad6dc98ed57a32ab09b40421f49e770c,a6613b7dbc359dd82f95c7aa3ce854312313dbfdcf0955056a72432af661cbaf,dup_a6613b7dbc359dd8,1,True
nazario5_000329_a8002996439d,890d70d86953ff36a4671c73bf7f0d8fc38e59a274416321f05228219fb0aa6a,c8dd89fc4936b74d36e19e3a04651399b9b7790e6e7ff11ebb0e52131ef7ce74,dup_c8dd89fc4936b74d,1,True
nazario5_000330_0faeffeb89b8,699fa0e84972be9770532348ab0fc76807121c3e189b7041feea30f5679a4be0,b4458700aa6411a3a6352ab5be4f9817d3de2a853a721e9446d9d94e194755de,dup_b4458700aa6411a3,1,True
nazario5_000331_7dafc6e14133,d1a173171e26c4ce2d3ab84349af22a7c5c7de118d304618b435ef81d6f8d6c5,9b29db502fb05a282c89860cfef7ee6a0018857b07ccf1ca63b58d316fcb0e16,dup_9b29db502fb05a28,1,True
nazario5_000332_366733705b35,beb98e248e9ad04a913276ac1cac332c85531b1fe5f63802e88e28bc2cb337f0,9a0650595feea268ca72d8513ad093d2178f8f84ff6bc352be0050d8ed86304d,dup_9a0650595feea268,1,True
nazario5_000333_1d7135c7a20f,7917f0b678da422c02965e72a269d534fe12b69b73deaa5632a5f4580f2e2498,e764bf1c43bd46b437bae046f3648abfcdb0edadac8680ae902aadefca3779e0,dup_e764bf1c43bd46b4,1,True
nazario5_000334_909c099a1a98,3e6239728073ef0cd84fc8ac476a8d6ba8cd2aa0d6e60b69cb6bde73e20b6684,ab2517aa5a6768b066563717f142b630747802d9c3bd9e087abc2de7e72fcad9,dup_ab2517aa5a6768b0,1,True
nazario5_000335_ce2c1b94b7da,7147fba17795ea3646734084d374db849000f3d095e24ece10586f0290be2832,855fe0be3444c1a704e86291b52a0e0d8d75d4a0968bf8efbfe75185dc83485b,dup_855fe0be3444c1a7,1,True
nazario5_000336_7db541605e05,e7748886d9c6eeb649b583a6ec65d857e5d181a1652d558ddd958e1caebe2631,d7910da991b19863e5aaf3191d5ecf8e839c495e895d45061b205d6ba473247b,dup_d7910da991b19863,1,True
nazario5_000337_837b35afa928,a73c9e8b00e866be84315160f3326f63f2ef6c875c74bd91835f0773d7e738e1,af58be9034b4f7623a8a8a0df0a95e42412339e047bcdab5e1b5f32c5681cd40,dup_af58be9034b4f762,1,True
nazario5_000338_827eaf747212,6866c8d8c9d8698e48eb5ba564465b9f577175bd28374d00d71b1b09590cfd2c,db6addd2922f5bbbd3f28746a314acb4be8ab91a4b70d92662f9cc10c1408d20,dup_db6addd2922f5bbb,1,True
nazario5_000339_e73393e74196,34bfe2e4dfb3f42076f39588abe670396896b48624699e5d4d28109f9d6c7842,03077b8d9adf58f85ff00891a0c51b2f3d245306dda17839211a2cb0418fd8bd,dup_03077b8d9adf58f8,1,True
nazario5_000340_c9efea6bcbad,ca536827bd288e84599e1989d759e28c394fd37f8dcfd0e498a040021da72aa4,1a7a1788c1f354ff2b50f37ebfa8aad559fef0c70bbf54b5429782254410f7db,dup_1a7a1788c1f354ff,1,True
nazario5_000341_71ffe0f53112,077e9479879768e357eeafcbfe8a4ccb267697cecaf69d67be539f3633292660,7f1e40ed8967b2ab7e5d007ba82eb8ff7352764f31ba1d342f802c118618b7fe,dup_7f1e40ed8967b2ab,1,True
nazario5_000342_8abf6139c993,ec77a7851a47caf475ebfc6f56266417bb0716da111255e1c8ff40dd7ba8d827,844078fd77b64bfe7a8e00bd0bf7196581e0709b836d098895210bfef423cd3d,dup_844078fd77b64bfe,1,True
nazario5_000343_6a51dbb013d7,d531f0100f43345903c818f94c5830ab5ef0221e17d8e8be7b3e6cc4bb82d1ab,336dc27a91e73ae07a7c05c6c3d848b74892f1e30aeedfaaf873b439f9e3a16f,dup_336dc27a91e73ae0,1,True
nazario5_000344_368f9be60ff7,4f16a5cbd81a4650b2f32be7cc239409517f94cd6f836dd18a3c1c1962f55965,68227608ad7a0202badb7af5e0de16fd27eba7e4c639ed5ce407ebba5fbf38d1,dup_68227608ad7a0202,1,True
nazario5_000345_b7b6d7812b82,01a02670d3a1c7742ace3b3b0703696dfb671752b539b2fe64d2309f547b4930,4f5442a081911201414e2765ded44a6fa6cf315fd5c31cc92c85e0cd3d7ed641,dup_4f5442a081911201,1,True
nazario5_000346_26bf62156148,25a5dc33be0ee2056a31a732618a5ee2065ebf6dd4dbcb1bc861c996e8cdee12,82ee387c7879d7fad494da51fe7c978b7199e53d7b2a9d5a0beb46c0b6882a18,dup_82ee387c7879d7fa,1,True
nazario5_000347_fb5b1387230e,a7beb67fa0d5ea99047d9c592ba9ec585d92e28b9f3e8ff32e992890a60e3c0a,1903389182944a118885b98c4a2239c94ec567b04d386d5eab123ba72f70a94c,dup_1903389182944a11,1,True
nazario5_000348_c3e8c9ae40e0,3dc01385471c64dae3b29616ce4f59bda874016e3ade874ed5b68f817d0947d1,7c5032f352ac2368be182945cf691c16beebe91647a4ae20bb96152ec00fa3d1,dup_7c5032f352ac2368,1,True
nazario5_000349_767a93215e8d,d6927a6f494145d7495a961af910f5f603c15489e9140b19cdda54ed22ba058d,09643afaa642dbe953197ac3c89a6995ebc1401acaef6035df6f6b08ea0fcc9a,dup_09643afaa642dbe9,1,True
nazario5_000350_4788d35fc2c3,e7bf9ee2763036af8dea5559048c5326cf805191cc81700c5b6f4838cab82aeb,9a89e68da44e40854a44729457cfac28c327e74406c17bd9717f478f5f989c85,dup_9a89e68da44e4085,1,True
nazario5_000351_02a6add144dd,338550eabf111fd75865d05845863989854b0354544680da2cd5c1436beae6ee,3e3d8daa6b3eb12e528f4d001b6995a10291a4498a339e8a02c21258a08b7af8,dup_3e3d8daa6b3eb12e,1,True
nazario5_000352_ba4c320cb85c,293337e0e5b6a680e6fbf51a28cfe59a5649a61cd4f0f1dd6137b86d265cab67,d1c3c4db5949715109d490836c83f13e31759a746170e9bf2845a237600e602d,dup_d1c3c4db59497151,1,True
nazario5_000353_b22e11ca84e1,8c94f2b786fe853d1f9d30f18f2ae76e42fb0386f3a97b049867edd439e27aa7,994877eb274d6d30b326ecfdac244940c65c75ba9e798657e9b31acaa59434e4,dup_994877eb274d6d30,1,True
nazario5_000354_37a15650a96a,88f65b963fb608c5d2c95983b28cb62b5be2b68913d5caf81d593f2b0019f882,254e26ed92ccae752ec5719fa44a680527b03ed277d56ef12b9e1bcbd5bdc8b7,dup_254e26ed92ccae75,1,True
nazario5_000355_e4a766c5daa1,002ad4c55602f64f0eee0533bca64c8460ee8cd05d2f5c50eeb39897074d7a6c,f0ce19a8992aee5f8d056d27144382393e6b66ff22b687672ecd0307470c47ae,dup_f0ce19a8992aee5f,1,True
nazario5_000356_4cabb8a04c73,50b77f2dde5df299b8e7bb642aa269ce6478c3f2a29fb398deb69319ab90c5b2,5ff98cb5fe17e6497c9dc0e7e8c011fad08416eda64f22d9a6921a56846b4567,dup_5ff98cb5fe17e649,1,True
nazario5_000357_6b50c6830d12,c04096c4d7d05d67c79ed45d6cea27723407884454d51633b9bdc33bcdb03d55,7d210c544f609bd8279d132b5affbd2ea713e054e7ac7a4af62223b72ed64352,dup_7d210c544f609bd8,1,True
nazario5_000358_0d992bb17205,e3cb6746e13f351a6aa664574e6ae3a9ece1f006a2e7da0cc94748abb7674f4a,f7ab0e528cc9f51889dac3014b7e6fad8a8446e03c9f3bc629ecf97b09e7c439,dup_f7ab0e528cc9f518,1,True
nazario5_000359_2bce0de9e309,cddbfdb123facb905a52db0dc9f92601b6d204f7b1fc54dc44932ef53e4e2c2d,481fc6c0a98c596af05ec75b890c6c43159d7bc43cb4b91884bdae9cb9dd3de8,dup_481fc6c0a98c596a,1,True
nazario5_000360_b48abcb16c05,dd67c673ae59947fcd402550dc35a5aa230b6b25d3fcfe6a0a649e05a24e6eb3,604d1ede29a8d16cd8abfd9da421d8b724d518aa6057bc694084084014a09553,dup_604d1ede29a8d16c,1,True
nazario5_000361_4d5984274b8a,49fa5b27afb185c729ac792880d90c26c983b24ecd7144388673d8a1b0d07752,d44873d3ed569f37ab90048b60e7cc70b55b77b6b84ca60abfff6b54dc43a13d,dup_d44873d3ed569f37,1,True
nazario5_000362_3f1cbe7c1bb8,232ad244a0fa35f54163226540578e1fbce16dd5e79dac2615d5de67c685554c,02b345000c717b86d965c7007161d150513d4a1ca0e6cfd4e0b412c9b5479e07,dup_02b345000c717b86,1,True
nazario5_000363_f5a024611605,1efc4dbf90f61ad01678d6f8f7e3645c29a65ded12ef9b56d29c412cf85b61a3,f48796566a406882a98f6f7158b30363b89f356dcc8cf704f1a41986159bc51b,dup_f48796566a406882,1,True
nazario5_000364_6f04c276d2c8,f48725ff37b48c7252aa37f4fe956eda6de4d4d1f93448cacaf0caa2e190217c,d498bc90d28cb16ede41c965ed75273426c84d3774935ef14a1d646bb432caf5,dup_d498bc90d28cb16e,1,True
nazario5_000365_62ad605b1c08,d1130a0cfdf86b724466b2c90c0d42294d1d5cae9c70ac472fb466f3627be541,ae33cede814f30f6006964cdc42855a03d11dab6943faca6ccc82c5bcdafa5de,dup_ae33cede814f30f6,1,True
nazario5_000366_da306c3c33bf,1e38fe469bb73c2b5eefdadca833cf0813a987fcd170e1e4969a3195fb73961d,a15da44c8bbf1fff395d2f34d35cc9dbb141ce4838209c446804fd9046df13cf,dup_a15da44c8bbf1fff,1,True
nazario5_000367_f0aa7f9ebcb5,ce8127ebe1811d94e0908125845fa344ea5ee8dfb8fb8b421d7a0db99d66c531,4af910447688cb9810d54b4661972053dedf865f1b53dab1d59a8f6021a258da,dup_4af910447688cb98,1,True
nazario5_000368_3ffe0afefef0,ad3d1634569f42d44137d2824f6ef99383e0046bf48696ecacace49d2195b454,59a33a03dffe9e6afcc5a7bd6a9bc41d944843bc405d41a4c0f7c22d3e254f2d,dup_59a33a03dffe9e6a,1,True
nazario5_000369_ff5020f10a37,2ba842431cea4ef3a38f5584a096db502ec46e85f72645befd84f1f5a501a5a4,09d0fa2b5243cf6a50b45ccd5e52c85d321dfde52d93596dd017231ab2cc10ee,dup_09d0fa2b5243cf6a,1,True
nazario5_000370_3985a267ce57,7b2cb06b02700a9eda4af2767b928579a6a8f18ae4e96508869f8d825bbc41db,5359f17543d3cf28ce1f57db85df9e2a0ccfc1b830140ff76b4d5b6641ff7d87,dup_5359f17543d3cf28,1,True
nazario5_000371_5a06ad4151c5,76b7cde11cc0cb1782b1eeaf64ff8dbf9411f67facb90cca268198110d9f8e6c,539264088b1e068d9fdb9c7971c25cd30e0ef845079bf107c30b01d6f4fed04b,dup_539264088b1e068d,1,True
nazario5_000372_9bee71de7033,a3bb4232d5a3d011f2fbf2ab8fe9084ccb46e2d29af399ddd8ea3ae4e47d0821,480ecb6c8940eed52a15ffb464a5261f6bfd67aa15a35297ae771cdace9abb52,dup_480ecb6c8940eed5,1,True
nazario5_000373_0482827f0c3f,e8c28a91cf0c2940f82c85e45119afb714ed2f51c6c0aa5449a061dfd6c828f1,084190c52a4a4b397e06abf093bf35b21bef5e95355b7df8ac6cb72d5d7ba8da,dup_084190c52a4a4b39,1,True
nazario5_000374_249840ee488a,1b5957ce6bb6ff318c0e9874af801d0d1aa2c6880d49b69bebf1064d559e96c3,a348b977c4a0d71a47c12af80ac05dbac8c9a67bc4d8f6dccaa26b668565457d,dup_a348b977c4a0d71a,1,True
nazario5_000375_ca97bbb66188,91983f1e62e9b67fa0e70cf1af93b71953855846d895a0c6f44aed4b50599851,b0621a61d8ca8f57a3f9222c69835755d87d246e2745f9eab3c5c3e583291de4,dup_b0621a61d8ca8f57,1,True
nazario5_000376_2736854ebd34,ec7a2c1bffcb3722eedace8374ac4caf06e1db54f0d05b0f2114df58efff16b8,d6150d37e06e82dc494b80bb542e8c5342d890414dcad2b631b7e12e72a3affa,dup_d6150d37e06e82dc,1,True
nazario5_000377_eebbbeba0f15,7f81316ca56fa17e65503071cfb17758b93114034885bd908e2d659f6ddb9130,a201534aefa12aaa9bc4b07607d963f0adebeefa24cbf98bb1eb8380ce433764,dup_a201534aefa12aaa,1,True
nazario5_000378_0b41cb4f2c4c,2230baa021f5ab891319e36830cff27b560fef4f22616a2a9dce845ffd004005,d4c50ec683bbfa8d872de31bf61f8a3dca97df9b88e1eea480ae62b0b4064488,dup_d4c50ec683bbfa8d,1,True
nazario5_000379_3e2bfafb49ac,cb118ab54bced87ee3b4896499063c6e91af2eafdac08509a3c9f2f47fdfa1b4,477cb2b4f2c2c4521e3a9bd9a3208b05f142f970159348393eca1e8cecd356a9,dup_477cb2b4f2c2c452,1,True
nazario5_000380_a237ecd999a4,b9722c41c189e07a629011ae4c0e14b88b502aaa18122c645401e69999d1c3d2,9e3313280dee42a2a7a764c419e2a78a972bcba4c3e6b341da6f8d834fa39e5f,dup_9e3313280dee42a2,1,True
nazario5_000381_2152a7076625,63cc1dc9d7a85c98f62306f37a4e9ffb0270d3e172137af6979f0b14360fb832,05587397c11e675066d931476b4438275b725e7052e1cf36319058524b0049d8,dup_05587397c11e6750,1,True
nazario5_000382_13b1da07f9b1,2883c10477b5011023e2d689f901dd75ff015addcdb2aa38677d48632c3bec0f,2daba24648a6867b1101ff98dd9486c06456661061941ed9d75c730444335825,dup_2daba24648a6867b,1,True
nazario5_000383_fb3ff8fac6fe,cbe94248ea23db7776ebc9930a3d3d18f15646a6a53325b81e76d6b44652da67,9e1fc4eb567e11e1d3f78ce4fd7e12daadeba4ac96431765649f7547063bc646,dup_9e1fc4eb567e11e1,1,True
nazario5_000384_fdff1accd0a1,181507a7c1adadc122c4711209abb1afebc6ea5d031a76c0ef9d55c3565ffd04,5c3f8947e390f77c198b5fbe643008b1b3a8928436cdff4a052ddcef5df9beb4,dup_5c3f8947e390f77c,1,True
nazario5_000385_300025945f19,3d184b224ad4354b4e9e56a73629d4c850b15178f67ca022fb4d6bc6ea9bbac6,a9d1f6138e6bd47509f06548ee5062f59804c71771f4f935a11ac5c32419e396,dup_a9d1f6138e6bd475,1,True
nazario5_000386_4f94b69e0d15,543ebae9d70f83010d3ed06060621a67a27e351c7dca7f9e99ca0b4e711507fc,52f4781a081388c2e31366312f08ffab8ecb8e0c12d36af1f5069f729c192653,dup_52f4781a081388c2,1,True
nazario5_000387_eef922f53e35,c9cfc2545ce0c4ec114a8eb09a81599f6ea43ec4c16448d16667c9105681829d,c3235be743f731a0f1bc26b764b9269fa8694d4104afa908fdaac0a605588298,dup_c3235be743f731a0,1,True
nazario5_000388_7a92e7795470,3e3ed1af48703f97dee3dbff78888e63ef333a159bc2e2338fb20b9f6d14f1c6,9e0acccd760b82d06e2cd9114116759189427a7bed041773a6270a2a6803cb68,dup_9e0acccd760b82d0,1,True
nazario5_000389_53b9afc7e9f7,2f3fe83aa9921f1aab0d6dc697d3b6df726b63c33803a58319e2c2718b424404,7528371fd95ce29283c92c8d987d856cb0ae54112cab2b55a7f5fdf2ee7c4641,dup_7528371fd95ce292,2,True
nazario5_000390_6b2392b92bea,1bfd8196ad5d577ad27e6dd594d10498f0608a730090870b61c3118834fa41e5,7f68423a30a7ba5c762ba4c105bfd2b677681097be6536d0546287eb0033f7ae,dup_7f68423a30a7ba5c,1,True
nazario5_000391_0297eff281f4,bccccb77a4327d161d7fd31d9d47cf790c6b809233896c29017440150f84c6e9,7528371fd95ce29283c92c8d987d856cb0ae54112cab2b55a7f5fdf2ee7c4641,dup_7528371fd95ce292,2,True
nazario5_000392_b84029d485d7,1c314187ff2df3b52af8fa1c56db346caf052bfe0837373e049f6820198d8b98,00656697c4253f9f66bcf7e1dbe109d2d015a209b9ac9449c5c7509dad5c62ac,dup_00656697c4253f9f,1,True
nazario5_000393_26f7ecd3b3a6,d28a961c4fbc96b46613abcd154883883bb0185e7731b549ec06b0694c706925,70ba6a75c2efeca177d571848c5b88fad39dae1f38c674ba657909cfd01f3f40,dup_70ba6a75c2efeca1,1,True
nazario5_000394_29f1ac77ce81,76e7567e365dfc5d2fb5cbb4e689b8f52c47980cdbcbd3e566e1110b1708b4aa,8df98b404dc054da0ee2cd384b6623b7e03122d6403f5f847b68bb802034d323,dup_8df98b404dc054da,1,True
nazario5_000395_4f561d5fb43e,abffb1debda9fd68771bc998b88ff5c211430080c097637dcd0553a94e43ff2d,db39ff1a0f613340a54b24dc49309f4bc48b370a96f6a4588a9e488408dadbba,dup_db39ff1a0f613340,1,True
nazario5_000396_fa706ee8eb2f,e1bce44744574c8e1ab698e245a7d9c33f3e4db97c9b17b227c691d0e87cec31,a71eec9af6ed7a7b2ad0833325d7e02bc84d5eb281ba703d4f77086823a72c89,dup_a71eec9af6ed7a7b,1,True
nazario5_000397_bc9db56051e6,5937756a55b772a09c773202af334aa76312d956cbc928941f79edb5f0b80a75,6a28de76207d0eadec29e1de37989f53cd624488baaf52fdf8fba2f6e23c59b7,dup_6a28de76207d0ead,1,True
nazario5_000398_fc1207711a5d,291e80579c1fde0dab9de93a9214187a7248edcada1a67a94fcb6a05a410820c,b89775b4fd29b49018aafa84c24f75e08ca4ccaee22fa4baec06b9ba1cc8331b,dup_b89775b4fd29b490,1,True
nazario5_000399_eae9a0b647b6,65f0b5b2e7f4f0ca0594f23a8951f94a1007da2ea2e7bc4151b64200907a6309,9a0c9fb828b748528f2ba257cbc5bcacd205ac2fac380ecdd24947aad1d9d861,dup_9a0c9fb828b74852,1,True
nazario5_000400_4201890893d5,37c76e2af389ff3a3388326c902cb547c26a5b4d5016b5c91dea5c614b7c7d61,7934997cde885215857a8f30a7755ad2bd191405e66a5238daa9cea4a645a788,dup_7934997cde885215,1,True
nazario5_000401_5848600dd768,ce7e4f3fc6b1dca409a33d2ffeeaae2ffecdf9bbc87c76b79c871dd6a26f66a0,dea555e5a8247e1cb103eb2816e7618d800a5221571bff0211b114cb572b7614,dup_dea555e5a8247e1c,1,True
nazario5_000402_f42307531f0b,1bd98e5d2e16a38653db3049a9d852619bf562b33baf666464d4e2e124af2b45,216b6ca012ad8e72040e7477eac6c352b3ad8f8c1379ec36d3087564e8f9b7a5,dup_216b6ca012ad8e72,1,True
nazario5_000403_1484329c8577,f2ec077a9b424fc48489dc785f4ba93dbd9847442acb8bb5311917e98ef9cf9b,a35bc82b8df6899ff97cbe942eb9ddd7958a7d13c37c29aff2b3b03545a0a380,dup_a35bc82b8df6899f,1,True
nazario5_000404_668c80cf51e9,f84804d1c8bff41896c8dac873c2ffa24190f1f65f5bf350dc6231aa5142d1d4,f5d55f08710c5dbc4883028a975ae47b99ea30dd3b9a9cf5dab76b89e39174a2,dup_f5d55f08710c5dbc,1,True
nazario5_000405_65434222130a,9b86479b0a0de9c94e08f5b4c2a5fb22d84dda26921beb2f5b3bf9638d645da3,3c653fc5a2e4a9ff0eb3e4c4ccdf2ed4713af12e219df5876304de6c6d42c126,dup_3c653fc5a2e4a9ff,1,True
nazario5_000406_083e3b43cff6,2da4852c241d481a4136df1d6438c140504092f4bde87b2ce2e6af147d0fc86c,adfeaf558df0b51ccff72d8f6da0d927efc29a5191f3666db7a63bfd6b9343a8,dup_adfeaf558df0b51c,1,True
nazario5_000407_7d23857979ef,2dd7690510dce5890aae9b496701db7aed239f53d8fed6a6d88970ddb7403980,0bbe29341f80ba2899c5e976b1f432eb186de6a597a1442ddd2d7771c5f75687,dup_0bbe29341f80ba28,1,True
nazario5_000408_d5711141fc4b,4dadb94834ea4df10c02ce4cdb671024fd4333b83a6d84b98120828a53c2273f,3769e53d787d8a1b0f159c78b4d41f07022fbd0366cb028fb1013b195150a4ec,dup_3769e53d787d8a1b,1,True
nazario5_000409_13b0488bfbbc,82f96953ecc9371403008cd951060d9b78fe591ac9b20ec08e08930bd032f27a,956c3cb6e42149bc085e34405ef199dd46a4d41bf682734aaea4bbffba3808f3,dup_956c3cb6e42149bc,1,True
nazario5_000410_dfce528e8f2d,62fc005eb6e9e801547bba2d0df47c1342831d521ef56e95c63bccc0c5723598,ccf09a4629600a0822d5562d870b0b8468e8b934a8e5e74e963f0c90a093cb53,dup_ccf09a4629600a08,1,True
nazario5_000411_60e8971f677c,7067c829d4f0cb37b358f3f657623d53403c971b46c4b1e168cabf706c868a06,0fddf6ccb1c72898c022b9b1c49e958b78cca68f03aee4a373513ec3e860a1c9,dup_0fddf6ccb1c72898,1,True
nazario5_000412_7e844bd56550,4f654b4679203a92710e99d074774dc4ab785d5a1902c6c7830ce839ee59544c,4dc2b0c7727dc33bcc93549c5212d5112ee37533f5b155bdca6a45939278c1ad,dup_4dc2b0c7727dc33b,1,True
nazario5_000413_80f15220c5c2,5cc6436fc569d9a0c61b359d300a14b96146fe5dadd5436224460ab29bee956a,4a093def5b4709808c664758dd3f500007be32174b3e33bbd4a5b1c48fa8bfcf,dup_4a093def5b470980,1,True
nazario5_000414_41f77faf6f72,3df02ebea2fa466f1a46183dee026ae2578ee8532f1e58118746d04a33ff540f,6e1cf279ce4ad22f8d22bd283b6fd3711354757bbf3022bfc44d40f31e646e25,dup_6e1cf279ce4ad22f,1,True
nazario5_000415_09d4ca885e65,9a93968fff655e4d26f1b6f52c56ceba41cf8a1ef35cd0df297873c54d04ac1c,b6805992a5ed671cdab5f883acb21f74e04f6c408dba5270b292e529c38c6ba0,dup_b6805992a5ed671c,1,True
nazario5_000416_096c63d795fa,c33a77eb17d475114fc4280c63a09c9514c540a7776fa27334543600aa4a253d,57c47315bfa44ca26a0135c75a64e601f4fa04343179ed0566891b8c74b99f1b,dup_57c47315bfa44ca2,1,True
nazario5_000417_06174d061393,b2cfb993fbe13af9adb7bab530b28a88fa5b903636ee1f4052e3a157529f1ea0,78f49eca013fa6c8e6a9a7950968c02842745488c7297918b5ad471ad3b8f2f1,dup_78f49eca013fa6c8,1,True
nazario5_000418_248689b12c95,da6135d6b873e52851113fab5530125b6c6036d92d6254848a99a5f63941efa0,2eb9b0c4018611cbf7fb84084eb25f4660dec41a4aa57957884917a2b1dd0bce,dup_2eb9b0c4018611cb,1,True
nazario5_000419_a10f859686e6,3d52c4202b01a32af1550e393267e70c0c805d99b9ffb602d801f9a69ae21389,338324c1c55a337d1c68129bbd119334be7beccf0e9b969f7f34f6ce0d50c491,dup_338324c1c55a337d,1,True
nazario5_000420_a542dfa81840,2fcb640eed54ab4a78b34387041ef468c73a9ab9ee4b12d20cf154ae7f5d31a3,a785114cf1fe3cd13cf4af682cafc4106409bb8474bade562ca9815580f92dd3,dup_a785114cf1fe3cd1,1,True
nazario5_000421_878dfa8f3643,931749510b2912610de024ec8714fb3052ba9a7d9af8da84b0bb55ee5c5439d4,1a5a0f87acd059943784c80b747d4dc2b05bdb623868b47f5d285b6f3e814e84,dup_1a5a0f87acd05994,1,True
nazario5_000422_c9603ef18505,8a2298ac7d29dc238f4cae4784e8a7696113f7ce867010826c327c6398ef6c8a,29d233d6df2e7aaa54adebf34835fd6261547c549b96680c298965fd6b859ac5,dup_29d233d6df2e7aaa,2,True
nazario5_000423_d70478a33a30,c8ec6d4a6b3b4be452b8b818ce98a9aca0f3dc6b9473f0fe16940a0ae4abe665,d481e1bdcf69e95500679a2b9e710a05b75e54b25e14c72a111f91fe9ed6652f,dup_d481e1bdcf69e955,1,True
nazario5_000424_dcb7aa0746ad,ea74a460344695e008ce08ece0dfa604a184bd68885aff10e0ef0a0a85cdf61e,93620e59d67d36543e19fea7115be62cae46adb965c1209d412677ee9ded02a0,dup_93620e59d67d3654,1,True
nazario5_000425_3d4e3ebac43b,66c87cac7e31e1b8b7e4f966ff3051ed999070ef3e15f1ef3c83388e1ee79ccf,c6be1fc724a6495656fbaf63179211e19e281f3e59e0b0dc043badb26a2efb60,dup_c6be1fc724a64956,1,True
nazario5_000426_a26bde6b9b1c,d5b12d0f291f54e2e91b3fdd10b90240495c936c75b4da77ad56edaf1c6e6241,6e276d405f5982ea9c3943593bc9aef205f423030922ba82cab23eb08721b30c,dup_6e276d405f5982ea,1,True
nazario5_000427_6359ae1c401a,2ddbeac5226c22ce8629b58f34087e96fe7fdcf078ce6f221478bd11256aba57,e8f3a6b61e50b7dfdd73ac875a41045de106ce6a215766b47d2aeb3d14956022,dup_e8f3a6b61e50b7df,1,True
nazario5_000428_67b0d8bce448,20b6c7d91c116d7e9fb2e53bbf1e22183f07a29fb50e4ef0c6b11a571dc41328,fd46f9b66df28e79d7ca56d9f6d3129f62b60ff6856cef0c5abc78948223a376,dup_fd46f9b66df28e79,1,True
nazario5_000429_3b0327fe69c2,2bf8b783f9b36fc6d98f57b1f02ac6df0410aaac120fee9e975423caccbf58c6,29d233d6df2e7aaa54adebf34835fd6261547c549b96680c298965fd6b859ac5,dup_29d233d6df2e7aaa,2,True
nazario5_000430_92a782142599,5e6dbce51f9ba4731cae2089f01ec6fd9a43901565ca787b80c247d5d7ad39e8,a0beb7462701c75eb1a37418efcc26cd5c923514a2fbeb1640f40ca53512974f,dup_a0beb7462701c75e,1,True
nazario5_000431_50e4c6dbb9fb,ed3dfc1a54f9f551d697e5dcc44e51f25fc4c36913c59263352ce0544b3156e3,fcc6fd0d3caefc8a152265563779ff2ce7e04dddcd3d5bacca3c514810fb59b6,dup_fcc6fd0d3caefc8a,1,True
nazario5_000432_73357f026b24,ef97d9b87af21ec821923c4ab58320ddb9f6316fcc274327f0f609239859b798,ca9e24f9b8a6bf332b9e3241a70076878bfede442c6599ba7bb415d99691244a,dup_ca9e24f9b8a6bf33,1,True
nazario5_000433_5723e8458b19,ad91d11254f81611e85606d981c85771ec4f9e2c9524c6a62d04985febbac87c,dad852bace36b5209d1a5f163adc5ba4da2b67eaef91afd74f7919b76c27abed,dup_dad852bace36b520,1,True
nazario5_000434_5b5be68ddc06,72554ef5b594ac84cf13c59aa09cd8395379dae5d9563fe13869c19f791dc0ac,0399a57ab8f60efe018a93b6c5fc2cf3d2233f12d8a510b30d384a1a93ef5fb8,dup_0399a57ab8f60efe,1,True
nazario5_000435_dc8bc1bce9ae,952ad81b7b475cbfe7b1943beaed3361ebab88df4194d92e638db921ae9a900a,cf16fc577e1728e3922ca9fb54a7b9c2026815cc3b6d3131e73bba7ffe864a33,dup_cf16fc577e1728e3,1,True
nazario5_000436_10903b65ae22,dddb4939142f90be6ce8387be396694b67f9863d9ce4bf1fcf346fb2a84f8437,e87d80fe9cd5c8b91929cd48ca0779af097abde3f22aa65140ea1db5052e5f0b,dup_e87d80fe9cd5c8b9,1,True
nazario5_000437_173d543a574d,a6cc004a259dc6e2328753136f0411f407f4487fa55d56c7ab3f2ce8417c129c,9a99642f94cd927ba2699ef720a9170e36ad98d407360f2720b32aa76d6f0046,dup_9a99642f94cd927b,1,True
nazario5_000438_a54fe009362b,52732266ce102a59ff18e76d1bf3fb8746732d4e6d0f163c1352e364cb5bbf6e,65fbc05e2ae218b0ce6259cd7cd66b48d6f07288b1c135fe694d32c43bf1157f,dup_65fbc05e2ae218b0,1,True
nazario5_000439_a6d68ce23819,02d4f957565bcad8aaf4f51a36373dad0092f1d66c2234cb7a8b2ebb6700682c,857664790bdf4c46df4775169821f3aa6f0f7f7b5912fff58ccbe62363685d9e,dup_857664790bdf4c46,1,True
nazario5_000440_eca879581747,b4d8822e3fdc3cd099f9e1c92ba16348c88918bf355f92bbf32ea4678512598a,f85ee542d2a1a05d842c36e6d5931d14b452edcee8a5fdafbaac4cd75c926bfe,dup_f85ee542d2a1a05d,1,True
nazario5_000441_72c60f9f2d4d,5a76e7b2cd9b93bdf8894985c6b9a38a5ea0d87be6334122ea574739c8a990f4,4c23557f0b828c64a8862cac30c65449d568ad79ab1a40712a283d50e81194e4,dup_4c23557f0b828c64,1,True
nazario5_000442_42971dc17c41,6245d1c583ce77cad0a950c59cea09876778d6a8ea5cb22c5a00a88d300d8f95,ebd13d462c9ab314c955ca586ebdba460b2a612bc7de4f8970cb31f17f212a8e,dup_ebd13d462c9ab314,1,True
nazario5_000443_2ab57a7ec60e,d7df8b69b2723f7ec59e72cd4837a559d807298e95bf0bb53555f0b7d81955fd,b8aaf05a3f881ff514ebfe0c4d70fc15ff036960920f24aa429857a8ed1e51ea,dup_b8aaf05a3f881ff5,1,True
nazario5_000444_ee4995d44fd5,b29d76c45275d55555d8c6bd6f7e87279a55464881ff0bce0a26edb835d871f5,458dab5607ac413f2d2bdde585915a05366b6cc1d53a911adfdcc9c708049540,dup_458dab5607ac413f,1,True
nazario5_000445_dbf08cf315e6,b97d2fb273336892dd4db48bd6fbf4ac8093d60ca6632f57658ca2c28d5fb655,6e056233b3d91a0fc8f3013250c9d2487fa987d52fc1433aa395ce86cada003e,dup_6e056233b3d91a0f,1,True
nazario5_000446_060f5fc1da73,219c92ce7b61fc55360a0b6f1cf1bfd056bea3a6294268e229c760b55e2dcc11,d3e61e10cd7aa874dac54029dc7d366010df68d6f61278f013e9d9759df29851,dup_d3e61e10cd7aa874,1,True
nazario5_000447_71f5248b41d8,b2419e70101e6c6a7b3dbb55995a2792e8702337ff4752bda933a48fedb98d8c,02caf58bd5abbdf672efe396a3d8c80c8690ef97953dff455322fa7f35e3764b,dup_02caf58bd5abbdf6,1,True
nazario5_000448_f2e3e4fd40f0,3dbaecda493f6d912d5c126243fa0c5fdc9e80978bdb627dfa5b5f0e2e208bcf,e811eb9ec37d0dad87882d26931eac83d6af75b27f87328acc901f515a387bfe,dup_e811eb9ec37d0dad,1,True
nazario5_000449_617996d8c1c1,57fbc54d8e5cccc1a719aa72b04ef5d45390dd62f033a67cba5ab7b85304aede,0d4205153cd652c6935f3817db20f393e2aa4d1a42ebc7c4693d3b065d297ff2,dup_0d4205153cd652c6,1,True
nazario5_000450_60956b7f4fc2,0ecf66ca4134de79e12223e3c7b8b296e9b7a295996116d87bc2ed0a963973de,3a91a1d33bbde512ca8e88e2d97ee238438994c75a2097f5812540b8296288c0,dup_3a91a1d33bbde512,1,True
nazario5_000451_3470d2792ea7,a7123b2caf602742979c2ef5e43c0892e338f96922fd35a6e4722881134e3669,dff45254b948e0f8cd248393bd0c4b90f97c543896904c98d1f06e8283056851,dup_dff45254b948e0f8,1,True
nazario5_000452_644630e395a2,9187a4576dcf6996954def0b802e54bb069fb796d8ac858433a65d41782db127,8b7163aa06dc71f487181ca7b05c9f725ba7bfa8b7d6bcbc828d57acee93ee7d,dup_8b7163aa06dc71f4,1,True
nazario5_000453_8cd850cfc091,89268b170fb0cf2dabb26d973383f4302b82988498b7444a41f320aa6b9faa64,00d420e019b719dc58bd2edadd71c64e4a691727c2d5c9a4714565727eac24c8,dup_00d420e019b719dc,1,True
nazario5_000454_a7384a5de760,0c9c62879bc640e9591995e7e2be13042b1c4d2bf337d2f48970fd054a5d30f9,f2400e637055bd613e87f12f1694222752cba819815e4b74ae25a0b430d5a1bc,dup_f2400e637055bd61,1,True
nazario5_000455_df2b818c625d,26753da2ba2792570288053b15786c602633ee362a57b7698b3f1815bd9e7a14,aebf162fcefc5544731a1f8834b4e7bc7a40ae99d639da17cbff6f345280c0c0,dup_aebf162fcefc5544,1,True
nazario5_000456_532638fc23a5,4a93d92b7ee0fe8a1c0658be2a1f5ad3913914f1b931b24f6368258982f33e17,a7ee6040339171238e65461b959e4085b7918d570f2d0cf5ca50ed5bf5572b61,dup_a7ee604033917123,1,True
nazario5_000457_7c5e5731ac9b,6885d14463276124a8233ce5956e539930b755aa760dffe348dcb34c9d95e493,6d2435b77e4dd826a7fc8203daccd1510c47391bb6ec04055ea38168bd87b1b4,dup_6d2435b77e4dd826,1,True
nazario5_000458_8b4a23af31fe,782f88f689f7cc291ee42ff857a4b0dc8f43eae843231306c7107c40d24af71d,fab0b6104751d43d761dedff5b34918367de211fde49ec18dff1386020d9c811,dup_fab0b6104751d43d,1,True
nazario5_000459_51db330e74c0,da1182099c4f531b2560892a3f954e8720adfa054d237cbb7b460c48f663d2a9,2b9f6dabc8a165dda5e2b21e1611580aec3774630436ea39d1fb00e83134c384,dup_2b9f6dabc8a165dd,1,True
nazario5_000460_cde10152bbd7,a9becf6d7942196558f367dbff1486412a120d92f47b322e77ba59425dd4a9b8,b93eb692aaffe20eaa378eb98f4edac6da1e413e0e4bda7ed3d25f10a636279c,dup_b93eb692aaffe20e,1,True
nazario5_000461_69b0009fc3c1,5e85547d0096b8c4052081e59f80d49f0cd3170c39c321613d90b9c47b5ee47a,0306a09db696dc936223ae3a9eb0466a615415adf07f3a6faab7f6cd24ca03e0,dup_0306a09db696dc93,1,True
nazario5_000462_1c720d3ffe5e,7c130154138e34cdcb5b7ed56caf7d8691eac78b3f099e4df34ce00b44a07cdc,c71f35ce01736b2ba6aba938ba5021ef8d034e01318d2b5579e8cf1bfc785d66,dup_c71f35ce01736b2b,1,True
nazario5_000463_37737362bfd0,39195e1af1e0975769717ac1a401d1da750a79e8a87c389ea9dca76a17914b48,aab57858fa7acc5779ec41a55fe8e15c3634c60715b4a97872b39e0a98cd55f2,dup_aab57858fa7acc57,1,True
nazario5_000464_f9bf8b5aa388,ec2e128225782506de5ceadcc4ec757dc6a6d7c4f2d0512d1a4048c6632860ea,98da460233494be5dda290cc5c1f51fabb55ae6502aab6b1d42a05f9bae74d24,dup_98da460233494be5,1,True
nazario5_000465_b4b8c5fb3e71,09332a2a09e7fb8fb0965c569881b31bd7ded47a8d752205a1a7c1d8459b4c88,52678424c0a6f8e1f7ac90b263f245a574f7f15d581327313c1dfaa688cd67e2,dup_52678424c0a6f8e1,1,True
nazario5_000466_b2110d5f6022,08546b21df14474a5e6519caba127ea1c5ba81a2d6fc8234db46b75f9d5467cb,62cc4cfcb77d9e9eb1adf9511dfb0f8eb4a6fd836581f18e5ca84b2a4851393d,dup_62cc4cfcb77d9e9e,1,True
nazario5_000467_bfb9eca97561,a93a272692554f9b6886e6ed08b40b60bed7234b534beef27141541d61dcaf88,c40e93bd2277a4ae850d4c78b01f0950fc599da9c1a4b8ef280e8d59297d008d,dup_c40e93bd2277a4ae,1,True
nazario5_000468_4762a0a46d2c,cb0e599572f4bfefff99327459149896ae682aad22b13ff5036e4109bd656b7a,7e6a8ac491ffb681c6cc9273de73b9347b56fed3ea7be632882492276c67b1a6,dup_7e6a8ac491ffb681,1,True
nazario5_000469_282da2fe1dfe,060f95eb5bccedd0c9cefdd19d9d900f7d152cfaa6daff5cf0eec122fbad9554,4ad7a6bc672eb1a78c14757f7e91ee691073f44a4041881c980d65eb364041ed,dup_4ad7a6bc672eb1a7,1,True
nazario5_000470_150445956ec9,868ed1b484f905a3692f91cba320363f6748061a4e87ad6b29ebe8205de8ed87,81da7efab8b6baa72700e6a52ee854b00bb2c0c1ff32cc1474f15108ed55353e,dup_81da7efab8b6baa7,1,True
nazario5_000471_b2d5bfde3e17,76dbff3b6c38cf51c2ccccaaa0779e90e851befb2c111ce3a6acbda3c58ef78e,c8e1b82b23915f09b0acd991ed9d08c11602a8f2d40bef789d6bdd3c9464f9be,dup_c8e1b82b23915f09,1,True
nazario5_000472_9ee6c6cdf63a,fc40b62138fde7bb2eb072475671346a3c311cd7c938cf4b4ca4b443868c2485,ad43d92f9e4ca210d922d7fca2a1f1af917f389f938b23d6f093a2c57bc5e677,dup_ad43d92f9e4ca210,1,True
nazario5_000473_65e2570f2f17,9c0a2d77a501c26e598cdc2f63161c8be6b8524b8bf607dd648469dee49db7dc,c2d9d46e831e020f4a3061ec8f791861944d7045fbe66dca26fdb3b1bad5e511,dup_c2d9d46e831e020f,1,True
nazario5_000474_7a6500113e44,91c2956936d5cb21275b7e95b52ab1d4faa738e7f6c521c478c745407048822d,c37a387294e32224226ae24f6ecc0bc0992f6fe194a7142f7cbf5a3a0fad4129,dup_c37a387294e32224,1,True
nazario5_000475_5b5819bf8b6e,65069a3bd7badb7f652b614860b377d8d1d57ad47e46b908f8aacb1001a28be0,58f3cd3aad576555da762a28340e8c0173f7cd91396579aaa75094d84914e348,dup_58f3cd3aad576555,1,True
nazario5_000476_d3093a76755d,af212813e37a633f9133f9d76dfa49bb7a3acb7e8d7069fc8aa6cb9d0a00d74c,970262af14f04b24a71f87c816f20900856e6aaeb61eb782560ab3f2505793c0,dup_970262af14f04b24,1,True
nazario5_000477_8af01f3e2c46,95027f13b0778e76fda82ca452ed509213eff60071d78a49436a593a17dc4862,f60856510d70733f8a09af9454c925bf47c094036bea3f28da33419c8522f70d,dup_f60856510d70733f,1,True
nazario5_000478_98d6ac3d127e,e88898495591c351269feb21cd98fef678eaa421184cedfce40bf36cb849158f,a0cc1032cb001aa2dd4caf88cec0500062078fbf00ef60fc8eb880c49d325f40,dup_a0cc1032cb001aa2,1,True
nazario5_000479_3afab9b3ef90,e3dda39160356699ec034b95c9d6cb1c61ad91fd698d6d50d28a3e6bd4604d49,7b73ba3b92fdb96ffdb956150ba9af3b111f943f13e41a112437f6356223cdf2,dup_7b73ba3b92fdb96f,1,True
nazario5_000480_5a01a954ef26,515efd4cc4368432112e0e7975bef816f8c9c7efc0b684af3549bf5f560562fa,9c0c51e8ae8bd9487926675ccb26dda825ea534f0e00637529d31802b5b69364,dup_9c0c51e8ae8bd948,1,True
nazario5_000481_832842a84b65,b9d03e75d00909f68d7ed9f4e1df86318ad72104246f04b32785e3b1204cbb38,be8a7aa9943f86586e2a4708f7dfbd175a4d13d2649839f0981e4059d604a7e5,dup_be8a7aa9943f8658,1,True
nazario5_000482_28809fc5beeb,55d6ae5ec7f8ccc8932be54f3ab6fc6456a10972cd62463644ead639e785715a,ac2496dc93d3cc0d3f75a1ee3d7497bca6082d112755595115d6851b7dc143ab,dup_ac2496dc93d3cc0d,1,True
nazario5_000483_aa4222e8bcb2,d80433683d1ff2478194ad3093299ec6ceb795428f8dc152878ba15255910377,aded7f8fabd71b1b9d4b9b7860d3b83966cfce1f4bb6275a7a4dd46653ab752d,dup_aded7f8fabd71b1b,1,True
nazario5_000484_52ecacb60b12,ff4d66be43eac236c6d521411cf83df02b22009d8c36b17216772166939c3293,7e0ad13ce1edab0b41100ad9e4e2ce383ce0c68a4ef9fa41438aebc734dae18a,dup_7e0ad13ce1edab0b,1,True
nazario5_000485_d4d058d03a03,da1a9e9d21a7956d36c2372129486bbe398b744f029284e20ae646963774286f,30dcb62864b6b3914705df2bfae4d2587df965d8d1b43dd2693e5a8e4363b42f,dup_30dcb62864b6b391,1,True
nazario5_000486_04c91d2cc7ce,dca41e15ba17cfd80cb1b6c2536f23c47677b5ed14bdb29097940031dae70fcc,ec8bf6621371c29f4b92439fb458abff0010c1cc46d54c4d08a432a64a728933,dup_ec8bf6621371c29f,1,True
nazario5_000487_91e26941fd7b,2c911994db861142cd0291594d8c0a29347883b0e889af7a9cfb900dd26fd72a,225207efba6928b3010fb51b702e4806874c5ad1042ab96e7fbdeabeab16def4,dup_225207efba6928b3,1,True
nazario5_000488_99d8d14bf46e,f6953843a110e00f0c24533b16bc92a7d247d8c4029a36da06df6ccd247e4adc,2e03a12073f0e7bace91092bc1520989dae9f8e2b435459904961815fc14417a,dup_2e03a12073f0e7ba,1,True
nazario5_000489_59e9ef9cb3a7,f472e2a9e3d482a394ea22289f19470e26f01aa652a82623aa8a7052d7eebf88,a3082bf4c7fe5b5a148e3417adc71a91c0ce8c518c35f99a39e6bff2580ea149,dup_a3082bf4c7fe5b5a,1,True
nazario5_000490_4d986ff49b0d,28eefff266af284414102ef3471ce262b672a605243fe23488e0e8380c0dc047,8a0f9b4320838fbf5ebd8fa47a80f05480dcfb9a2f0077ad7383fcd3a926b806,dup_8a0f9b4320838fbf,1,True
nazario5_000491_e9fb961e6045,2e935e7f7eda316dc03da6040d2820391b918ada7725af58bbfb961f25e0e15f,a20d21d6be2be74f960b4fd47f8c1c03e2136c29cd1d3f71b31102d5be09a629,dup_a20d21d6be2be74f,1,True
nazario5_000492_b2a3a567b473,2c742898eddd19909e4123e83eb5b4ce71d2d8635cb1a8fcdc93f99b550d239c,1c83d65563bea18c1678f77b993c806fa0315f06eb5bdb53a49009bbb0d1559d,dup_1c83d65563bea18c,1,True
nazario5_000493_8246be7c6744,5cca64ba2d6eb6355d0577106a6710b65bfb50876e9b23beedc632ae3db25f58,f9e933691e8a3a0360a3f5cf4b489192e8c40a71486d45a3c7f74b856c8ba542,dup_f9e933691e8a3a03,1,True
nazario5_000494_3c416fd4a8bf,d9cba1b27225892bb3014be28c7d0affe884b31395a81d20ef305031f1b64073,09642705f8c57e1ac772b78611051288a88e5075f4e193a17ec5cab25a5b8ff9,dup_09642705f8c57e1a,1,True
nazario5_000495_96b085b6beff,aba3a16156e4798b805b773837c9b35da2049c3489ef8d0001a5cf9d81ebc60e,66bd8510606a0035cf319ebbe49490ce211b5d1863b318c855c1f348e5bc6f40,dup_66bd8510606a0035,1,True
nazario5_000496_b2a8ca4f7de1,110a1f9886508b67cb00f1c43709a8bed5818e54409be705fededb17552a6ad0,9f52400e3251c5acd9b26df895521e8fe97a605dc7b97e8fe034945e490ef83f,dup_9f52400e3251c5ac,1,True
nazario5_000497_7754379a168d,8f548412864e1fc250f63667c3c47c1373e3d809da6655206e0e785a811bf1f4,473ffc4412d44595505107a767659c988afc34b998f431dc2e28b99b4141590c,dup_473ffc4412d44595,1,True
nazario5_000498_64de96f2355c,1658c3657c90374072cc5914439627b36a0c4913141a90a0aee2fabe4f10887c,f638841d54f23f3a74dc1434aabf14bd5dc46c868e95bd252bf870dc5ef6ec03,dup_f638841d54f23f3a,1,True
nazario5_000499_45d2750154ea,db1ac00e38b920bee4bdd4f0179e487d2e89b4ca91b43c2aa2f13550a9b4909c,eac1d5474eec678543b110c63d2c7faffe8926fa264713c12d97537c10f7866f,dup_eac1d5474eec6785,1,True
nazario5_000500_31fef46f776e,9cca57bba322764efafb281d0fe4f5511ce77aabb672acda2bb6eaefb288c2b6,025fa14dad551a9855c28eff12e43d382c6d0d7dd57870d8dadbc5b6e768c0c4,dup_025fa14dad551a98,1,True
nazario5_000501_0f4028627986,39de2274556982ae387dfd89ec44a8c4b78d68486364b052120be8940634d2d6,e4ee92018baeec0df33a04bd5e13693256c4eed85013ad4f1b56a6c4d5664c98,dup_e4ee92018baeec0d,1,True
nazario5_000502_491568216d95,f3bacab42935d5ef85fab35267ca437bfd5e33151f37f4fc563a1407f46b4859,58b2baf6621b0bccb1eb4622b217ceb41ef48b877616344ec92143fdc1b274c6,dup_58b2baf6621b0bcc,1,True
nazario5_000503_549bdedabbb9,d0f3ace332fb4b914d8eb8441eb08886f8789888bbd778051dd388a53f10dfd7,a34594a16061bd0bf8c963410d885a36281ac5964e0a7d41abdc17de9738d283,dup_a34594a16061bd0b,1,True
nazario5_000504_868a7a8eae80,856a8c91e3bd8c44b632f21c29827352e49a1c9ffa033863798816145c5f04a4,7a819d2a61e188e432610437309ffb1295a9b365415933262f9a467485fcc3dd,dup_7a819d2a61e188e4,1,True
nazario5_000505_b08bb71088cd,aac2163f9bddb737f9ad1a30b4f5b08940d2e722e0509363d9787f3862ce6d6c,c104cbfbf7e94354fc4be16033abe52089874a20d9d60106187b718b192c38df,dup_c104cbfbf7e94354,1,True
nazario5_000506_3c3c7bae4190,39a27c79fa2f2cb33e436169a5c67dcbe8d78846465577e36bbeb116b7a28545,d8b5a7f75477bb2eb3c5f32876113b1fbd5f0e8066f4c8f51a2b2aa2f627ea6a,dup_d8b5a7f75477bb2e,1,True
nazario5_000507_213b8b384581,449bc9678f29e19ea5974aef7eb0d28189fa49a2594f0f7115f2975034dd435c,5e1efc850c3cdcd2a3a3e3b8e7bab5351d74e361e8c0b26102f0837ac10b44dc,dup_5e1efc850c3cdcd2,1,True
nazario5_000508_425a40e784aa,43de4912b08af8d837f440bf15e33bae9ce6f625f14071939f90904b24cbf480,812490e0012d4b2a259dc6ac882c2cbc4156c7469c72864e2ff6c52b25c3771a,dup_812490e0012d4b2a,1,True
nazario5_000509_81cca027f78d,0c8fb9481686eae7846fe534d2e0e80ca51e18ad16aa3425bf9ccb0822d67a12,96580981b14299ddafcbbe41989eeb4abc04409b4295eb81681423931861b935,dup_96580981b14299dd,1,True
nazario5_000510_3378e5cf725b,dfd9739997ab3a891f7295e3bf532f892b35ac5e8a67cded0f9318beae9b1e9d,23103d1752fb0e9661fcd462c58c6a340ae4ce804e7225f79124e6d6cf281b75,dup_23103d1752fb0e96,1,True
nazario5_000511_f5a25494b5e8,1076ef51e5b53d330efcd7ad3bdacd5c6bf58d284423b2f577566a7bd245e7fa,c1c5c550f415f62e632850074888c068e69587528043bcd224ac817bd67f77db,dup_c1c5c550f415f62e,1,True
nazario5_000512_c07de2f29da2,b940663f7079eea79f479eb7656940909cf966a38891005501b7e3de7b187307,5e389a57ca4bd30cc1dafde3f589375ccd009ac727a5059d37487d04167788ae,dup_5e389a57ca4bd30c,1,True
nazario5_000513_c010e904cf1c,c7910bcd13e87ae12f57c1bfbbec3c2f71e6eb854fed0c405574b3459186b0e6,dbfca8e69c67fd2c624dc75f99593229b00a3644b07d1fa824e348dc60e7b4d7,dup_dbfca8e69c67fd2c,1,True
nazario5_000514_9695cad537be,3a3572566a8a03a67e14b611e6ee2e55e9440822f4dc80af323cb33958fe91a4,3594eab59eb6aa9fa1e4bd27f7f9bd54cdf687ff8097ceca1daa348c1a01c21e,dup_3594eab59eb6aa9f,1,True
nazario5_000515_cf196ab1d650,923ee0a7cf4e06fa4bb97a97aa54e02d58681c46fbb64cab6e33da3ab6aa03eb,d7bc489bbcb3097b037a5f729bc9ca2ebbf1c02608ff71e3bec7039c647faeab,dup_d7bc489bbcb3097b,1,True
nazario5_000516_5f8683487e2f,d5c5c10cd3013a9c723e5b99375362dff8fc892a51bfae4c596f9117e6c770d8,e277eed4ba4a27225bdf6e93c0eb0d043c89142206b09a7fef1724e22204a8ba,dup_e277eed4ba4a2722,1,True
nazario5_000517_7fcdef2d1f24,7acc2b282207b605cf330c7d057e72bfab1e01024ec56d9e4b2e1725ee5e7a40,8be927571640c4e932d8b13fdf0127884b1ee2e22592c3511247c8b0ad09613b,dup_8be927571640c4e9,1,True
nazario5_000518_9d10979a7dd4,2273051165db2e96c030d41c89467a5e11a241a00d94354bbf9d8098b368b090,7c5200617cd68bf5e476de068d061867f5124e36fbc05fa27d18483c0824fde2,dup_7c5200617cd68bf5,1,True
nazario5_000519_fdf4236c1dac,c4b57494633babea909d6abfb95329adaf25a5a99114e945d3b80d57842f73e1,434f5404d9a4ef470981d89837e141ff67b2b4a87a2022ef5d0318cae60084ab,dup_434f5404d9a4ef47,1,True
nazario5_000520_ed7f5ac8cb40,9082a12796a2393c3ea8961c40668422c85a8b47ad3df3b58e73168be217d3a0,a21d09a6975fb67035bfe366ca3d79ba09ecac992ecc864421b339280ed0a30a,dup_a21d09a6975fb670,1,True
nazario5_000521_824bcb417372,4d1f868b7e98d36534f39a343c1e77079778a0b655b578c147462819268cf240,2dab12241e15e26b3d27cefabd93acd861beedc1ec9db6f7582356545d229da8,dup_2dab12241e15e26b,1,True
nazario5_000522_df81ab2e823e,c6ce498c769391d820f10c00ee96cf02ab369b7934eb70be9c4ae0569dba836d,eee512ce6225b6f830711607316724b3ff09ec3cc4867ec5936787ddc8441293,dup_eee512ce6225b6f8,1,True
nazario5_000523_04361a35b6c7,37b3129407e63c35d1a25501aef335e71133d5198af573000c9fc3594b21ffe1,28616c55fb8255419ddcf97c14dc553c53663a7b65c6912ae9ca69e5fb63db27,dup_28616c55fb825541,1,True
nazario5_000524_a7293e5b6f6c,41be9e4d06d71fd9b40f93c86fad3e2f05098e10808c760fe05b56ff2e07ad4d,bd05b48aa550471b09ad876eedcf2e2d5cdc4f31a2d31f2ef1167cd30ae1b12e,dup_bd05b48aa550471b,1,True
nazario5_000525_79ca383fd050,d22aba46f74c21698a9c374afa4de23c357b8e2440c19c6fad9b81ce46b88fe9,67a0bf215776d58ac8ba5d4d9bc5264a30decdc68ca3dbfe5dde727aaca9489d,dup_67a0bf215776d58a,1,True
nazario5_000526_052791a7d71a,825836c6470f6b06e06b6ce9b913165396efb72ec02aa3a83f9052152ea17a08,d0918a744717876a4659fafaa4cfc498a657c0e0c039bdc14b38a5bb66a99d03,dup_d0918a744717876a,1,True
nazario5_000527_e191861bfab1,8790d00c2cd2e5a0a760324075e2e2b0e95491015e87cda233f07e26617cd6ba,a30d7ec78f9828ba22795c96c594113bce9d4f3ed2f2c4a64a916679edf5ae83,dup_a30d7ec78f9828ba,1,True
nazario5_000528_8c633f1af536,b461539cdd61b14d6ff93a164d14afd778d795754a73c404cac2f7209fe4c0e0,a78fac75990a8f24fd99b7fa665a1d0c3e8123d5dd554f3a409071367e52edf9,dup_a78fac75990a8f24,1,True
nazario5_000529_8bf3d3b5af6b,81044cb5d4290d3dad9073d7895611e0a0a061d8b1fd045a66a3114ef5fb7897,245da4de4f44fd5a69ac4264b574d88ee4fe898d8f8755bd537ca930d4f2a523,dup_245da4de4f44fd5a,1,True
nazario5_000530_50c857933c92,1b88ce3588a9ee550899877f150c7985216106eca32eb28808908ae9502e3a7e,340c8604928ed634a94b7192fffffb094d2233d1878dbfa3b4ed8317c9e1b77c,dup_340c8604928ed634,1,True
nazario5_000531_cead1422ac5f,27551d38f9fd6b462792fa91c70444277ed440ebfbf700b9e4a0306f9e0e3f94,6133477d4273c00217621f8ef9f3a9d958135958675b00e8d5c82251dff08600,dup_6133477d4273c002,1,True
nazario5_000532_fb16a1c99df1,ecb2a4f27c83860491b405fc8be40569d102ad230a58d37378952e62e26e4202,bec1b0a15416d6d8880e74c963eec5c831e7e8fd5bdafb95edfce65bc5908de4,dup_bec1b0a15416d6d8,1,True
nazario5_000533_7c1c711e49ec,e2c2ec2c3392e4bb12584e0a7124406ef4d719944e4db133da68f01e265b9112,cc4e5f6567e8b0481ce9e0d735e8ebe4d92f139447c4ab4d8d243193760f0ed1,dup_cc4e5f6567e8b048,1,True
nazario5_000534_408556e3df9e,aa532636670d53211105f38b991da81e56d76e662ea77e9dc647666484d7806b,ea1531e6ad228ac847c9f582c22f06de44fe23fa1c0a426cee010b60ed950f09,dup_ea1531e6ad228ac8,1,True
nazario5_000535_2f54a0f76042,1fed2d4df16304d4fb1fa1c332c037ab0ce4d81d433c5928d28af9ab058e7a84,5547921b70cf811c86a8f06f2d0e0bc2df99f65a9fc87645f646468e7f4605b9,dup_5547921b70cf811c,1,True
nazario5_000536_cfa588d00e20,e4b2bc66bb971171086a2f7359938847067efb70647227972dad92fcb1e87d0c,5c4b298ca0725e0016065caa34915005c9b2c2f058440882ae3c8705ad8c6f69,dup_5c4b298ca0725e00,1,True
nazario5_000537_ea717f397045,f85f89bc2aa992bbb5525868c639630cfef3b4c09277b1f0243640bea65250f2,9ea4da66f957257a9f7968160c6e04b1f2f0bafef8dfce6f9e7c387feaa0b58f,dup_9ea4da66f957257a,1,True
nazario5_000538_b83799c1c6c8,cbad71f5d9f45d21e2d5519f15237efafb6de8272b20f155f6188a8b521d3fdb,db90fbb07a4f3c598bfae39d47fbb55b5f0f405c9e1de2a970ee403f1f65b72b,dup_db90fbb07a4f3c59,1,True
nazario5_000539_b544e84530cc,2ca2fb7ca288a0416f864482fbfa6ba7ef56b0973703be0df2f60b53bb9a5b09,fac5aaa9ded56541c59a82cdcfe2ab42d5dab42dd523a501fbd5bb0d88deea13,dup_fac5aaa9ded56541,1,True
nazario5_000540_e5d53e503b88,5ae784f98515fb3c06aed528b07f0d4c33f780d56cc90d5ef726a07c8dac6eca,82e7b71d8cc8a841178de2749b9e1594134812a413ce45ec97acfeb5d2cd2b1f,dup_82e7b71d8cc8a841,1,True
nazario5_000541_f4c36ef456af,2baa5367f32ae034587f1d4ca61d25af7571ec961b72f4b29c115178a7e99cf2,d91edfa5c5713459de82d55a1c84a7f9042697c84b9ea93ed6fe110cb66c6531,dup_d91edfa5c5713459,1,True
nazario5_000542_10364db0535d,ec40c960db8457d4141d8fb176126620ef43012f5d23344d20e5eb92fe991294,a08eadaa8f723cc1778057cb94d576368c5f40ebc555aff57ec0c7458568b0c4,dup_a08eadaa8f723cc1,1,True
nazario5_000543_d8a4fdf701d9,1d8476450b0afa9dc9651e326306c214f356c2f553018f68d1029d809388e8d2,c1e3ea746a6e8b62610f85ee21cb9f9816d5957332aa35b5bfa3dfcf966f2aeb,dup_c1e3ea746a6e8b62,1,True
nazario5_000544_f8de63d4a529,93fdcb3a0ad1992625c065c8a7e007b2756d0c6ea6a09245211784242dc785d6,e77cf82d209dfdfbe08cc237cae3635f08c0acc92c18d3f846e6101314a11f2a,dup_e77cf82d209dfdfb,1,True
nazario5_000545_c554ff85dd35,7fa6482a1776e862654552fb025d5d3463b455cf8eac1ac576da6cc01be4959c,a2860937016f25919440487ad9d1db10553a7a980e14ccda0f0a3e7bcfb25fb2,dup_a2860937016f2591,1,True
nazario5_000546_8a7c8a3e2bc6,baa4c24ef6d926302a9e369791b340076000dda90bea407526d882ab2184096e,87e7dcc674931c795e00c90f9e703f79aa55d1576582f90becde01fc81ccff7e,dup_87e7dcc674931c79,1,True
nazario5_000547_3f18e45c9342,462f9bbed98672a0ba7dfc2e5f33e936cddb4dcfd2e910c64d6e81b59cc1465a,00f33312e935910960776213e187aef85f083d45f4a9c40ee28e202ba775b06b,dup_00f33312e9359109,1,True
nazario5_000548_0992219b4cd6,4a7456424aa61695a5b423c158691e023b701dd20b984b9f12294729c8f2e59a,192f6888b45b6cd51509008db7409088f783063be6038b096d4367fcd736a5e1,dup_192f6888b45b6cd5,1,True
nazario5_000549_f4ed2b1dab20,270e162e3fa36fb6e493e09fed738ac26543b62d00cc6967a82df4567fdd5666,af43d1b6b94fa61c1d842e0b75c8d9bb423a3e6050094ae5293a4d0058b921af,dup_af43d1b6b94fa61c,1,True
nazario5_000550_ed452d9e09d9,e05c365dca7ce7ca99392ec733158d14c37b8560af8804bf7c83700d73610e64,b6a9d442d074037bbac2caf40bce601306ce5d9a6cc2c66949b532bad1c801f8,dup_b6a9d442d074037b,1,True
nazario5_000551_c04506ed4fba,e0af11214891e0c3d154951f415aae17c4b0ee9b9e04ae8f6ec9e40fa29f5f26,9885c4831ea1263b01df2d98f43353c69e90c2cdb5de01cb5cdcbee1018d86f1,dup_9885c4831ea1263b,1,True
nazario5_000552_a1404eef4559,51bc9d96e96fb89cbf2c90614f868d166d919709c0f718e07cbf39b2b439ca2f,f7fce1597e1ac8387de3f490cd6931bb43143e0b8906ae8727f68f63b3e3a90e,dup_f7fce1597e1ac838,1,True
nazario5_000553_a78965134f21,c1282c07d2778ee1ed6a0212cf31a40fcc7aec751e98bc33027de8f50e314d5e,3bead32db8c0795ff6db553f572d288b83091b7da02a4f5fb30c364b1cd26545,dup_3bead32db8c0795f,1,True
nazario5_000554_2912f0b9519f,8a594b31a2f7dd35235ca16ebfedc557ff4ce9e132e9cab1d5d40feb62526ca5,cbcb9bec9ce9055ba9dede8389ecb77d2ada55a770db6952a61d355a710b461f,dup_cbcb9bec9ce9055b,1,True
nazario5_000555_46c55479b00b,a23d6e34e77a24ceb626a00492257f3a953005e9c063e82828d3cecd18c3ff5d,8228d9744f8f7ad8930522fca088336172ca8a6af47982fb8eb813904dfdd925,dup_8228d9744f8f7ad8,1,True
nazario5_000556_d67b6b466300,1cd10ce928facd7a5e6362912365531dac183eb3d3df079d8c3c6cf5ec1a2a67,74d7a58eac6f42f63e950fdadee958c6baa018f8f9a1fd693fb6dd55202014db,dup_74d7a58eac6f42f6,1,True
nazario5_000557_2c257c682b3e,eaae100b05fdb7ca2ca4f5cae899f0079ad6ba86d0ba9a57532eca84b45c13c4,bb19f10a9cf9a277fea0ca6a8e08fff85abbe117ae2855168baf8b2d362848b9,dup_bb19f10a9cf9a277,1,True
nazario5_000558_af7453fe5871,4c94b82fd05971f8ea8c848887517372b35f4ce34630e0960c2dc23087180599,a03acb1a4db3ca3eb5b0cc5ccd42bcc4f7a96d648dd706c774f0d7df21260056,dup_a03acb1a4db3ca3e,1,True
nazario5_000559_edabe7106530,5ae47abd96a8b3e45fe83eff08802cb6f993b2f41b5ba7a01e3675eee57e02d8,5f1ce1c4896b9c92537e9ffa182afc883643f50065519dc0c91169eed15fa58a,dup_5f1ce1c4896b9c92,1,True
nazario5_000560_1efe3cfa81ba,e455178991bad1ca577eb30f241c1654e52d3d38bd8b2c89e895fe25bd4ad877,403b19dbd11af8db723383ca9c228e90c9830e31ea7f5975a09f83ee30b3dcd9,dup_403b19dbd11af8db,1,True
nazario5_000561_9e7321151517,c605e2d99a729e6f474c86e9e1c448b7476033b19b7bc8249ed461fc4f472e74,eebc338072b1b2fff552d055ff5a1681db969019f87b9ff99f4b65690b859ef4,dup_eebc338072b1b2ff,1,True
nazario5_000562_c46f0d4cbe5a,03b83c59349358e823f00c72781344d575c310a715418455102549eb216e139d,c3df316bf10dfd04995a6dfb3f01cfc35fa6e1a3c629f9ec08632cd557ae14bd,dup_c3df316bf10dfd04,1,True
nazario5_000563_bb7851dacbef,fd5ed48b6bb3cc0bfb27d432c1be9154574a02ac7102b3d30e23b89e2773d3e8,dc2419ab199136fcd821dd8d5058b3323cf0d503d83cc33f6b8570883763530b,dup_dc2419ab199136fc,1,True
nazario5_000564_2f5d8f0a8024,1d1490c6a73bf1dfaf4fd0d150647fac612b6df92e03fe9c758f89fee14cc330,4b076f840022d34e124e0e87e79eab07adcaf15ed7366bbb5ae0afa83e92d34b,dup_4b076f840022d34e,1,True
nazario5_000565_3fa48c7f696e,d384952981642920afa168005d4bee2c12699c282dba6079667db13afc69df1e,3d201ecd4e350c45fd732b665a49988bea6be77cf53c59c6f6635ec3cb0697e9,dup_3d201ecd4e350c45,1,True
nazario5_000566_57e8d64dfc7a,4bc4ddd7cab7f41786268a998ef2e0e6a5165b6c12f2e883fc9454426f5cdc00,d132c6df9451b75a6205363c7ebc10a1815a34c239319c030fc9e8bfd62e6d83,dup_d132c6df9451b75a,1,True
nazario5_000567_9cf2228ef9b0,8fad966151cffbe4c9cc1847b4235d5f87fa2028b268bb040937a008b75f2522,b8e0b56bc0a36d4012a8f50d6380cab7a833d786aa22e6740d02d5d5d0d7f34e,dup_b8e0b56bc0a36d40,1,True
nazario5_000568_dc3b2b372f73,7915d5c7498a45b9a25efcac0834504358829494451d36675ad90a70613684c3,13f5e275c58f33c0fb6b084b9029f5839688ba051c63fefa63bd9655089e5174,dup_13f5e275c58f33c0,1,True
nazario5_000569_9774c0b10b46,03dde6c66d2e7db771916ab38d3cc66e2717ed9cd1ed28c38714715f03c9327e,66dcaa78cb67e654542c1e9a0128a628303a847df1d6a4b36b9563e00e1df6e9,dup_66dcaa78cb67e654,1,True
nazario5_000570_96c0028f902d,7f30944688923ddae755a173ec9080473eb7d8354d990831bccecfa581d619c4,d1e24f2d4012662d52add14082b42478cfedaa07c055db37e2c08cd491a5300e,dup_d1e24f2d4012662d,1,True
nazario5_000571_cc8fa93a87aa,00c619a34707062a5e7fed4dc2eb1382fd5c1395439a6fee9270a7a3a83e1bc6,f916e023a43c1b4577ff285cb2884a984c2902c9c11495d2df7e337b368447dd,dup_f916e023a43c1b45,1,True
nazario5_000572_e8e8257c14c6,2e6934e22d929d56f92a00fa52b5272aca274e24567f80fda370be29b8c9d950,6b8ec6d223401c8a5733efff7a5d2df0dd13de6f7312a84979dbd518a4506f86,dup_6b8ec6d223401c8a,1,True
nazario5_000573_ec4e91c49d34,a13acbaf502360eae17f0cacc404778609112856b9bea1658e055aef7dddf687,e7b3642acbe03992026930e06ac4af7c19b695c304f6ad6da73f4475783d2c34,dup_e7b3642acbe03992,1,True
nazario5_000574_f91ab4b593aa,575df537037eedbf4a1ac4a48beb5e43bc8585cf39f8a085ea991e6b50145695,62ea3b0672eec6db6647b455312fcb4cae3c447d7285baeacd900c6b4da7eaf8,dup_62ea3b0672eec6db,1,True
nazario5_000575_79b02d6401c8,70c1840c16efb0383b425606f9e4d4fe5971a58a7ac0b97954bf704c894f2882,369f219ed3312ea4f77d6f6825709281e2486e290778f3407ca8227514a72ca6,dup_369f219ed3312ea4,1,True
nazario5_000576_d86fb09a3e1d,f3d992bfbaa25527d7bcc8a79d7878088d2d6b94039faba7876f75c6cfeba6d1,6287817b0aa01ef7db0a12101d53cd87784bc0d18aa674690fadbc3f93fe7bec,dup_6287817b0aa01ef7,1,True
nazario5_000577_1b50a294850d,b46465e9e06779c848b5028e8def9ada0e05de2fde00ee5fdaf44603e802817d,37c7ef1b301a64a3dafe030c04be843611011713f6601c62c90c661f560f8d92,dup_37c7ef1b301a64a3,1,True
nazario5_000578_7dc0f5b6c63e,e8ac3ac13b94400bae11ef9352b34213ea35171fbdaa60a232b3c820a2d7ba88,9d354c0618eeaff07a973ad12ad530a10874573823f7dfb4da9177201152577b,dup_9d354c0618eeaff0,1,True
nazario5_000579_0b1b6fc914c6,b7e3958dddd80d32095d9dc5a7be22cb07f95080b0b29da83e59b9bef08946d2,83e2656e2fa6a647740b5d62fdb86fcb0343075d9ffd6f8cd683f2b497dab9d1,dup_83e2656e2fa6a647,1,True
nazario5_000580_8c2c9739b2e7,e434c1fde7d29fd6b386b7f14aac3f60d6005adb0737a76ad70ab9075749f802,ecaec4034fb6670a530a23d6ba05bffbae4a37f369da1e064cea60ea6be62fdd,dup_ecaec4034fb6670a,1,True
nazario5_000581_aa52b2ae5e0b,f0d2d492e10754ae92b144f69c5eeb72506448e02a83e460be1c7b71312b4d8b,ab38d66c1b2275728b17a14cffb1c0e500472455428a2be04a2937abc160e5dc,dup_ab38d66c1b227572,1,True
nazario5_000582_e7f6b1485a13,eb4c4db10bba518c3d227f81da528ead40874dbfe4accb9a8e16a1c7b4fc82e7,dcc4b8bde16a122ff3771cdfaa279e18c24b212143e68336f50a4de67a2e592a,dup_dcc4b8bde16a122f,1,True
nazario5_000583_e88e45279d7e,b815930d1c8baedb5134595162411654e9a0e4e233a4731ac38f07ae6480e5bb,374f39a0914d7361b62c9bd06b8ec761eaac6f0989dd9e8e06a3b78c27889bc5,dup_374f39a0914d7361,1,True
nazario5_000584_d1a3b1671ecc,828ac1853600d00303236d90daffb21347d66a5a8e409818874569d2ed161316,6ee0e51af938cd69af10199b0203f312b0b213e4dc42d5637e11372b58569242,dup_6ee0e51af938cd69,1,True
nazario5_000585_78192d23ad79,8675ce3f192e6d28322b34e6fb06430050163c233278d6220e9b0ed6304a02c1,746dfb203bd0c8744622e8413e726d34f832ddcfbe14df38d6b2b058c1807f42,dup_746dfb203bd0c874,1,True
nazario5_000586_6260dc175ab3,001f359d4d03e40813e3939e6cc6c932101a55de66222705270fd7d8b949a373,e138fa1cad195067f1665c8b15df232e9d0a1b1c33b8549b9cb1bc3d2a477918,dup_e138fa1cad195067,1,True
nazario5_000587_da75c39900be,acd55662b154defc508e8f69f89334074f19891b80135e041aaa0413120108a2,b610e61bed40b0684f5d736dca82a8ef080de95dfb71f803d673c09b7e0ae08d,dup_b610e61bed40b068,1,True
nazario5_000588_66f7c1d28616,baea9cedd9155e1165de16733109d57a1bf9a28f748f96b4d9e7de8f5110cbe2,793eb932fd58479289fd945829ca11cf3f66784fd774982d0199419b45e773e7,dup_793eb932fd584792,1,True
nazario5_000589_c43cb8095be0,9a27c93ff9c24c1008a35ffcb53ebd31cd2f0b8d106b3b9b275e5647edbb613e,1d77faf9c6bf0b389a9d621b931445e90052056aa660df8e1c52bb66d12fd99b,dup_1d77faf9c6bf0b38,1,True
nazario5_000590_1f00fb4d3882,be12832e8bf53cc1606767f97ad07fb16f749b041e53a864a858ea216645ed78,4f19d009cef6b1e41f3540eb5edb981f4ae188ad10cc5365349408614e2a3119,dup_4f19d009cef6b1e4,1,True
nazario5_000591_0e006c61b97c,7211968b483a12addff3bd5c1944531a9472a3940072375d133fd5780bcc17f5,c0d4732c0b7bec2ebbdd64a92b16e297c3ad916c39adc3cc7d72989bf9e2658c,dup_c0d4732c0b7bec2e,1,True
nazario5_000592_35ab94aa152e,95406d00b2cdcba98edcebd074e0475b9f00d852edbb47ca1afa0af332646f76,ed1884413c28db96c0f08b482267c2617bc04b728bfe325cadc860ec64e9d3ae,dup_ed1884413c28db96,1,True
nazario5_000593_0d1419d21499,82e52adff9e76599dd150713b2de1351664cc721cd0265b80849a8b77dff97d0,7a5ac43823e1b5fa75e5efcad8db3eee0e1e5ac9e0b38cf6daaaa17008b636fa,dup_7a5ac43823e1b5fa,1,True
nazario5_000594_634861c3add8,00acdf6323a59a9d7d71b656082841e2bd70b970d4be710a64c388991b872641,e616c167c95b6cd69455428278e376a16671e4f93deb0d18d6663efe70b96596,dup_e616c167c95b6cd6,1,True
nazario5_000595_bc21e076f350,1ab34bd1f03f17c39e8b6eeff8d461be1f55559a03ba5fd03ec35ed3d77f8e97,152ddfb42907ab8c79e55175b6f69937ec9d3c16c650df4be1555f94ddc071aa,dup_152ddfb42907ab8c,1,True
nazario5_000596_675c1e218b50,140908cbddd7b2a8ad0adfff7a559774472d1f07647c9cb527bfc65844e6ad08,9c4ad792c50a16963cf54d634926052c040624116b1b282a2340f42e1cd8726f,dup_9c4ad792c50a1696,1,True
nazario5_000597_6d79703d271b,0dec09f678c7e8f86b9881e0b7864e3a003ffaab90f95410044a2705436b41f2,632ffa6dbe002772bda7bb729a947d791e41e57340a72b23b52815b36fa09d94,dup_632ffa6dbe002772,1,True
nazario5_000598_832ca2400d73,df5ad8b5d54783386adb534ef6cd17e28407f952a5677dd1b7bb722cb3b4d700,f8bf1b0a9066a1263a33396b3b85c39fc4bb7df6f882717d22f4ab4799de027c,dup_f8bf1b0a9066a126,1,True
nazario5_000599_41dc0cd82a0c,37ecc15427019397f40609e54742dea709032b6d52acb92c3526826fdc7a3761,aaa3fae8c2e94a9b0da7fdbcafc6d97a99a08d2292fad953fdd8a87fd407a339,dup_aaa3fae8c2e94a9b,1,True
nazario5_000600_53cf3838070e,67910d088f424212fc9a30dc32a8c251a5292c7fc4d0409b01e2eea84ea5869c,b5c1f80999688597fa3b775b4847f4b94e4a1fb5899f1015776c182afae4fc0e,dup_b5c1f80999688597,1,True
nazario5_000601_bf318228f633,6f4c82d05302c1c405ea11c66484e11316e648547e1121c70b4614db9caa4a29,d7eac7f09068ebd4269623a7ad6c2201f7c8892eb534d531e5b7c854af6f4dc9,dup_d7eac7f09068ebd4,1,True
nazario5_000602_5a860fa4aaf3,5b89c1117394e3ee6ac69f4b057df13516aab179990de49dcac40afdb0a797d3,09b8fed1ceba962066ef07797bc7ffe6c342bdd2e86884b6ad5bec0d78ad9d7d,dup_09b8fed1ceba9620,1,True
nazario5_000603_0e4bc38de9ba,83f02fc36c7a2b8f519cd6b3b76e0ba6ff50d6d027644f43609371ffe18300ca,5338c621c90191b2334e1ba36bcaa975f72aebffccad5d6c06ca5684f18f6735,dup_5338c621c90191b2,1,True
nazario5_000604_9cee870cc315,d27185dcdc2425601f6f6ae7dde23c0c2e79e304c19bc3ce44afb0ae89ddf5eb,a1e6f9b59e9d46f86bbe1be4e0f99f80214e86287ae854de37c6bf6ed269ce3a,dup_a1e6f9b59e9d46f8,1,True
nazario5_000605_91f9d2770e56,8072b94e9fd5d49ab38eb7b79f12c8e8fbc9c780aa44adc1c749c103afe610e5,8eba815fc3067853601067f0f1067ba67c537552d4d89293a680cc88c70d4eab,dup_8eba815fc3067853,1,True
nazario5_000606_b220bee223b5,4cbce5ffe12b621a80a864c20a430c3d4a33fcbbb8d2066dffdc763d2890cee9,86f8a1e38ed6842b077bbaffb53169c021c4a3039ccb1f74cf04c111887b0ccf,dup_86f8a1e38ed6842b,1,True
nazario5_000607_b8dde0d8cdb0,15fae9c5f283c4b1906a9c2e4ef67e9a3afd09e93d64e931b6e0219ab130125b,2de1c95022a012b2b9e64c87e4499aab283f9cc11dd4f67307d435d405116e40,dup_2de1c95022a012b2,1,True
nazario5_000608_7c9e2d010d02,ddbeb14b4c9be9c4ddaab0ad163f8cdfe9f8595f4265db9dbd05fd3c1a9b83d4,f70b254dd4126aa8124cca16dee8fcc4d0d10ceed0d853200ef5e811d9538ee2,dup_f70b254dd4126aa8,1,True
nazario5_000609_49976f8b6c6e,1680ee2f460b30b4f39267ab0c7d81e87cdf456b2b60d9ea17012db6516e2c6c,fa9460a14634c97f6b9b3a24816dde33ad554647242c8ce56eb761c8cfb444c1,dup_fa9460a14634c97f,1,True
nazario5_000610_e3ef8dc3ec0b,9e7105e07d4f42a7cda0b8419a36a00a7aacb855be5c0bb8ea0e18894eaf4ad6,b2787f12b10099ce308bbe88cb86fe401e633527dfcc9a6d128469db0638a6dc,dup_b2787f12b10099ce,1,True
nazario5_000611_fe296c223ef9,ff018b5648a0eadf7ca50057b218bc65293ae0d3c16370e5520709bf36fa3677,4f1cfd025e76d61114cc430fcbd846dd65c503ff5522fae17879bd396a92f765,dup_4f1cfd025e76d611,1,True
nazario5_000612_006269f61d67,c4378bcb7abdaffb16a36afea1259fe583426df348c03e29391d7570e08f2e88,4b2977fbd75316b474f6455bc41df57b9645c94dbe9ed2d27533547e89c3ed6c,dup_4b2977fbd75316b4,1,True
nazario5_000613_64963101573f,a97f4206c3b8225ab9f13d174c76b4fda720707a8fcee0e84c415001ec6d8835,3c08371e2052dc2581c76a3f2d4e492b6dd5d79a030a579ed60844088a69fd1b,dup_3c08371e2052dc25,1,True
nazario5_000614_9af3cd43984a,e4e0ca687b07ef4d02365893eba1244fdc496904da84e216956d794da813a955,2c3491f28bec6f7c6c5e90ead3bf07910e3be4d5b9553b1e378d223db5244bcd,dup_2c3491f28bec6f7c,1,True
nazario5_000615_4686ba5a1c7b,7e07e4b7bc1975961ab6789f6c021cb8f2728bb395390a1dfc40d0a3af9d0ad9,af64138611b5683e9856d0e145931c2517227840368a0c294a1db2f732703b2f,dup_af64138611b5683e,1,True
nazario5_000616_cb7a74b04e6c,c7287fe5a2fac05185c5d67a4a9f154ce2c66a3aad672bdd2ecb859b33fdecf9,0cd40b179b5b1eee351c0793c68d57a2419ac3bb2fc87c9b012fcb8386fc13a4,dup_0cd40b179b5b1eee,1,True
nazario5_000617_9ee2fb35eabc,3e79bab145d0a03a7770414169298cac18c1dd1d15b631044f0396f044791be0,6b3d244bc147f4b92f008643ff801ba252d22878899049c278433aacc848aecd,dup_6b3d244bc147f4b9,1,True
nazario5_000618_4bbdccff9a1e,1721246e408c008b6c36dd238ea4fbefb8b600eb286223db8997620e8ffb6edb,339b600a05087ee4a970d28e5516ee36002427055d987cad74f277b3ab6bea69,dup_339b600a05087ee4,1,True
nazario5_000619_a42367c2c543,a08fd44598021907ab6f20f0b4ecd7c05fd660b7c15f94745d74be10a6c76983,83907c0d62b2cae1db7726de5008f6bd858e125a3f94095200f7f0dbf5beda4f,dup_83907c0d62b2cae1,1,True
nazario5_000620_a9d12e430602,d4708796bbe4241b3dcb170debff0d1ecc13dfe5afc8187ee3340a644da1dbc5,5b8175fe4103850f14450364570e26e2b51892086a96625355a30bc888ead803,dup_5b8175fe4103850f,1,True
nazario5_000621_066fdb56fcac,5641690482f063c8987ca636233a6aa8efb564b509595be1960a3ab8de3f26c1,87ba54d37e8da26c286423021079a78f0e79b39213dc68485b5ce5a69ca6ee9b,dup_87ba54d37e8da26c,1,True
nazario5_000622_997a068883ac,f9f992c3a92433dbd6bd90ce0a481cd631e7d9a236eb614a931119639f727968,4f93eed07716fba72727a3c40262d4c692bd2d464236bf4ce33714c59016af29,dup_4f93eed07716fba7,1,True
nazario5_000623_32c98d4269f9,72d250e097a446b8afeaea41950c46c9c6ae9705c30fe1acbd0d4d6577fc501b,841e39e61ae0378d32122796a8372c3a50cfbc7452610fd32d443c1a24e5a0ae,dup_841e39e61ae0378d,1,True
nazario5_000624_4c9206c7ac55,b88b50adf854b457d95227e44f6386f641967248cda181fa94e591c495ef205c,fec34df3ea5d1e94176eda869ed114a0462df36a5a485264239508e27464b013,dup_fec34df3ea5d1e94,1,True
nazario5_000625_fb66d21b2532,5f6e1ee95661f4e9be8357c00635ece3c5a1b1d55959a39c0b1c1ebf6f647a3d,7b0349721ccf6b736394df5837badd556c46db217d341ed2f70e8b20c7656559,dup_7b0349721ccf6b73,1,True
nazario5_000626_e2b52399dd21,6438da59493ea7b6a328d98539bb8b7cc62aa07fa4df9fbc0cdddc03a1b2d059,a329173c85361443b433b11326c2e98ec8643441685f3a0aa9ef2322f6587491,dup_a329173c85361443,1,True
nazario5_000627_ebf6b6593ea1,b9f828abfd3aef8bb8fda4c3f3e22c1065c3d29f7e0655a6d9c61fd36bb3089c,1ca5226026594c5be02ed6101873dd2303af49897ee6835f20d28c761ca08aec,dup_1ca5226026594c5b,1,True
nazario5_000628_00230b968043,105f61deb64a8b7c8bc61348bac78977186fc513c1f083e4d7cc5f68bb73736e,c5e5b9beb1c91ce61277dbb59d7dce1e472f6d7e8cc32014785ab24d5cafbf8d,dup_c5e5b9beb1c91ce6,1,True
nazario5_000629_b3575ea0a432,d7dbd64dd013333f77e63d3253a5f8f22e9c2f36ec1685e2064b14e838c3dc64,0c346756bcf6b10a2150b5726a60966b67978021b1c81dc403941199f8e3b0ea,dup_0c346756bcf6b10a,1,True
nazario5_000630_03e9ac6522e8,eccd37a11ebe863069b7a4c7dfcf93fc2621cc7d7dee079cd0c1bc2cdf61415d,1f5eac6bab351ee2d07ccd72c9caaf18f2d3a4e4ff7113a61f913d6bb80e1e4e,dup_1f5eac6bab351ee2,1,True
nazario5_000631_29da2dd85bf9,8593b4748fae6ea9817e2b8af65977be4663ef61e661c130f4b48b3bf5d0c73d,0a31fe625fcdfd301a27a3260fe8ce1142a9318918d126e51cf8ae14a45b4232,dup_0a31fe625fcdfd30,1,True
nazario5_000632_c4339cff3b0a,400f0b771b23b4fe2013042b2279683a1318ed91a4242640da0aa8efca535581,ad1f35a69da1fadb747671f5fcf8b874dc48fa2312d89b367936026215fa00a2,dup_ad1f35a69da1fadb,1,True
nazario5_000633_e07b6936b53b,9d238ad48e1d0b98bc4ea3fa9456888ee40646c7e50c8bf3773386d24d8a1977,90466489b4c48a869cbf7cbb21e4d666c4992fb7dc28c5020b93120a3ead00d1,dup_90466489b4c48a86,1,True
nazario5_000634_414e66e6175f,404c7be732c7b2aff7e36ef3595142de84f84ce29557ced1d036049cb78ff609,3585781809b4ae718cf23f726adfaea28eba2fd4daf07097ae136178d70bd2e6,dup_3585781809b4ae71,1,True
nazario5_000635_8c77672b8f69,a09d9b75977f3e93d43ad943bd59ca02366d2a53dfbcd15a042c895252cd602f,69673b624f26e77d95614e44137a97fec551498647dfc1732967ab81129875cf,dup_69673b624f26e77d,1,True
nazario5_000636_8c7299a15917,c07bd422f1e8b9c938956af222bead75e41ac7e96fe24271391dd9bd412040cc,61968ed8189d00e82e9d1a2e87418fdfcc0441b6a0e89e14146161fe7fcf6075,dup_61968ed8189d00e8,1,True
nazario5_000637_462ecaf157c1,8a1e52fbf2baebf25ac1a42b08ae6e7fed31d10bab2cde3a93f0c4aa507a22a9,9f15c1a4f989d360ca2d1de9d7f739c320f2212109dbff941f0ae9a8dfddec10,dup_9f15c1a4f989d360,1,True
nazario5_000638_061df43502b5,783b8dca4af581b378e46bbbc28a419b11bb0f9b643654d5679f0d1a90df93e1,17333ebf177a0378e9ff1d56b44d5d58bd7578a9abf087e0f0d5aaab1957ea24,dup_17333ebf177a0378,1,True
nazario5_000639_6c4b3bf17a02,09a6109f55048baca4ef95aee7f7b6625bf539d0845c7219131975ef40b2511f,628b66d75598de0ae6cf29693376b523d788da768d66733f571484746cb59368,dup_628b66d75598de0a,1,True
nazario5_000640_c2c18882163c,5009e59ebf9439d50646162925834171874cfb934b4223cc36f3cbcd0bc8b7e7,773bde7912de24b48fcaf73438783dd000d7b2fe14c3fd789ffbd856884f3f6d,dup_773bde7912de24b4,1,True
nazario5_000641_2f6fa7a49e41,123965e742b4dd16807a89ae09bd510dd0dd2d21dfbec918d5dcfd877431fbb6,d653e72532b8422c74e89066ddc62557f94947834acd86cfddfccd449485277c,dup_d653e72532b8422c,1,True
nazario5_000642_2096c0be67f6,ac577f5efdb208d757d3c873878d4e4cdb9ab0e51209df04a7f7337fd81860a9,bd372b067cd9c077451101c0fba056e994137879650997c34717c87b94deade7,dup_bd372b067cd9c077,1,True
nazario5_000643_cb4431660ba7,2e8861be4162e39dd3a83a9bf44e079e3ef0a0b51e7bae798643b543ab4c5376,a925e2d12f096881c9ee1116c6e21f1e49e3203c2b3721f9a98910bd8bb73598,dup_a925e2d12f096881,1,True
nazario5_000644_46020bd9c69c,89cd0ca198f3880f8f393d429739bb08cb8f716e465b3014e4fa113bf61104f5,7830882718a77290c5a617b7e21e2a8e5cc83e9d6cdfeb49049b1554aa599f1d,dup_7830882718a77290,1,True
nazario5_000645_f41585f3c290,ab0e3208d784f099e290d394fe62b2527aa766d1e1434609be0ca2c6518802ab,d89061282f300685033c1bd0f253c2d6ed464fc5b528ee811d98b433e76ca69d,dup_d89061282f300685,1,True
nazario5_000646_b1a57bb6cef3,ed8041ebb310fb06b01f91370252a72c6d289db982baaec97616b25a0f2c2bd7,ff733275f8c012d04dd590175dba02313124c00624e0f7f543f2a63647cab109,dup_ff733275f8c012d0,1,True
nazario5_000647_b4eb04efc379,d49718932178c8da0a126f4136ec9a939706ce81c97b966f1f03cc8c008418c0,50dcd6e6f8fc7b597390c1b50f5f3743128349a19994934f16191399b3cc4f83,dup_50dcd6e6f8fc7b59,1,True
nazario5_000648_058fcbd70992,a8019685161aef9574c1232d635ff247b34362e96f80d028087f0eabf9d6972c,39532c5460f42e0d28b9672410aac03949e5794398606389b87ab66b758b5df1,dup_39532c5460f42e0d,1,True
nazario5_000649_2ad8db3f8541,02aea101a383e097031e8ef08eff726e80136436d4a4e498298362ed05db4a54,6072aea5a5fa7d0ca6cd41e53d9c09a448aa59a6e41445e8485fad516c2782f2,dup_6072aea5a5fa7d0c,1,True
nazario5_000650_89d5cc0bb458,633bf910c830f2f2f6be468312595a570159bdec8290ab3f9ebcbae4dccb797f,7d4e34c227cdc12456376032ab78fa0fe9f8f405faf07772db0a012df40624c2,dup_7d4e34c227cdc124,1,True
nazario5_000651_680304339c99,fef03ed0a7b3a5b0737251b1df8b1590c3b5a2848894132a47f0d03acfbcc9c9,58b576f96f2da8170bd4f68d20fde04fca31130aeda739c0393a781f1c0ace04,dup_58b576f96f2da817,1,True
nazario5_000652_78a3eaa18bc6,0968014b180de7477c051e8e9871ddfb806b386bff76abb428790b2420ed4215,410fb313d4153c517b39a07e4602a4b1bf1adc5ece56ba3cf4de665af98549ef,dup_410fb313d4153c51,1,True
nazario5_000653_e26a2bfcf5b7,a8b6ec50aac31983dbaa1796e6dac1323fcb0766d47c2472ea8b22f0c16624eb,d88b30b8948c9a4daae1c5e23eff9011ed4118fbc9b2c66cd130b0205f121682,dup_d88b30b8948c9a4d,1,True
nazario5_000654_b751c9b30b95,6267dc95fe479348c09aaef25ea740fc9852f563708cc2d2c320f849fc08bad1,07624d3eea30dc4459ae4b653a3b5a2f8b2e6d2838379258b67928d7323a4b9f,dup_07624d3eea30dc44,1,True
nazario5_000655_112a3f594ea7,cc829033b7504003d1303ef0e999103ed7413280dae29e2b86b8201500430e61,f5020c03c5e0041f71c6b4fa87bb30309237bf5db5d95e90103348d08dc8c71c,dup_f5020c03c5e0041f,1,True
nazario5_000656_efe1251619d1,d0a53b80744fb33ebc80368b06af3dd3ecae87e7b8af546462ebb4e76953b3c0,69f62335bf8edd5aa70e33914d3e0be65cc1afeb4cce2b927e14a84466db67ea,dup_69f62335bf8edd5a,1,True
nazario5_000657_79f808d3aab6,5d311ca86293b37bd93a3d546dbb9381040041d6c8e2b2de26ff683257f2f2dc,74be345d3af7c46efa0f43cd70e3588ce10a24e682de0678df313ec3a411e9d5,dup_74be345d3af7c46e,1,True
nazario5_000658_e3e6a9f3c611,9768ed7d2a2d5f88da89e34599370ba73ae456c77414c46f91b8523a17389e48,be70ad9ff32a5cd50d72bb8b6dc6957495ef73875146dbcbe35208b281fae650,dup_be70ad9ff32a5cd5,1,True
nazario5_000659_582e66c251a8,09982a46b576e6432b78fa1c27be7afdaac5b1f84b2bceff69e79781bee8d66e,81df85bbe104fd9612c37f70c22392bf27b61aa709463c38d26dd01defb05b34,dup_81df85bbe104fd96,1,True
nazario5_000660_2b554099db80,e2ea585f406ca62eb8391b472582209c111a29bf3b1d47074d7485a087bc4a09,043a90e61cc3b6f962cc38523bd26e9a272d008dc2390d9dfeb93669a99e206b,dup_043a90e61cc3b6f9,1,True
nazario5_000661_3d9c7731a109,ab705098b2ecd741da0ebf77329bca0ddd1c0b3b53631e4e0438796c4268827a,a55a4a75960e61e713bf999f5472829bf19672823810ca5b1a75f710f947793a,dup_a55a4a75960e61e7,1,True
nazario5_000662_f6ded65c20a0,8d23bad3660993498c3f5f7011b092ca4258959d41812d24554a70b13e326b5d,ffbb6c635bcec4674f36b7beca09de88012d863a71cfd130068e234bb1f1d748,dup_ffbb6c635bcec467,1,True
nazario5_000663_79e937ba2ad1,6efe34fbaa9a684f38eab9967f20e7d76f6862706fc48699c801f4dd8eb897eb,6214d7d41c64ba35e424545ffc9f5f5a6cabd2176593df576c2603e032f5e208,dup_6214d7d41c64ba35,1,True
nazario5_000664_8d783d7c5d9b,b2ec4a9de6a34e0cc1d4fe7ff90e9be6a6a1550f9ca25e6e7b7497c23fef883c,dc2a8c8f81a309abf075248c276a58efb23d25750806b367eb95e98d24f256e3,dup_dc2a8c8f81a309ab,1,True
nazario5_000665_6e2e0ac287da,dcdbc3230fcec4de76da436b222651f8b9a356cf7c719f27c21ed6e4ca5fcdd8,8dfcf6251076ee3bfb22e629a5d8054e273fbf51b0affa007d775d91576e65dc,dup_8dfcf6251076ee3b,1,True
nazario5_000666_76398d44f5c6,2b31e045c3c0e87f6a1b88e64593a9d882d0a3ea7ea9f90a5aa283cec57df7df,84bba08b00563d30ac5c8512ddc7c7b76b503b59320560e9563e23267c2f20ac,dup_84bba08b00563d30,1,True
nazario5_000667_279845739081,c7b39fb013643c62066a4763a1afcd149c2507859c8a5fd96b42da444cd3c5a3,1d4c91c5de1a700ee15ee0e87fcb3a6bb4e12301042d7d43f717aeb046e8808f,dup_1d4c91c5de1a700e,1,True
nazario5_000668_30a518b84b19,5872916c3710e8d3ebb0c2bfcce9a11f7c1b20d00a233a08034e78e2dba62ea2,24ddfdb73798a771a75644c322f8af3c88a00b76e811d95fae1c372f4c593920,dup_24ddfdb73798a771,1,True
nazario5_000669_407fada3b604,bd88f454769d619892bde36c3fd7b41640c13d1dc70f3e6dfaf3e8f0e06a435d,88209289c1679a5880512f880b2341babcec56c2e0a9d3319b72300146a5c31e,dup_88209289c1679a58,1,True
nazario5_000670_4a2439b946e2,5fca3a246f62f9728440f728746a97815a30d1912316247452b5d32dcfc225fb,f154f7284a63caa54433cdd3303973e440837ddefbea5c563590e389a1ae6dba,dup_f154f7284a63caa5,1,True
nazario5_000671_653beb13a70f,baee88c5230425fb3f1853f18a2a8adca1188dc1a65e2523bb3e6ab309072494,206f2d6b63ba55194ce46208c264b74b74f7a041d840308b695eaf065c529585,dup_206f2d6b63ba5519,1,True
nazario5_000672_b7f185dfe11f,420dde47047f94c689f1c34223b2cac9e0d469b7ccdb274e676570b0a1598d8a,3c1431eefb6633aa1bb0d6c0f6e4c199784875a0104a132dc665b8e3e8e6741f,dup_3c1431eefb6633aa,1,True
nazario5_000673_9e4dde548b85,63d681a947b5b436a5d3b9b20c8534ab8113de08f5dd2e37da8d432dc40dae37,823eb106ceaa48918a1846948b56aebe0a360f1327e0f9ee08f0f4cbcf6e1a6a,dup_823eb106ceaa4891,1,True
nazario5_000674_d017fedc15cc,3f6c201a12786d681b7da384ba502c47d25c152852a6ff9b5b8e4de0208fc4a8,7b6eaa9448c21adfe6f36024b77c724ad98562aaee59adfcec2a38e5669c9d90,dup_7b6eaa9448c21adf,1,True
nazario5_000675_101be4b45109,ce04939b23b7b81f63a077c019dda48f1925c664d64242aa1a85406ffcd4021e,af39545d4006ff97b25bd56ccfcc09ada047aa93d253199adc9a87638e6c0ad9,dup_af39545d4006ff97,1,True
nazario5_000676_72a653d20698,0e39e3174275da53325e397a49626cc908505ae959cec996a90c8f62b904b645,b0a0d0a761916ffe340586ac81a025f13fe8e790b71c8f2cf9de5808e4c831d4,dup_b0a0d0a761916ffe,1,True
nazario5_000677_9e88a109f25f,f44f598bbf1aae25db97f76be2a27c6d125410ae44713d629b0f286f39b43b05,d844fa3efe7eab2703f24baf1c3b21bb35557c7e819a9f37b87cc37f8dbc5242,dup_d844fa3efe7eab27,1,True
nazario5_000678_b2015e5c1ff0,6adb722c381641ca8fde92587f1b00525565c04caa0409ec9e55c01070fe381c,0195dbf423a828cc488a1fc078f619c09810d23424275a3bafc70d3276dbc318,dup_0195dbf423a828cc,1,True
nazario5_000679_2a4e869e4bd0,2e160b5c87dcd997bc0e916643c1a24cca26044ea4b591eedf1f36c5cbaefe19,dccdd3b02418809318944c3becfc64ee9d583cda81cb0b60505202345d29bc3c,dup_dccdd3b024188093,1,True
nazario5_000680_076f5ecd18fe,a273d925c2b02f27c13c41f1b3d0da216a3129768dbfde5f41c82c83e4a5b530,56f276c8d375566a1ba33e547d994aa97f636c7aee19900c14d6c7467d5b679f,dup_56f276c8d375566a,1,True
nazario5_000681_52e520fd6dbd,75038a9384d8e06f338edc87da8c4fb90322687133aae6d64de852419cc01d18,0dfc222da069dfd6904d5dba76ef16e7336d22c08ca2098eb1a8059849ad2a48,dup_0dfc222da069dfd6,1,True
nazario5_000682_482561142e6a,fe9276f383a5246441bb8c24c18cae3b77a62d4057aad5b826c89b18b4bc5971,d8143e06c8588cc7d4f4641acd7ec482c6542e47dfccdba8a209daf46afd1556,dup_d8143e06c8588cc7,1,True
nazario5_000683_33e157fa4c03,3de56b59f462acc99ac5ee7d4ba65346eae5641bb910efccc2e3f7f4be58617f,ebdf263cea7f69f1656d184e8c149d1aab10cede3020ebf7ac5d3e9011d0a2b4,dup_ebdf263cea7f69f1,1,True
nazario5_000684_156b19c64cf8,f1a1d5d9fbb43de42ebbb00217fe77faffea1ea13a9863b4d9961109f4849b4d,ace461a0ba635438eca77d042edc64fec19a44452f3fa14beee12016e3ff872b,dup_ace461a0ba635438,1,True
nazario5_000685_e3fcc9121066,e770cb42b6860ce26b992037b0f7e6cd0616f662d3a370446457af48e6f5c31d,2c9384d95a71550a559a14c23383c632256863265040cd512ffdcda2fd261efd,dup_2c9384d95a71550a,1,True
nazario5_000686_29a81bf1e3ca,9976b40711cbe6e8dd17cab58edcb805e53cc593d262abde50d56ca7fc69d687,e2c22731b6477a311825bc8523a6b3ab65845f60fe454599960ffd123c60c802,dup_e2c22731b6477a31,1,True
nazario5_000687_eb6d5352d85f,76e63b5f7a994e4f69767563b703f65cf251128d70bce234e1d917008096ddc7,0e2f7330552b95b06b202be12a29e3c8cefcd1971b69429dca42c1eff0e81b08,dup_0e2f7330552b95b0,1,True
nazario5_000688_971b78e7f037,59b686b5b580e659fc91a152b7a7bdc78e9c4233d069d7910ed63d067055a968,79c273770d13b9a2c7256bc34c9f3f1d029487bde1c6a3a454c8baefb29c63fa,dup_79c273770d13b9a2,1,True
nazario5_000689_1cc46c27ead4,4bc44157467ad915acda18b5755f63efaa0a52975a35e7adf9c5201d10d76de1,159040484b2fa6b661b6564e197a5f6eb39d959a359fafc7d887dca4344de179,dup_159040484b2fa6b6,1,True
nazario5_000690_bf2339414b8a,1c2e8bbe9f92a3accd2e6781bbf9f007312cc07ebc6f8b7b6be48dd4bdcece5e,68b6227adebd6f6df80033b6e1f754884ddedafc35aa081956782a34e95a9267,dup_68b6227adebd6f6d,1,True
nazario5_000691_8ff847b075dc,9db1caf00ff8c13a0f1383f15ef30ff66b20f0e5e73ea713f412a298ab566d3d,e51c5f384e97dee0c1dd22c6ddcd33e29c71d3165d3b5e8de0e9a21050ff87df,dup_e51c5f384e97dee0,1,True
nazario5_000692_4e756b70e516,32ea27048ee097d144f57dca784ee53165c52b176b65239375373f06ea8160ca,fa4b3d590e5a2b98bac6e8875be1ced6d464cb2feffc84c7550a2aa9fb1315a8,dup_fa4b3d590e5a2b98,1,True
nazario5_000693_dcf9729c6299,89d6bad3437b6bcd1dacbe1496f4e633b0a1fad2c89b76bd8218a41d1baca391,5f130e707c1224fcbf56e42c271a7bf7e995bbb9f0044bb8785048456dd3a66a,dup_5f130e707c1224fc,1,True
nazario5_000694_bd6dc83cda2d,6e7e7b673f79415d59a3c70c407f9f3439ba6b06e35f99b3d858676cc15bdaef,bcc17d52fa76bee2759778610bc7ff9a14d406b9e05d7dd3efe0eed6c3df1baa,dup_bcc17d52fa76bee2,1,True
nazario5_000695_fe6d7e9a2f87,762ffc2d45df47f4f808791f05885924c9aa7d0f204c5acba57b03b0a410dfc3,3ea8994572787d8090c8d0eeabe0b2b19e8b3600da2218baccafcc2ade5b2c95,dup_3ea8994572787d80,1,True
nazario5_000696_5d5689a7281f,78b8b3d82afe2b48609ec880ca8dcfb8145aa5f2f0ab1874719d12e8a82d5fd1,b145884e2b20206ff7486cb366ddd972b57327bfbae5105fa66c5d43b1f0274e,dup_b145884e2b20206f,1,True
nazario5_000697_89a785409415,23bb6f4e4cfd7f0f1b4e2128e8956877fb200eb3e2af28052322692629521e9d,17bc3aad9a4a8e94374e8cb0ebfc8af56e99651924af3db73fa7dae2e8e9a4b7,dup_17bc3aad9a4a8e94,1,True
nazario5_000698_9e5fdd639f88,48576f5bc1b750053b2c006fb3cef8deb95ac7ad2fd00cdf33748ed5e9e70cbc,bb495a7fb98d15e9d4db789419e1bcc30530bafaaca88827665f417cbf2d5856,dup_bb495a7fb98d15e9,1,True
nazario5_000699_2bef147936f9,9943f4a59a802aa182f4e192ede05a4640a4c66244304dca01eb51132e0da219,fabaf57a59199424cab580443e01d1a55a72ab983f77572345e89f02d0ae18f9,dup_fabaf57a59199424,1,True
nazario5_000700_9586f321bf72,9b5daef8eab3ef18d469b17aebe9a6773a6db15186f2f9311757cfff62d9af3b,47a5200f6b729199cb990ee3688a6b171454b4f8690f92dbd75b2176ecd60784,dup_47a5200f6b729199,1,True
nazario5_000701_300be237231d,3196a017cab368bd9b2a98c62e3901e54e6f18d1d70a1a6bcb256e7d5aa25e2c,e2d38eaee830816002a0069a5c2c21a794b645a2404347c8c8238ba02e1d2c77,dup_e2d38eaee8308160,1,True
nazario5_000702_8cc551457683,22795f2f3e8e083b2ead32e4a88691e10b459f16b30477bed5b5b2a553f84bdb,a33d161de71c8fdf3877ebc136ffcff7673b89fa5580232e4f59df739d27a560,dup_a33d161de71c8fdf,1,True
nazario5_000703_eeb9c58ef881,d9fa4d4808e5b05c561fc8cb3476a6042e0de28a4f0d1a8952a4e350757c19c1,724f564f4dafbe25a455d41b3fb0397998fce1d0d388e3ffc11849ac3efd8416,dup_724f564f4dafbe25,1,True
nazario5_000704_349eca81c69d,38fcdc124c6599b7b72ff0695c251a0ce8407385522708ba1f1a5b07319fd770,198f903c157f8ab16e9ea3a6d94f26bee910bee29520d21ebdb14a236821ade4,dup_198f903c157f8ab1,1,True
nazario5_000705_86e5123fbbc3,51dfe2a61909233f29a3865ca4be1c92a56ef22de8f9c0f7abc5fef29dceaffd,795a97bef203f1aa3f931586ee11c3c58d89bbc34e01c5170020d5d89863b6bb,dup_795a97bef203f1aa,1,True
nazario5_000706_f98bd67bac89,fcb69c723ddfc4e789eafd9f5184b63d89fe322ba4e270d48bd0f9dca9faea62,d19e1aaf824dc0c4e41db11ad459e8d6d7cceb026e29612b0365ed869cffcae4,dup_d19e1aaf824dc0c4,1,True
nazario5_000707_51e985e7ec9f,5b358875ed91b179c1629715d18782467d07ef0f8f392fca2033f0dec520d473,2b3975fcad055b1dbddaf490ebaca3e8256d97670927a7264e2bd1117726bb87,dup_2b3975fcad055b1d,1,True
nazario5_000708_7051110fec6b,cd808239f6c1707d6a320a8a81c40f8517f2356d6d15c7ea88be162ede822012,72e5b1aa686be2952ad04c633b8856d30f276e2e7a92c4ec926f57c4c4fc6d5a,dup_72e5b1aa686be295,1,True
nazario5_000709_a9dfd7314538,e37d97232bd7f12de1bd62a11708b87a46ee5a0c103ca1be0bc56063b5580676,221191bcd8c27d4a6d1a9dd3663d7aa0d6ced8536ffc70b263e002bc3ba82dcc,dup_221191bcd8c27d4a,1,True
nazario5_000710_0dec104e6325,ac729d378affbb013cc44d9ea5a962fabb202ad36b1db718265c2f30ac130e91,af4ef313e5f9a69acc2cf96559d059e234c3356f0fda13b5ba338c0816bf9439,dup_af4ef313e5f9a69a,1,True
nazario5_000711_b396ca984959,b1a49118a0cdbd0cb0a399d1d50a640c15e0470c6645f24db364a85ab29b0d4f,146ac99618578e6a22a0ecfaa02039bff2a8aed53fff801b74928e8dd762c3d0,dup_146ac99618578e6a,1,True
nazario5_000712_45080aade331,edc3e0b51382695533774b2decda80b8f046dfbb47c4135bc53ec7423e5dd47b,f6f311a1f601cd5625fd74f846ae3528465ee9bae75ffc9b9d82b18e9bcb65f1,dup_f6f311a1f601cd56,1,True
nazario5_000713_05420706a553,8abc532630ed5e5101b1ad933a568de10488758cdd6f6e8a07eca3ea2144ef99,35e4444832ebcfedf6b64e99b9c6c0a0514bd5e1bbb17f1971351d59d11799d4,dup_35e4444832ebcfed,1,True
nazario5_000714_59b6026c0a25,680a6172c31266383745f6fcbcb57c470476673a9a1ede47e5869e2d6b1280bc,703782fefde8d3da19f02927a8fedd721ec140230bcb6244d23abdb0e9b9de61,dup_703782fefde8d3da,1,True
nazario5_000715_dc2c3a35a090,631175e7c147ea4d529758dd18db440d3d511c22ea19e22002b1fe6c29af23fb,e6c61a1de1622458247cd7f37d0cb3f9f5fa74126e011b0a68cc7fdbb9c6eab0,dup_e6c61a1de1622458,1,True
nazario5_000716_db834d3c9d1e,99e45dae2b745f5685863cf51d9b49c87d297729e222c325f03a75cac861b799,53a2d3c0d28ae447887d9e9c7eb3de2208636239b8b2bc5a5b611f5b24d926e3,dup_53a2d3c0d28ae447,1,True
nazario5_000717_916449b56790,f77787ed802a5fcecebde4a5bdc2c58c8e5d7b7446cc7d10b8a016c35ce211ee,a63b26557f37ccebb6c70b653ca730767eb2a78e23bd9b327418bd3ee5fb2387,dup_a63b26557f37cceb,1,True
nazario5_000718_251162098272,a718a9e33bd15086860ec5c9bf92199d0d913c98e83bff990fea78522b4fdebb,e055fbebd1e14b5aedf11e29b475d6354ff5e70715724beb284b66f98ec86533,dup_e055fbebd1e14b5a,1,True
nazario5_000719_9a56066062bb,1326c864d3031d65a8bb4afa63c4a7ee1bb3740dde293425c0ce29593e27ea6b,1dfa10fcf9c087462b927260ece5f37c4348b261ef044a032b5ee6ad61480275,dup_1dfa10fcf9c08746,1,True
nazario5_000720_f0fccc5bc83f,547aff7b34bda0ea552d5b30fb9e710dfd361b7491a08064cfa4d844cc1dc819,c7f8ea44378704930455f188bccb3e9aa284f2a75cb91a11a17df9a0ebb7cb6a,dup_c7f8ea4437870493,1,True
nazario5_000721_6380301efe69,26b7a7a396f71502f5a0890cb4915460d483acce9e1bc7cda0a74c96d3045b8d,e9b931786ea99261535e800f532d5368e4083b558de01f6b4fd5e0e998340d18,dup_e9b931786ea99261,1,True
nazario5_000722_2232b84a9a8c,d97cdd83865ec79648470fa8ae17811824a26244cb31df35135fb4d590f424df,9feb523264065af597c34663360d2fd82462a858f14ccce0056fe9617e4365cb,dup_9feb523264065af5,1,True
nazario5_000723_1076a61e0645,c063f6996b2c52ee2c163b7217cb45c8756e34262dbb021d15bd734e54ac0af0,90a0b490d5ded133d7b97c260bb31bd12cb5ee8187743cfc4c10e08f8b289bac,dup_90a0b490d5ded133,1,True
nazario5_000724_459b0ab56e48,07c1b4d0d76ce96d27cc02c1b79febc1c995d97af4e00b297f3a70ddb59a050a,3860ff6484ea0314bd75cf6712f89337c81d2c89842685d91a203dcb5c9fe292,dup_3860ff6484ea0314,1,True
nazario5_000725_0c4cff384b41,9414f43c5081bec4c0d588d58a24002db04c5c02d1412fdc917a3d7445e586f4,1bb215a615c25fdad12b0834019db1a33d3abddc6356f5c6262ba5a36ff18be7,dup_1bb215a615c25fda,1,True
nazario5_000726_2d9ae1c6ecd2,fc1bb293003de14cc91357c9b08236306309fdc95eaa01ddb36d28fb746aa5a0,15013fe5110bb595d4fc9f3cc9566429e0b71cfa92c96e13b8537e1aebb344b7,dup_15013fe5110bb595,1,True
nazario5_000727_f9957e86d59c,de9d1c0c4ccf14f4fc83c8659a6991fa92876e30b7dccfc1ab896dff35f109a9,728e3237a68a265d9e273ece5fd9308b3a044ebb14305f7a40b8b6d67f7c34ab,dup_728e3237a68a265d,1,True
nazario5_000728_346939d3dc69,4c9568cc3b02a71ebb143e3ac9ceb4f03331bac38d4fd9ce49aee80abf37dd9a,e59cd5ac9222301a36622ed37a1ffe67fa2034aaf704191a861a8e3f1d44a7d4,dup_e59cd5ac9222301a,1,True
nazario5_000729_08afa383898b,039598e0a4716ce5bbdced2144a36c7af643d117e9703da64b0c32891a6c1767,3b6904bde57c4da2e3e6983186ff37a965a657727c9a060198fae7a688abc798,dup_3b6904bde57c4da2,1,True
nazario5_000730_a597a08538dc,183e3774cd4c3847e948493ad6b4be1fa420df773aa6b6e7d409c95f8417abcf,488c7c1ebc599480ee0ffeb5dc4109555d13bcce1c0c7bd6253d55519d9f94a5,dup_488c7c1ebc599480,1,True
nazario5_000731_a5d2907cd44c,0fed8f8cf5975d847884d33caa3e030671d86ce12fd9812070e063638c6c2134,5cdd67b8363a6273bf8f1fa23bf23c7323da321185ba020d1804c3990cb20d84,dup_5cdd67b8363a6273,1,True
nazario5_000732_eda673e410f2,7d28e94ddc1a0ef8eb0f5929bd9d615bab623f2c454b3375210e2e6d72a8e633,9ac8435635b271d8aa8b3370ef57e8f362e7f7bf80ca5ef085ee8b0ff58d2abd,dup_9ac8435635b271d8,1,True
nazario5_000733_99622aed5503,336ea87f9a14ba96edc84aedfdc350e71182e5f25203a67dd4805f6581aef7c6,72c6644c7adb3b099a8f0c3f0a840187c4ac8b0bdde3787544088c6c21f42341,dup_72c6644c7adb3b09,1,True
nazario5_000734_1724d6c5418d,665f56d155f9327638855cc5a62dd333f768ab75ae592d6f99561288532413b3,afb34d2554f8287ffe711bd41b1e0817be027ae129c041df12e205cdc4ec531e,dup_afb34d2554f8287f,1,True
nazario5_000735_9f651e3ef204,a8c9ef90611f757777acaa8d1b7605c983918a08eb3948b77aa8d01f34478a89,0bfa479e555d98f540ac90dfc0a7e054a41062b90f9a7403d19d94233aa372e4,dup_0bfa479e555d98f5,1,True
nazario5_000736_77530ead973e,7ea8bab999379d1ac532b466442d3676923a1a447acfeb6cc7310bf0a0806374,a381bbfc97dbd91d3e6118c68e1724a48f68521b623f3951c1c63c3ed9edaafb,dup_a381bbfc97dbd91d,1,True
nazario5_000737_3c0ca366c584,59aa0ec4b4df055712bc184aab55bc3732d40296f0f3676f0b2800c54c916a85,13f72642feadf02ef9bb687b06412233c0df2e4b36807bc7a0e76ea4b4cc24f8,dup_13f72642feadf02e,1,True
nazario5_000738_650f1d005e59,26f2e5e4cb980f48cc362938f5deea3350ade94c71f711a929317e6d592857b4,b2a872b28898daf886337a397aa6312230c7a53d253ed5345b059d693edd4cfa,dup_b2a872b28898daf8,1,True
nazario5_000739_53cd46b96b9e,c32649aaf66a252dee2e5ddc3a3a9109de94176505ef81ad543f0a12b6b54738,e54ebc04329f66343ce32bc7972c654f55b0050ded13e4135e9ebdc301bfcd17,dup_e54ebc04329f6634,1,True
nazario5_000740_ce57e8588fa9,3637a98f9b09f49a6b0b9cadc48d6026f65fee30facc13ef1c6c8cdc0d1a88ac,d93778d61612cb4e72ef96e7506e2777687bb2c566ad74ddc889cd96f768e33d,dup_d93778d61612cb4e,1,True
nazario5_000741_3344b78f9638,955166d1ba0d3372fe05076e76b6cb3c685915d85f5ea24c425025ee725958ce,168c68b4d9c4dfcc0e45b89d30cd2d3c4bafc98344e9451435c1a3c1c50412f3,dup_168c68b4d9c4dfcc,1,True
nazario5_000742_cff49fc5cdd2,5805befda23ffaee8eccaac95ed311b905e6132dbb4f039688bce64886944d36,804f26a0e3a7b3de3ee124680d0af4930dc1a9f5e28832a2de685ae2b989abfd,dup_804f26a0e3a7b3de,1,True
nazario5_000743_e1a0de57d26b,5eca6aeeb8024cba0d38dd68478a7699e5834e7094f7da1cbd3b032362a9c68b,151a834eaf75836c7eecc1ca459ac1029491239532c56ac15c79993781922aa3,dup_151a834eaf75836c,1,True
nazario5_000744_645a53affda5,8ea7d159cec5e0a02255d4902b5ac40f20fdcc88c1d2f73c04f42b7059badf5e,adf5a4038615c9ae771310da0ca195dd26fc93094fb1514a79a2c6f2b3f2da54,dup_adf5a4038615c9ae,1,True
nazario5_000745_965dac409610,99e9620c034ed012f78e5cf9f56a550590e3c7be7f75454e53b2ea76c0e84637,657bc7e360d1b08a4b64135a2759317367e3fdf474b8b8311a643ff9fea86f4d,dup_657bc7e360d1b08a,1,True
nazario5_000746_f942d349b6c1,985e09a8987482272fe32f2d83e2db7abeb3bbc903ad4a6e55c0c1c457cd7e39,2182abe342c1e88bdad89f9549884f25bf52f613ec4e790fd4787aff32b65ec1,dup_2182abe342c1e88b,1,True
nazario5_000747_e9340524bf48,b976d917de1719ad99c1fdd3099c48f7914e99d07e7afc053ee6e43d36de6705,ba63e8d7a4deb5fa0c50f5c7870aa8379d3ae801ffbb84829a99a195f9eee58d,dup_ba63e8d7a4deb5fa,1,True
nazario5_000748_88b2b143404a,08ea4bbff7b4bc663ab6ccd65e1f96614813b5f58407539c32e67e8a088c8a48,0084a92f84cc1469b6ec84dcb073bce09f3b1b7a5d6707ed540f55a846147fef,dup_0084a92f84cc1469,1,True
nazario5_000749_408a98ef6412,0b4fc0b11708125d05e687f94a8541f6ec87f244dab534c7c0adff65b68c5cc5,373eea0e243980743a6e8c6704922133efc1d27c6d5cdf1205c0671ea56a8107,dup_373eea0e24398074,1,True
nazario5_000750_ce143fd24d5b,90f71c2b7de5b996bd4244ece0f76d6d88434affd3fe637089e449fddc8e66f4,6004418bdd0a0cdde185790f7d86b40c04ff0420c67a951830a63f7d08bec51a,dup_6004418bdd0a0cdd,1,True
nazario5_000751_962619bcfde2,733e64abff313c9763a7cce395b4dd8429045c3a4a28d60369bd55d531d2a934,735245a1f16de55ca59fa806371c1766534bfb253af8392247f2c62b875c04c4,dup_735245a1f16de55c,1,True
nazario5_000752_869772db4447,d6f764f95329b8ebb5c7ae782ff258972746e1e431df8d7690657a55c92ba042,d865b78618395160214864af3cbe0c4f044d002466e971f4e45ebd3d8e6a8ba2,dup_d865b78618395160,1,True
nazario5_000753_ae5b41cc6da0,c1fc01efa41f3d038aa8609f2feb63dda9f4404c57e1ca348d23cf29cf2e221d,6202efadbe7f3ec0688a03267af08add3fa40ca584157108a35fd3711073eb50,dup_6202efadbe7f3ec0,1,True
nazario5_000754_4d47cdff8ae3,2c5e133746674235464ed52722ee0aa5035b50dc3a646d0a051e934a67d7c711,cbd3c51bbb80513ccba18a9edb3c8e3bedf659262136d5a2bdb77986919c74ca,dup_cbd3c51bbb80513c,1,True
nazario5_000755_bdd2fab41e56,ecd55bca1f522868a63b533468fc0d7f188de10d371c0b10647af86788da53bf,0fa40f3fd02daacbd43f0d3d18306e252f87169aebe3e817984594289b4b5916,dup_0fa40f3fd02daacb,1,True
nazario5_000756_3e4d8a26313d,4b907891bc77e5f073830c947339f0e09a8db218eb24c64f3eefef6a3cc1d433,d47f604dd5eeff33c375063df3b23a349bb81a150043cf5de8b4c59f31131498,dup_d47f604dd5eeff33,1,True
nazario5_000757_7b9ea6dce9ce,4c1e5446fe4774e4ef94a0fb027d2597c8ab6f6b61ed1b217267f09ed88879a6,25fc44ab19ba8615f21c80f112c89e4e1f655dc9cf6856d06eea31a91044b54b,dup_25fc44ab19ba8615,1,True
nazario5_000758_db264b59159a,9ff6b39d29f09f8788df751045addfc0cb31b21280032a1752c58f9a27ff9570,34797c51df686e142ba4ec61b434732e7a4795fc4b352e31118a7fa6085c0670,dup_34797c51df686e14,1,True
nazario5_000759_2a9a2cd10f12,e0f763d0a2d8adccfcf7d471d1981f3bab8d98623e60c05ed6bfd05ffcbfe7ac,b90b592926c82baf17d8b5158d9d92836d0f06374e16351d857f47496f9f0fcd,dup_b90b592926c82baf,1,True
nazario5_000760_4c3d0723d5b3,66cac0b760c5eb16203a22a4ac2083cea62ecc0e31b31679386dd3f01ada3643,ecda508b7f0ef956dea8b49a801be37522020f99d34b1aa3f8b4d101440bfd3d,dup_ecda508b7f0ef956,1,True
nazario5_000761_6dfacd181e05,74022f37e3ba1318261a93b858671200b17e66141e6db7833c93d274e0213225,ed1d63a10444e1bfe4e96a95dcfc0ff139b02dd78ff2e448203567b2d1fe50be,dup_ed1d63a10444e1bf,1,True
nazario5_000762_fc8eabaad6ce,59c9894803af41acb38ad301cc710e8418669c3c280786f65cbee7fc5b311949,b9255f1643da18a1793bcc30a5976696f4aee435ccc7677fff7f36acc801830b,dup_b9255f1643da18a1,1,True
nazario5_000763_c82bab7095e7,f6fa3a8b67cbb2ae467c7fc7ead5c6aaa9ad8b128c12ccbbe3f6e8658e19a7a4,22b6a51b343b3a3341621d9d6c3c651ba38de834c561969404d54e175c80332f,dup_22b6a51b343b3a33,1,True
nazario5_000764_3b898e98ea48,85dae14969a67aa70f5fa7c6af9bfccd2a8debc5b785b94df12b4e288d405bac,4bd67c781b8953f3da7d45252638255fc8cf8e95c58b0d0fbc2281a48247bfbd,dup_4bd67c781b8953f3,1,True
nazario5_000765_9c0bf3c86217,af561d2ffe1c18fcdaeade128d4fe447ce5c029efd216733e33ada78554e594a,0585ef96e5f2f461f1aa1597aab40a304c4114378476818fb97b4b28e90aa1af,dup_0585ef96e5f2f461,1,True
nazario5_000766_6d0ece30ec00,71e4e0d0f13408c37752b74b5f41dc90206145fc2bbccadf9aa97caa6f8674f4,8d9e9d4ed41f7f348a0272d09a549a6c125946763bfb910a78b0daaae1edcafa,dup_8d9e9d4ed41f7f34,1,True
nazario5_000767_ae31629555c1,b56e27df99d31af21c7b3c05a2cec482cb0ccce19a15d0f0856ee6f2c345334d,069aa7eaec25bc10cb8d0770ae83bb4e4e76d3a9bed1853ca3ddfb0a37e2b95c,dup_069aa7eaec25bc10,1,True
nazario5_000768_288eb673b58f,d4ebdc0d5eca6512be7faf33184b166de3f36609918ee24492c134de50bb5564,2f08e8013cf4eea6569425bc96f7b7ab3ef3dea76b4a5e409dc37481db5d7362,dup_2f08e8013cf4eea6,1,True
nazario5_000769_e3d608ccdcfc,5dbd0b77ba8b9d0131bba1a7de1e69b23d55355d08642a564fd47f7ed8ad0792,701159833103378b222bccb91098520ee18b833d85a25b47d7ad26da614c0e51,dup_701159833103378b,1,True
nazario5_000770_1208a3b118fa,ff1e909ee329c23e6848bc103254f6c627f705a1ea89800f7dac811c452ccde5,71a082eaaccf8e3b904612066cc7386956093394ce504f7af7db55474d3ff8cc,dup_71a082eaaccf8e3b,1,True
nazario5_000771_20452ab17a76,d44e1aa41665c8e2f6c9d56d856e4303d86867a05d8b4ce73df5c0882ac8a78e,9bac36839a9f01316f3d23f6bf50cb73f3819572b6d73895c54884503d3871a3,dup_9bac36839a9f0131,1,True
nazario5_000772_421cc2a31c05,7c18dc95f8144542a751a315b2f4c0878b6251abba40a9dfc3277576e2ef68d2,b402bee5cb00050db834bc791ad60bc385f6b1138145fe3816d5d0741fe37040,dup_b402bee5cb00050d,1,True
nazario5_000773_4eff8c114dfa,443dec57a48c9dd206c3d5bee31e5f0eca55f1cbc07315a823924c8e0f1439b4,9552b1dfab247f8d3103bfa9a2872db76a747d3081c08ca7a02fd38bbd247650,dup_9552b1dfab247f8d,1,True
nazario5_000774_6251c004c890,fb74192e1e19a651282e9d8363c553c4ddf057dd582aee08c9daa40e1d96c928,5cf7b8bd2fc7318228f5c9e7256e13abb4b7368c4b48e38e3f367bb67ace4a5c,dup_5cf7b8bd2fc73182,1,True
nazario5_000775_c214c5ee91cc,8ca0603ba05f41dda5e68cccd2efee0f10ab98b5df91482b122f8958023898e4,913e3abb7aef32b5b136bb87306e09ec488cd406ca1c08ff373d72e4ce9852f8,dup_913e3abb7aef32b5,1,True
nazario5_000776_010366e237e5,a7693a7beab7e12ba8c495685115bf2309961d623e2081356ba7516d83a66eff,c5fcdcca85a89eace875c70c8f585ff956db367eac38e854daef7e0aa9db75ca,dup_c5fcdcca85a89eac,1,True
nazario5_000777_452989980af3,e350b85b4a70629c207412e565219e8e0af2a93c05dc3d4b45081e81e7de4513,af59810fb1f62452e9501a20afd44808f26fe772c23d356b457aa90b5ae19dc1,dup_af59810fb1f62452,1,True
nazario5_000778_d20f82c9a351,e6f82e2796999f7f7675280cedc98425e766ef724e64d3077fce43447a4d1c9a,a66f217a9db66abfbc9c660346a7f0d4dfacedaff21b20e236586ecdff3cb0be,dup_a66f217a9db66abf,1,True
nazario5_000779_95d890e90374,73c00c664e6b8b30852731967f406b51547851575e3f8988ee8ffeaf2fbe0e25,a516df07794311663e99f13af4397d45d20a72fd0aabb471fdee424091a817c5,dup_a516df0779431166,1,True
nazario5_000780_8cca0e4f86ee,707c6e3467c7e42b4a3c40604225759f129795fabad1fdd4222779fd45592e7f,6ec83ec5e43af55051db35778fdd226a604849d46d9c322f740cb8c5eb28b476,dup_6ec83ec5e43af550,1,True
nazario5_000781_c8597a3cf15d,c0788a87a9a90e29f68af7630e6370e0fd1c78b238fd7d006ba5beac90fe3e3c,df81e5ba20721fe63f5eb6ce94d70a189b202e4eb466b06f50c6b1cc3e6ac116,dup_df81e5ba20721fe6,1,True
nazario5_000782_0e7001d13378,5c748a88b5e6db9ef01538f6a0bb62824c2101bb7a8af3c43a84e4afcf38f0af,74dbada12abe4b5a613353d30643ac91f2cf8ad360bd2139ab60ace0790ea562,dup_74dbada12abe4b5a,1,True
nazario5_000783_94bbbfc43942,ecb342ccc1319bbbc1a9a932c311b1238d6e06caa0a5cce3184fe53b7c70f390,887ba135655a5852ef0d159cf51850bc71b07ccb2769fbf4068716a493b8f943,dup_887ba135655a5852,1,True
nazario5_000784_57d7d130e83d,d8581a55ee25ab8ea9ca5fd99cdd675899e0d946c0f50ed64d8c8ba87b65b9b8,cfa35860cf7e6b8521e4f869cc523f2a7fb7959fb8fe2cbfc0a1bc4372f14426,dup_cfa35860cf7e6b85,1,True
nazario5_000785_f6aa9aafefbc,4054e2d06f60bde9f53ad5840e3863db1c5d26d5d0a991e8eae42b5b90d64d92,336a704561461b43b5d75ad02ceead9c2d60d9bf12590c867cea0a27de91f882,dup_336a704561461b43,1,True
nazario5_000786_32dd46a0f54d,fcaff42d2cd197e687f5e4350d6a28f40ef5d1e9b0da40bcd991dfc7e87c9fc6,a4ea0802c548a0eac86264bad0c64aa4c7c74d633e1df2202edd83933e8f84b8,dup_a4ea0802c548a0ea,1,True
nazario5_000787_d6b0ef6d2f08,3e2538f31ec6bf5df9d82615e5edfc369c4ae8d47a012561f18929977f282b36,d2de6799921418cde0a0d593b3882ba5cbc93e3a2e8e0d159f28732c6148aa17,dup_d2de6799921418cd,1,True
nazario5_000788_6ff905fddfc8,b7a7e6e9c926ddf9810792f631d7884bcad1dcb44e9fa1109d0e017f29f7634e,aae359d699b2b7e676f5760bbae7c57108ac85b8db2adc9ab3343e8828a1bc6c,dup_aae359d699b2b7e6,1,True
nazario5_000789_ab2b0c0c33e1,ac7cb3298e15db2dd03c61c75a1faabcb757ac24db7ab2c7cad2f924f833699d,b3e6c20681fe8366e507196896b0c45be7de908f297a5938b38a4625ba1479ee,dup_b3e6c20681fe8366,1,True
nazario5_000790_9e55c91c9340,098e4c44b8218f8feea6d193548a598e017cc827ac489f624c010dcf8e2ab68e,37dee586fbd1fce90204d4e926b7985cecfcf422d51f5e00bc1edb5576b64b84,dup_37dee586fbd1fce9,1,True
nazario5_000791_72c81fd58497,95e0295ce89d41cfb6db4a8ab1e50e8c9f823baf95d5d38c0c49d4b7ce2f7925,74fc0fcc9c3e4acfde88a7fbd63d6e5ea84c66124ad7741f8d89b6ad437839df,dup_74fc0fcc9c3e4acf,1,True
nazario5_000792_a6fe24f5e002,651b19b35d95b14bf171304464b356d45d2b4ba4ef68473ae05bce23cb16b576,1bdd7b24ca86a1fc42c99244dfa6441ef05417d59594ec79e8fde3a2195c7d82,dup_1bdd7b24ca86a1fc,1,True
nazario5_000793_ebcf68fcbf52,a5a423eabee6c080fc2217284ed6f60b66bbcb5f2ba1e9aec4bcfd97775f5c05,dce654f8b06723120e59d9093359a5399f11c36df541e87688edd059e8e2c998,dup_dce654f8b0672312,1,True
nazario5_000794_4c64d12e527e,9433dfe4d18d06472956569e7f1891c44109a9dc8ffce31b45d5a8fa23d3cb11,0d2dbab8b49d9e8358d98e6ea1e6a90e8e4b9e6a72b2fc0a60f774ec4a2ea7a8,dup_0d2dbab8b49d9e83,1,True
nazario5_000795_947c296b8161,cbde7b5f32e546274c4a05b58ae6b8a8c92c6b99e447eb57885ad99e7e739d55,c81f039d608d212c34b5e305c075af3c3c8f643c7f0ca6d565b626c4ecc77eda,dup_c81f039d608d212c,1,True
nazario5_000796_ceb4e81f5532,ae726bc401f56fef807b2eab590ec7263eebbf3a74ad84bacb57ad8c16d7b73d,c34241648dffdf2c7aebb7efa115e8d2875bf5b0804324f361254025fd0c9e1f,dup_c34241648dffdf2c,1,True
nazario5_000797_311e0ac7981e,8e77e0b49387d77a42219c28d583e36c89748ee86e34014aee483b965c4100e3,d3bcfd89e3d006b75d461d5801df2802cebf19e03975fce298fce3f49029d1f5,dup_d3bcfd89e3d006b7,1,True
nazario5_000798_30f38518f083,b9690171ede73a9b550deb412abc6e3025d5e66917fd24eb2ce3b15c6e265b83,7895d559d0e7fa6b07145969527205fa15d4151df313e16d466c652e8aad4fd0,dup_7895d559d0e7fa6b,1,True
nazario5_000799_5e8965e202a6,70e0c9191668e34961008aa9727df40414e95e926eb3640b0300847e0b6fb9c1,032cc461f7f4d86574643d9aba6bc4445d42e36ce978a675c8caa184794b5ba0,dup_032cc461f7f4d865,1,True
nazario5_000800_44dafd0aecf5,cea14bcaf76b9a0c8aef73c458c0cfdf653ae5bf595f61d7d813b729073b60cb,8b2fbb6ad2d42779047f6a9fe784771df869ea46bd9e030970b522dfd322c1cc,dup_8b2fbb6ad2d42779,1,True
nazario5_000801_a79008b5353d,8722ad2136bc1d1e3840b97cdce0ae092ab837b387627827823e5abfb51c4117,0430dfb52125a7514754938d4d4a5f11206be7d1e9aa47cb03dfc4358c81dec7,dup_0430dfb52125a751,1,True
nazario5_000802_76cc7315d5d6,01d47a677b83baaa8c3d75ba79c58543424bf44ee2b436ddfb6a3dbe09dbe5f4,dcc6e06a0f176d75612fc19a59c84ba90774c9d7f10726e76a1a5c72aa4c574a,dup_dcc6e06a0f176d75,1,True
nazario5_000803_b4e4f6d8174a,4a21e26a9951ac6c3bc39e6af7dbe031252665e6ba7fa0b8f3e559e501bda691,13344b5b3a8753190b3b451ef0ded7b4be34a9e4de0ccb4c5cb86378f0c441d3,dup_13344b5b3a875319,1,True
nazario5_000804_688a2fb50e5c,7e82d5f07ca482096fc4d8e7edbea043351020cf6d1c798e015c4b090513753a,16d90ad2b18b083b0fa311870f3e704431777154b7fd534db3aed7d6f1cdec19,dup_16d90ad2b18b083b,1,True
nazario5_000805_2edb18c6496b,e3eaf9c1102ec55d092274111e72d92973ad9391794fa0799d10d5f892c2b222,c54391e05d210cc556543347d1846f6f0eff15f6a8f1d077f711e6752b9a4df8,dup_c54391e05d210cc5,1,True
nazario5_000806_346ea7aabc63,c01a4069cc6ed5b9b43155671e8d199fe3e22f05920cf3b7f207f3bf9c6a140f,0cb824d3da998c116e98ca776c5eb7a5b60b1f7ed27950b481d1ecda7a465a29,dup_0cb824d3da998c11,1,True
nazario5_000807_85e575bd9445,e1b3b135fed4c7c642308bb199a22a10ff075ed92565a29cd420ed712c820438,430c691071a516ee99bd67acae89c0d4cca0e91a1b1a808f4cc6fb21b5a9f9d4,dup_430c691071a516ee,1,True
nazario5_000808_8f327dd02f24,4951e244c27750ad8c0845b75ebe0a2a28d636870bf6d45fa52e859ace727be0,66bee24e8467b96b9c6b4a9092be1a24410842da5ff667448a8f14c1bf0d4225,dup_66bee24e8467b96b,1,True
nazario5_000809_c98d27ffdace,580c5b605d22c98c024895b8967f3fbb1bca6243653b9e51dc927489c04e14d0,716188813dcdd47768439eacfc27dd2bb902efae69159a3e0778b31f07cc48f5,dup_716188813dcdd477,1,True
nazario5_000810_ba1f46173ebf,fb82f967df93f837a894f8472c63b9fa2673bcca2ba37712acda4edffbe8fd6e,aecf15a0897ddf6a56481d3c2bb68139760443be5d94f12b2e10a8e511eadb9c,dup_aecf15a0897ddf6a,1,True
nazario5_000811_1d71ee15dc73,6a8748b93dc71da8fcc7c5240f24d7a821d7b2df2087c3228c0f5e88dec55292,ea4fa1e2389fcce3fdc4167392c29a1de83fbbe580b912c3e96a666e9af58897,dup_ea4fa1e2389fcce3,1,True
nazario5_000812_833181f2336d,5b6c30a5225bb55826c2b2c467892ee669c0dcd698eb4bab7fb6251de1466610,8a358a2d8a400fa0ad591518a4eeaa926a6653fb10b03da84b91fd6c0533786f,dup_8a358a2d8a400fa0,1,True
nazario5_000813_6b23cf008886,46728952f748b94be946107f7841fa479ee987040b4186767a20fc71f18731b4,d1fa56efb4edf5f3e33464f4019650e1ce9e297ed5eb343ecb2770297d1e1530,dup_d1fa56efb4edf5f3,1,True
nazario5_000814_b65aaa547f71,854d9a9a805b314e31255a71f9096e8a585027a775158a351fbb6bdee2587920,6f2521b15d6e22f1f7137a1b777e6dcf8f29afb6154ed257ad5f9a01250b0a37,dup_6f2521b15d6e22f1,1,True
nazario5_000815_49a5518a2041,56ca7c33224b1a2c92bc8d3ec271881a84412af898c872588fee860208d1b1dd,59f2d6031661783883ce9ca7489b1df82f69287a200974b7bb5f94b668af7d11,dup_59f2d60316617838,1,True
nazario5_000816_781e4a43340d,28def3e71ca533d627c69ebd788e78f66cfadc0ede2401def033fb48c11a844b,8e376bf4db4119129bd47f07afca306dff23d8f3d44b23719c33c4987cd2eeb8,dup_8e376bf4db411912,1,True
nazario5_000817_051a12833c2d,9dc43a594c2890c9cfc25e5702a4e993d48ae8b102f3b1d8b7677206af4536a5,dc174ee16919b1c1cc41bd5733cce5ff1a5ba1cea9fe22c6c727cfb2b52856b8,dup_dc174ee16919b1c1,1,True
nazario5_000818_71804d9a1b27,183429ecabaa17326f393aeec85b56735a44775cd4bf4f23d98e0d9575e4a656,ca7fa8dd148cf97838c0c4f272da3eb308b24c5b4cfeca44edc931b0447ff74e,dup_ca7fa8dd148cf978,1,True
nazario5_000819_e380dbb60d5a,26561b13c900372bef0a9e5018dd521dd3152ad51b95145b483ba30817091a8f,63627e4e20a03a654e609b435a9f03a02904455cd19cb7aebcbf44ff3ef0a2da,dup_63627e4e20a03a65,1,True
nazario5_000820_4120e173152f,57eec7ec98b4fb31ca27f29fa35f669b0974c4c0c3b11dafb581132aadded047,6c6d2738a2196134d43c8a80b4580a38625865e79cb4d07313f0976f1438395c,dup_6c6d2738a2196134,1,True
nazario5_000821_3f7c5b89df7b,c8ff89b54393716e342b6dcc5b78ec936061f7bc2c71263d55cbafd990b307de,5b1a0997e025a74c46234a637e7c6ed68f63ccdca02160fc3c9bc97336de1da4,dup_5b1a0997e025a74c,1,True
nazario5_000822_1d2a976ea4b5,788d2ebcd91749b64ada32928f756a4b10ab8ab035ece5a866d2c61559edf676,6a94c1b2114a689d776c4445cb758d6fb1a2cc72406aa0c8470515b5492e0f08,dup_6a94c1b2114a689d,1,True
nazario5_000823_9d206480fa07,7a83ac4a5a3857bd30f76b22517d4dddc4786d9e37d7cd120db2e276c78b0260,b25b5d39dd9516f285e3ede0f6344c18fd897801386eb9e51dd893c379a75149,dup_b25b5d39dd9516f2,1,True
nazario5_000824_a09ec2c4d0c5,f5785e147fa8b6efbc81488aa99114442e84a591b5b35454959dc7e64b49bcf2,f4d12055faf36fa0175bbe263dcffdfe0368d2ff83630a3ccf30d0a417b938b1,dup_f4d12055faf36fa0,1,True
nazario5_000825_34c1aa6031d5,96492d569ca3fa07b875bccccd9846169ae5ee814786d2f39f6b63293dd6f65a,fe955d3aec2a01f63c58a369a8111cd74ded116f8a2ae641be34758ad9a2349d,dup_fe955d3aec2a01f6,1,True
nazario5_000826_51fe060f68b4,35baf6af002ed3fe8654a4d59d302890fe85fc414dd1a2c455d14b7de8118742,6330d982fd025421d7819770d8c3e5c8ff8cd6513253543af4f61fcb2dc60f5a,dup_6330d982fd025421,1,True
nazario5_000827_5e1568b208bd,acca62c79d444b60850a528d53fd1291594b69ed000ad7273b217b3f3cb808be,1add2a703540b3d11cce1b74b04c51d5ac9159cdfcecb84fcefd672fa70843cf,dup_1add2a703540b3d1,1,True
nazario5_000828_31d9af5e4d39,82670ed9e081e6b02ca72ea50a9d2184927bc557ac894231b65bca700284bd6f,ed8254fea12f277d13805b2fec9ea6ea7d24941bc081603e620ecf7e72bec044,dup_ed8254fea12f277d,1,True
nazario5_000829_01463cf8235f,4506b6c114afee198890c0e7e7f935b1c2dc37b7ee4abae44a7f8137af602c3a,bc75e0b905023259a2f76156a6e049ac81c838b38588f449c45d1cfd86ba3ccb,dup_bc75e0b905023259,1,True
nazario5_000830_66dc7f4691e3,2cadefe07fa5a30a9bdca6ebc5c62d1fcf67d0736d6d8ffcd50be3c2f2d2b0cc,3ee4755656f21db2df45de7c66b5536a92c05f0d8faa520d05a0d043dec8da8d,dup_3ee4755656f21db2,1,True
nazario5_000831_b0fd24c6f25c,b468a02885fa2985bfdf11de7792a7497ec9cfa65cd832c5b3bd3790e6248df4,0d640f44f557f2a1878a2ba5c7e4a78ee0a0cca57ab5618e50563185115d1ef7,dup_0d640f44f557f2a1,1,True
nazario5_000832_ae079165ac44,f0fe32893ea8b4c94a1f1cd47a773f134616299ff2181adad684be4457a13248,ea6d36fbdb1515938a3b123c3285f6d05d22444e40fe16e8a47ff52c13a852de,dup_ea6d36fbdb151593,1,True
nazario5_000833_808629c20033,c4f60540344e403448c0850b14a4cca6d2bebccf130e17cf1c4bbecc19c51409,5362303cb96e0f5fe1a44b7aa1b07e745992c52a8555c30187e83646770bfc09,dup_5362303cb96e0f5f,1,True
nazario5_000834_f007a4cc7cf9,0e999e875f41cd5b5df8cb4f1d8034b8cf9242d4de0e1b6edd334f45d0450de4,e15a74d80cc86c73309c1c24b26b230c5e3af3297b888d5c070a9fc3ede4b9fe,dup_e15a74d80cc86c73,1,True
nazario5_000835_073fdc20cdaf,dc6a36dd819a9a72190c21eaecbf6e0dd3fd0db35658241e8dbd6951894a2017,5b2a17b98e6c1f38af7880727c9cb5681ddc6f195c70affac635aa302be00822,dup_5b2a17b98e6c1f38,1,True
nazario5_000836_1a4a1f50e3b3,2b40659384c69c2ec11adefd47fcee59e3c887faeea07afb052a8ba1ec28d778,b9705b633be59bd4674187b52316216810f87456de784e168517879531054f4b,dup_b9705b633be59bd4,1,True
nazario5_000837_c72cd4b05dd3,6bfab14a12b21d998c5d04b5bc72da875cca5d2a530f740d61eca6ce3dc16255,c61be2fe6e9a9fdcf692a2a5ff5368d9db5278eb0eea0418d6c8fcec9b85a014,dup_c61be2fe6e9a9fdc,1,True
nazario5_000838_32aaac3f2267,7e5c4696cd1f8fc2fa3562f671fdf20c8118e22b2e66ded6f086dd847e56192b,cfd47f560fe08905e26518e5f742d230ac17704cdc1d4f4fa6f8618c190490ea,dup_cfd47f560fe08905,1,True
nazario5_000839_25c124ee0462,7672253738691e2ab2ffad31382c870a4a502f6b033713b4d0fa0721414799f6,e4cfed436b1c98853cf57e29de218ccf93d7cc42d08877f747ae136c924987a4,dup_e4cfed436b1c9885,1,True
nazario5_000840_63887d37a036,6be9c224e610d8caf93c282706f0106f5f54fbe699140042dd3981397d499f8d,451cc972fec62f83805d9785eacce4ef24a101208e62a3586773ada5f15ecb16,dup_451cc972fec62f83,1,True
nazario5_000841_0aa14886f926,4ab97e29bfa92adc861299426c41f2c7ca0d7513fb85440ed411b6b20a973c4e,489a52c1b0d8982ab6fd049aef603b5bc12e63b6135f21be630815326c517bbf,dup_489a52c1b0d8982a,1,True
nazario5_000842_36e67a689cf6,a3af886890b112741986e7bc91cae66fa23779610effac1cd1c104fb17d5c329,c76700f4d6c1030a96eece87daaa555992d39a3f91b225a3e93a1fb9c3471f30,dup_c76700f4d6c1030a,1,True
nazario5_000843_2bcf443a295e,5ca2f39b23de0bd740435021aa5f421182e6f01af0dcf4c8b364717933043845,d5dcefd39453dffadadfb9c8f3cf65da854110df517183ff4cf94576bc0aafbd,dup_d5dcefd39453dffa,1,True
nazario5_000844_77fac1c4cdbd,cf4564e774c9e5c26c92af927ade5bac4368c68f60efe63d3f69bc2ae0ae50a8,3bf64e2c396bce0dc2422400367fa8e922e03cc87b6b0fbc830b22a71a401b10,dup_3bf64e2c396bce0d,1,True
nazario5_000845_eeb44b9e81b9,c6dc5ad69522b6474065a317542b979a7a6c2136032352bbfe34d7c25ff50cf9,1825ad4f9ef519255abf56661d02c325b796f284fbbc820546aa9e80c9287603,dup_1825ad4f9ef51925,1,True
nazario5_000846_7d8eeecdbe09,59264a6d8e361770588b731563ca5fa75dfdafcec0e3b148a0f28d96070c160d,129dbad4d7dcce2dd87fa11ef120cfd86f446028a098f13e2271f46f026be17c,dup_129dbad4d7dcce2d,1,True
nazario5_000847_919ea074f4ed,98e64b8eb58de2a2fb1aacb6c80f9dc0c155558887140c50b050804f2f3e61dc,79c6408e33215598f8fce2fe090ab982eb94990aea23c6cb1563e64f7c1bc872,dup_79c6408e33215598,1,True
nazario5_000848_257d754843c8,2e35ef1caf573814d59ba8277a126c9b732c23a21f738a5ee59040621a642a9f,f6878aa69b9e4170de12683c298c061bb6c6bdb7bf884d9807af4954f69e13d1,dup_f6878aa69b9e4170,1,True
nazario5_000849_2f9a0a6580d1,0f8d864e44fe72f6ba7047e7ef3956cbe4d9a59b719ec7151b7c920a391d5752,9bad71180cef54e9cecd22c56bdf1288c11867b17ccad6f4b66de086a27bf843,dup_9bad71180cef54e9,1,True
nazario5_000850_0dd84a3affd9,adc883295a49016d761f949fd5d1cbc2c984c9eb83e7100b34ad492df07f4c2e,4bb28910011b70ba33afee8839add27790f21f2a562dbd611f6b70b06e46fa77,dup_4bb28910011b70ba,1,True
nazario5_000851_5c44acb76712,23bfc63fbe43c895042f19061b46ad27f54d717134824e5abfd085a007124e47,3efe144f2fa71e1aac245d9ba5b382f190aad52d7d7b59febfb8001268d69e32,dup_3efe144f2fa71e1a,1,True
nazario5_000852_b9a183c05e47,4d71bb0d572cf428e2bc10b683df49e21b69a12e83069841459a32c6d799ba54,ba6a10ef54e01488eefb4700a13ea694055e65fbd5e620860286ab8496571b55,dup_ba6a10ef54e01488,1,True
nazario5_000853_697d71bbb8ac,ef89c2fef1e5fd4f1c8e3a38b14e4958acf50c14f644b5619391009731e46297,177a7941ab0508243f828352bb5966051a8ec86cb6797be2c3a3bafa8edc8404,dup_177a7941ab050824,1,True
nazario5_000854_a21b20229691,1589a0b7e2073b2baf5347c5d45a9b08ec8c6028510a9ed18e8852cfd708e6d1,c5a6686ff64bb6e9579f2c7b0617e83d77433dcc0c11d043dab49317d5c4f2f4,dup_c5a6686ff64bb6e9,1,True
nazario5_000855_b13f52d0d32a,a1edf9b60bed9478d103154306a1fee0e044480dc9255933ec6cd3b2a5af0e50,e3c16a1e5394b2095287dfcd4b920b2fcf60a731cb29a8544297c788b4f5a9c0,dup_e3c16a1e5394b209,1,True
nazario5_000856_033bdc30a08d,9c9391eb86a56cc22c19ca527cc87dde6ba818e91383ea8efbf4c18424dffc4f,68edfe0aa6f25dde2c580e1f9bd894146a238fca5cab60159c7affdc0cd813ec,dup_68edfe0aa6f25dde,1,True
nazario5_000857_624b53789467,70eb7e677557b456bff959ecc7d4d920f5fa1a4497b8af64683d316f7ef0efa1,33de41f448581eb65b85298d0ac91c18aba8974e55e4c3b7f2c13eebd3499f84,dup_33de41f448581eb6,1,True
nazario5_000858_5aa38d4c04b7,2a74e986417c1e08c76904099f51d6b8e4ba3c4316846a996a43662c2a1bd104,eceeec58f18075e27544af77a56264c8e13d23eab47de56249e81d20e70fe1a5,dup_eceeec58f18075e2,1,True
nazario5_000859_1fffb7e1013f,20171909a054bf58ff5909318b0e5b0a26b6c4d6addcfa0fb49e3734eb2d4629,ab23f35b3dfd19d95251a13876b8264f389bfae519101cfb289e15d43d6bda5f,dup_ab23f35b3dfd19d9,1,True
nazario5_000860_5bb2c91f05dd,6edd3d0af24d299fea1dc03455f38e518daeae2b306e9866c57f9b3885e572cf,90fe4bf790f8dde26def2c45ebbbee7bc6794cdb1798559ffbd89a030a2455de,dup_90fe4bf790f8dde2,1,True
nazario5_000861_34c7f3e6322f,33fa8089fe44319bca8affb6ae36224a77f2d09062f8abf88955c0b6e101358b,eb5ef7eb491c0d0d06cece9d12d664bdb16287d19f41183817ad1bab5a06aa36,dup_eb5ef7eb491c0d0d,1,True
nazario5_000862_9c487e36a627,de3d5adb194181cb584e9d21a41c6f2db52464a5965178b52ebb087aa0ca92da,3ce7ce7180506be0da0de32653ad58edfe02694f2f1fed3c60a16798171e59cc,dup_3ce7ce7180506be0,1,True
nazario5_000863_675248fdf816,c26552d9ee04a743124d87f350b19b6079971ce0054e30a638b69e4281226bba,1ed20c933f2a970f17262459d6ab79aeef08e55f4dadcdd6d5164ae2e4447eaf,dup_1ed20c933f2a970f,1,True
nazario5_000864_1e6e743057ca,83ceaa76e6536febfa901528c3de7c97c4685039de4fca031fd96dec5905e522,af62f7192cf5937a3553f885c905862f887027e1049ba4ec02af312ff235b960,dup_af62f7192cf5937a,1,True
nazario5_000865_30985e523432,7948d7f4196c7edaa179e4afbadcd5536f1d3364094168aadaf779b512953643,5f2e13e18d1aec5f9d465559e7b1935bd758fd1de995ca5321adc44ea603243a,dup_5f2e13e18d1aec5f,1,True
nazario5_000866_809231be4236,eeb7110c465bedcc358b7258a9fa18aa75e0b26928a278c83490c12bff0b35a2,0f089cf3e6eb1146a07dc1af67ab567d4807f3d960703dd36b790d2cd2b63ed0,dup_0f089cf3e6eb1146,1,True
nazario5_000867_6447655cbdd0,49a48becb26f7c08c735079def3a3a5757561c4cfed8e503a067a2d7f9eabcf1,5e9852cca1df18dff0698957f3077fec812cb89df06664a24aef360887b19bc4,dup_5e9852cca1df18df,1,True
nazario5_000868_deaeed188335,720016d2d50a78fc1cd08b4e5614884f2a5afde34b46e36d5dc35656a9f4ddc2,87e59ba8ed11e0eb24fab997d3fdad7e5a72db4fe58f5427cdc7bd24fbd8edc1,dup_87e59ba8ed11e0eb,1,True
nazario5_000869_bf3cf892fe7d,99ed973fad5fa95c87e6ad268110f5a8e777b907903095537cc3d360ca47ce59,de067bfe36971873be5fe55e4e8ca30b571b4967bc9651d727139d4d6757f6f7,dup_de067bfe36971873,1,True
nazario5_000870_d4ec80c0dd5f,f6517a291686840772ae1c0314753cda44b4c14fd4d8898a84e1c54d1e2f555e,1d60bbc94584dc19843e8a0f60f3b55866d999f920102b9809417215503581b8,dup_1d60bbc94584dc19,1,True
nazario5_000871_e112983fd19e,29457effb3173ff38ce01efca38b553e5f8bc1752c2ca3e7386bb2fe066c3f8f,0913b5f73a127be021a2aa6b717d11c0cd91d70957ee31d31bc6b400ca52df48,dup_0913b5f73a127be0,1,True
nazario5_000872_7c385a7bb5e6,aaf79c3c15bbd18255fa82535352fb70f594a1782ac47c49546dee8d8ecbcb3e,75713172bc61cc38b4f06cbb3e185d5880a2cc737b997b4c8744be4910f88362,dup_75713172bc61cc38,1,True
nazario5_000873_582f83653bbf,aba955053db5be67fa4b24d918feee742d624d0b8ba79ca9b7560fa9ea400fe8,c12495e3e64f3c0c9d1c314c26d031f651bf95bd462944bb3ebe032a8211ee19,dup_c12495e3e64f3c0c,1,True
nazario5_000874_cc91dcd99fbf,3ffb606011e204e0a8e23d67e05d33234264fe9a1d80bebe788cf6f3d1760ba4,ab008a1e991cd02ac9f4b57f0edaef98104dcc55f0428bdce7a7e16f47cf91bb,dup_ab008a1e991cd02a,1,True
nazario5_000875_77b96a2093d5,f4531cc6e79a1b0092b8e54b73553bb319bd71b658daa5e863646396edd2c7a6,0072ac23e9c9bf537d4ce95963f9bca6db93c75de363db75588edb56396bb793,dup_0072ac23e9c9bf53,1,True
nazario5_000876_3dbaa0c45f87,f60b51a30a7c855a673f6aee27b1a6db8ec37aa6c01a2f1ce819278081a5d2d2,dbbb2fda6f49830fe9a4fec57fa241377699a5df4aca7175629100851cea1e16,dup_dbbb2fda6f49830f,1,True
nazario5_000877_4a692b17e90c,0332925a64ef66038115ec5a0e1e5cc616a13744540ef60e0fa69dc3dfeb236b,7791d6b4f6e3ccc758d83e1a299a30430444cf6bd26ecd91451c5f6d210e0e69,dup_7791d6b4f6e3ccc7,1,True
nazario5_000878_0ce8efaa3c2b,254af6e48e108f2620ed61e68846c547ffd34590a9badace5821e351ddba7982,17e46770223f49ef8900c0cfc21e5df9400b1f1942e12cc4aa10c93bad3420f2,dup_17e46770223f49ef,1,True
nazario5_000879_34d6eaa1b5a6,7fd8c67d357fce23954b9cd191684e7a185436c77a06af244a52a2c0edc5cb76,5ad0b8cad1e942e85baa6b47c0521a55647331918d720d8703c83d5e2824ac43,dup_5ad0b8cad1e942e8,1,True
nazario5_000880_0bff3af77270,203025191b84cf68fe5dfe3b4bb25af45e772c6212642550324e0b61c6572b73,46e69ef24ea6ff4f52ae8033cd00d6fdcd821a8287d62804971b9aa0bf4cc1c2,dup_46e69ef24ea6ff4f,1,True
nazario5_000881_60df738793b6,1e39c43121ab75a7c6a5b189a013b3fc39f1edb8174618d209d6c4d5fe1231b6,eb3fb21a9973e04b02e3a21fa0bd0214554c45f9d92e7f08c248441f624c53b3,dup_eb3fb21a9973e04b,1,True
nazario5_000882_351142856200,d4e86356c4aa842ad9cc47527b4d30e59016d6d36d99733f97775d06db94b283,f1f1485d5e2f091bb76900c9b2a280360e953b9ad761d43b906cecb77c618b8e,dup_f1f1485d5e2f091b,1,True
nazario5_000883_bf9dd7fef2d7,87f3a919a44faf1e83aa7c1a68f22924661039d127a8a319daf7bca6d018e50d,911ae23b6b471ec73bb3999ae6befb6f4222928be5def50ab7fc34b3e9566cad,dup_911ae23b6b471ec7,1,True
nazario5_000884_9b63d8c08dd2,38a80d75ac6c92b66c4151bc59efeb7a912ae613845867f511d58b2107e4a6eb,e748f2b0c6381f3470957605406227c9399cc813a97dcbc8d78c38d189cc8953,dup_e748f2b0c6381f34,1,True
nazario5_000885_517bd61e8217,84cf5a1df35d4c6c94b153a41e7ca16add89177743e4ee2907a0391fa4eba04f,2f836e90900a55364555ce256b3065276eefcbd24bf8e40df86dc89634a8cff7,dup_2f836e90900a5536,1,True
nazario5_000886_262f79e57259,f10914a027214e4db89827b07c0b529fb046d026404a83a552d6930ae76e1a16,4adc6bea4c24f1b006e6507b9b604cbe4793e0020d3513d97ffe494ab19cbf43,dup_4adc6bea4c24f1b0,1,True
nazario5_000887_9bf2227e40f9,9d6f535da217802b595486a78930579c3266b02c121ff497b743938b1bd14056,e2eddce52d300f29db76b8ba895feed49814346c6e53046d2eb4d81204725ffd,dup_e2eddce52d300f29,1,True
nazario5_000888_3a9c1c767498,51c36ebf8d8dc21dc534f9f9f9dcf81e8994538237f09f1e935786ebf3396e5c,082d9da745823add2a7266d464b76fe39708a76a5ebb396098aca02578b6ae94,dup_082d9da745823add,1,True
nazario5_000889_fb30cc434638,3446b3e51ae597a43691f8ccc5100ecdf9dd73772d30cf9ff476404090aa5dfb,216578299166b086afcfb0471cacee6dc1e92f312a09e893271084e3117f35b2,dup_216578299166b086,1,True
nazario5_000890_152d67670ff6,ef3fdae5f0a8453e70a943cd65c476ebeba54173ece0b56461987a6fc878c9ed,8605c91bf682b6cd35d8c915f01c48d8410e2b5a86a85a621ce0830530bd385b,dup_8605c91bf682b6cd,1,True
nazario5_000891_da5a017e9195,ff565a28456c6e7b51570377d4fba3949942ec59eacf6cb157370ed11b7e9d01,e809f804ef604f321e1d8180e316fe534dc869c8a1f3eac60307c458ed80d7b9,dup_e809f804ef604f32,1,True
nazario5_000892_d30252cc8840,80fbe324833961d993258be240eec9497c5cf7972b1979e416897b333e95b3d6,2dad1941b8e17cea4f83ea8bab1e239c49eb367c8a2dfa73c700962727f5856f,dup_2dad1941b8e17cea,1,True
nazario5_000893_291a76ea2531,b3d983a36c107ca5201d2dfd118f4a858b7747ad301112f29eab1267c4c2cb4d,7f281f82b3d4301eb90495630a56b18ca5ff4442aaece6476fc39e9fb38f0419,dup_7f281f82b3d4301e,1,True
nazario5_000894_5b1d9341abdb,c56f11e3c50d4240131a903f9b7018226e1704780ba06f164c40fe7c5560694c,1c82ffe107d4d918f802197a5ea262c62df65cf93072c1584d8ab016c2aa6e0d,dup_1c82ffe107d4d918,1,True
nazario5_000895_f44eca4a7885,6290f608bb3cbb5b31f557217c535ddc701c3ff70530ca146cfad5f9c8a3ab09,9a128780a8ea1c94237cd59ff0b91f5824e646443b56cdc5e3156bb542a32d20,dup_9a128780a8ea1c94,1,True
nazario5_000896_0d5bed0b8af8,c4cde747b1b3cf870aeffe49d7b30bd3ea5432069e076ef6b283d0ccc3d83b92,dd089df9fc067b7eb168c52e01824eb1cccd897662b8aa6aeea81bf2ba8a5862,dup_dd089df9fc067b7e,1,True
nazario5_000897_3138aa341764,c7babcffd7cce0171d89c2c19d96bd866e1d368ea63e72e59866276eda2e6d45,6db964e35e401e7bece866ea7e9196a05cdbc6a8fa3a36cd951758f130a92136,dup_6db964e35e401e7b,1,True
nazario5_000898_c84937d62c1d,40a5ba876730700d260e1e37d4a45c2c88e535449c032126cb0a2a260608431f,eecf17028eadf90ec0ab2b56e4a2b06002e69bc2263e48b197ca0e788d6ee47b,dup_eecf17028eadf90e,1,True
nazario5_000899_6ebd1f9e3237,303ba1386c2c2f94ce88b3495e3238ca753314ad6ac01126d259c162139b488f,2a75de5f92c47848670e7a00a62c02eb0531da42dbf79ff7e28945a8fb6a38f0,dup_2a75de5f92c47848,1,True
nazario5_000900_fccc8224966d,5e0cfa37b81c63c5a7d705ff066a05f3d67f2fcb81de72fd25d152ff63ae8cf3,88a7325180133158bd79caeb88c32846cd870ea74575e06b8c0fd8d7e105f2d2,dup_88a7325180133158,1,True
nazario5_000901_2c52cc683981,a640208daef2dfa5d903662864c5fba3da279f3b2a640f2172d67f362f35a1ae,b6283f08ae8453958ae58c2758f4a38338da2b72f29dbdf4e74efab4a108013d,dup_b6283f08ae845395,1,True
nazario5_000902_0632b29b975c,d5e6d97c6b840337bc164b6d9629702672f597a8207d365a1d91d05bb842d26e,5030b3987a80a70d864cb7ccd5c5ac91f16bf0aa90e0d8797b5b141b40906e01,dup_5030b3987a80a70d,1,True
nazario5_000903_213f66d44b4b,ac236ae88f1665269c435db0d7dc07d3ee336559a57fe3084d6528041232b21c,7e52577a55f5fed22b74cfea9f648a4e90373b72ba92086ffc06fc4ff92898cb,dup_7e52577a55f5fed2,1,True
nazario5_000904_d944a63cd112,515fe01157baba004ff95fc163d5cece18395de7a253aa6e9e278996858cc89f,c9badc064b97d2897d4d6d5f3ae67112e010cec4d6e53f7c4c138c17f50fd4ca,dup_c9badc064b97d289,1,True
nazario5_000905_4ddb7e66dbe6,38c17d51565a500d5189b31b667a5a71bb4c0bc6f2b8df36ff40755e13eaa58c,980142e5f834784e5a56c7464ed06ee0b15d1c2b27144433facefced10069aa7,dup_980142e5f834784e,1,True
nazario5_000906_97d408422082,3b69f9b4ce486b5cb8a9d19d3f37aa9d0cea2b071fd4ac1b5362dfe6f08f4b61,8eb64f453f2df73f91fe5013f9571298a31057b0922bc113d4c9bc243df67ded,dup_8eb64f453f2df73f,1,True
nazario5_000907_64433ad81105,46536d5a5a8376452c803034d47bbfbc24bd72bbf0d3e3705ea4c8d227fdfdde,1b10ab717eaa1968060516981ebf5a7dee4f87a250e8ab05a89ab91bfb2595f5,dup_1b10ab717eaa1968,1,True
nazario5_000908_e152e3493586,0bdf442f9892ff6ca941a88810779c6a4b5b0be8fe2865ff1c1a2be7cd4af07f,6492f56008754ded905d17a9dbd1fc7cd132d502777b58c95c9b777cc1fed6ce,dup_6492f56008754ded,1,True
nazario5_000909_6de95f008ce4,3784c92160312aaf9e372f64069691526bf19105a4f7a455339b189981f88f52,92991545deb8db127587cb42f1a217085f4e6ac6ef6aa34dbce896dba0994b17,dup_92991545deb8db12,1,True
nazario5_000910_9a81610bd7f5,578250f6ff293796da45e5fe3165d51cde2b1ed8f9f5e09d9cfee901196e3090,20a2ad7bd21a51336b9f1d4d1273f4afb038f09bb8ef05d0a553e97dc559c518,dup_20a2ad7bd21a5133,1,True
nazario5_000911_741fc116b80c,78b73cccf325aca94ea563224bcd6a37e608d9993513a177001c9da9b0ae1afa,e1a743658eea2fafaea759aa0ac07f5fd23ea77c527052f1322da682ae294d24,dup_e1a743658eea2faf,1,True
nazario5_000912_be31ad0a5bf4,223e9133403c7dbb771fd8a6257664fcb88536f50c33d3eb371d6a0e54919e1f,163464fee40c10faeff97c27415990dd2734e349f09ca0c3fb6ba9d438021c51,dup_163464fee40c10fa,1,True
nazario5_000913_ff19504b2bf8,8c2607b60ddbe8a74c9c5ae6d2cf79d53845b579810b6b0da4328be6f3f74972,d823a687f462ac6b1f973f2f6fe694d77e6b923119a2b310a77e98c7b5d85b74,dup_d823a687f462ac6b,1,True
nazario5_000914_e5488afdb1af,3bb9ff308ffdc16f5e56b3d67e468bb0ed66b1ffb2f43b0d3217d93fa1ef26e5,12a97d9cfe76c12ef245319ec10c45dd71911a41852345626603495e0a9fe5c0,dup_12a97d9cfe76c12e,1,True
nazario5_000915_9bb3db59ea37,83a8303deac6001db391fcc70aede353b692f01ee0c306d84f81e169e9b69c73,45df7bfbeb1949b496f8831f4526d060d579b04042b9f7916791d3550d31f7ac,dup_45df7bfbeb1949b4,1,True
nazario5_000916_dbe434fbc0e5,c5a0935cd9b9d4334eb32d7dd5269bd1808cdf4258c717f659bb9ff58ad518bf,a66ca1940151bc47bc6abc5d1e049c9225c259ebf0ba14dfcb0490472605f55f,dup_a66ca1940151bc47,1,True
nazario5_000917_6518c6e9894c,9d97215d584d375644868b88435187d64afc7032175d43619adeda888b283501,bb857c44ffb0508435602a605c757dca9df2fd441ea5a4a503c222c77076f32a,dup_bb857c44ffb05084,1,True
nazario5_000918_651accf859c4,d91f7174fe9c47045d2046c403b3c0cbe36d3844718d427412897815d17d6908,9e5d2a15a27070468fdc23fccf002346385a78ffddc621a6d5762c75721310ee,dup_9e5d2a15a2707046,1,True
nazario5_000919_5537f7697f81,4805f17132277f43c7ce5c69fac5a743e42d6fbaf134205e7c9e3b1f4ebbc6b0,cb10f1aaf63f1e1ffbfa8885607aa0901b6e297b2b14b0395503a974c34a53a5,dup_cb10f1aaf63f1e1f,1,True
nazario5_000920_b660b8fdc7cf,96c9c741dfe3c7f6aca8498e75662518941bd2457a79704dc9345f8cb3027347,f771c9718b1438d0997c7d615a1d85335f58d30b0a3025a8ff1bd2cee730d7af,dup_f771c9718b1438d0,1,True
nazario5_000921_24dc6c21971a,2d340c1d6c81d40fd353780190bb899744066979376d78145a464278aacecc81,885d6c40ab1cb8261a6d0d7379095b43d3657233904e1d330862e9008c73cf76,dup_885d6c40ab1cb826,1,True
nazario5_000922_2a8257d2996e,49152862585c5612ec771d9a5880c051826c803bb7e3aa554386a20fa020b96a,74331494fca654148b810d95969c16028e634bbed919f9b428c29755605ff5e7,dup_74331494fca65414,1,True
nazario5_000923_0b2b05be65cb,29bf7e9ad8dc176c68da4aadc1f4871d1d9924f5880865c12b8c1f78ae23e19b,a1474d1c68dd2b6e20be10d532107359346bc02c65384f005fd6be184a68295c,dup_a1474d1c68dd2b6e,1,True
nazario5_000924_0fa3a8e0620f,7b01435fd162e94a877110f154726551b739d32df2d905fce59a0c646bca6020,b10c8adc2dea8c728a5d7f10f7d7ff2685683a8a6be831cc4498ebbbd08f5a4b,dup_b10c8adc2dea8c72,1,True
nazario5_000925_0ff07b737766,4ea49e61acae8325cb942762ffe6416ec3b908c431435b9bf99d0e46cb1df8aa,717a67c5ab443bcd3fa05f0c77d8d65e1d43f73eb30b3c4f9f304f85db0e59b1,dup_717a67c5ab443bcd,1,True
nazario5_000926_285e6a5785ed,33b80bcecaeb9e375380f3e682bd1ed223044d5be18d98349db6c4f27dd45944,0527087959ebeb94189beba2a7852802a4b7f492ff77a3b77376942cc7aab1aa,dup_0527087959ebeb94,1,True
nazario5_000927_4a4b25cbd1da,7a67eba8fa26b3abeaa6239b21338370372d14cde75b2d4473275a4767074405,c88c1eeeced8e457f833220a5fa7fd73ee47452ffe8628cc305da48e59962371,dup_c88c1eeeced8e457,1,True
nazario5_000928_397132d759c0,98c460cec73c1fdf68d7290fe209a1a0e972969d0e672d7f075291aa0bf6c91a,5c115c51fc9b1069c2022f3c62a8cc93c48d4b5f2e07b06b11a9be3c731e5a00,dup_5c115c51fc9b1069,1,True
nazario5_000929_d0ce9c8ec539,05a126b2eab78c31997fd409966037a3da7bbdcbc8630b7b4f39c2d129ec9dc6,72efec07eb0271a3063b9ecdd9adfa7e79902452c3b3e97550c33024371c8cb1,dup_72efec07eb0271a3,1,True
nazario5_000930_09e16338a078,cc4ac0d5301fa0bc872160a3e1c503cc8cee45d5b8049f4fa6d34f656ceacda8,620c4ec2f4679c2340bd5f3f4a39a99b3a4ebaccb6557dcd90359084d696371d,dup_620c4ec2f4679c23,1,True
nazario5_000931_dc41105fcb82,d9525699bc0832ca4827760b00f747f714832ff2b25aac4db7d17dfa4570a301,8b0959b6f17589d139a5fe907d164ace5ef183b29ca85b56210853ff1f1cba7c,dup_8b0959b6f17589d1,1,True
nazario5_000932_f8ad2bd7df9f,fe405f1381d928381512ab5161ff3e390f8869117e48d3186bd32e904d37ae1d,7feed08ad2f18ef85db4b6b97f5a27346273e54c51ca74311dd8128cb84ec386,dup_7feed08ad2f18ef8,1,True
nazario5_000933_e72825317bfd,c87eb6e913ecedbe0124715827ab2ce093446626c0f2a64763f6333059c07d15,bf69846556a8e7d363a92fb3055358e61a141bde3dcfc5f7bbdb22eea76f8580,dup_bf69846556a8e7d3,1,True
nazario5_000934_c0d7982c032b,d62b2de80e633436426a19b0cfbc8d692e9af6ac3de10e5482b5106aab24976f,3710ad3665995f116524c536258a990df76ad018d15d0ca1a3ae7957625893b4,dup_3710ad3665995f11,1,True
nazario5_000935_d8a94e95ad09,d8da5e475516ce7c1517963919bfaeb5368fdebe5f963234400f9a6382721a08,246732d6b4e6c3c0bf0d6146e81851919dce38ca3a33cbd530fe499e44dc9e91,dup_246732d6b4e6c3c0,1,True
nazario5_000936_74e221267dd6,9006acb7f16a185e58eccd7a9196c0a96a4266b4d35b6e1dce6aa0ff16348706,b6a3bc72f06db8f516ff3faa010bddbae6a948f632bc84bc36ca478c8878a4f2,dup_b6a3bc72f06db8f5,1,True
nazario5_000937_c30705e49402,89a99daf3d445c70bd1f89332daacec3d31501a68192461486d20f42a7b45997,140c5d8a00f626132d70f240aba0f8cf2386d3cba9e0a8268880fa8423e1b1c8,dup_140c5d8a00f62613,1,True
nazario5_000938_09cb34c697c2,a05bb3c4c30de0868541ccfad80a3d62dd331bc2589bc12480bf03d82102707f,ce0919388648213b311c78dcf53d8b4fd7b8891a1d5c9d45d60a72cf047213dd,dup_ce0919388648213b,1,True
nazario5_000939_81ab13ae096d,53729542fcb25f3b4ff67514f8c9e6e228ddf0eda616b8ac2452ed9a7b6c1d7a,d6b9a0cbdf99f0c68ab67c56d7b01786d316f245853e6a1479d3d2491d4af7b7,dup_d6b9a0cbdf99f0c6,1,True
nazario5_000940_088726e39ef2,911712fef9607da311ba6b7e5bfd35eac858052404c8db9287341a185f5cd7af,2eb4708fa09b9488fdcc2ecba4b8e649cfb349764fc08849929e3c92ae130090,dup_2eb4708fa09b9488,1,True
nazario5_000941_b1b696093efa,59d2f378535b785776f654a84541a4011cab4c4efa37ab26c5c36cc931aee5aa,2220a0f7decd2b6bb234485cd933ff2cd04987d7d82e639b843a210c527d32e5,dup_2220a0f7decd2b6b,1,True
nazario5_000942_e2f32c7fae6e,efb91b15e950679990ec87c6068a904108d4e54c534e6940198741c58edda92d,8c8393fc362fcaa1dc51ed0039495e04d743e6219d006285e8452bf1568ed222,dup_8c8393fc362fcaa1,1,True
nazario5_000943_ca6a601a01ac,e767d2572e9a4c6753a9414b6953744761495eb5dbed7e90de76478147511eb5,08096eda7eae9ef8808c743c4980a9369b0963ad69bb6d5408e9e32373a26fad,dup_08096eda7eae9ef8,1,True
nazario5_000944_530cff5eaab6,79a311684e5f2d623a35524c2a1826cac176955f73bde2eaabbf8ec385647d4f,5ba09cb7ac90ead78faab7a139090fce855f37e23a11d25cf726d43c08ecdd6b,dup_5ba09cb7ac90ead7,1,True
nazario5_000945_dc1af3f7a7b2,818936a04c081256d79a6098305182a19dae34efd06002aac5c423d8c72369fb,9a54a6988f941a413aa5d51f09699f64efcaa73d0844b70ed91a9545020d5665,dup_9a54a6988f941a41,1,True
nazario5_000946_02cd551b26be,e73d8b6d677ac882d7e1443edd0f5edbbe4ea6c96b5243b9d66e0263e2eb9636,cf637dbbcecc4192d1ec28117938cf9a3871f3784600405f0776f5600de8864d,dup_cf637dbbcecc4192,1,True
nazario5_000947_675f47719ac0,9a539fc5b93a5203ffc3c86426e1f8b2b3c7690915e92c03884ad3e5eac3c2b2,9c231d4fba18c753e02562589ca0d5124253c50871eb180267dc117e1d42242c,dup_9c231d4fba18c753,1,True
nazario5_000948_fe7322e8bde4,fa8e2f01a09b5a560364f976f5edbd16e715f6f9a737947d8897b0ea0fa4b622,6fc1566dd23b3be332d9870e986dd0a188a25c3c337446d0e6ff237c4794ab3f,dup_6fc1566dd23b3be3,1,True
nazario5_000949_b82668bd4602,ad4f1b2aa5d19b6a972e6a299e408753fc89ce9d76c667677827acb300594424,3acdb3b6edfc111aee1d8fa4ca2b1508415f550366f6872f675cbf51ab8e9dbe,dup_3acdb3b6edfc111a,1,True
nazario5_000950_053e42aa1f0e,23af8556ca95cea8be8aa6afdd3702f801e946673e804fb71cce5365887622c5,0dded4b59d23901f165ed538fde3c0f9701a1949d22b940283e9cd6ff59f04ab,dup_0dded4b59d23901f,1,True
nazario5_000951_72c24e8c6f32,7da983535d86733571ea9e8dccd5e70e28178ccbda21b89e58daa9810608fc4d,5d1d534584ade522927ad339e7db5a38bee01dd67e782d4180b22bbde66703cc,dup_5d1d534584ade522,1,True
nazario5_000952_35fad572fa82,d1047a33d6ef4f7c1a2c8d2ea1ee4ae2078b403837fd86e782dea5871eebae29,6a9d348b425a8644262de4d6d85bdae18ca7ec518479050862267dbdf295b024,dup_6a9d348b425a8644,1,True
nazario5_000953_b095b1917cdd,269ea7658c1dcb292ca69ffbfb4921758071df162c803415a6d7788bfc8124f2,ec1de4c37952cd597186613cf0660a8df33489d7ac6aff022231295e76bd0062,dup_ec1de4c37952cd59,1,True
nazario5_000954_5adda4120712,23bd2ba1bfb8318127caed985e592c600e6ffa0ed471e65414f5400c07b7a0cb,8b4eb13adae3fc281ac457f261910853eb44f636373e7d319908eca0deee30b8,dup_8b4eb13adae3fc28,1,True
nazario5_000955_8d7eb3862572,0d379923ca03d173b3dac7cfbb47f4b0cf9e1ba854537fa85278dda938dfd2f1,377bc77d48b4ad60281452a7a1bbaa4536688bb71c8b896126f2f09162c91c0c,dup_377bc77d48b4ad60,1,True
nazario5_000956_34842dd9bc6b,b803693fdf4aa46b24c7c7dd91e4efd0ee528370f41001454fc5de2a1b215e8a,70dfd09f888a489930994d955f689d7db2f69bb2fcc5f6a79e8666a82b135c38,dup_70dfd09f888a4899,1,True
nazario5_000957_b4aafbf0aa45,65b1955e250e87c105d6d663970b0ab06cfb6c19f9f09de0dc85f5181061f0af,2712141ccb82cb54f7aded5782e97dc8b33325ed7e240d85a4d26f30e884d542,dup_2712141ccb82cb54,1,True
nazario5_000958_c8c95562a69a,38428a155ee9ce854593a39a7eda62481a6c605de939aab48acf04a511690a12,5ced87058b7b7ce299aafe3c36a1f4bf322c740ba641ed721db4f5dd6a286ca5,dup_5ced87058b7b7ce2,1,True
nazario5_000959_66283eac513d,dceb12aeab2d5c09fda7c180475b8d89f76b9cd0fe2c4b4edeaad44342d2c5e7,b3cad7333d49e3408016b9343cbb986a0301ed254fd5e3900881040b4d5c075f,dup_b3cad7333d49e340,1,True
nazario5_000960_6a98cfbb2c5c,1d41fc82ea4dd80786a624cadbe4f468c4b34c2b62ad6fd130a5cc85279b1508,9280dda4c37c349c555fdf706a275cb2868bed27e8df6c32eb61dd7f15f84693,dup_9280dda4c37c349c,1,True
nazario5_000961_9e801ae33855,24b73ced36c5391a6102dff82dbf02c6c0af0f58e29d7b60747e1c99d5a48d4f,5537c31cb91b182d9e5a4871cfe4197b8eb3e4157cb29acef9811f4ba2c0b375,dup_5537c31cb91b182d,1,True
nazario5_000962_9501f29888a4,f242e6c39678fae1e08ba9bbafa59cbb224d34b58c603e5d20c7312dc8109f36,b4dfc346fe6dc323fc51a386407b78ca1b1f4eae048fa9312d3d076450523978,dup_b4dfc346fe6dc323,1,True
nazario5_000963_728c5ebbd996,78c7f936039635c8baa509a909c4393966040aacbde18a1835c715fc6c6ff167,f02e953fe73d0879e9d24320a262af71276f2cf22d7d4404c18d0a370ff3bace,dup_f02e953fe73d0879,1,True
nazario5_000964_a184a7ea139f,4890861f9b28180b020cfc3766fb0b1405f12102aee0afabc89a91ba9afa1190,e9021c0464531d6d2453dcaf38e73b8da671f08bba2309a73fea6dabe4b6d07f,dup_e9021c0464531d6d,1,True
nazario5_000965_ab53365a4c78,429d49ba76fe85ebe53a56f9ee2d2927a8ffd71bd2e8c273a5d51bf48dac3982,12396e587e61bf8f4ae9c0d8cae7b773e966542d67b784bdd415545289a4e7ae,dup_12396e587e61bf8f,1,True
nazario5_000966_0111d2db4c42,ac92e64a1655843a12ba1cefd6b17c00ce7cd4399bcfc7609feef92d79406968,8c64aff354fb86fca0bec6eede187324106d998cc5344c3ff27eca0dade1bcbd,dup_8c64aff354fb86fc,1,True
nazario5_000967_0084215e98e9,6550c5276dceb82d21d81f1270f2215e6d1165d91b2083ee65f0aa142162f89c,7decbd9ead55e79f0cbb45a1890ca85ad62b29e7a4cc2bf785e009a2150af276,dup_7decbd9ead55e79f,1,True
nazario5_000968_6d0fbca8b943,fe68ad3ced0c959c630dfbbd5837ba499a4271d5b4a93707f6e2918430493628,0e58ff3de5b3ac7a44f13d0b4468fcd3025a4d10e7d67a86531fccd6e8435313,dup_0e58ff3de5b3ac7a,1,True
nazario5_000969_cb5cb321482e,02d1af2d1164b74935d0770abda4d6840e0ae09801f5f70c4bb1706937765fb8,dfb6df5373d3e68ded2be557205d1415ee55054f57c6aa1eabc2c0820082c880,dup_dfb6df5373d3e68d,1,True
nazario5_000970_3c74aba7889f,cbfdedc1cafddb098f53c5500f71b7a5b4e95a02b21d7faab1066bae0da871f6,2d1fa2d62015d98bd4cb94f4a6c6c3a6c1a783dc0823e517323eb9d648ef4e1e,dup_2d1fa2d62015d98b,1,True
nazario5_000971_1d8ab229cd67,d4a80d2afdceea9f8af1ab8581737fa198d258dde4ab9bc818b6ba678abb79dd,8bcbf17d1219b78010bca5d26d05e50d93bc0b53a6f957fa5976658dde17d751,dup_8bcbf17d1219b780,1,True
nazario5_000972_91b33dd78ea4,e0475d370f8115fb5402da602762a67ad086659af35cd73ef37f8a5df27305ae,50f94300faf1a4d7f17aaa108cfa08475770dcef0250dcdfae0cf4ba8ac049d7,dup_50f94300faf1a4d7,1,True
nazario5_000973_6d217aba6aa6,23873d261dcc914431a21b417ebc0d2fc2c12209837027815a3f22d1393bd8b4,2d040b254009a279c1fda36e7c3a08a7c9918a92fbb02c69a9cce1514509717b,dup_2d040b254009a279,1,True
nazario5_000974_a609ddbbac3c,8ae6beebee3d296da6c1dceaf27873522a00f75e0599c152ce274e3d6de59a59,37a455f1645d8112004683aff93f22fdc7a4eae3207453161cc6cbfbd1879b1b,dup_37a455f1645d8112,1,True
nazario5_000975_0f27f15d7b6f,b515c35b4d6293167f52e5043398bb2d802e34b177d1a48fd8634b930f3ccf40,fd227b35a158814f018562fe50465f6abe7dd1d5cae8878506e7c8632320863d,dup_fd227b35a158814f,1,True
nazario5_000976_ca62c358d014,0b42ace370ea2eaded6941c7c9a77258690254f9a9c7674903fd2157720c4395,e319cb828d12a7135e9a46c2fb5229d00e3a04076cca5948309076fa4d7be570,dup_e319cb828d12a713,1,True
nazario5_000977_a673ffa4ccdc,6e8e74b0a3f745017591d31c59e6b97437aab540b8e20523294f9638cac78a91,913155f1fc323a642fcdb8120cc591f1a7ce07bed87aa455f55066e809c43035,dup_913155f1fc323a64,1,True
nazario5_000978_b50faa8b3e13,94f1f33afd70b4ffcf800faa55483bae0407690774ef49f9c4969efd507f8389,7055308177eb9df7abd47442c3035c03c26cd36abbb6998cf7c16bee03364c98,dup_7055308177eb9df7,1,True
nazario5_000979_bcb33bc2bd61,88eed50d7d1b5da358cb663213160f7a0dd97e3623bac78056fd37704c4cb6dd,2b5e8d4ff4f646a27077b84c3ecf83bf67e7f814d65ffe1586bd92f23c119372,dup_2b5e8d4ff4f646a2,1,True
nazario5_000980_44af7fbb7479,11a14e5f3edc69a466319c1294f93574ef24b1e122b911e2160d38cbbfbf8a14,6cdf1eabfbf54f64e3008567d67cb82df3eb0ee3fdcdf9c3b57982d7579a6257,dup_6cdf1eabfbf54f64,1,True
nazario5_000981_e7d2ffeccae9,fdaeb61926b77a114a635d32e16a50a3cc3994b07855ed716fa7af54bc8311cf,cbadf11307c498455a86140c1c7932a536879ab3760ae6ccefdb1f09bea0537c,dup_cbadf11307c49845,1,True
nazario5_000982_9be80f4d2a30,7902cf814924ffa011bd06d5a12722ed20e38cf868e3d6fe9b0d7440c704bced,8e1e34d9e98af070fd58eb83a0e8a698cc731b4fabd4061f659ab6113e10e562,dup_8e1e34d9e98af070,1,True
nazario5_000983_4c6751be60f1,a66595d0aa0c821a54d390cd2f30261c21d9ba12fa5b252e7fc4f1800847062e,86c4583bbcead8f42cd095eabb00394ff1664b771b0159a1629784c8c7aedff2,dup_86c4583bbcead8f4,1,True
nazario5_000984_a4279a421a34,6cfd49df38037c9665c5c8202138fc184bd7ebe677ca1417e06c08c6efa03815,e394b82c8115a4e368fb9ee18222c6766a03988925957a25c921e44a564ae69c,dup_e394b82c8115a4e3,1,True
nazario5_000985_55c72ebd3258,d7ca6100df4ac4fff046eade3d048b222aa58a3cc210e27233cdd01377013256,a851a6f73d714838ddbf38070d93c20e7cdcd36be981a42a1ca02aa4c34d5fb1,dup_a851a6f73d714838,1,True
nazario5_000986_b2401372d3c6,d57b4b4c1102a6ccdbb4f372094e52524c78f98de75afe51344c66a8b33a97a5,908100ce99812c36a26bb7a0c9051423ca9d0a8841dacc78e911249ab5bacf5d,dup_908100ce99812c36,1,True
nazario5_000987_081712c1ccd6,571b15550395e0f526fb416c16880b21e902a2264771f305d60845c3aa2ec349,d30303791639e4598d7caad29d9ffcb29dd034fa884d251d8a75a0283ee2fe84,dup_d30303791639e459,1,True
nazario5_000988_554637aef26a,b94eb36b4cfc1bea104a3e849cd37124dbc94b55953143f1d3d9952272d9e1e0,ca9c8b3a3b8dbc17958a82c7065ea1d9459cc0bacf18ee9362c832619f0a1ed6,dup_ca9c8b3a3b8dbc17,1,True
nazario5_000989_71fceebf3e07,769bb40260ed239b0029e7ca2d13eaf244873700b1e422b4474755e15cbbfc9f,2491233ab5ea51a40b07f116edf94bc58b783a356564329cb1552e1381840f79,dup_2491233ab5ea51a4,1,True
nazario5_000990_fc42a125529c,aeb1e917e20763ddbe4eb0c12a1d399a9cf8170cfafa9a412c5ff86fde601dee,44ed0eb74ded8df1138e33483c497429edae77d957a298b7ffc7592ebab33f4a,dup_44ed0eb74ded8df1,1,True
nazario5_000991_02546688b0eb,6465f488034a88a4c84df57b163e4aea94c03e5cb6e5c783a95c04c775a455a7,6e65ae6dcc4dc76a99a5e2f39578e76ac49ca879cc1ab713fad69a127c8781d8,dup_6e65ae6dcc4dc76a,1,True
nazario5_000992_65358dd251e9,ba4fe267f08dd9fa7eb418154e70e656ab6e9cdbe1d87cc6700487cc79f1c41a,d28cf8b709757ec85d00babd48cf8e5af71217a2ef5192ff32a83a9c4c9b61ce,dup_d28cf8b709757ec8,1,True
nazario5_000993_c7cee85fccfd,8f6ffbe6c2c8a7e46158875bf2fcd26b1aa82cdf049b89cdb5a94b42f8290748,0a582283a8c31d4a7823c70d95d582f323b9b1594e142bf23ceeff2aae3031fb,dup_0a582283a8c31d4a,1,True
nazario5_000994_e42b09b95709,b133270e818c6ac26862c8d536b064f7e751ec440d1b793ba6d2f3c1ef108fc5,7326736ad8a26ca1ea0ebc7c72393ec32eb8e2869159ff1773e21edad67f2f45,dup_7326736ad8a26ca1,1,True
nazario5_000995_80034ae209cf,9617403b36283359eb3935df14b1f1c36bfdaeda83164323f5850f61bd5ea6be,bdaa64c5d0bd46e93158c5edaff64d5eb5771a15476e675357d10ca03aeb43a4,dup_bdaa64c5d0bd46e9,1,True
nazario5_000996_e4bd1dbf4b70,c2c461d2387003689729bd2406597e01a4fbd1c4c834b7c3b09e0ce15f56ef40,ff72a3e2352336ff968d6823e062473267a55263d2e4ffe4f84a5aba43882276,dup_ff72a3e2352336ff,1,True
nazario5_000997_21ea476806c4,8de76b73929c5d77ebfbf767c4df66ac50366c47ea80004bd2cf30b9a619e729,218a17679bb001be675b0a4598a2b63c3aac7a9fce58fd4cbea118274f227330,dup_218a17679bb001be,1,True
nazario5_000998_87c1db17f224,3fb5bd5b5cf4ec369bd98378f57a90419dab8da1603da879cf0e05bc642386e9,d9a789150c65f9ae0c457bddddad2638c4c2d1b22b71aa4fcc596dca65365a20,dup_d9a789150c65f9ae,1,True
nazario5_000999_48a35f4e3923,398144fed2af03bd30c6631ab394d8ff8b88b2d2141e8a727acbfe7ec03b33aa,e7a1c821cdddcbbd77f2854c193cc22b8789370bf1fa56852306c7e7b62b9656,dup_e7a1c821cdddcbbd,1,True
nazario5_001000_987d25d8ebfc,7eb623dc4ee427765c075124a2077368c80a07995d8181cf4e47853733f14f20,9d0f6b17059c98db950bd3faa9dcc6b7e6c2bbfc22cceb5e6512e83a05711d63,dup_9d0f6b17059c98db,1,True
nazario5_001001_6bc1e345dacc,583ad7c863c6d1a60ef8bd3538feb54c3a3b04ccbe8fb28977355be95ba94f85,880eb885a74f8698a3b3718fde68ab125eb7b16144f250a54187f463791639a0,dup_880eb885a74f8698,1,True
nazario5_001002_eefb20d4c1fc,c46009eb57bfbce105a633520c61fedc2f175e868c38ccd275e02aa6cd67ed55,53ee4b5d358d21815ae33c5ea3271ceda473c6089b6f135659a684318a298bae,dup_53ee4b5d358d2181,1,True
nazario5_001003_882240554568,ff47cc88afeda00cf60e1cbccb13d01913f18f643a2b9c8e37a1c791e4c703fd,05c1cf617f9dc0174b92b9a2d39411ea39174de2b584cb2afb4f07c7d64b831a,dup_05c1cf617f9dc017,1,True
nazario5_001004_190cbca1e394,74c19c2937ba460e23f295e578a3fdf956b6df8590adc6e0007754d81e642db7,ef362428287d63aa619f434ad4eee0a8d82c42c88e2c4a46df7d1463198489e1,dup_ef362428287d63aa,1,True
nazario5_001005_2fde8059cfb4,954b82a99cf5d544f7c6fcd5dfe13c4a2ea4216cc6a5e492613cc55741d6fc52,4a2f6433aa7efe6433ba258416d15bbfbf1999bccb292401c6196b95db906421,dup_4a2f6433aa7efe64,1,True
nazario5_001006_88172f30d42c,612e8a00fe5056dcb43ae8ff4839bdf1f63196bf1aedda699f554d38e9e1e5dc,b61df946c12843fa67e7b828509061813d17434f3ac821769db24d1cd3851fdf,dup_b61df946c12843fa,1,True
nazario5_001007_8e6a0381808d,cb2169b986796822343a254876829f35f515826fa5edc176862ff011b5950f02,2b7ca0d15f0474cec7eb527249d1fb7bc478eff445de679f5c4f824159f85ebb,dup_2b7ca0d15f0474ce,1,True
nazario5_001008_5322236c4d14,704d5a01d24ca90fddd12fc82a83a033572dbc42d71e0659f20bc8048e9a65ea,34e787581ed7a06f92504a00e57e98ef05de9c41b0573282177d967f56941a90,dup_34e787581ed7a06f,1,True
nazario5_001009_bc61f1a3962d,f9ac6900ee8b942dc671b3dbd7b6388afec2b5e2b42a60505ddfec2853f79395,938edf16041abae5eb6637baa9c7497064acf2bafee0157ece3925bbebd10f15,dup_938edf16041abae5,1,True
nazario5_001010_7171597d6239,df4f05985677eeff4e710562f7f874d56ef847939371c1f45bce35093598e96a,5f5fa7ff59193390c4d16dfb033239beb7f678dbe25fdfc152b3a0c4c16923ab,dup_5f5fa7ff59193390,1,True
nazario5_001011_dedd4f7ae273,14a47112cf2ec2dab47609b088f7bb8450cd71636c37707a720a7dafe7fb7457,df814fa4af016ad65a054d16f32468cb55f8715c8684976f86882ace026328d3,dup_df814fa4af016ad6,1,True
nazario5_001012_dfebf523e1e4,79a438c1271fb5718da17b3c548fd565efef31e1dcecc5e066aa7ebd126dc564,88715ebf0e59c318866250eb168d1c2f9c28cf358ffe776f2ac36f663b89b343,dup_88715ebf0e59c318,1,True
nazario5_001013_302c5ec70244,fb5bf0677a0d189066cddc392b72b323fdbccabb26ff400f067480818dcee95e,5401aa6413d54862c62acfb31e484cf2e1fe9bbfec1dd13bc02750ccf9ec7b68,dup_5401aa6413d54862,1,True
nazario5_001014_bf775892edff,32a22901867987dc3393b508bfa123e79ae102fd8001cdcf9db2247e3f0e166c,97b4793003359745ae8dcebd1cd5bc6d844344e0f78609479cd9d227f1a8f0ee,dup_97b4793003359745,1,True
nazario5_001015_7fd428c657a9,bc01437a7790fc17bb4e7f629cdff6ba29ce022c87c5b72fed582f60d953ec10,849d8aaeb105aa54ce4ffbbbd47eab366cd3190fbdc28222338ccdceb4e7ccdf,dup_849d8aaeb105aa54,1,True
nazario5_001016_11a7483d84e4,5feb58eb28c02cbe6ae9279756963212fc9501c3e5d133c0dc9924221c5e92be,fab4947e5b44a1e615152d369632a8178704ecf483f01cf3ccac9399efbfe55d,dup_fab4947e5b44a1e6,1,True
nazario5_001017_762593a809fc,b802028a7cfd62a3b505f76233a6a360c5e68d28bce9c76b3e0f4bbad1b8478c,d49e9c21aa05e6b0dd1f1863e496f4f38572b596df50b53d17b07b617aedf6aa,dup_d49e9c21aa05e6b0,1,True
nazario5_001018_9c26d7e8e5dd,8251e0e74c31d76e4e075aefe483667a39d228473684591d668497e4c8560636,d260d11752883443922ef9e57d8a8ff2af506a442c15a04f9bde90dd9e0029da,dup_d260d11752883443,1,True
nazario5_001019_f895fcd25a6e,a202fbb4a25cd876dc0284b7136f67e3a7f1f65a8395d203132580e17c6d9cb1,45d93c45ce0feef84f8ca64dce70a4f493323287ce4ad9033e1b72b099442c94,dup_45d93c45ce0feef8,1,True
nazario5_001020_1bc15c0880c2,187639f55f0d0378fd10de7ab7e2b2d2dfef29283f848898c1e4ecab783bc51c,31918b7ac8c40afc83122260deb5ec56164c5d2efa44b03f4c7fa91b174c3cd1,dup_31918b7ac8c40afc,1,True
nazario5_001021_47af3cb78952,1301f27fd8c6194abc4cddb789169e774843ca448e5f4edba63f60a16c8229f7,1116656664789a0d7a040683a548d79c99b7665f99d814ae07d29033c7f783e1,dup_1116656664789a0d,1,True
nazario5_001022_5a071590e2ee,9bf198cdb8488e7f34ad1860f2771773892d7a04d559646476d7248b02439532,b3acf8627e28f5829a10a4ebe9f947b3b908e960ceb80db3ff40f68ce6d07d02,dup_b3acf8627e28f582,1,True
nazario5_001023_cbb23b349e48,e8908d7fd6541ce2006435e18b3dab1eb091f2ebaa5589637c7d16f774c111b9,ef51cf22b75f14894760e8803af46d4992bd41e63de236db026b11c74fcd4037,dup_ef51cf22b75f1489,1,True
nazario5_001024_2ea564e66c5d,c579035521071978eeb4c885f09be94b8b63f17aadc262fbe095cd12d989c0df,c07891e22373a0a40ef95cbc3f032b96783b6d1d107615f7a1aec60401eaad9c,dup_c07891e22373a0a4,1,True
nazario5_001025_8e0442952b22,4cddd472349b24e361812e14aa5b94d86e8332649f9ebe3e305fa27a3687911a,4daddddc8f4edd750c490ef2acdc6e07dad3712e836ddbd65c636f1739f19f24,dup_4daddddc8f4edd75,1,True
nazario5_001026_076b8d0254c1,0ddb2d445fd917fb315c4b2c713dd29c5ba9a5ba02af62543b092e541d8266c9,ad965b71c31871ba82961fab12a4f7197596f08a30f84206c1aa9d3349cdbea9,dup_ad965b71c31871ba,1,True
nazario5_001027_ba9ba07a386f,5c44c4a32ad4847e3a1933361726203dd4cdbfabd715ae203ee723d0fec2c871,a5498d59a30cbaf8d560ce0406e0cfc9b603cd2622e781c4e10d1c0f24d402ec,dup_a5498d59a30cbaf8,1,True
nazario5_001028_fb4910c5cfb9,8d104e674fdb004090b497ebc99dd47d35bdab94d7c5905a597755cf92e05f02,563de07e7fcf84d789e46453dc0e0fe2fed7acae1a7e25401bdf5aa7220a8a6d,dup_563de07e7fcf84d7,1,True
nazario5_001029_10cfc132c759,29b8d31bc092b0ce80a4c51605b57c76b8939b2731e1a155b7c0d4dc9a8acc96,07547469f54ab9aead3168aafb76835d615db1978f74d596fb83bb42868451a4,dup_07547469f54ab9ae,1,True
nazario5_001030_6a3012be890a,85e417a4450fb6c7ed2094227df7628d75ab5ebc0033647c61000d9966c869cf,5d03bdab2bd54af541f37ace6e945ddfdfe29f00f1ea906db1a2aac68bbe474d,dup_5d03bdab2bd54af5,1,True
nazario5_001031_c334015e908c,8081123891ea9f7f4abce6d115737385eca021566827bb6f0da525aeb3fb3bfe,fa8af907109e69f0b19023180f6f87035dc40e5d2b8c167c046103ed11f6bd6a,dup_fa8af907109e69f0,1,True
nazario5_001032_9a8e275b0ec8,3440e1afc5a11f7a5608f7a980d94901240fa3246df2293369ccb1730809d6fe,3d247348852060bd9da5ba2a7f4733a02570b331c7c2fe8cf3df7660ed42432b,dup_3d247348852060bd,1,True
nazario5_001033_a5bf9e484a26,388b31110fe9549c42d721fd664a301f6e2cd160a3fb3ac7531d9e6e3078b16e,938b828fadf96e53d619f18a68c3311f8c8ebe130caeb4f3a5afd838537e1161,dup_938b828fadf96e53,1,True
nazario5_001034_49c16dcf41d6,d8a25ee537b0bd9d3450d7cdd4eb31aec6c773943794d57539fa48e2d09db532,af425db8a897550ff95532d9b731809dc22dfa6f171db601128abc86552eeb6b,dup_af425db8a897550f,1,True
nazario5_001035_9994ee02df44,7c8f1f0d94b05b772c725af49ee99da911a2e4cc6d126031db5c9ab192b33654,6ccc4aa15763200a5b68ad32fa91ea8759526c971e6a2cfcc1f5969426748a40,dup_6ccc4aa15763200a,1,True
nazario5_001036_d86b30f410f1,363b415c101e5bea968285ef2e4bc32ae74e0add78e517726e4985db7e1a54bc,9454ee9b49f49aed768f80442730e59617991c36d50c483ce890c7ef699d47d4,dup_9454ee9b49f49aed,1,True
nazario5_001037_be2663351a05,0a5158f0d7d3b8ebdb314d1d8c1925664ec5f9a583cdb6e7e9e36928901ea2eb,5629c85222334c6166f356c71c4ab689c7f0fe8a1103def2f7c9b205367a66fc,dup_5629c85222334c61,1,True
nazario5_001038_83d40f33d9be,6283245bcc83e6ffe2ef86569177f1712d9f2a29218c98461efb56063a9f5547,72eb3a59a9cfb36143ec1478f43f3e5d5e1098b734e669879317579ec000cead,dup_72eb3a59a9cfb361,1,True
nazario5_001039_50b171c4f489,8a4428cc539f515e6d2920e99be62ded1fd8babaae2f898dfe6350ce65a91efa,cc78e17a8b2c74411311a036b820845f755c4773a4e30e7344f14dbca083fb5b,dup_cc78e17a8b2c7441,1,True
nazario5_001040_b02c5722f078,3de555685e97aebcb97aa66e5b0e0f1d34c6340290cd087d435a0bb8ccd3c28b,f651542b5f9963dcc13b42edb9b6150b0de85b44b5996b3ffca241451d3abf01,dup_f651542b5f9963dc,1,True
nazario5_001041_bdcb902a54a7,265b9c67ed8bb82c24572dbf719e629fc3847ab0a03326b6dcb7ff38d3e7f4fb,c1e98c6d8748623baaf8bfc8f08316daa7b360ae89454abad7d210a98f2be40d,dup_c1e98c6d8748623b,1,True
nazario5_001042_f95aab665224,363c917ff4c666ba6cabacc9cc92666d88a54803a00db53294e5aee3d3e76423,f22d7d0ffc1ae30c4da19364e3b0209237f13e5cf1154b70af738fb3e101fd69,dup_f22d7d0ffc1ae30c,1,True
nazario5_001043_fdcd31f60f94,1cdfd8a7d4f65f4dd304fe622da217acedfbadd374efc904c0c8d45e0c0f5eef,e57389efc2758ab88008b886570e313f8d684d7802b1aad6e1305aa206c23491,dup_e57389efc2758ab8,1,True
nazario5_001044_5f1bc7122ed4,2b433f512ba17cbf77b698c8a0ad49283b06ed039f400efdab8260597639fbd8,6da6b303e84ce0d689de9565d0a67b80b612cd2f0c823d7bfb4056bb5dbe92f1,dup_6da6b303e84ce0d6,1,True
nazario5_001045_e062d471f6bd,c019c29c53231bb283972433ed2860d247707316dd4da4bfaad7ed3870df43ee,530750de80b3476c40df2af1bb62f99d8ec03ea03b03b752fe47e4598b18822d,dup_530750de80b3476c,1,True
nazario5_001046_f6a600255889,4b61cb54c1694c50591953e0555247091662f38d3665b97d5eb6c1baa8de6694,3db3036493dfd8f6b7faeb722c34209f2b98c9d565383b38e1e5881e4d0566c8,dup_3db3036493dfd8f6,1,True
nazario5_001047_49fdd0e16217,fd8200f1c39447e0b9ebe2d90d5d72351bbfd0db30bee72d8077b636c3ce9cee,25d930ac455146ad422e3d8ef249296e287ab79717e4cfbc6286541bb6d1a1e4,dup_25d930ac455146ad,1,True
nazario5_001048_e501f2b31f65,71a15bd86e5bab6200b6001a70065ebc535e73df7cc2c45c3f93323488c6b5c3,0bcb0b20fdad72084b45e3d9a29fa6b3a3b23b07c07df5cffda6291ff4f36e41,dup_0bcb0b20fdad7208,1,True
nazario5_001049_25dc6c16391e,72b6d1f8b09cc4f1e8bc92ef032a1d328256cf30659c80ae90d858aeb307fc75,77406f5267258d7fc897c8cc8bc13a7049d3877742fc4a994e3039ba07072348,dup_77406f5267258d7f,1,True
nazario5_001050_23fcc5d43404,2dc0d6b7c6255e1deee1a6fcf05391aeb0cc49aa565f693ab88707d6481b9d33,484e28eb4dad680719ea84ce9ca652ebf928f074e11a7315d40766000a3c6dce,dup_484e28eb4dad6807,1,True
nazario5_001051_b9fbbf22cce6,4763828c0c1aec01d5eaf7ae11f3724f9f14f573fde70b03f695b584aba7f764,332e753afd4d3c3aaa7a05bc988fde0245495543302c9dd6eadfcd640576de3c,dup_332e753afd4d3c3a,1,True
nazario5_001052_c251fcf2d1cc,2cb3f5c8ea9e0d8229b4fa7789d693e7412861d4efa4cf2326f7d2dd1d1ba618,c9804eca23921f6b499f09d9e347a4d2930c519c802303e0a71992e7e94b459e,dup_c9804eca23921f6b,1,True
nazario5_001053_fb59c1bc1242,0b24513d5193046e9956520aff28b3a22d0bf8cec5ca98553e160bc5d62ec37d,c67df37ef39227e229d106aed234b7d3cbcc1bc6ca13d3d5feac672366c92f73,dup_c67df37ef39227e2,1,True
nazario5_001054_ce451a9bcb95,168b70331f7936a154c085134d46f43e61007a928c88616319c18876dbea5572,df3aeb29cf909977e86c5c20329ecdcf82e7c540b06bc11b6944aea92649b5c0,dup_df3aeb29cf909977,1,True
nazario5_001055_2bf2027e87b5,1ea1ae797a558359694d9ae529748063e116aa3ab02712d4b3458b39f377ca4f,7fbb816b94f88c7b11eb4793fb25f43919ee80e242524d9869beb139e9db093f,dup_7fbb816b94f88c7b,1,True
nazario5_001056_2d7d376a3f87,52b25e6ca8cb1f7d8e0e82e08b7ba4426ef55a644153700643f7b3e940445bb8,b9e84c2ba90c4ec5c80e2a03d0c146bd5aceae1c1864f48b223d9a9763ce700b,dup_b9e84c2ba90c4ec5,1,True
nazario5_001057_2204596f6d75,dc3e81f684eae461cd9b01916a4145167304bf94748d33e7b994259a19a2d957,a1da6e3ac5869fbae3b1f48ab78d182978bfde89f23f57559007f382c17c6eef,dup_a1da6e3ac5869fba,1,True
nazario5_001058_05fd67b968c8,f32d0d981cd775fc6bcb4fccbdfa2de13674944b12c2da819903be4fbebfd832,d994464342c507c8bf36b3c3095f54e23f853d331a13240081b70394d938e2b7,dup_d994464342c507c8,1,True
nazario5_001059_4f240b547082,d591fa5d726bb91c5ef7af7fcb782f88ab8c88da2b96dffc5ccee10bc8f167e8,ebdf166b7fe5ec8583c93945551999c00c7a1dc033fd2b3d0693e06530b39ad2,dup_ebdf166b7fe5ec85,1,True
nazario5_001060_76df59d73df7,49b8b50adbf76408216684dcdd6d01ed3597447986c4b34818d25b5ef170a94e,aade39993c709234d1e3a4fbe0d6931d5125ee2236e9d1b6e0bc586bc32b37ec,dup_aade39993c709234,1,True
nazario5_001061_c373aec9ce32,1df70caa8231e635866b4a55691875f80dce7965225fcf8c41791eac8565c8af,f01a8ee66bcd0943c713d6e6a9ebff3ae0eac6b1161cdda37e7692ae957fb26e,dup_f01a8ee66bcd0943,1,True
nazario5_001062_d5ebb3ab5f6c,e1cb4663f5374ed720417ac275724c7f89e064f0793c8c6430c53922671d9d40,8e704f2ff6b8c21523a2dd4235982a370b4a38c3a23eb3278bb92b59652879ac,dup_8e704f2ff6b8c215,1,True
nazario5_001063_3c33baeefb36,8a951cd405ea330271c36dda43a0da6ef174d12624d0a1920c614fb04eae677f,5eff520070f8f094e5d90e40e0eafdd817bf479782640594df0921baa5b83dd4,dup_5eff520070f8f094,1,True
nazario5_001064_20fd255ad93d,38d8889743aaefe0d2588aeafcb60ccfbc95d31a7a5f518604eb51f70090d262,6babda70823d4fb9b00a89addb7d58e52259aa68f6a816f65871900b6719b72b,dup_6babda70823d4fb9,1,True
nazario5_001065_f28ab01fa1c5,92c2967dbddcb5249aab5e97d91313f1d3b529f73ff104a4b6c269bc2442952b,94ce30f96bd8d39ba5c04032f9222db726d054a7bdb9038e426326485e6ef096,dup_94ce30f96bd8d39b,1,True
nazario5_001066_8e2a488a3255,4a45f35dc2d5a5724299fec19c3064a1cbd0ab58aa8685afcc2e86f766b96055,dd8187fd88ae4e96ef7b4ffc25df2d9b621c010d501cbdd91d7ccf1c248cdcb6,dup_dd8187fd88ae4e96,1,True
nazario5_001067_071b43c268d5,8c88b606c421325e04dc7da3f751f5699e401ef14eeab87f083b5cbb9b04141e,5d59322d7ee95739e4ec53975878f45110b17c05dd14ba8e5eec97efb8c7226c,dup_5d59322d7ee95739,1,True
nazario5_001068_2d23044ad53d,c2e93c6e37b7422e5aeb3d4deb8837c03f6e3d92d6af07418eb6fe21c7bf8408,7eb20e11b2b826c7838dcf9bb6079b862eb577b8543781bd0c085f7c81076af8,dup_7eb20e11b2b826c7,1,True
nazario5_001069_679f7cafee4f,47de7cd67913a09d76d610f1ee05a4bd50b1c7c9da80dc4926a6ff6ef9671826,c8fb35c1f1706fd2215180a868154c4f0ede39f7f6ebcc628d24e0a8c7ab0766,dup_c8fb35c1f1706fd2,1,True
nazario5_001070_e0d5299c9809,0d0491e151c78333aab93ae175dab44fdfbec6d6922bbc035cb755ee2aacaf55,9277888d18faf75fbd0323d8b2ae2cd03a25bb3ff45d1de6559046a7d5ebffdf,dup_9277888d18faf75f,1,True
nazario5_001071_4619b59c3cc1,3e6009c2dcfed2f11c632aeb0716785b8d75bbe43e25718fb5d1ef592f38a9c8,9baf943dd4fa8d7393bb185cc76bf2692999b8d543862e1c7dc84984d1237e93,dup_9baf943dd4fa8d73,1,True
nazario5_001072_3caa4e7944a2,7612ed7fd1bd86e6ededaa9df64d386d57e0c9c7d6ab44472e0fb245c6709848,e953daad54674cf5114b63ad676ea7cfab54115ef328f6d382a66296ffe88691,dup_e953daad54674cf5,1,True
nazario5_001073_88f7d848973b,52c4f1dd6a9b25fe12ed2fd78f154d18bea5d118d929a376cae9fa99cd4688e3,017a15c23923ca8a65e73731be341db2d3424dc70cc568f04b9fa15850a51abd,dup_017a15c23923ca8a,1,True
nazario5_001074_d8c85abb0666,3a3ae5ad2d2605198a64cdc8a884c77444255683019130b302aa4783302a1e0c,ed48bca7cf91a9073915579d988aa14dadbd6b90967ba74ea52eebe997cd1f63,dup_ed48bca7cf91a907,1,True
nazario5_001075_57fa5a6a0de2,55d79f1e4d9dd91c3e3440c5e6c583e2e756784f2da8de421f1bf10718839466,1d48807631bf4fa67837f6ef29900f03d8828f83f2c6149578d6c54bc67a99a7,dup_1d48807631bf4fa6,1,True
nazario5_001076_6defe8f2b2aa,023ae6db5253d3795f7856a287ecb197b958723f2393104cce078a2540d858c1,12ffd5f182fe73b04c94bb81d32084082ba1b3766dc6b8f34ceb31697c7fe7c0,dup_12ffd5f182fe73b0,1,True
nazario5_001077_72c71dc2827f,ae1ba9511c091bcfe94ff9c9bfc3740a7041374d15a59cc4f0515297fe674cfd,d6c07b3210ad677bb2c80f75de95e84f8b809cebf64ed6b0b10f0bfc7dc74167,dup_d6c07b3210ad677b,1,True
nazario5_001078_b8c402dee23e,dffb4e57bdcf17c1d165626ad364c4e8ca23a89b7dabfb4a7a2df656dd3e0e34,9d7d4304ee47517113e0832e23ec5e13d2c1518caa5660211cfcf298349b3625,dup_9d7d4304ee475171,1,True
nazario5_001079_9934e9435b0c,5f21b4a1e413efaadbe532fb6c5ab16939e38734f47b03b6ef72d915b6a915a5,16522150818310ba3de202386733586d4b593a844b960c5cc3015a87e9557784,dup_16522150818310ba,1,True
nazario5_001080_229455ec5891,75f22d849c4988f5fbd7ef65241475ad2574abcdbf714da2f954bc41730e05dd,ce7259feb0aa52fd016d1d8fda3caaa82ce2db3292495dbc965da32e0499cb19,dup_ce7259feb0aa52fd,1,True
nazario5_001081_01377f55748b,3c64a4451bc21239425eef8376af212648087ada616f6974d4bd687bda2789b1,62d1a1cd338512de686af99e7b90d8ad4f5625c9e82bee168d8437f4e33e2a4a,dup_62d1a1cd338512de,1,True
nazario5_001082_3bbc0e985e34,f669ff87149cbcca87824853190cc498b773258aa27aab61a1b09b0bfa5c1fa1,77ee62b8643bbd86f88de4475877902d17a0d2876caa63692bab03acc4d11c34,dup_77ee62b8643bbd86,1,True
nazario5_001083_23331d1c596b,969f7cbfba2677a81e8a13636b720d580a30d0734dd9829261ac12d845a950d1,ae9517516960b1e694d10e84fa867a650f8e106d9e5cab8fd2226f157421ad3a,dup_ae9517516960b1e6,1,True
nazario5_001084_2835b66731ca,ef33db54436452180764812957d49c9af3c87f7bd3bae7b454bb3508630e1e98,c57a9001d218952361668af02f49c078f832dea7460e89da2f25c8dd7e7b9176,dup_c57a9001d2189523,1,True
nazario5_001085_c56359a6dda3,4e2eaae2a842a3a1bc743ff6bfaaa55fc2428ff018a07a66adfa3bcf44dbeb55,9377e0cd0ee4756d3f16a7f0f8ac279e95306f12ae9cf41d2dc598e756494f3d,dup_9377e0cd0ee4756d,1,True
nazario5_001086_0c7afcd6d467,a39303c7b762e7785cd3f6e630545619d17513dca9c59290ce31b123b706d041,865c6cae191a866a5dc015d168ebcaa7135d862dfd8d9cd9deb10e85d2b8fdc4,dup_865c6cae191a866a,1,True
nazario5_001087_128ff1fd24eb,e9ea6e630134a7e139e3c363268ffa8f31dd371bb724b807a767f2183bf4a9e6,146c5e46d63270627ebf76ed0cb5dc433c793bb701b172814cbcd3ca9718f84c,dup_146c5e46d6327062,1,True
nazario5_001088_a39c90222b91,12f5955557327d86dc49a2e42b03d08b5c463113facc4e2143298aec6df30eb1,b3c450f9fa6d0ba5ed2178fad7a13e2c362aa882b03c14f0537ffdcd055afe7d,dup_b3c450f9fa6d0ba5,1,True
nazario5_001089_2da84bd9f1c9,f0c8d4ac883f3c4269d581a9583cf4059ff3b4e06ef3292389f52d4fe27d80c0,16206d569824900b7c2f5d3764e18ee158f195e234bbc9d20d872fd0e3b9a8f4,dup_16206d569824900b,1,True
nazario5_001090_dcee3c5a013a,c3cdf3c33dd7d36aecfcd2f0f3b391bc2fdc13a229bfb799796a2517bf70f450,3ce0c7945e5a4d7145819ca4a93632b265d191bdab5f64cc30f2af3971e5b766,dup_3ce0c7945e5a4d71,1,True
nazario5_001091_4b83dc1b039c,2a48ef4dc4effcf7548abfc67c4f0f96edbb55f4a4d6a73aa76688205231175b,f3ff07a941eb9009ac769476ab726965db73e1fd37b3a02e25eaf881c7f90681,dup_f3ff07a941eb9009,1,True
nazario5_001092_52e8b2b85f07,dc1faeb2c1f209022e010c61005a1475fac2814d07a1c0b8bbbda4debea12dcf,488c0e23e1211c2c6586540dba6fdf88c0727b5a0673e1bdd01388dc93b979d4,dup_488c0e23e1211c2c,1,True
nazario5_001093_f4d3f5700bbc,3b3c9dcd89a2b5c4b7b74b995f8e6567aeb2dd83140fcbf7edf72c3b74133208,02b4631f079a81c37612990def5643125949a0d6f89fd9f654f0b42913c7600b,dup_02b4631f079a81c3,1,True
nazario5_001094_5c7483408072,cc0471a3fb9d04115db00020f510d3606141e209b9451834c021cd1e67ccc4c9,9b9bca5566c278d1b63ecec8075a8fce069b37e4a076ffc77b7b1485c7f3b740,dup_9b9bca5566c278d1,1,True
nazario5_001095_1f3da60ba1c0,fa28bc907340c9b320241570cf56e3da18cacc2ef8a549a10bb23838d220af11,f01fae57ddc998dea2fbc9ea05f5f962c9b9b80d72b2597922475ba15ad460a8,dup_f01fae57ddc998de,1,True
nazario5_001096_fcfab6a4d57d,b07edd49cb44c432d634daf389e1ff6750291699c6d3e5bcb1fcb7fec8623478,091017026a297a3b3b96f973289c94ae2678c4b1d1b38893aae86519cfcbdb44,dup_091017026a297a3b,1,True
nazario5_001097_0dbc5fcdf6c2,1ce90e01eea0607ce2c11428c8ca32e2edc184e9bd2ce5dd6bd66a7e8878a358,245ef31cbc09b3a737e9c8c377db32b580cb76ca3cf3cc0ff6cd57e160a01704,dup_245ef31cbc09b3a7,1,True
nazario5_001098_5020f8b0e356,57ce9772c1e27ad627865159d5b817e8952960f4ade677258c47f47d52045805,9127bdc74c69cede2017f15feb27819ba8bd7131eedbd1b390c9003cc885631d,dup_9127bdc74c69cede,1,True
nazario5_001099_013ea92c5393,d28a2a863d13222099bea744ece7629b3024fe39e333fb18058b1d5d9704b387,b26576474f23a5bed209052b1a21a1ec643b4c9db8289a4907abacb34087ef86,dup_b26576474f23a5be,1,True
nazario5_001100_bc2bfd1cd89b,e21ce9da7dad6c423959d74f824e28f1cce93b213a35a6aa438a447cf23b1ae2,27e236de40d7c9c1f29256a9cb16a376a578119e41f0ddb698acd5f775701e3e,dup_27e236de40d7c9c1,1,True
nazario5_001101_b648cde51534,f6a7d118e21977dda4cb2243469884ecd39da05d27676bd5b9c3982dbbac6cc7,7e6dc612a84100fc6bc3cf19b3817e6fa461307754a80176294ea92f3f0e8d90,dup_7e6dc612a84100fc,1,True
nazario5_001102_2aa27e5b7d84,d2d360bb951dc375b4c5125f09735412e69b29b167dbd50ab801b44e1b2c051e,8c486cf959731c5e06f4f3a214cb087cf16c001eccbb9c73b8f4db2eb3783add,dup_8c486cf959731c5e,1,True
nazario5_001103_f34aa39bdd40,e96a2ff5a52af6a86a2aebb04ab30aeec9ad6ec9ff36ebe4825e5d7b65fa9182,7736e0ccefbf6274a0d41d0dcaf09f17f1ee505fe5bbfe95267894a377ffcb07,dup_7736e0ccefbf6274,1,True
nazario5_001104_87a3deb86dd4,28e3f40f0f1309fb647077aada019d0c7fc4a067d38be670ddd8541df51258b1,cf5c45bf8d67c6a6f2db613c7b29731af9d897eeab6003254d58753852658614,dup_cf5c45bf8d67c6a6,1,True
nazario5_001105_5f0852b89937,c05ed6419b5672cd12d3b0e1ae725dd8195f6473b6f83b966cc38608f972c64d,9a5a71eb01d655f95c7a3cc46ab7570dcd9233815aa1aa47fa0a8be08d2a8a57,dup_9a5a71eb01d655f9,1,True
nazario5_001106_e88c6c7d6888,64fb189deeedcd2b30710167a29dae55ebe09481aecc2d7c8aec25aaca3026b1,4eeefbbbc8b711e5b19adf51bf8ff42ef18c0bfbe769afda8928da5d79156264,dup_4eeefbbbc8b711e5,1,True
nazario5_001107_25aaf3fe02cd,a40ac0424a0ead749646699b7781b6e120662293c49e97ed546e12c7569a6aa6,d4168a6a63feb0c2f91025b1843e7d20d4902d277d2062cf5eb24bc0771437a4,dup_d4168a6a63feb0c2,1,True
nazario5_001108_d281a844f281,843dcc21e366f768db805411f0286121044866a6f763b2ef2b4e44039e9ccc69,faa30ba482902daa440225664a95c866831601ccf16e2f528424ae9e700ee147,dup_faa30ba482902daa,1,True
nazario5_001109_081527895385,00c61b89c94f7076d88b21e3789fd7c006c93df5eca826e453d1e15a52540495,80bc32f14291d42ea00a09d6db44a39da390eb87c8dace01c9cdfec5717c78f4,dup_80bc32f14291d42e,1,True
nazario5_001110_69dbbb71ba91,2912ef22297f3ea11db52a7dbbb71bd8d20bc276b26e0ff0f94c42deea9c362a,f7b5689c737f85f4d0aaa9bed13aafbec61f9761dcb792ca5d853af1fc4070ec,dup_f7b5689c737f85f4,1,True
nazario5_001111_e95840e4aeb7,7edfe676b3158831dac6dc106ba45bc4e5ac3b547721e7acc5e86860d04bea18,4698ce9ee6da171c0bcbeaa52cbc6b7589d4f6943b56dce56cbac3e2f820d977,dup_4698ce9ee6da171c,1,True
nazario5_001112_c3449052f78e,eb6e069dd3016ee61177963333efd6608b80d835d9eea9c4fe6f6adcb00be64e,ed88d0638990532622d84ec0e7ec0b0436c8999534b74fdf18e625ffed717746,dup_ed88d06389905326,1,True
nazario5_001113_5a8611be6c87,4b7242a14f7150af3adacff4fdb4c8f09b36011e1d4515227e2d954f8b86fb82,2bdd85f6c0f8dfe11597166c93f83c237a90fc924a3cc2d8f1363256bc84caa6,dup_2bdd85f6c0f8dfe1,1,True
nazario5_001114_a961f7ceacef,56806f5888c0e0fc5540f15edc8056d89051a19d9f105838c4ed7b36d304092d,1c108a1839ae9893ed25b1b138ee4640d6234503dd68c5334f289a873ce0e93e,dup_1c108a1839ae9893,1,True
nazario5_001115_111b483c82db,5e3f058d7fddda299ba9d8f6ed89a7980af4a65395bbf45202885dece5eefe4b,e90a0f2b69868be60e394621c58023b272c22e4a1293cf82239df22a723bd516,dup_e90a0f2b69868be6,1,True
nazario5_001116_5f2c4d9bb423,afc7165737aed77ee38ba61f2b7f7633fc0cb7a58318e4580dca6a9e57b132ce,065d5903b4ebcda59c10262965baa4a27d53533d3937918b5f0702de408ebd00,dup_065d5903b4ebcda5,1,True
nazario5_001117_67b57fc61985,823a733b434cc331b81c7e63ea65ea11a0c6646fbb14a7c1297e9eb402e7c531,2e8d475fa7e5c07492e0366ac0adb0d33e53c24119cd946412f9747910193c93,dup_2e8d475fa7e5c074,1,True
nazario5_001118_76089db6e00a,113561a76e4c38d9eb6353a7e32122993457722c42c838d4a804a0127c1894a2,65c7b7259b2331621f5ef3b90d35342f9fdc1ba490091e295fa0a0cea200bb1b,dup_65c7b7259b233162,1,True
nazario5_001119_763edb3f38ae,3f46389918e3446404892be08055f6d11f4f6a4a835c8ca4aa8f7e7aa1ffd416,c0b120a9f78915fca6128601ede0cc8e78b1ec7f90f58fbbcc94a269d5fbcd6a,dup_c0b120a9f78915fc,1,True
nazario5_001120_60cc4bb36047,916c3e25f85aa0b505496f35bccc3ef4c581cc861fbf972a53df1ee451b708c0,c86ce349384f061b34adaf141623653e75b04b702d9964801a02d53490741d39,dup_c86ce349384f061b,1,True
nazario5_001121_a3339b7cbe1e,a86dc78b10694c216ae70878946e285c788f19eb90bfd7bf28ece7e12d5ce639,bda36a565f988de8a531a6c3bdd89b826b9fa4be85810b34ed8418a417936540,dup_bda36a565f988de8,1,True
nazario5_001122_ede31e736098,c7f35b740c32f90e8d0d8d394dc27a8506a0d2e76f0460ecc082a46d8402f437,e9c7eec56287996b2230d06e92bda35dc3d210681c78b12b4072e88815c92d90,dup_e9c7eec56287996b,1,True
nazario5_001123_c804200ffe7c,74b9d390c4afac14cf647c4ed8cd1e353164f435f3f4642ef7237c8278b8e9ce,cbba9d4258a1ddbc39aba303717c5406089ef2c1d88e99ade12f615e3da08043,dup_cbba9d4258a1ddbc,1,True
nazario5_001124_c479e10fd96b,74679eb194d0256db3c0b25498c631deead7b7094341eee7ff5f164a7d5a5c61,564d1d3dff2770788ed860e051e0d8f0c5decf161edc6666e221e449f9021558,dup_564d1d3dff277078,1,True
nazario5_001125_5dc898f278b2,0c088194b0c2597138733a78d51742fba4f57ce17bde6448f3cdd35f8f281cf6,85b0b566d6c41bfbdd9d98ab0290ad71e7134a95b04109fe864b29934c7b2e2d,dup_85b0b566d6c41bfb,1,True
nazario5_001126_14e0ef277289,a8780fd51eb40555b2a14b43f121e5a1f2a8d47551f37dd8da3108d9c2b06151,3eaae3cd3e34e349aa23d49151b3622932d88fad97895f5aed29ae99ca0f6e09,dup_3eaae3cd3e34e349,1,True
nazario5_001127_5b49be96ac5e,b3b9bc217d8ff73a41104f59ea608f4ac4f3f40e80a319aa113d34e2fe30d57a,78dce993fc7409a67982d314db5255a2a8f253a2f8696152df09e0575ee71c38,dup_78dce993fc7409a6,1,True
nazario5_001128_239ac019d189,faf32e919f9d53dfe783e120840d394816417217e10ed1706e593590d90cd0c2,3f421c63ccdb22019d31e848ef2ad5f8cc89172c676777c0d309da1ec520fc7f,dup_3f421c63ccdb2201,1,True
nazario5_001129_50e68bbbf414,06cac791247b45a93685635ffaa837d13d8a03403aaf5c109b66c2109b8e04da,5b9b2de873e82454b679ff1001378b3877872a51ffa1ca4d37d1a761dbbe63a7,dup_5b9b2de873e82454,1,True
nazario5_001130_722a98cd7e82,46d945ca8c7dcf8efa88ff9a38cb51813a3aab82f839ab7320765ceff480b365,17cf10aa1d5a5cd99494500a73cd65ef691983db62d7201492a5bcfedf0a6d82,dup_17cf10aa1d5a5cd9,1,True
nazario5_001131_7e7911c50630,7f1ca5d1f921ff6c3a2391aab9e7c3a61042800addad56b72a6bf3e1e2c5f478,855ef55df900e3b2fd8873306b865007eaaff85ee7b50f651e8327d2e1bc6b54,dup_855ef55df900e3b2,1,True
nazario5_001132_2902173163c9,1c36d269dedcc6709fb887cc335e103c763a005a799e7bed46c8464d8f320319,aabcd1adfe7f1145a08032797c8c2e41a6cef741f9f1bfc37bf5c32b9e7327b7,dup_aabcd1adfe7f1145,1,True
nazario5_001133_b60da9a57529,6af9a653418177aaabc3afe6ac23b080465914cc0b060224c5d18f52dce857db,a2bf0723c284d423a863a810b3bd7367a306da114d14aa2f3d44b31e10c7d55e,dup_a2bf0723c284d423,1,True
nazario5_001134_cc178749eb72,8de170ced8ff41b9b9f0712504106277a21f5642d4c4d59bfe284d2e7e5f1f88,9e140f16d29221f8f76eafeddce4915230f961bb164d21fe1ab042f1ad71941c,dup_9e140f16d29221f8,1,True
nazario5_001135_3d411eee1d60,2d6ef5e33dac1f9d900d259f0399828ea2ceb9cf691048b2ad495be2b7597a4e,1da4cb54054a8686e35c1c8b45d2d7d506274687dea850a194c0707c11da958c,dup_1da4cb54054a8686,1,True
nazario5_001136_8db89470e6b7,a55a3746f7c5915221d75f62f79574dbfd1b400d40d0078f830cd5055e309a99,41485696b31bc429aafe6587ffed7dd851b187ab6cdf00b825d8f382da7a2d31,dup_41485696b31bc429,1,True
nazario5_001137_ea7c79bbcd88,a70ef187adcbbbab95844b7fb99500a3d0f650f0fd3b4bcc3e522c8195c9a938,39c99e1e748dbf27b6ac040ef214dc269879cfbb2c2ab33fdea5f67a36f3c532,dup_39c99e1e748dbf27,1,True
nazario5_001138_ed4917f7e341,674ab822738852b30f0b352e66b6f391e4e6744bb2db9cd54c6b32a9d9c05f81,6842a9ffacd96c1f8b50d2b85423cc9e983d9fb62ce4a0e04c96c26d2e1c0a7e,dup_6842a9ffacd96c1f,1,True
nazario5_001139_5189bee9f224,7bd0b083a4019740ce11ac2b26b6584c5c386c2547d072e2503d644fcaf57861,366247d208a31849b6ddfde7218f4d852cde22592a70c3107b647e5941c993a8,dup_366247d208a31849,1,True
nazario5_001140_fca4465cc104,ffaebccb00422169193c9abbb0f60be124783510cc748e628a047b1d85380998,c2fa9157523907fe2e7e3b09f15a7349ee5869b3b59eb567f311539648079662,dup_c2fa9157523907fe,1,True
nazario5_001141_92bb9751bc3b,401eaeca7aff5ed3efc3fed62ce1e967d01636cde061df0ef074587f06654d5e,7b1b2a870573fc86dc40c26b53e15b46fe79344d133705c8a1248da245348c64,dup_7b1b2a870573fc86,1,True
nazario5_001142_d74366d032e7,c32c1b12165c7fb284ba97b9d4c1a9c0d4db13e351f8f994c9a1f5bb3cf28699,7a6b82489494174ef8bd85248aa903e2e30dbd225eb0f4f94aafb15a376c36fc,dup_7a6b82489494174e,1,True
nazario5_001143_1905a0c40ec3,44b861561c0c66529332d652e6bae3f6364c8d5f38947101aec9fbf301aecbae,1302c321b1339094c880900a4b4177b6c31620f8b5c424a6827b5474b6dbd643,dup_1302c321b1339094,1,True
nazario5_001144_1380dafebce7,46bc9e7c434b3403949a9707f978dcc4a09ad8703e50fbbe11394efbc8f38228,6af3e90529a557b48bd96c498d388c20fb7b229254b5c0cb5e9c579d1b2a3288,dup_6af3e90529a557b4,1,True
nazario5_001145_5b15a69aa319,9900b12597b7a5158b085f8b7262fe079683e59a2501a77327a96b1f4b258230,329310e937bd7525b503261467b2bc30e92e94102cef2519b779c5b6105532ce,dup_329310e937bd7525,1,True
nazario5_001146_af9383b7de10,679483f1b04e0f9c1135c3b956ffec2a990f4ec243057fa01dc256b69ea09d4a,d9d36fb9cf7ff47783c70a162873ac47fbf31d7b0d0ec56989cf352472609b8b,dup_d9d36fb9cf7ff477,1,True
nazario5_001147_ec07039dd32e,bf59856e03050410f2849ed189ddb77632f5a28350cc8b7f600b05f41941254d,38957e80f185b253b2ce742f14001d4c68a0ecb86fdff8c70f8aaf9b74836c9f,dup_38957e80f185b253,1,True
nazario5_001148_a1f3667a3a7f,164919b1f685de370b2e91a3b81cd9426cedae2e59d3f4387a9cc2cf36fcaa43,8c2e479de0a20d0e6012de04af5a2e78e47b1f94e32f2ffb39ebbb7b40a45bd6,dup_8c2e479de0a20d0e,1,True
nazario5_001149_2a00bce003f8,d4854ef54483838e5522caeed24ce456c6232f9023b0beca3c2bd7da5c78f302,ea406065449947c789e84b9c42fa2fca7fc847b086bac57cf7a705f7aa257560,dup_ea406065449947c7,1,True
nazario5_001150_7b97671e4ef9,a96e97bc7fe6fea7a092608830b54c6f0920ca443d4588752cd58f4822c7d1a9,cc0cbaa6719a0eae180a2766d8792cc1afb46b86ec328b064dfb8324c143409e,dup_cc0cbaa6719a0eae,1,True
nazario5_001151_e2374441c585,28e847fb910072ff21e8c65a03f3ed5efa352fae666598587c6d1c5c0c318fe7,82fd66575760e4862b93b6d207209a23428d4def6c20925f158b6ac720a3b5c6,dup_82fd66575760e486,1,True
nazario5_001152_3aef6157da6d,a2a48c4f1a2825e08f23e9c6339d7bd977af61827374526f0af714c798ac4534,ab00166bfcf173707b5f4fd69eb4e32b36fcd886bf0fe1b2e116e83067b7096b,dup_ab00166bfcf17370,1,True
nazario5_001153_47dfe4f98fae,a2673717590905c425e268f99e5319a3fa4ba2c68f1c5477dbb9d4a3bf0c009b,c947ed025844663b5ee2f178293d3196619d66016cf6df8512644a3b93522903,dup_c947ed025844663b,1,True
nazario5_001154_fa544b4ee900,3e63ce841626a911e3676aea1d0a9f4a881b641b7a13a17a1002199a302cfad8,9efe8ea1d00bb563756d244c446631ab2563e3d51cd19d4e0ef5cfac2b87d3e3,dup_9efe8ea1d00bb563,1,True
nazario5_001155_cf26bfd43741,0125edccb540d943e7b02a316bde969c4ca4cc1042e9f334468d1cd95a376fa8,8a36069ffe4052a3d52d536ea1f5c63d8c1d0e0a02ef3e0647735296d949b5cb,dup_8a36069ffe4052a3,1,True
nazario5_001156_cfac60bf32f0,479650c7e60cb64c502c9abd9da7ce3092334097d47459a3f53b4bebb0e47363,c65b797ed2598588be58e1c646316e899f1e84283584c019a6c9ff72a34a8472,dup_c65b797ed2598588,1,True
nazario5_001157_dc17baf06076,58c1851e0040b4064f0a08b64234ae1802d4f4f30bd938d4d62a26349f62af95,110f359f76b6cc4aee3ff172ce29e493eb64777efda3f1408656c0409a6a83fd,dup_110f359f76b6cc4a,1,True
nazario5_001158_a557d997690d,b10f97eb3d6bfda32b9685675a4c36a1c8a15a4a815f03d1148841adcccae492,2e9d50b8d8d84acecc79d886d1de23f68656d8a2fb7a3b62ce884fbb95f0c1df,dup_2e9d50b8d8d84ace,1,True
nazario5_001159_64e408eb2cf2,161b57c3467756d90f2f305ceaa3bc57c31642e2f3e48d3f3366fd23dcacd2bd,a3510a62fb8224549de5a16b8916eb0a5e5bccd1dea7a71aac6549d9a109207c,dup_a3510a62fb822454,1,True
nazario5_001160_96dc4f4ee51d,de5f4910dafbf971642770326d791fe1a8d99010b9adc423aebdf63d5701dc7e,98843a2c581035ad79d84e4ec95b647a6e03b42ff8556ae3c2965eac002269dd,dup_98843a2c581035ad,1,True
nazario5_001161_80ee7cceef07,f8bfc0de23f24eb6ca52ba4290b7a96a895191f52000e10fdf0ea0563ec21cb7,acc9eddc44e5c3ed561b5d3a4fa2b62b28d1e1169397a238f02c4125e7397ff7,dup_acc9eddc44e5c3ed,1,True
nazario5_001162_16e140c63a89,b0064e0400773a347e288eb7e82b25bacce5c890501dd47a6e1fe93d180aa3fb,a023626d213c68a1c97f9717a800b76990195c5871cabbf9841b72e1ed551444,dup_a023626d213c68a1,1,True
nazario5_001163_658a6e50b3d9,883e36282bb090c104a41d38f319dd132fde0868141103f5b20eec85520f4b34,733d74425c95d9235ee2f87d158f23b06780c6a9ce689db8357341b050889838,dup_733d74425c95d923,1,True
nazario5_001164_11cd976a3084,77e3311a53c625f455f84576f03ce405c51c83f9055318a74550df5c7525e316,d1ad05d4fc93a90809a8d63e73a83375eac9f5eed89856d47d627703252ebe08,dup_d1ad05d4fc93a908,1,True
nazario5_001165_e483ca19d964,4588ba496ecfba2eeed520876c33e6974be450bc922e6acb59604aa9ed7dd913,3458406ee78a78540aa5f3a58c0ef9a66a1ec40f0c69ea356bb66365bdc02e4b,dup_3458406ee78a7854,1,True
nazario5_001166_31c25ab04a95,d0f80ea0b4190d4f319dbd0f01e3c6c0a3779f93b49e9da8d1dcf7464173c8c5,98207853df1f2fadec8c9483ccafe000e4018db8c5920551a22dd5592066b557,dup_98207853df1f2fad,1,True
nazario5_001167_296064f7575b,65b35c9f56cb07e1ef0397a3f43bcfe90f00e3ae6da63e640e4fe5582774f829,aa1119aba966ad1de94a5ac8ee847f184193fe884e3294b18fea3f6e80f0d869,dup_aa1119aba966ad1d,1,True
nazario5_001168_3232c72b4f15,41bbbbefca51780c797b0e7f551e2b6ff4eac4d7b88377f28cff31905d458680,157e4e91fb6dc2d8c2a29543fa3aac57455d5003c7ef07f4b339095c642dfced,dup_157e4e91fb6dc2d8,1,True
nazario5_001169_af24c20fe559,f1f77ae26a6dc1d83ccaadf23d1a298a6dc07a85033defeaa61561009c11193b,9be69ebfe8c420563cf7ab4f9651017a4d29aedb1609995dfc37241b56ed8e91,dup_9be69ebfe8c42056,1,True
nazario5_001170_bf7459271cab,e0e62ee10283e447fc31310d10aa14323f8305a57c132934fd196eef049397bc,6c3af370856c2103697fdab67db5b2ac7587eb6feb1bdfc72750c28f245e17b4,dup_6c3af370856c2103,1,True
nazario5_001171_700b8601d4cb,3d21109ad1f7b6105fe0a2f0398b5d46e7b8690f5f29408ff1218671a1f75dee,9c501387031990a067be338e7bc4b0e8cedf0393140a89e4991c5139bf50b247,dup_9c501387031990a0,1,True
nazario5_001172_6b221789c002,bbc106dc7b94903939f55b2d6cc2eb745f5ea83141ae84f6aeca60dfa635e1dd,6534add29f941f847d8a1a01908d2203d1a7296b0d87ccb3376bc79101b98db9,dup_6534add29f941f84,1,True
nazario5_001173_ca828691a417,87a34d1032ea88fc1f5a435e4bee3d1b45d36d542dbc6982176640fab763bc6c,72c03dc1fbeb86c53ee6861bbbc975529022b32504e2b2c4be0c16b26bab5826,dup_72c03dc1fbeb86c5,1,True
nazario5_001174_b0790fd76b32,dc9aa240d80553653cf99d8b8f7ec44a6c4c53daa41228d2aa915a88a7081039,44563713ff76a7391e2a288fbeb4c6efd20c07de7754325222370341e3eb4801,dup_44563713ff76a739,1,True
nazario5_001175_773766ec7d3f,c6d25b748e930f3eddd8d7d7a80bc7bc061282a17cb1c6035ad05bc14cfad9fa,cf52c7e7741d28aade849750424195b9a50a0bcfb8bd8a7042f0446adfd48172,dup_cf52c7e7741d28aa,1,True
nazario5_001176_68617adfe044,9916812b3a1ab6c4590bb7558c3ed74dece9aa69b9343fda91db263a3504eb43,77a0ca72914d4fee2d6c4f5b161774a6ecb92c33d8682e6d37fe13d8a5c75acb,dup_77a0ca72914d4fee,1,True
nazario5_001177_67ddfdf4f18e,173ae39ee813166e6a9af151ae8f9725466d64e65b0fe4e96e5f9eb93c4b6c03,f6ab267a62febacf2ab1c1206aba4dce855459f62a2abe0679bbe2c45e349ae6,dup_f6ab267a62febacf,1,True
nazario5_001178_1b08431a200e,7518f7ab085bd92134cd22685826cc3f3433eb1f974dc8b72f67b662561707cc,469957e829f6eeb6c81a1ac81c3dc64414bba88a40519e4d968949c94f16eed8,dup_469957e829f6eeb6,1,True
nazario5_001179_2725356eb004,f90c295c612c001828f880e957135a95029b3e3678349c3b57a776a8555cedbb,09a6c84c31bcb7e00a531458a669ab5b5e3a4da12a1447654487b288d0de778b,dup_09a6c84c31bcb7e0,1,True
nazario5_001180_0f22c1d95409,84bfe3ca3e47bde609ba14e83b40def74a1b06446b109a7cb3525cf8520ca938,e217b54102c6b4db37ee890eebb3134dcf66bca8462722c6d596d9ca8c3b8a69,dup_e217b54102c6b4db,1,True
nazario5_001181_77d64e264fdd,f1067d60a80ecba3a9b0ce2bda98304a9538f8558fe59b64095dc27820ace718,88dd0105ff630b7f2eb43b7dea09d3ca55f5f7511c931d89caa56ea077f08310,dup_88dd0105ff630b7f,1,True
nazario5_001182_9002162f7558,93cf9ba674e0b35095b206f728a6c0af2703f32dde910b824756c76f2b797b29,88a0cbc67be7307b41254708b89e93b7ebd744c095a612724885b030e8502911,dup_88a0cbc67be7307b,1,True
nazario5_001183_6216361f366a,55d40a4a5026e9cdef1c30f9fea4e8bc1887ea1fa8e23a1c4ca1a4daca65a729,da23d28af9175f20339dbed2a26e789ddb09943063846b86374ea62a0e19a561,dup_da23d28af9175f20,1,True
nazario5_001184_8cfebd00d19e,e437a4652a4eb0cbc6e0521057b9c7278f37647e47a4a0e8ecbac340e3d13d32,634a610077fbf21fb1ea37335187061236ff36010a243f5a664e16f2747ce80c,dup_634a610077fbf21f,1,True
nazario5_001185_357ec5d7db29,15bcbf960fbae458a1cc15c8430e30adb4086d4573a2f263f5befdd87b60ac69,0611f525a27b5f23d52db952c491298cb11e01b40f7ca8540332b050ca21717c,dup_0611f525a27b5f23,1,True
nazario5_001186_07cdec9064d3,a01630da3df626767e16fe77a085a916a666386edde167ea79cb7c568a452d15,e5d5b2b14056c5c0e2b06d4c81da6a88c7af161eb56b93dc30289946de7ad4bf,dup_e5d5b2b14056c5c0,1,True
nazario5_001187_36c48a546046,1d5024b32c7374b902b1df7740bb45204aa7bc5f634f95a15ffb49806f6c6ed5,c31e8b87461b744b20eca03ac18d62cd9525a7c9ef845305b060cdf5e6430c1b,dup_c31e8b87461b744b,1,True
nazario5_001188_c01a82adaae4,8408215a090a656619e31406bf80b7a6dcf63419e718463afde55ff7c463c6c9,27e2680f66b0fd321259581f7b34fbe6b5532b38abe35e3a78ed4470d386bd39,dup_27e2680f66b0fd32,1,True
nazario5_001189_fcab8ac9f205,5a589db69d31abf059fc2407846e3bdc07f34c5bbdbe74fc7a7c1fba0a1e8a3a,ac66277fccd0e42bf5153bfa11b96410bf3e7882a399502bdd426c00d20682cd,dup_ac66277fccd0e42b,1,True
nazario5_001190_96437e3cff3e,914c4115a491c787deab196b9fe5702061c2ef0b438296c9e099cdcb187c8a00,7999d3ac9e9d52f33044ce6dbfb7c8e44cd8e1653921364f2d79086417e7f1b1,dup_7999d3ac9e9d52f3,1,True
nazario5_001191_5da219e2c17b,3bb86810df3ef8650f93d2edc13df63c68760b8bf49e784450123e424949ad7c,e55533db46950d1ee022ec5185030917756dfd1aa2dd0aeda6ee51ae2042d5e5,dup_e55533db46950d1e,1,True
nazario5_001192_f46db133ac2b,0d2f5b6c6c0e8a3182b55bc1e02719c9f1125b5ad210f7eaac1d1a21c398190d,6e52d9e9c5df0a11e4a3c9342bf19be49a5a01897f7aec70867bba580c63e907,dup_6e52d9e9c5df0a11,1,True
nazario5_001193_5ba208192740,ef3faca74b97cd3ea5a6a862b18fb9eef4f7515609a9788f3a0109270b544147,40d292710733620a48d294ceb974fde10cbd27c8f234eaae20224769c9a7caf3,dup_40d292710733620a,1,True
nazario5_001194_3d376537b986,6375708ed82c062d7021b3f9e5e8e58b0f4025e7e693ba4fcf555d93181a5e86,1e851ecd2003640e3297ec58e52b971afa18cfd04f668ad704f8fdffda8c8a75,dup_1e851ecd2003640e,1,True
nazario5_001195_6b29a363c1e9,0622bb6683f6245a88dfba0015e910975d53761d1e3999383ab8660087f2e280,183afda1dfb78ce1094a8d6eb589a2a9a4f8191982d1128feba82440bd05e9f3,dup_183afda1dfb78ce1,1,True
nazario5_001196_3dc243d074d1,9f427af1ea2eac13e452f79de8d86c5beb19b7cfce99d0a0a07ade82e8f13250,8e5e35173a52b2b845ab675b0f6c3be14e9a97b3d3930441e197cc6a790e0b5e,dup_8e5e35173a52b2b8,1,True
nazario5_001197_a6cb26a0c8b4,42d0ccd0592694c28a77609f22a384a4e62b6689cf7f61821435c5d15cc78db9,f8c52e745ff09e8df951de6a5b47ecfb8659ba46e1ee3b3c25195c5cff19b06a,dup_f8c52e745ff09e8d,1,True
nazario5_001198_ae99f52485d0,e8fb19df3631586e53b43c9594b37f09fe8115451e1f387c0ecd3d99c958d7ba,b4433643ff169acdb7f76c3356ee6ff0bbaf189f916a4062c629fc79173bf2ab,dup_b4433643ff169acd,1,True
nazario5_001199_a8185f339347,ab8deeec2d9cd0ba54d05dbd335f2afbecc46c5bf00d394dd87d28ec38c9d4db,3aa1f136d347b183c286436c06ebee8578b4149dfb2e497968f57624c012a98a,dup_3aa1f136d347b183,1,True
nazario5_001200_ff68cc379c93,5b89b46b47d733d18b16cdafec76d1fdb184b516121830f1477d5eef4e3c2a9d,5f32b61e34143c165b6be4257e80d438c6cfefeaa9b365a85b3c3d4e05798761,dup_5f32b61e34143c16,1,True
nazario5_001201_d833781c8011,e91f7f44b660aa80a395cefbdd5fe2da72fdf0a1c3bf449a62be56409708abec,878e033bade385582b13f61accbc8129e1584858b6b596ada479b7330252f2d1,dup_878e033bade38558,1,True
nazario5_001202_08762a07bd3a,55d39a42d14f6ac2ff69d5e6881948bd968fd9e5113d7f030569b6d41b3f3e74,7804a7d5d6ee14bcacc301fc389b7861f489c219a167e33992d898007f4b9ca8,dup_7804a7d5d6ee14bc,1,True
nazario5_001203_2adfdcb659af,f860339aa66fb51f692680f04f231c30cf3a3a6af1c334cdbc9b3ce76d6f1dd6,cbfe56d817bb544803fec0e4aa985e1474699162ec3e03047d49ad66b9421ab6,dup_cbfe56d817bb5448,1,True
nazario5_001204_7ad7ab800463,9349955c873d905cbca82ca46c663495a4f7834450a548e2fd441937ca864a8a,f0c814bdf6990cf1a438500d65fee0c31faba7f7396d154358d0019a3ccc42c7,dup_f0c814bdf6990cf1,1,True
nazario5_001205_c8192a2d5de1,2d4bbe7145726da9897ef589de9c2992cdea5648a01e8d7ebece17dd90338a2f,8a7dfb26b76f60701a03cc91604f155f38c69300437c0d40466f96917c0dde75,dup_8a7dfb26b76f6070,1,True
nazario5_001206_563421534ce0,b36c735a3cd31cee90c149459f39b7d24dac782836f2f7b214dcdd1be9dc3a74,7766f1529f9400516c9245e80a79fb727721457e9ce698348841547b8b7f0e08,dup_7766f1529f940051,1,True
nazario5_001207_9ab2a51085f3,8e72e0dc21e1c632bd08c6cce06becf28f559858e5b378387a7e05c9fca73db6,cc0690d298e1f812c332907e440de10212e4339130734aaf90a7505ab6a1c9bc,dup_cc0690d298e1f812,1,True
nazario5_001208_ce57d45dea60,d0c71f4b9819f24d47962f5547d79358f810df238709c817f8f39be2bff8c3ea,eb1dd17ff9c3c6d2b72660dd94bd723d0fc9aebf0a5afc396077c948189fe4e8,dup_eb1dd17ff9c3c6d2,1,True
nazario5_001209_e29f2fc3873e,8fed15a0515f27543b2c770a5ee24558e66dc5172579c2c2b68e33e493401ba6,d298b9e899c9949705a8c4807d02448430c5a5a60fe9fb7a0a4c5b7d23e75fa0,dup_d298b9e899c99497,1,True
nazario5_001210_915efd1bd7aa,98970fa38f365a6440f0611d2d32378ea6053879f1207617cbdd28dc5dd149ea,cc5e832332e90cfaf0f27bc075f6171e92570bbd4f63a5eaa6cfb47ccc866998,dup_cc5e832332e90cfa,1,True
nazario5_001211_469514745fee,245f5f9774d91ef0fefce673f270b3c5df10fcd37f8c066ac160bfcb456c9604,31f9a8d058ede474016b18c443779ccbcd72faa6a8364394aa0199f6b7596500,dup_31f9a8d058ede474,1,True
nazario5_001212_43a59cd743a1,01f56bd9bff68cb015b2fcd0c73716aafa429b71c8024989077f4cab1e78d6c7,25666af1132a6d700e0df0aef61a56fcdd5172198076d16ce2a0033a1136f6a3,dup_25666af1132a6d70,1,True
nazario5_001213_c4d9dda4a40f,2b3a634ce27526aabd6cf93ec5d0235015f45f7a481d53d62e374388a50f3856,271c75e5e4bd38e3a981470e5fe6f5d468397db6e6bf348472a5fd7f3633c4fb,dup_271c75e5e4bd38e3,1,True
nazario5_001214_8874402bf9fc,d6f85c4fa9aed45f248dfec58312b414eb0c780580b3da6227662e6eff15418c,a2b5ce3a5b6537d40d4e6bb55fdde4b5b3c9476306a98248e75df33ccc36ef90,dup_a2b5ce3a5b6537d4,1,True
nazario5_001215_396607e89040,bb20d40b1d62de36518af3cdd47cba2dbd41c6714e5bb0e803de11eaf15f04f0,8e3ebb9d3a9fd07bf8c50c360c91d2e7df12c5b18d4d83135823bc86a7606b6a,dup_8e3ebb9d3a9fd07b,1,True
nazario5_001216_59c545e469f4,f03afcb9c8613ff6929e85d2b98cabfd88226c8093f1066f542e07dc45ae5a99,22add33012d23bafeca0b6cf555e468d7405968c8045f2fa425621672c1ff708,dup_22add33012d23baf,1,True
nazario5_001217_d2dbbb2ad2c1,c2eb4eb0a0976a9d389129ed202aa90e67a7a500752ef285e7a49be0a7fb8765,95d7d6f3a788e4bf08bfe697c064af3d68078f1a9b26feccbefb60bfefda7c41,dup_95d7d6f3a788e4bf,1,True
nazario5_001218_2645dd270802,336ea34e3715ea82601d3b1b5260958f49428fdeabcaa47f717fb7c1170109e2,1d7475e7c5a8e91c5b4c7be2c802e765bd8051972c31407c9a77f78337561e29,dup_1d7475e7c5a8e91c,1,True
nazario5_001219_95fe482cbc23,1dd15c8b91f06dda0eeadc36587c30bb2f7a96306f26c3c13c1bd74aa4216ee5,fe80421748e88b9fbe5d6b579e52ba25d0b9bfe1e76921d1ed3659b6ac182140,dup_fe80421748e88b9f,1,True
nazario5_001220_1d10c6b003eb,b23383f5aff1221f24ae8589ce5febea6337992bbc808dfd7d690c273b6bd3bc,2d3a0948b9d5e38bbe302a41fb572d131e19dcaf838e83b992ceb659f1722a8b,dup_2d3a0948b9d5e38b,1,True
nazario5_001221_e0ab9b2e3222,8d6bf8b5cdfe65eb2633458ff341e30d0a2573bd72f7ea586e6417a2fc42b49c,9830a89a9312592879286892b148c0c36e42c6fae32b8f952a089bcf10a83e26,dup_9830a89a93125928,1,True
nazario5_001222_b3ab5313dbca,9f028feec99b4d71080e72385c16eceaa30c61bff96dc55fbfa6e3bfbc42b967,09625f8ed9c1149d9775f2d8ba924440fc3b3202eaa08f5e26e0aa5e8e87a231,dup_09625f8ed9c1149d,1,True
nazario5_001223_45ec231ecf5c,e0a85b409eb475f95a1300491da1caba9011ba4ca8934e17a5cc8ff0cef71f91,d85d1efd87857f8d213f05335e6007ad79f02524ab401818361562bbbfecd599,dup_d85d1efd87857f8d,1,True
nazario5_001224_dc7deb3b9667,1d950baf4a539e83622cc0373d6e5678bf6f3d45e5d96a33af697da2c95f3f91,20979d7a6fefc220d0193b5f9ae0827c087417e53d72f7b34268d0d18eb0f2ee,dup_20979d7a6fefc220,1,True
nazario5_001225_614997e4a98c,6447beb75824fb59d7f1856c3e76d683eb696424424956d97c8867675ddf0301,24e9e207af6f6861ffbe96b394e73a83a5fa73a2ac7bfd80a661beecf98ca824,dup_24e9e207af6f6861,1,True
nazario5_001226_488045972aec,2d0f40523d2a3eb798aa79f7f2eaa9416cf46ff4895b47d543cdf79ba401f7c6,603126b11b3d926b43b191fa0d170e0861678ec4b9264177b182df8173dc9e8c,dup_603126b11b3d926b,1,True
nazario5_001227_df0c6812bf1d,144abfa61a8e2dfdb584ced2f55b4e4d4c298977ec026112b0de2d1e6f848d2b,40edb25b5cd53850bf83b24e202ba1531bd4447473f7db44f29bb34effeb6e06,dup_40edb25b5cd53850,1,True
nazario5_001228_b6226db4d68b,03f7bc63eafbf74359582d28999a03226c96bb73b01880c5ede5411cbc528d6c,5dbc0559ffdd52cb127fcae0369f151b005189a2a895f44ad50610aa89555f86,dup_5dbc0559ffdd52cb,1,True
nazario5_001229_d44a3bc0fb2c,54c9cfaa116e2bd9f25e177cff3aa567c63f25fc9369ce835a7628f63572ce6d,6cc3344381f204e151e84662496cae311acafaa84e381488e736acbd139aa33e,dup_6cc3344381f204e1,1,True
nazario5_001230_86bd04f7b1e6,f4551c287bc1e1c029ce9ce0f3e37eb2bea0a2db77226ba5e30cbd4f2c4827c8,7c003cf2ea206515b16ab2344942ad98e1361c0627f37c003482577cfc0fea9a,dup_7c003cf2ea206515,1,True
nazario5_001231_5105db727334,8a458816cc4cb4b8732868bd9d6218b11e65b42823a3ce016e614f2581693f52,fb68b48d74714d2d3b201de4744bf56b54eac8fd424fe5f76c05820049a70890,dup_fb68b48d74714d2d,1,True
nazario5_001232_a31da942f0e5,6e1e37ea3d074d92404f0843e0149d0e4e9c23f23b02c332ea41fd44b62708cc,b5b9da38be55c4c6de7dc356ecd1e4bc47f6ce90818c5153c4fc60691ede95b5,dup_b5b9da38be55c4c6,1,True
nazario5_001233_0d0e70373969,d986ab0abd752dd292727cf0b0fce4770b623eb87d4b66872f05b9c2afa4100a,8434e1277afa657f587231846370f3867ccc25dc88ed12482f45916cbdde95fd,dup_8434e1277afa657f,1,True
nazario5_001234_acd390dbe806,313e7c11793983d45b18bcf8ff2d0e545cc9acb8db16341d7656b48c24937b7e,afdea81212999da57089e868cd1df7659cc678b109f8b2345086e2db3b5593ad,dup_afdea81212999da5,1,True
nazario5_001235_ce55b96e63a4,186cb0590ca6d9a73db975e4485afb5b0222c1b862405a06f80e1e54a03590ef,05ed86e219b6f94e2c90d6cc58d1dd485a667f059475c7c8cd7f05dbd4f70d59,dup_05ed86e219b6f94e,1,True
nazario5_001236_3cd70092b05f,11d5ba55d2402e387ce97b59027348f515ccb467626a1331bef02d81449d035a,5b0dc8d51f91e272f7eb8765ddab2dd05e1c8b12cd7b4cef9014a5f73f73ebd5,dup_5b0dc8d51f91e272,1,True
nazario5_001237_c9c215ab1952,fa5b820d78ca990ce4894b5a4e976f9237aa19817c70be76244e6a57d6038dd7,df2cfa4e6ea580c823faf74ef8f3bde855a02524c5b7d419a05569b18159eb98,dup_df2cfa4e6ea580c8,1,True
nazario5_001238_ae7cb34f84d1,d9f65efe011bbb719806c47cdff2bb374833ff646dd9bf5a8ee8b80968652fb2,8173b23c4404d81ed8ba3ce6f92f777b5f9809c5b620f7b9d49927954325d2a4,dup_8173b23c4404d81e,1,True
nazario5_001239_a93905666285,abc7781e8d1c4ac6139c05b26760c661e324c4befc4cd61e3f2e542981d60665,24765edca0990328f73a4969b39f6d1aed130d3ee1a313bd1fd250e672fe04bd,dup_24765edca0990328,1,True
nazario5_001240_fa029780b042,68cc1ad5a6b88b5c234649d80f8243db492a7c1873a6c30f5f947ea966a1b188,be4ad37947b23bfbdce0e256f467b5ea0607a717bda7003cd06a8783bf7d2397,dup_be4ad37947b23bfb,1,True
nazario5_001241_27da8e9d028b,c67048f8a2fac5746e79e3690504b572b4151e82964418904b6c71197f7f8163,68c17b0344569d3beda86adc79fdd44e9e32f4206f8c2f832be735cbc5b2efb6,dup_68c17b0344569d3b,1,True
nazario5_001242_bd8761517d9a,02d4872f14881e2dbf308829ec7d251b034ab451658bee0591a6700723cd2bb7,3af10b8d7f71567bcfe2cfded5d5ef9024ef212be83cd63250d3d340194e24ab,dup_3af10b8d7f71567b,1,True
nazario5_001243_5128f29bb417,c56277f52459cd4114b7642aed6bb9f0edaf9ebf89992990ff1fb6874340a18e,e8d1ae6b5717d1f887143917d7dd41d206b1f0ea25e7eb9a3cf596835a098bdf,dup_e8d1ae6b5717d1f8,1,True
nazario5_001244_1d09a3efb5e6,d6f006493ffd465a73ceaa2caf7a7c2253617665522920015501b70592a0d484,0a0dc0008e78b8517bf508cac65dbf7b10d8aeab092911095bedc0909e035d67,dup_0a0dc0008e78b851,1,True
nazario5_001245_80aa07e086de,a2b36d420b54213543cc1c5dfb235a1ed7792e49869836850539d1c75510ac54,5591989fe6ba062bea9b2d28c5257d213eab46e25e7d08093501d9fc8e28e4cd,dup_5591989fe6ba062b,1,True
nazario5_001246_00003ff48d20,a73fe268499344c353e8f3334386b2342d290e22f1b8a263df1e17bae919514d,660fcc60e95a71e1765f0d8bdd0c10279f1beda95252cc535c6ecc6961c47f44,dup_660fcc60e95a71e1,1,True
nazario5_001247_71b2400bdcf1,ed9c3f7806a1c935c7a1b841bc63b17a545e03af378cf793c2e423f6d185381c,644c34ce6151c0e718ec4526be5b239199bff3054ad89c2459ce2f49dd33927f,dup_644c34ce6151c0e7,1,True
nazario5_001248_6f86d49c3a7e,6e64c9a8bb73a2932d37e3abe9b2bba7447c54ab8cabd81e0b4c2104cf5c3f8a,52d14fefdb3ab5d6b31beda8ac8af37a25d2bb98586d57ebadbf1ed74e3b1be2,dup_52d14fefdb3ab5d6,1,True
nazario5_001249_854bfd1136e0,ee7f7b612e1f72880f7b1933c6ab851dd3c637f2756d60610d09e7265cb8a74e,0ef190395c8a0a56d19a15876631124f31d41c3cf79fd792454313dc2b043979,dup_0ef190395c8a0a56,1,True
nazario5_001250_ae52cd0226cd,868f0886bf299e3d81e48e071d22db0051c9eff320c5504d3253ec1627073418,058aa7a79700a9ee318669988796bc4584ed497150a072449f7369afb7612f71,dup_058aa7a79700a9ee,1,True
nazario5_001251_33921d2ace72,57cf2ada187e275b9357348479d44a07f809912b80180383ecf39a5b7fbd42e4,49135456f46bddbb78e975cdca19c114af055d6b389288030ace0ee62112763d,dup_49135456f46bddbb,1,True
nazario5_001252_d4d90e5ed120,1440556ae746bdd586cd7c509c5e2a8b1eb730e896b5fd8caa256086c2d2aac0,879b5ef789b8623900bcb6545325e38c7586b39a2276f39740ed35fc681eed13,dup_879b5ef789b86239,1,True
nazario5_001253_3c9c9e1cdb80,596acd714b135c92a6e2289b489a1d1bdb01dc3d6b97ac0cc9bab18bb4b62682,09c4c82f779e3c4e2b6ef9d9e6d5f93b67adbd15bacaf84757b82403a22c62e8,dup_09c4c82f779e3c4e,1,True
nazario5_001254_fb5179677deb,9928f54e0ac1dbcd22f2c4382a416a83d2e26933d028fd6f4d397656a3db74f5,2943484aa61ed0712aa603298474af1b52f0c2cc10b657e5363b31c92b32a516,dup_2943484aa61ed071,1,True
nazario5_001255_ab13b4d1c7de,ede9af3c59722f1b5949148ef8f88ae7d6ecb8d182fbd9de1594827d5271d3d5,5a04b609072232671c03fc5d9a63d695020d4f45f2523a709530ba2a3370b164,dup_5a04b60907223267,1,True
nazario5_001256_df03df77c1d4,d7102927dab2e100d41ec0ce14181b4cd9180b74b0c3c42d3c75aba4ebef6880,88ed3a7fd6adca1632baab7d34b0f5efb586f9b7b4b4ca338e31c7a66f59d5fd,dup_88ed3a7fd6adca16,1,True
nazario5_001257_0abd4789638a,5820dea8f5885a56a171398767da073bc032bce60a6639ba438a34d32c4f403a,27f787c0c3140c34010f6a9ca539ec1a9739f3399a586dd9ccb9746c1c52453f,dup_27f787c0c3140c34,1,True
nazario5_001258_437d4070efcd,07e624e25b7bb983aa3c09b890e597e062a54b3e87a43600179ab5f422db438d,d22c3971062f2b805590ee7dbcad59fa9b2af9f603ae9fcd6a1abea3983ee9b9,dup_d22c3971062f2b80,1,True
nazario5_001259_f18c35d66f56,a1ae923731d2d545bb84b3528c99a54800fb418b571139e721ebb6abe3b46c74,04cd12036133bac52356e355c06239e6381bce90b41305255cf89654e1c2e75d,dup_04cd12036133bac5,1,True
nazario5_001260_39ba725b88e7,ad93ab73dfb764ed945ebe9fa834c28e01d3e03e3953e2ff2c9b65f28ea77244,905569df57fe7f99a32413190f6d95d57da2624b184d26ad7e3dbb876f7f0505,dup_905569df57fe7f99,1,True
nazario5_001261_b7a30de1630c,ee0750180ee0a9d48460a9c1f12f237c75dc94666686e00731db97167c49f9c4,3e62c4609348b5834bbfbcd732ad0a120f8c47837ecec8c94f7198ae1a67c0f6,dup_3e62c4609348b583,1,True
nazario5_001262_6dc18c024b86,bcb4c84037db7857475f25c48ff8d55903d8b620ca44f241883df6b608beb885,51729d2341e660be97f6e42988afb53aaf1d4c4eb61bb1c163490398fcaf63f7,dup_51729d2341e660be,1,True
nazario5_001263_4d49cdb80472,dbb9694f47d6612bacd37c8dbbb0378e88a041493ce9fc0f63242aa1c4ff6ac1,edfcad3a7cef075d5340f1a53297a2c92ff34efdc6ae5e820eb8a699c66d8987,dup_edfcad3a7cef075d,1,True
nazario5_001264_42a0579da9ae,287e9e6a2fa8a84063cd1e234ab573fdb9545683568ff115d1b3aa954f5f7653,bc74a36f16ec3635cfcae31e8c5273e052d0087acde89dd0b475cb52c2fe04cb,dup_bc74a36f16ec3635,1,True
nazario5_001265_8911ec35a65c,6a69b31691afe731af144ee1b5fb917fbd72b8090d1f6877df6d19bb9d09e38b,953d8e9f8fd58e758f06a815de587c925da80499801ee382f355e2d93282b6ff,dup_953d8e9f8fd58e75,1,True
nazario5_001266_af1edd83ba8c,16789c56043cc74aca23fe9b65f73f3f29ffa242a994dba3cd1c3aee490f67f6,a7003940162f2ab38819d8a48cff1e7dd1bad9f9d01f6737a3b5a942f1b3e433,dup_a7003940162f2ab3,1,True
nazario5_001267_69abe8e1f4ba,cf9b2ce04b96b024d225f091eeda30c04b3c6c7f36217159d1658ff824b58df4,ce8723c4f4697d9797238b1d6dc8b5709eb4aff46f9fc14eb61a83cfc372333e,dup_ce8723c4f4697d97,1,True
nazario5_001268_36353505c59a,70b600b91559168813c8fa322a4c63466810cf3e47d76e27be39a267daf9e43f,33d6660d9e1ff8d8f704263045f756fd8590061031abf0e31a3423bfc01353c1,dup_33d6660d9e1ff8d8,1,True
nazario5_001269_3a3854809553,6f467cdc5760f7b7944370cc65cf04b4e3ec09e26fac4301d6ec28dde431b20a,f7aa9fd4a5743ea372ea1c9e295cbf5ee360840ca0859d632b80ac1c78f9f9a0,dup_f7aa9fd4a5743ea3,1,True
nazario5_001270_e0e82e7c97f4,49ae1cf815cb9a28497a285bcec4f2dc290ecfa27ab3b9f950285a193396218f,cd9d55710d9591242af03be14dec0a5a3a1f7bff9ce1bdc257b7655e8cf5a4ae,dup_cd9d55710d959124,1,True
nazario5_001271_4aafd438d497,0345f954c0fe8005ef0a20b591d7de81cfddc2004f0ecc8d568d772a5f483706,68799199a3afc2ededf2b0de8307a80bb5076e0ce001cd6c2ef35f31d4c5f2ed,dup_68799199a3afc2ed,1,True
nazario5_001272_4a2bd3bdb35d,490e772bf15480df3ce1e37e87d4f82b7d9f3e7d4ba7f15dff84a94ed2d93283,38637a5d93adf98ea4315cafb40aa00fb473e4075fb8caa22f8a5c6c11120446,dup_38637a5d93adf98e,1,True
nazario5_001273_8a7d97ba3a37,61c92005f731b6cb50b2045b11b9345b31dac514cfe817f78423f68e3c0d9922,b403f3959de7ed3148f4ff27f1c4b167a7a4d70c9f056aaaa87b4073df16154e,dup_b403f3959de7ed31,1,True
nazario5_001274_5b61a96f90bd,411e3874cf81bcf62f69ba4934c76701e2cb638d9aec1eb32ef8228a16897588,55ec66af00d95fe2d1aa67adc71236a08c9ae9e1fe7a6a01c26aebe0e58ae5cf,dup_55ec66af00d95fe2,1,True
nazario5_001275_ca0d45873078,2d3a1681e68ffb29ed2fcddee196b3e8305bcfe491f097625abac74b0388e5c2,7cc8dd894e507bf39bb50255fd6482da0bdc34ffc0b7cdcc39d35c9cf5dd8021,dup_7cc8dd894e507bf3,1,True
nazario5_001276_0a490447577a,5403b23bab0350bc7c42a2246d8097db025a038e60b8abfeeca579469bca12cd,571d2e142b71be16c86230efde1c0fb176bd30803824f0b77692accc6345d3c4,dup_571d2e142b71be16,1,True
nazario5_001277_c6e1bbb11d9c,ad1737372b1829d7dbb0836bdae7a0d98ce27f6c6d5944362d232c22aa10dd30,95c7d7b9a55438f1bab809caafac90f5c8fd9eac0dfec41961448d1e62c67e95,dup_95c7d7b9a55438f1,1,True
nazario5_001278_99d5a71a0b5a,eee97a36321e128577c04abfa139cc9075ec0ad71b34026737a9002c5a74c4c1,b2effc4d082403520b31f769a007fdadc5f312dfb1b19e22e4718c3d795f9476,dup_b2effc4d08240352,1,True
nazario5_001279_0915b71549a8,4b7e82225b8039470e01ab9fcf9ff8e5747028b8d9cb3470302f03a10e8830d2,4b7e82225b8039470e01ab9fcf9ff8e5747028b8d9cb3470302f03a10e8830d2,dup_4b7e82225b803947,1,True
nazario5_001280_3da169d4eef1,90c8ac43f5128816a83f60e452f98604afcfdce2af3481a5b048589f2212b3ed,752897bd41b66181aab0fa138438370a26708a451fac74beb0d9384af56bd155,dup_752897bd41b66181,1,True
nazario5_001281_1f915c0e2258,7c369121c166234412cd02ed7a4b43d63252b3b8916d8426f84cf07e3b0c0374,696213354a07012ab42d963a17508080d99fcd6cb8b95f0522379e3a1fab1a40,dup_696213354a07012a,1,True
nazario5_001282_def5ce661c2a,2cf463e0cbf476b20bfa13a9b8d793188e4260cda7a4f47eb941ac405a67a447,5db40c53faf36bce95136627b34722f3223e666d55c26feecdb5334f4b7dcbcc,dup_5db40c53faf36bce,1,True
nazario5_001283_5862166a1ac1,2882814ffe17c8e36294ed78a549ecd189dd822e4e6b05ee9e29bc6bef1da55a,1253850f376649f93269112b4e8e115f6d27872a9960d0fd2fd80bfc96b1e3cf,dup_1253850f376649f9,1,True
nazario5_001284_aea1596a9c7d,d019e13f7f5e27c1f964cbf3ec33c5d1b3bfd39829ed7fc59f092e3bd70484c6,a5503a68719689b25476904eed7e92741a2c03d2e94879d53b101aabf7d0ecd9,dup_a5503a68719689b2,1,True
nazario5_001285_9061bdd3e796,3dc267114a71e98e1ea68fcb0d95eec9877aba04f08e4945c8655de7cd088d19,53df987fd02c48c117cda329134fad29f3aa609945ebd94b4083d001135f9276,dup_53df987fd02c48c1,1,True
nazario5_001286_809c641d9a70,b3944023326a8e032eb3d14c5ffea437fdfc3234d9b914941e069313d301b694,5be6b64865f9a46fa700e72a5c2e2c732b553d6c8672d1ce3e996e4399dc6c0d,dup_5be6b64865f9a46f,1,True
nazario5_001287_39483e6afce9,c838626c5ce0de98dd91ae15ec699b65bfa3ccaeb06250185d5d194620b940ad,eed588d38076dc1fdc7ae24bac8f8d01a4004927213398c3a09ef2911ddefc24,dup_eed588d38076dc1f,1,True
nazario5_001288_91ad719aa348,3ecd2fe76f2333257a19deee0b8eb73e42b96202076def607f206d90e4c62f31,26bbc470731494af9b68a123a9fe363b9714f726e6400c765a0f9de5d1ea25a0,dup_26bbc470731494af,1,True
nazario5_001289_3031d991bf63,750fed7cdb93cad83266588ab68a8d2f8691789a7bda9304ca3a8b92705634cf,8c5e15a00ba33713646884d6e811bb6263cb9da809b603597e5c846947ba15af,dup_8c5e15a00ba33713,1,True
nazario5_001290_dd13d9b0f287,55ea1e7a573e18fba2f78477da693be3cb1ad48a06b5defad08b68624ddcd2a9,62005f46de350ac1b1fb057384fc29c57f4a15fb0f8cde6b6a4dea406d52d2ae,dup_62005f46de350ac1,1,True
nazario5_001291_e28205a65207,0cd8da254b1328a84fc7c9e12a73edf2ca1e50569b6892b05d1bab2fc9514769,376b95aff98cc62a097bcf569eae8d6cd4cb649fd103610d2058aaeb349e542d,dup_376b95aff98cc62a,1,True
nazario5_001292_f25a761515a0,82b479834e815c63ebc95d65eeb5b58b2b5b6c2f375c43e8d4175e68c962c3a4,3ee68b8959fdcf9bb30f24efb4bb85b904be4cf30ca294548119e4fef6574935,dup_3ee68b8959fdcf9b,1,True
nazario5_001293_6a393af3efd8,2c750904e5444499324ec705d2f6a0eb89e376544d74183b42822357d34500d1,0bddae4ec77b5e1997f1eec0d4433e6feee86fece408c97ec5059de89d452e78,dup_0bddae4ec77b5e19,1,True
nazario5_001294_b5b57b61c0e2,ab575db65f1739954f7da0145766dd95d7fc3669a6e3d31e83c5032a511a912f,ccbfdf07fc02811583f067e31be115aa682954788aa1303a87192b7375a251fa,dup_ccbfdf07fc028115,1,True
nazario5_001295_686fcee62fc3,2de51745c9c24d33d1277ac0ef81563cbe12adb97aadab0ea912cf023ef0f37c,c29188c45a59efda0d636e1812eebfc7d7a78130b45f30445f13bf339a39b869,dup_c29188c45a59efda,1,True
nazario5_001296_15828a0ab77a,98dbb34a3ff1d5c77003eebd1f0e50d3babfef1b188f32b6016b00c91e42e0bf,7fd54ecb9ee28398e10806e4b703d980480025abd91dba7a0ba33671729d7d88,dup_7fd54ecb9ee28398,1,True
nazario5_001297_01b59c8d3cf6,79996d3a74a7713230ccf409494889cc5ef1c91b362f8dba972ba55749b2eae5,5cf5c826eabcfb9d52fdaa5a896e3b87da2ec184e8904b13489b70600bffd496,dup_5cf5c826eabcfb9d,1,True
nazario5_001298_c39ec834733d,7647b5114445b43093f47c07635892bf3f03baca2c6cd39d40f023670a2cbe60,f73177a47b87eadfc08f8426c295d9d74694590f46fb5939b116d2da8ad79577,dup_f73177a47b87eadf,1,True
nazario5_001299_87603d59b7bb,8f0bb03745c58780f8ebd32f60158453ce41772b1cb9d1362fd7f88ba8f26cea,72c45fcae29b6bdc51d96fdc5ac15be93504e352563023a42d77c681cac2295c,dup_72c45fcae29b6bdc,1,True
nazario5_001300_a976f1118a61,60acac67c19e864f1aa525aa6c2ed8d23ea073d82df9951645d3a44faf75f19f,62b8bc91984138437166302894b3b55c8cf68ddf2c1c01254c91d6409deba08b,dup_62b8bc9198413843,1,True
nazario5_001301_7eb6fa683443,4c9a0f547d0fc2beb2c78703f32144c94dd6075aef9442a941b8ab09a4df66a7,c02366625c3f93ba486a46324c8b5c5f0023b332ca9e9386f6a7efeeaf32e640,dup_c02366625c3f93ba,1,True
nazario5_001302_f967fe0d8368,6140fbaaba98cf6268a51f6d92718dfba0e564892eda42f2962722d62860a032,3447354eefa14539ae55da53cf9a5b4ce19160fbe595cf9756e52575e7c96a23,dup_3447354eefa14539,1,True
nazario5_001303_33617987815d,3d1cf8bdfa1a9590d546da83b95eccef55f3f8c5761831941dc66c1ce4561288,3c145b6b03bb76082571601bf804628545b13ed1f80be590630b22d99ddc9567,dup_3c145b6b03bb7608,1,True
nazario5_001304_7f7cb49e373e,ef967f5140fe31886319c94f986752b02764b5d3c5ad1f328469e3bb40153ce8,2d800454e3e6648b29b83af2a2fe36c1a398d24f04aadc802435d4a114e6ee42,dup_2d800454e3e6648b,1,True
nazario5_001305_3a1c7f120dfc,7201748bdee35a11cf029fcc0878709eae279709153c33d71701a5984e8a4623,bdce52d53529678f4d2088a559667725dacb883e141132a1ad1bb47ac74cda0d,dup_bdce52d53529678f,1,True
nazario5_001306_0b687ea80217,a53442a7c6b852a2bd708ed1db7e90f9c6787f9b7f74a323db8e6a7c1a723985,6158d18a6632a3e6328014a6ffcf05f4c58b41a972f837d48d0ac6a28ed9af3a,dup_6158d18a6632a3e6,1,True
nazario5_001307_d3647e0e152d,e2483902207a6311e088d81610dd37ae71888dc6fd92a27bf5803b135168bea0,10258941dc764d5541af2cdff4bb33e8fb8606bbae2468b00cd991b4540a5c7c,dup_10258941dc764d55,1,True
nazario5_001308_65f82b456bfc,8d88b934c248c0d724f59572e560061016270052f683a23878405ec2e07cfa32,af86bc0eb46c2b2a713089f20284dc90df6f827dd9a781250248144913e92c7d,dup_af86bc0eb46c2b2a,1,True
nazario5_001309_093c68797de5,c5185d0b98e045b4736b91c0a16d196c5cd214c3415ebd20921c04f42b336b19,c870ec2f19a2240ff25dabc3fae916918f0af4b4a1323fa3e818b24008849d5d,dup_c870ec2f19a2240f,1,True
nazario5_001310_f10c3ae46e87,ee9a88ccc016b8573c5f6ec6e45809fa76900378087c055f2bee359707334ee2,b2049a4077ab8c472217e4d06d3d7d1b6396a2bd612e3aa16f57b40ca1d6a77e,dup_b2049a4077ab8c47,1,True
nazario5_001311_6353ec725a8f,a11b096ea94c68dc61d352c67e1bcb62251aed814049d0d1afd5b668054cc32a,a8188a1cd8f9147ea54291c9e001ecd5930aab6f1b548101dede309bb321800a,dup_a8188a1cd8f9147e,1,True
nazario5_001312_febf8d5738f8,02a6de6e67eb04412dd6d8960c10cb4c897a3c25e75d9631a413e1becd7622cd,0f47cb1cbedf0906c9cf84440b867be3c469d996474b4d634eb029403efdf5e2,dup_0f47cb1cbedf0906,1,True
nazario5_001313_9bd706b9539a,3c335ed064e3266c0739242c3e9a66e13f1b7e98e24dfb6cb8ae99e84b1f4a69,cf9f2ec8f865c3d4a4c441039a58cda2e7d6074a1479e7440599a8309e103f00,dup_cf9f2ec8f865c3d4,1,True
nazario5_001314_230bc0c16fd0,2d2d4a25aedf127b73950c692175d39f8ed1f08ba238a4adc2df309a7580fb21,e6647c5b75116924da60a3f80c61ca83b056d7aca7cda4c5ce85d5945d3f566e,dup_e6647c5b75116924,1,True
nazario5_001315_f1e4613c72e9,1cd85b65fb6a04afc0b0bc9cf63c99e0757caebe488329c2e052026f9319168e,312178e1f1a7a882c2b4492043969c74a40da43ffe0f32cc0c49b9201e299ed4,dup_312178e1f1a7a882,1,True
nazario5_001316_8e941c52ea55,5b0587c4d602e5d792ab0cb44f9d7a2a8033e88a58c1369f84deb3667deb1df9,ec0048faee10f33b52e250212692f4f1bff9183af1d298292884fe5266b5dfbe,dup_ec0048faee10f33b,1,True
nazario5_001317_41aba4e2ff0d,23f3655752b1256d093d677243e3dd508bd16a067de65abe1199d0c4567548c9,156d7b2accf3be8b923ed1e216edb5774ffc16e14b7e8f00cae5f33341b16a43,dup_156d7b2accf3be8b,1,True
nazario5_001318_047aa8c8da0b,2639c1a3366b78b01355c062f9c3f1edd887c7ae88eccf615d58815959288eb7,89701f5d1c1db3580c634671aa949f99312a68f8be6827fff17285b97f3270cb,dup_89701f5d1c1db358,1,True
nazario5_001319_ab11f6a0d402,7f40f9aa8a6d2e5cc963aaae747f38f29ac25315a0637fabc5071452609a5841,e381486a202d12f353295c53eb0c376d70a495c3ab20bbdbf6da933eb3d86d43,dup_e381486a202d12f3,1,True
nazario5_001320_d327ca8c8da6,ebdd4cf8227299d3c7b0ce2be1546a3f8e7f9802286a476d0f9224bc41d93f31,b41d706aa205eb0a1fe6b18cb1f556d7b68aec59b9988be62bc5f729cbba3a9b,dup_b41d706aa205eb0a,1,True
nazario5_001321_5b1b5c05881c,198033cdb103381779766480a8646dc3f50883a7858aad0c44d2fe1630288317,f687a6f71803ab10ecdee6ed51e1b81dc3f31aae03dc273776204cc425e19f34,dup_f687a6f71803ab10,1,True
nazario5_001322_b217dc348726,a7b57fef08930b349178e0545c27cb2d31bed99f94253f8c2f6ee89ae9d37cff,968fc1c9142239b417e4ea9c87708d22a539db3d4c70c2efdd9b9d8690e868a4,dup_968fc1c9142239b4,1,True
nazario5_001323_5ae125394b4f,324ea53fc761c7edf9ad01bee211ce68da92dd5c9a52417fa55f23dfaa9c5bfa,c1e0b11cd66faf3fe95780a0ef16b424ca937ce5424dce6fef8026f2c4055887,dup_c1e0b11cd66faf3f,1,True
nazario5_001324_a97e4150c6dc,5deac9f73e35997a4a55350bb755038706657d3314315a3dde151559a1beb968,956cf0cd5b1d3e4675807a4bb18121873508fb55c4431743d161eb9cc22d088d,dup_956cf0cd5b1d3e46,1,True
nazario5_001325_2cd6f401aab0,e8774e9dc88dc40d53e0398a700c36c51589aee7bd415c6439131c804f224150,6f56da7399c2bbf50e6306ab776d6ad7b057968af796ebb7c16c061bb906f55b,dup_6f56da7399c2bbf5,1,True
nazario5_001326_e3b8ce58f0e0,1d7cddd45a994150d6c88021d9f43e198470fe08b530698076296a82f75a1ebe,64de3a8b645d915dc4dc76feda708a787c1d1c20bd89044b452c38d885addcf5,dup_64de3a8b645d915d,1,True
nazario5_001327_cfb809338d5c,c3748b9cf676b5465795f05c639deae37755d3843bd8b546925726a7312f95f2,359a989e9d610e624aa0c6c683e2ec7c75e13fdc80f1ecf285e11c187f0a5446,dup_359a989e9d610e62,1,True
nazario5_001328_54fc6716d67a,98604391946247da834a4c5205f8cd1c1234068cf43dbc4843c2e96a7ad721b4,fc28193dcb5c04a2e212ec028dc5d684bdfcdf1aeefcb94fe6bbccebc384840a,dup_fc28193dcb5c04a2,1,True
nazario5_001329_5c90d5105636,b8845ba9cc3bf721e00973409ed0322f647cdd28f895825bd04780beec8ed606,78536f4cbf0c25d6fceb8867dc7dac3b77287f98f1237b68c4f27bc1f952e49a,dup_78536f4cbf0c25d6,1,True
nazario5_001330_2d0b5babfc12,0b0f79c149aa040fa63a944b74aa83eabad75c68389381b740f6315694e016b2,a8f65a9bac59c7d5759f9f165acd9827cfd63e707f0ee8dec02f8dcc3ef81b5a,dup_a8f65a9bac59c7d5,1,True
nazario5_001331_6231284534cb,895623b788eef097cad81778992f1d506eded4ddbf2e7fec6880b19c393e7de2,6efe35898540fd9c756fdd2d5f7145a42d298a3032ed500a4820fc431d8f8af5,dup_6efe35898540fd9c,1,True
nazario5_001332_d2a213dbc426,866ecf41bf00dd8ce0c61ab485a3d663f2426b4714254655c84c1f72e0f5b8d5,55b6e4168227ffbbf293ee63923ac576e3681216f44261a99c98810828af37b8,dup_55b6e4168227ffbb,1,True
nazario5_001333_9aef5165cfde,6c2753bf63a1d942e198952f391a371c9532b8e0a587383354aa431d196d7590,09f1b4106c92b37905419ecf0f5d2dbdfb95183dd02bfae98e98f7ed4dda00ba,dup_09f1b4106c92b379,1,True
nazario5_001334_59c738ee85ec,77e9a713571a9d316dc54545c982115c40b5ba9530147c3ea766a1bffb8fc4ef,450cf8267f45fdd4f54639cd2dc6055e7edcee1a8f37ebff23c3b44bdb477441,dup_450cf8267f45fdd4,1,True
nazario5_001335_a95429bad9a9,26bb64dff86d71e9397575c1ccf242a7c2059fc7ea1f8974c60b602804461867,c2ca3056ccd852950718cce9ce727c2acaede3e71395c64a512edf0e4a6580c8,dup_c2ca3056ccd85295,1,True
nazario5_001336_ce1a06a91548,7d57b8426851883cde996371c28962c1373bc331a697c282c386eaf1474f356b,4a7bddd8c08267ac01e337e00b0cf5f45fca553bde7a7b3390ddc2881010b4f0,dup_4a7bddd8c08267ac,1,True
nazario5_001337_7befa1adc05f,88afcff9955adb7257dc1457bc74c379a34fbdc997d016522f1e68b6da18cd53,b5e76fff5183e0e9456531573db0fd72af97f2caff07778e1fddd6564d3be899,dup_b5e76fff5183e0e9,1,True
nazario5_001338_ba8af4d4637a,4da69c27f85193ea43af3c98b458838e4e6b442f1b5ebcddf63024695da31069,00cdb3311ea6d971b4e027d40969a4a99f094f00a87de5d29ca4b27c088e2995,dup_00cdb3311ea6d971,1,True
nazario5_001339_e7e5b84b7461,dc2d0bcb9e7b0c56a2353151fb8e65982022e3fcfa0ea8169c5936bd5b820dfe,000d493e8beab321d3ad2bf8ab9ed3854e02ffd48cf5678125c4941d348ef293,dup_000d493e8beab321,1,True
nazario5_001340_da37fdbc5703,51e810a0a7fde938ea792db77c4b36f4008ee0b5c54c1c4e486bb35b1102abea,6d2f06412cfb97a51d43d546069d129f3352aac9941935899cad32dc9d01ebca,dup_6d2f06412cfb97a5,1,True
nazario5_001341_aaabddc473c4,6b451252a6874fb0fd7834a57fd6a72e380eaf915fe28af1e32e1fa746fa9426,7fcb78acf56d7f83d018fd0012b6469e63774c93b7961c01d07455acca7b1a13,dup_7fcb78acf56d7f83,1,True
nazario5_001342_c7d2239ee386,222389cbb8ef7882c9472143e0d5b712b6c1e1cac714c82a81b0f3a975a62602,116198fa990d89a48df45d49cc00a2e5eaf085d9095a2b17e18e59d194172d44,dup_116198fa990d89a4,1,True
nazario5_001343_7ea784792f74,ea6e0563c3df68d971b06fa31b41e74431cb2b6ae59fd475f51c164f7c21063c,37742da4320d03bd48be864c639e650ceef6ba6a3c980ebbd68a9159e6912ab5,dup_37742da4320d03bd,1,True
nazario5_001344_aa3ab95d39ff,40db6e4e16ff2b7414d0b7bcedd8fafd6bf8b900636fbc1353638b94653952be,12a40d3f83f14bbad3c4c9a2792dc4cd2155e57518924a159a155556a75fcc6e,dup_12a40d3f83f14bba,1,True
nazario5_001345_b8c17d9a428d,f80099645af42fcfae5fea9c1c0e3cffeb0b46dc369e496f37d0366638584eb6,0c510f95481444284cc728b470742bae8b7f6ae89b668bbbb0abf7a0e2bfa9ce,dup_0c510f9548144428,1,True
nazario5_001346_f5354fef67df,ca5a4fc7d043e7725b4ec4f5fb32551004947f2a6a43f00eb0b7385e6cae3736,9ea22aa56c406f8c344e40bfe33a638af45212103009a4a1180d05167a12a509,dup_9ea22aa56c406f8c,1,True
nazario5_001347_06e1e6038407,20413c6ba0859c687ccfda2fcf39d7d603a5bb85746e14304c18da49eb39dfde,de57841c18fa44b66ec25038bd9ff950b26f1ac19f3ef0ad3c4c57c94f1b1b75,dup_de57841c18fa44b6,1,True
nazario5_001348_39d438d93369,e1c55662cdbd3b3e422d7ad7c0950752fb12421276df61589f9624c0fa143df8,ec389a56ff563fc6b1c48751439ed84f92bc5068e2ea724c0ec1fc244fffba06,dup_ec389a56ff563fc6,1,True
nazario5_001349_c75cfafa3c5b,93390f15b5b04fa564d62ba5cbe7112b15a103af8fec277afe6fe3f4a541dff5,8f21f580a5306c40b0fecae94619814b01250071d5babf42048fbed141aaa6d9,dup_8f21f580a5306c40,1,True
nazario5_001350_8bc8cb538b11,9fc048fa3038b84f2ba1c56b19c92a6e5d718917e160c9772e392ae7edca884a,969ea8e73d497c19f6e74212d8bb87b344b3adb582d8f21942390b95e898db0f,dup_969ea8e73d497c19,1,True
nazario5_001351_2059afe14f16,a8375d9389b66b41a93d6993a38f9261d82d8893d177fc7013fc6c3a184abbf5,9db2bcb0d5e364b9f8c4bcd182731a958d526242809df1c0a80734f194ea1a58,dup_9db2bcb0d5e364b9,1,True
nazario5_001352_d81873c0cbe8,d343296efa5fb07f2c9ecadd292aad6c9a64bfb512f315f7fb4680619ded2324,33ccecf390844ce086b50ea985fed6906fc973984336fbed9a8a96ed9cbe10ae,dup_33ccecf390844ce0,1,True
nazario5_001353_b2edf5cce405,0c6d494177b0ebc9224df041860ec5d59aca56a7c68f6411589ec396211df356,cb4f9a0c5e0d0e9a8d51655121ef0d231815decb72ca016775f1bb2646b6f1d9,dup_cb4f9a0c5e0d0e9a,1,True
nazario5_001354_d73eb9628161,47f487555f7fd3d086d5bc1d51bbaafdae18415ac199c51e0f3f6b36c3c645de,e844250fc8b7fbf8ad52a5cff8ab05875d8d96966cf64a3e236703ab94ef03f3,dup_e844250fc8b7fbf8,1,True
nazario5_001355_f2acac6bc0a4,c20981890ef8bcd246c2679d7ae77b2ef0358b8cae4f1229a5880d7c80bd5344,59fef10d93066fc106aa1781125f99578c997ca366b468890f1a6aab25844266,dup_59fef10d93066fc1,1,True
nazario5_001356_496f51ac54f4,37774d645304111f83afafacf88184c52d32f8cc4116ac92587d6e590d040ea0,928600d33318ab9138d3da6bb7f0d8b459af3df21c770c131975b9135df409f2,dup_928600d33318ab91,1,True
nazario5_001357_8727777c87a4,91f322d86e2658348d32d85ffb4ae8c9bee31144850669d1679f5d9f46cee3e6,068359b01b7a048fa7fd315e63061db1222485196911c923cc0c780b3b2a1772,dup_068359b01b7a048f,1,True
nazario5_001358_72fd5283e128,d851f84206ddd8ff0d2c714107618fbea630a681b7dbe51c38a4f3c4b9d2288b,561610f1be934038d756fda349940bc1c2633eb8d2b07913c028a0736a1daadc,dup_561610f1be934038,1,True
nazario5_001359_cb929e115834,2bdd77acce2d193b4060300c65e0f5a074807b7cf8514fb3a82f8c0c30575b57,98d1c6e85d57d5de0511adff44237ce5f780893d70e5d0ae80d6405b6e348d1f,dup_98d1c6e85d57d5de,1,True
nazario5_001360_a370fd4afb1f,3c2b95e47220b042e29e8592440d6a78ca20c1baa52b0d761b6d67206777cb4e,ee5ee2576cbe6a7dbdcf4d83b0dd91ff551e4aec9ca55f32daaa46b10711f18a,dup_ee5ee2576cbe6a7d,1,True
nazario5_001361_31988f983af2,d1596e2229d628d749a50d69253b1997597866661615ff2769dbf009f5fc284a,b471de6028d5f6c6151ec9012439c1b32802a5703800aac2c1e8dfb8b81c9cdb,dup_b471de6028d5f6c6,1,True
nazario5_001362_f3a28442ab7b,f55b5562d2873621b72b2855481b472fab2a6f4998bd066bd27f30da9cd6a6a8,e51a7df57d0f8db7e6ec6955698e13bee5659e8c1bd668a5754fc0ee0bfdd3f6,dup_e51a7df57d0f8db7,1,True
nazario5_001363_25880f23ef1a,73b166d49c00da0b4cb34dc120f376ac8d2be8af6d8a8db5f136f361040884c4,fea36eb267c413d552c7eae7d08077ef6070fb6d7b8851817a938c9e4f6da704,dup_fea36eb267c413d5,1,True
nazario5_001364_31b1d2d4281c,11c4e0dc610ed3a36d8459d1b995537fcea5e280062668fc7257efc4ae8f3f46,1bccf54cf59ccd9e1f8a38b7e498fbe44ab3b8305657622830ab4d2474a1289e,dup_1bccf54cf59ccd9e,1,True
nazario5_001365_850d3457d75a,620d2811ee428030f40ee3e42b48c1bcb14eb177c8a7dccc3fa6503a79de17a6,0cb45f30473bc2b53c8e35264a0002d6ac311699fbe43b915ed2611e93e935c0,dup_0cb45f30473bc2b5,1,True
nazario5_001366_778f2d1f2f5a,63bc00e5a266bab9fa45049d66608b7605dbc439023ecc59e37dff0fd7557eb7,f41b8fc592335d02343f6315bb63c685df98ccfed5ca0752440e5bbffeb537a4,dup_f41b8fc592335d02,1,True
nazario5_001367_ce9b0fbd9ca2,b553823f4fa4dd0cc84de2081258211f8056cc4cefa6e32d85d775e2e8418ce7,55fc0d7bc3c624387e0eb0a560df5b69e1b3e14f92bcd2114f7f92a1d57658a1,dup_55fc0d7bc3c62438,1,True
nazario5_001368_5d8621e0a8eb,9d1708e9b7e2fb4501b2db5cf61d088ae6eb1ec2b01c4f4e611459afdfde0610,663f54f342ea1717deb4f2efc82bd4bdd2018b499caaf9b041becb6ed6f08a77,dup_663f54f342ea1717,1,True
nazario5_001369_f8cfc469441b,20dca5522c7394c75c4d01363300cb26c475e1ae58bd649e7f294592f1f79722,88a74248f2ada62abf5059f8b1f853403c770e5df7002efa396c4f8315461287,dup_88a74248f2ada62a,1,True
nazario5_001370_18510b38a6b1,414bb5cc03377789ad3535a2d4fb5b78a1bc08324075192a57929a0a8db68158,c4ca8741d4a397bc98d840ac775aca34342e16570dd80e50dd036cc0d94425dc,dup_c4ca8741d4a397bc,1,True
nazario5_001371_24d71eae04f6,a1b18a4480bfb597044dbfbd8eea5bc5d62c60539b9572ef0d382325a6509647,35818398b4bbff4783a511b59863a7cd2a8d161cc4e1ef9c3f0bc0ad0bbcb9b5,dup_35818398b4bbff47,1,True
nazario5_001372_6dd489bba6be,71d2371ac90a520bf0c7112075a188a3d840d68309187e605affe972eddc878c,d14d0074ed7340db46df88c2f2f966ba577f849d78d46725f0fe9ae64ff27b38,dup_d14d0074ed7340db,1,True
nazario5_001373_e758eb262c7d,9a1ca07b892dd0c7ce46b9af56a564bfae6ea130402e5f3239f432b59f353dd1,5f4b70c71fbba596957b311e4979102d61d705719a8ea56213400895160b9650,dup_5f4b70c71fbba596,1,True
nazario5_001374_f43cc8e06e25,4b821e1d6ebcf18e3d44676060ac9d6e5d8c09b514c50aeddb5cb0cd854607f2,816e41c04d35a18e2b88849de02ad10dae6a690ba7cf6e0f72f7f074a9e65d23,dup_816e41c04d35a18e,1,True
nazario5_001375_5aaabb4ed41d,8114e8d4cc79d64f837d1e90e45e2d00eeb0528f431cfe5dcfae54124c8ecfe7,0e7a851d9cc9e23cfb9a9717629f0e622f305ffb176e07b3d9c69c6c3c8b9f57,dup_0e7a851d9cc9e23c,1,True
nazario5_001376_11663b69278e,e3b9c56443ec1bce98ddf85e0a4e4d6340b1b809257c67e11626e4d3cbd86dcc,b0642fcd3899c7dc0534c72c4c4ae0bc2e83cd690373efb805d87020b79bc5d9,dup_b0642fcd3899c7dc,1,True
nazario5_001377_0314ec737bf5,194364b035c802736a54ea95063d3761c979d9c9ea69ea884433bbdb59beba72,d78e5707f71501e80b6e9c217bca9cb98623f5e6685a852b8ee6fdac498b9f7b,dup_d78e5707f71501e8,1,True
nazario5_001378_ace2cadb8055,81bdc0da0166067fe9c2ab97115ae5c918fba26b154b2092e35ffaf6310f06bb,33553551ac7e217b59eef83f85e325de170225911d0aa4c6f4e08a2bff5b4d2c,dup_33553551ac7e217b,1,True
nazario5_001379_8cbdba6f6a13,0b7b9bec90c7477539508fc921ab8e66d1052a1aa6e914292dc91f02ae42ca88,47f1d1953959f469df87d8347c2b877720c782371c85ee3fc8775d2a81ad14b8,dup_47f1d1953959f469,1,True
nazario5_001380_a7b7f1027533,e648cfd3d55f0b1bc9ee22a937bcb7239cecd94a732fef20356e5c95b80a31b0,bd43739ab789d0e4ecaa8b8e6ead0e4cbe7655837170e0f959bac9035bb60513,dup_bd43739ab789d0e4,1,True
nazario5_001381_46a713a9be6d,a3fc5b62cfcad2cc73f67282f578a0744c9d72fafe33c16cc67bd5b567e64142,c4b46715b5753c24eef006cd10ab547295ea25c21cb5e0aabf71590dfe033b7a,dup_c4b46715b5753c24,1,True
nazario5_001382_80d36fe65c05,50ce4c86d86312454e68160a248548f8bcf9be63078c95e20fdc844547294643,373bc7ba0b664e1a3d2bae5d74460d9c3054d67fe81ee5274545ea2b800bbe4b,dup_373bc7ba0b664e1a,1,True
nazario5_001383_8a90552726bf,c3c9167a6334dc9361a3b2285cc40ba75009e1141977d0090a86982510b32edc,39cfb02b1a73474761f6474684476ceb4797cc90292c60f6dc10dfd13fe4695a,dup_39cfb02b1a734747,1,True
nazario5_001384_5f72961ca3ac,b632bad8d014dbe390ced032fd21a19539415e6310d1e6303a595088965f988d,6dc6ea0a5d82faf577ac91632dcc435b50d4d1605fc7d242fc4974b39ff68074,dup_6dc6ea0a5d82faf5,1,True
nazario5_001385_09df2645ebea,ef4e5d19eb476e6c5c0b451057ce6248dd28c42340ebe815b038c8d28ed95602,146f15c9fab3821badcaee30815d366a7308621be16b2cc0b23862f0e6b96885,dup_146f15c9fab3821b,1,True
nazario5_001386_39ef65fd41d8,ac09fe469a54fc110b44d54f36eea6a1b22c3670896556e0c45d1789b81cfbf0,8b8f186a3704b606f856b6449352899051026c7d91ecd5f37bec1de74dac9e36,dup_8b8f186a3704b606,1,True
nazario5_001387_f9e2b5eb3ab4,4c9fd3ce23615b7ecd3350078e611837ef922136c71ea316a050ad71cb607f4e,d2db6dc5a3c6912f78168354542374abc32a3c73dbf2d258e0701da3a454e801,dup_d2db6dc5a3c6912f,1,True
nazario5_001388_ec5dcee3a6ea,2c5ab757b24485f8018e2a9d77ca0ad2009417f77ae2700fc10ce95e50790815,d8ce79dea3fd99517128785e0f3b74f52fab3697b6acf2bd9108fc56a242d26f,dup_d8ce79dea3fd9951,1,True
nazario5_001389_1d47fe42ba62,aaf8a8906d72e2dc63b8ed6d580ad9bb28261fb8812463968ae023dfd98af353,b317c117a8d5a97a6234add3ca5be5f19164eb9a633c80210f673c6ec44adb4d,dup_b317c117a8d5a97a,1,True
nazario5_001390_25b84d4d3a4b,1990523049d5bd98c6e98409472f5cc270b8940e8dc7479bd8dbfe0c3e37450e,35359beea9c00ca70cde0f39b77f3d1ac8bf58804a767f89c9451f5b25b9d51d,dup_35359beea9c00ca7,1,True
nazario5_001391_8328212954b7,e0bd95349bb9a6725050442e1e0e6997406b008eb6cb17f480e1454c6bb983c4,f42520027553005d71a51d5b4a9eddfff48b8c3c3591b26d7ba4a2f7c5269915,dup_f42520027553005d,1,True
nazario5_001392_274b279e5163,ffcf14862dc2d8a582e243be3468603c088dd6df28b3e1e173c752d66e40c50c,05b7749aaaf64e100771df22754f2b96bba38966066892cb701c1381120d260c,dup_05b7749aaaf64e10,1,True
nazario5_001393_52601815fcd7,8143cddf7f436e2a43ccaf09d6b2ffd482dc858bcc4c2617b3d23abd0bdd3e59,a32a13018cb53ae664b4fdde806dd094d28872f3bbc6a8698ee71adfe6cdd2f4,dup_a32a13018cb53ae6,1,True
nazario5_001394_4bee7fbb1392,7a3f947b7f34c378562abe89a30fc374e87de43c537432ce979326922a42aefa,1299c76cc4c0b358a3b98c9c5b3c6632b8d5b04229f3b55ad2760d19d6b79a07,dup_1299c76cc4c0b358,1,True
nazario5_001395_75a87fdadfe8,dbdf493ab019841200f4cde3f7569485e3c901ba4ede20c8a463df819058a211,308444b6d4eb120cdfba448f635c63225cb622adef3d4ccb70558b36e5675262,dup_308444b6d4eb120c,1,True
nazario5_001396_e9d75d049a99,9d76beee413c1cc91b5ddf2f0784c51cfdabfe45b4ffc8f4ad4dbcf2652104aa,20b86d09c585ae1a271a51c6bdbce5170693810532e703995518c7a4b2da72f0,dup_20b86d09c585ae1a,1,True
nazario5_001397_a93bc8e1913c,ea4b62bf5b760cf8b54e696f6df74b1dda684efc69f2623fcb6ee3b529b66e51,c66a98862b6aa88d5c041abea01fca4aec5d76a3e93caf0fe811ee9973da49d8,dup_c66a98862b6aa88d,1,True
nazario5_001398_65de7e5a2ca3,304491c09d301ceab5cb9e78bba201330802979f5e9da86453f8a06b429d30d5,7db74bdabb6d0de46c8a57e47d45e5f17162f3b66b602a109aba552a9bf7591d,dup_7db74bdabb6d0de4,1,True
nazario5_001399_fdc18f801406,13795608d2760cfd1204f52b3e368f34b7a475ac1f2406440600dda251db9bc5,cf2d20e1570e3688e0997aa0bc67c2b2201c8f5b726fc7c9c21e5b14896c0e17,dup_cf2d20e1570e3688,1,True
nazario5_001400_5a79d30aefc5,dc54b3ec33d4a09a935dff98f53f188a83970fd86bd41b5ddb5a365b427bf905,82cfd864646632598472253c5fc04f13528a41d6d1db9a6af0cc366bc3e09843,dup_82cfd86464663259,1,True
nazario5_001401_8d5810aa1778,ff76091fd39c0031aaf1831979e8ec34dc03efdb869e4a048559560b1d644507,e33ad236b270756e68a322aee18589246295c12c779e88be49f2aa070d50456e,dup_e33ad236b270756e,1,True
nazario5_001402_cc46db28e01d,582396d476fc267759aa83012434b8544c7a78f925320e4e469a05228fbcab5f,ef0e0cfda10a2a8bc677de39255a0c5c16e7dadd333f328e6f01fc19c6726cf0,dup_ef0e0cfda10a2a8b,1,True
nazario5_001403_7b8dc037a9d3,a15ff4b2a3a73f94d259b75897b12775742e5e80a8782a113a8eceb16d778342,b1dc64f12922d1c0d6ca44069ea87cb319f3e0ee615679e693f3eff80dcd7695,dup_b1dc64f12922d1c0,1,True
nazario5_001404_55cad02d81c5,52abefc53c65ea973e516bb73aa651d6ce7296d012e29077c317df02e65d5fc7,d34796636f2225440a282269ee20a6bdb7d0f76f7d967600318f86717ad9de31,dup_d34796636f222544,1,True
nazario5_001405_880973055aa5,7dc0f38bef854e49f331657b8f2626519a496bfe88fea197a0ea184a41881113,5a97378c6ece97fa25894dd3bab2f55bf6f54084922c1867db75e5992ad96c90,dup_5a97378c6ece97fa,1,True
nazario5_001406_597426614372,f579e76fad3556df6ce0d5096cbd5481bb725c03fa061f8e47adc2716f7c8606,39f9f1427e457eddfb546f23b2900e9b94aee102981d9315e64b464f0da4a606,dup_39f9f1427e457edd,1,True
nazario5_001407_c009c66732e8,fbc06c5117246e6b0eda84a1d34667b294af3008b80ee7dc46b0abbfb91bfad9,031ad207ab3695a3565f1665ca5b6ad1a62d3a4533a7f1373e9d6c024378b265,dup_031ad207ab3695a3,1,True
nazario5_001408_335e11d78a7e,670620794f99b58da5ecaa609bb693ea602de96120f7f69881199de825941a1c,b523334f9bfec224eab8304348071a67e6bc710a4cf8d88e163b0824d91275ac,dup_b523334f9bfec224,1,True
nazario5_001409_3a70bf53e6e5,4d534cb7862bb7b2f5c43c9ab2d9b80b7738db167e3c8328af525fe399b336ea,ce48ffc752c6d143b8bd004c354ecfa38e550ee3ebc5b02be88ae8640fcb0c9a,dup_ce48ffc752c6d143,1,True
nazario5_001410_fefe5a10e07f,79aedc626467a013ecb02f05c8b77c60fa1b202cb2dcdcd02ee5a563266370af,68baa082c09adf04eb4167c1d3f4b07db67fb2c083bb6a9fe38189929334fd8d,dup_68baa082c09adf04,1,True
nazario5_001411_1b7332dcde97,fb569d631115f5ac35217189da7ff2c663c44fb9c8b1d02f0b44abc9dc18a439,41abf826113c97ec27b10b612a88dd7a6f6c838e8fd7c685c17804514b560b1b,dup_41abf826113c97ec,1,True
nazario5_001412_85e9aa2a1e12,6feffb1934895359812f3ef0742baefed388dd545071af7445cd7d738cad03b8,2365c8b069ccf6946ddcbed5a13c51881f722bb63b63b2e3d898dcd25d2120fe,dup_2365c8b069ccf694,1,True
nazario5_001413_68bab8c7862b,17c8a7fc1d4f756648c8e908fa8a1d8405d778bfc1ebfe7bb210cb88b9a7d760,5a808cd2a48a4ccdae69a664077107e71444347e1b6579d6933bb6981e6e4675,dup_5a808cd2a48a4ccd,1,True
nazario5_001414_4bd6e395899f,108046458dacfd3511c9154da61edf4a6014ca53db668263c5104c61073e3484,c7afbc46e10c172c22e149033ff68c7a4e2840a707c8f5681a3ddf2e9f49d9ec,dup_c7afbc46e10c172c,1,True
nazario5_001415_fbf2a8995f38,00244c04ee416bcec4ab214dff69f67f3f2e8000052043a8becb076bd3b1f567,0c52726f3722c24771a8a68c9d841c216423b0f1077a46d7e1290ac9b70a5dde,dup_0c52726f3722c247,1,True
nazario5_001416_bd48f868d2d8,2289deb0ee20fc0bf47a47d1b2028ff1acc2c972f785891bd1f3685f6ed461be,793084f68cb4da3734cb0401aced2c3413a50c3de3e8d8e09fdb91be83e77651,dup_793084f68cb4da37,1,True
nazario5_001417_630ba32ba276,88310aae09493fd5ae3e2dd84c208a0250b4bf66b5e3be2922072965c5f02b21,93a32b8b9654c202338e2c7c24c43c8b7c404dfa56d4678b506751e5efe987ac,dup_93a32b8b9654c202,1,True
nazario5_001418_73fd8c6a23dc,a8eb1e7bb9b67355c7f42260a35de2af4edc828d4705ab4715b7e894a60a23ba,e7209ce757b6dfd22ac6a782e800b57a876230ad4376f06c821c301dbd3e6223,dup_e7209ce757b6dfd2,1,True
nazario5_001419_3c432a1b3078,84c7195665f3a0fa82e00b8748deebf26ae1a03f50b762c1a4d2c97569813bb8,af4fbc84cad2bbdc62187b408fd0fb96939a18260a40bd398317c87045ade447,dup_af4fbc84cad2bbdc,1,True
nazario5_001420_0b3da3b25fa4,0bacc354710c82d2d07b7bf9addf565f46f1a45e824ca5178aaf252f85e3f600,e2cec3ccc992e062664ebe091c8849062643c672b1a7a22f54818541f56e52e9,dup_e2cec3ccc992e062,1,True
nazario5_001421_846e2e33fbe7,77a550be8e850ff61c95dc5a1a027398e9bc1a0baa4d5ffd48b82ea30b86b4fb,36eda468aa3b02dd620debe5216daa536ae70ebe39d3505a4516950e4b54060a,dup_36eda468aa3b02dd,1,True
nazario5_001422_6480c6bad344,5c07b3c06f82b71a126d3ef91381896795713ddd5869dbcd89a3b4a88cb764ca,87bf5dffa94f8ee3daead6927def424f9fefdd337d92a69273b066336f2a776e,dup_87bf5dffa94f8ee3,1,True
nazario5_001423_4b35683ee80e,00010263b6fd8a403a024b52aee4fdd62370b8f92e945cd5055f18f3c83f451e,f32b7098cf2ceaf5812af55afe5605ab7a69a4cacf5819fb5678926d7f810e0b,dup_f32b7098cf2ceaf5,1,True
nazario5_001424_ff9f2f34e172,0cfee13a8e89382170dfdebee4aef8f33508743cfb0337e54ec7dadae012bac5,33302bc1462e6a3e15275b4f2469770cb8ece4d17cc6f73101072cbf2e2dca62,dup_33302bc1462e6a3e,1,True
nazario5_001425_7f717ac5d702,c715170fb41b0058a0c58972106fad4bcb67a873db59769046461f6d4af2e539,918a2fd3ab0df7f05e8522c154cdea2d8c5bc9f82743e3fe63287d1caf510c9c,dup_918a2fd3ab0df7f0,1,True
nazario5_001426_aa02d003e2ef,9899f158724aef990a655d32ed18ed87ee895f30e292b160a238089916987fea,ad757120d02da141beb7db755c2adb776c17909e9e80028eeb680348c32d44c1,dup_ad757120d02da141,1,True
nazario5_001427_fba087699160,ca99137f2b2ecb51cef770c1fe0cd39d5d9d419b02c317fb4625113d30bca409,9e616f1be4aac6da6755bedb9935de7c46122e1c2acd0ba9574044802455f7e2,dup_9e616f1be4aac6da,1,True
nazario5_001428_7b5202b8b79c,e90fc7faddacc538f077735058c12c3bd63fdad89680f192d64e1fe85c1e65ed,81d03aa2a3cf4d586a9605ccfe07b5a3ecbc3e83d3da1d92668e563dd9a4b395,dup_81d03aa2a3cf4d58,1,True
nazario5_001429_0dd8012729c3,853528b463810ef5a36ecde1f2ec64ff1fa562a4ca31e81a0b73e8b3c280afa2,a3c6d5d0c51ddb30f751c42c3e8031f028eca3e0dd851c18813102103ea35345,dup_a3c6d5d0c51ddb30,1,True
nazario5_001430_383100eeff9f,4af7e2a9d9e0c3806ad97cf77c94f62bbef51b3b994c05621d216f328a9b454e,8bb0909fe1df81b1e503275f2033ac25e20ee0d80f5540f0ddf8be28935709a9,dup_8bb0909fe1df81b1,1,True
nazario5_001431_25b6562413d7,566e301c79184d946a3e10d26281dd92ef6f138a51d38c4ae8b2b0d47b019b52,c0f4e2e581b598c1a90173453ad6cf25189bc5c644b9ba13568e3e0f2ebc37ae,dup_c0f4e2e581b598c1,1,True
nazario5_001432_d2db17fb5ada,83b4a89c668106c49c9f7b9090af8b87715eb765a92c958a53affb571252e58b,d9cff171eb4167e2b18abf74d958c0a127d02eca90855947de889c26cf790e8a,dup_d9cff171eb4167e2,1,True
nazario5_001433_07e516b4373b,fe946f28e4fb5fb6c27331372bb994663b64d2238489913070e3b1d58062eb94,22dff810da5adc972bb162aeb1f99c9b56ed6dba5a0ecbe269c4c80b78e0daad,dup_22dff810da5adc97,1,True
nazario5_001434_153f60893143,5e3448adcd684c9b0688532bbb88d2a6c169d75e083991f3d420b4a38f79e247,37ec8a20d8965c983eba550dcda7bedadee29d00a9a9f59c6acbaf36d5f99c04,dup_37ec8a20d8965c98,1,True
nazario5_001435_468aad3612be,47e48aa27f30c83a8fd98f461bbbaa0a08bbbe752c4ba9afd96741a6f577fd2b,7d25c7cc18c4fb7e4d0d214cb599ea3b94d928b192999abcbabfb77031362e80,dup_7d25c7cc18c4fb7e,1,True
nazario5_001436_d77335b0e3f5,bf22d24091ed9236e29a5a05cd69d50b31499c8f0b2192ddd2ceff6982744d7f,f232511116409d19d3bd414698c38ff07ccf8a5f9058ebf70593c143c658f0b0,dup_f232511116409d19,1,True
nazario5_001437_0a51f667441e,82507793a7bac246043499e8d240ab434e57f257466978da502d24b1b750f3e7,26b01662503f3d6c7a0bc1a8d63fa5a1b209a0eba8c1dbbeb8b88d79b19e4fa2,dup_26b01662503f3d6c,1,True
nazario5_001438_b71484b83c8a,c64e1370ea36d41fad6e8dbadb291e65452488eebd0e94399b354c444799fb74,1fce7215149201779a27769492be10e62d1512b6da4235459fb51a21a03b633f,dup_1fce721514920177,1,True
nazario5_001439_f7b1aae4f5c5,769ebfc7fa0aa921bb8118edd578ad85ed0e5efa1b859c54a2278c18e51f82dc,41235b48a510afc8c5d43d7edee482896d02bca9afb36d4bbcb2d8523b61b3a8,dup_41235b48a510afc8,1,True
nazario5_001440_2239222b8795,7165b2678ab654f50500d4cdb702de9eaea613acee6faab3fb3f8eb2b1b9b06a,186c192b39f07f724383eb9ff3e25ea0362c9551574b8cf220d3fedcd9bc0d6f,dup_186c192b39f07f72,1,True
nazario5_001441_10596b69ace7,87713bf13a572f3681c423a784f1861305ff36931ef782429f5f503b388dac87,40b24e7f53693aa2922a7c2710ff2b75598a46bab664cfc60c0933d0f21c7f40,dup_40b24e7f53693aa2,1,True
nazario5_001442_8fc8b552dfdc,abd528eff5b7085f89b9fb5bcec434d98280455aa3dd593dd86ad6ab9db529ad,65760b2df254e80f0faaa8db14d9274b88c0aa6ac58e7d6819310b173b790e32,dup_65760b2df254e80f,1,True
nazario5_001443_6a980d258984,f9cec939b8675eafd00b286b6111ad5f47175b847c6fece59c3b77b216c5cb74,d3126eb4aa2ee4315f3178213c7e83eb17c4c264d40beb88e2d3beb53a437728,dup_d3126eb4aa2ee431,1,True
nazario5_001444_4bd417c8fa73,508d53cf5d235bd55fa4198b8969879fe7cda2b0fee0ca2296c111710430f510,f0b5bf1a1074f6c0b9e9b972a93640f6bc72249b6166b9398ec0c2890a23b280,dup_f0b5bf1a1074f6c0,1,True
nazario5_001445_6907e8b18da1,3ccafb5a0336341db97857b92f61ab2864a89007057eefa5896e8051c249c1b6,643716f9e3cbd0732edb44b1ab3c9114b1c7041016be7e75a303dcf5eee70686,dup_643716f9e3cbd073,1,True
nazario5_001446_7e4a60c6f7b4,3244dacf1122778cddf0b65f47cdce9d360f1ec175cf456202b1e00b77fbece1,c4c8a3191c501b74efbc4db10b3faeabfca74966e40ced324138107a1e872507,dup_c4c8a3191c501b74,1,True
nazario5_001447_c00e7676bc99,5bfc54cec67da19834bbb81b1bc121bab5fd60728b68d76e4d8a957469b14367,50d186b884747c0edf08f60d28bb87d4c8b5fef9a50b62901e87be09dfbcc7b4,dup_50d186b884747c0e,1,True
nazario5_001448_28501ca2b6b7,df53e74720ec77b9162ae049d7f11aae3bcf4efd9fce2261a874e55c60a0b02d,97d4560835e0f73a2c21836499ae776303133e572d67fdfd0274165bbc1bf6cc,dup_97d4560835e0f73a,1,True
nazario5_001449_a8837a1b987a,3603fa4cf10a7154c6310b626715e484b0a37e15cfb007e1de4dacf7645edd4d,081f7e093c462f658517b8d30df91f53bde178b6016539dca978b178a5e883d2,dup_081f7e093c462f65,1,True
nazario5_001450_bf8d017b4a08,fbb2c24f63f1ae4311a0936dbc5bb91e64c7e21d30c964f5ff97b182c27e69d0,eac7f2b9179a0deadc33b1c5fc232c73e4bd980bf686117f94fca2fe9523ffe4,dup_eac7f2b9179a0dea,1,True
nazario5_001451_9103c3851fb6,cacc31eb6406862487aa0df7f2dcda4cc5626e57f37108908b894990a22a1394,d775eec609433bbb4c0348c6885be8fc3af0fb11b2e72d1553af4f8e74c4f31a,dup_d775eec609433bbb,1,True
nazario5_001452_15fd30ee8504,06c953e363cfd2f468510670e4ae96d3004c7ecd614383929bda82fb12204ac9,2ee53cff115af47b9567c5bb43ccadb4f507f45d331ecd42bc27707a67ccfd9f,dup_2ee53cff115af47b,1,True
nazario5_001453_626990895a02,c7f7ff8abfe9b2b80249a6870ab8d246e786101f119fd50b2b23a473ef289153,1bc53995923f0c6a41829d4195d4f34a680c309443e8ad6a34713c6de048f873,dup_1bc53995923f0c6a,1,True
nazario5_001454_fe4585914f0d,1b2ad6c601c8e5b165358112c913811d14e3acc8b4feec0c7295d2676fe907be,021459000c47acc3d5ec5a86db6dfc90ad08d611eb9e911017b9965012b89aa0,dup_021459000c47acc3,1,True
nazario5_001455_f24c0bbc803d,014befea5972195d2e66890d13184688ed5910c4fc35f84a5a378459ff507181,be8b77b9f9495247adccf4889d9c690ccd6a02198fd899521028f1cead610bc6,dup_be8b77b9f9495247,1,True
nazario5_001456_244c2b16b986,6b2ac91daa7842dcb4bc31e8fb3f052848ccb092d72843dea27539816363c849,391fc1b00a7478d105e1e26ef8e518b06fb4bc9f174fdc9ef9ebb456b09edfd5,dup_391fc1b00a7478d1,1,True
nazario5_001457_9947ea0cae44,4ebf2b451193e4218d8d23be7ed1579ead21819081f2c7735fa83528ac72b641,f3d1c742426016064e811229647bdca4bae356375b48fd956fd62267face69c1,dup_f3d1c74242601606,1,True
nazario5_001458_77f7d68c52af,698c40745bbf70a78a3fc8785feacc23547daa357ea504d0c5648442f6bb2ddb,a6645898864783041863c71a2bdfb8244d52e4e966bdb674d1af572660a18d0b,dup_a664589886478304,1,True
nazario5_001459_40576f47f134,b9557d18fa74ff049aede8d7ffbaa466f791c6ba3e799d2156b5ca5ae592a31f,9cc41e8391a1dd87a20ccc4504983a2975886711debce9250ce76161874a7a25,dup_9cc41e8391a1dd87,1,True
nazario5_001460_a0bb4c149393,55b4f4ed6c74ccf59a46b5cd258ed68a1ca29992822e12b19277659259d7ef05,915ac49b5d1340ab48f2147ca75b012690a12fcfa91df9a90ce766c8333f8fd3,dup_915ac49b5d1340ab,1,True
nazario5_001461_36921daadb77,d5918aba5e1eda97461ef511149df0ea59a8e2e40adc863bb473230c2538f7e5,353ae121e17708f13d26f543f31b9a70348cdf67615bfd5c588e89b13b2146a1,dup_353ae121e17708f1,1,True
nazario5_001462_56f6ef0ac2f9,8560c54617ce1a5685b522779dbea0b4808d3f159b22dc83d80107473aefdc16,3032603791ba2b0471324eed34215a0aa769f819de694bf9a4d7bd6ca8d5def4,dup_3032603791ba2b04,1,True
nazario5_001463_dd948ca982cf,547bb3a4cf64dedfacf7484e5a67ad2cb60bc33b6f196106c8a7b84e7e11a28b,3bbd2e6daa57517cb48113a50a005f55fbdb9c9331ae5a2d8340bfda50a7fffb,dup_3bbd2e6daa57517c,1,True
nazario5_001464_66b5c8f3799c,525915b60fc59bddb3f9bb01c25b3195bf9f7ac04c321f865ce2196893ff79a8,e4bf3eab6eb827131ab829379ae9e1cb8cdc6b6306e20f0aabd194fc382e5f3a,dup_e4bf3eab6eb82713,1,True
nazario5_001465_f1831298ec5d,bd593113bb6e99cf699fc1bd046ecb27435aec9401df8468a0df8dd551ce61d0,03449f353d2077d4a6e2aa759e5922297987ffe5641a553a7fde840559b739ef,dup_03449f353d2077d4,1,True
nazario5_001466_d702e7ff70b2,352465e417e8f9d7cd20d305b795e947802f7a62eb3cf358b287abe41c3d5270,1eb3668f3c8c4bac220e35f47ba449d8ae10495122ecc59240d5d2651eb55a85,dup_1eb3668f3c8c4bac,1,True
nazario5_001467_7107f8b0ccdb,93c85402612bb9c82d31a779a7308ddee9fcf4484e8b552e8830b61a70f898f3,2cecaa48fa58694e095011a48b5f5c0fe38c25cb9e56cf8d634d73e9bd93b468,dup_2cecaa48fa58694e,1,True
nazario5_001468_aaa1d7645620,555c687610598f05f7d04d50163d7c295ebb3e174f0e3f3a5a952b152e50463f,ec2a4de70b8fa39629857950963b2e750fb6a7c66df2fe2b74b402e1f0e4eac4,dup_ec2a4de70b8fa396,1,True
nazario5_001469_54347854fa1f,f66d71190a855fdc5e88c42e244ee38ab3c631542e007327ba06186eaf25b2ba,edbb8915dd172a6e8d61d1673564aa5e0180ad363ce67fc9cc92d4ce6c9441aa,dup_edbb8915dd172a6e,1,True
nazario5_001470_bba381a3f036,4c6edc9a05393d78fb19e481b1779b2884bf3b153e85158c366c7b5d095ea74b,0bcc8ff795691bc9294fcb1f71220ed793c928790534cf6ea056cd8862a9f219,dup_0bcc8ff795691bc9,1,True
nazario5_001471_f5a1aa0eab65,381cc37c36fc25695057d5581133a8f88c012cf128450719e29b869de34ef15c,e79156a403b294c97ce23e42bc0c12cd5530ac3627bb2983fa12519093eafbce,dup_e79156a403b294c9,1,True
nazario5_001472_f59560de00e1,d1bba260bd7054f53559859739ffed4c3e838209d0072380a5b24ea378dcd66c,7b0f62fc9ba86e8cd45f385bb0bcb968ab674a51e98833c474bc244c533eb86d,dup_7b0f62fc9ba86e8c,1,True
nazario5_001473_707e6f5d09b1,6d7ad2baf9e5211f19b391c2a600a2ce80f359c8cee24a4b01684588c5de76d0,4e26dad2d3bc6ad838c4174fb0bc6cabe1409541d29c648ba1704b8449538bea,dup_4e26dad2d3bc6ad8,1,True
nazario5_001474_c5300ba60fdd,d2d5be6bca261e59e8402eb94136a93eb55be06f2debe7680188b659e9232627,860df331522d9555b4b3f2bed2da33fa267381b809abc713293126ffadd6c439,dup_860df331522d9555,1,True
nazario5_001475_d72b7ce77e4e,12b4e5775d38843ff8e4dd15e56b632ac5d6606f7417901e3905c3d0192a6bc5,0edc908de487f780f4982aab391c54040ef48d74b342d6ee87ae5c7e9b541c90,dup_0edc908de487f780,1,True
nazario5_001476_5b9bfc83e016,77d2cac665ab2e8e85b8c03e6959d2d7eea63d1addcaf0d801e11e89a6caabf4,82a2ac92d718660e598f8b993321b329b8fdc43464447414408f1e072ef5eae6,dup_82a2ac92d718660e,1,True
nazario5_001477_3bd1c967d8fd,05fe3b09da4c2efc2bbaec7fe5728d91dfe154898c82141c9c86698ac4f88b8e,1db6e6eb20a7afb8f64a6f37919fa3f244c462f11b1d64a4f9c02e91d2fda7ee,dup_1db6e6eb20a7afb8,1,True
nazario5_001478_fdd9368b581e,6aa2c31edd205428a5618789282d72c3bd88879c0b7902bee04e3b084906e42e,6c6b465804ce2f5ddbee7ebd20a9414a1159463484406ca9b4dfd6ff5a2acc4f,dup_6c6b465804ce2f5d,1,True
nazario5_001479_f11450cb1419,e6812aceca99d3d933afd29ac86b0f501f59c6ec721fb459698361a8f103d3fc,c04d0588129243ced30b16a7d1b433fcb486e1394d3862e652ddd87b5e5ad373,dup_c04d0588129243ce,1,True
nazario5_001480_d6b443d804c2,66038f8edca9c3bfaef2aba72423d210c1fc3d31e1cd9fddbaabd9763e89674a,23418b2a2e85ecf01be42c0d551eceb0b8835670789d95f82b840ff2f2595309,dup_23418b2a2e85ecf0,1,True
nazario5_001481_95849bfd7276,8bda555ffb9c95ce1eadc5db917b13e0f4d80b7d7d38495f10ed01065e4dbf74,ec7249f75a78b46ac3f19adb0dc88f43281dfbcd4b3e9e56fbd8a9e933ee92db,dup_ec7249f75a78b46a,1,True
nazario5_001482_348a7a3e880d,cfa9f365bb02e13426d6cbc37a6cf63d2e6bcf093fcb910ea5ab5cccb74ff9d2,db9acf1bad104d92f126e413cf3d4f1e7263f052ec5d14526c1c289f24884a38,dup_db9acf1bad104d92,1,True
nazario5_001483_60f0b162c264,41ce57f3024e68ba20d2a42ecfdd45ff617218619703d188282dd2000649f275,370346976405a5feb9deeda7c38cc9554456dc8cd394bef53da22feac55c245c,dup_370346976405a5fe,1,True
nazario5_001484_2523120b971a,8db34611163cc0b7fef78dfee2f534568c49322562453cdd9839f832ebe6cd81,c56ed14e4943f93d9ca7e7698551ba81e5a2843ba8752bda1c8f232564c46ac0,dup_c56ed14e4943f93d,1,True
nazario5_001485_f3ae91e9ad26,5135527dad6d5c72e80c3f7a62bd5e7a16894847193b834b0659c13a69998bff,1d886726cce9fcbe1cbc399cd29a8f529a4560492d86a5c333fe0fddd2a486df,dup_1d886726cce9fcbe,1,True
nazario5_001486_c06ed9e626ec,ab86bb49c8f2b76d327dcf41dd20a3c35b633a7a8e702bc4f9b7bd14b552cf8f,ef07c2d776b3b9f7f21a040a063d65acc9c8939c401835cc6d727723d0bdc2e1,dup_ef07c2d776b3b9f7,1,True
nazario5_001487_fcdc79b2a71e,b0448e8b4af99fd019d1471a1750e40283dd0be813a1f47c9f669513c4a626cc,a75cf2ce39fc63a7a3bd2a7c59ca2177da052c8b479ad1c94122031ee6a198db,dup_a75cf2ce39fc63a7,1,True
nazario5_001488_e9ae579baf4e,db7f7cbc1b454a6447bcc4024721163c9206a89e2f5d79173d82721806522bee,f0f6dbe8eb783d34feaa80e7c32a59bf46b7e0a41ac581d9322d6fd6b7f66914,dup_f0f6dbe8eb783d34,1,True
nazario5_001489_02e4d72b892b,98df3065b5881debcc4bcff43cd25185275a69d6dff218e7fd8ae750a4bbf0f9,14124f40db9d96a5d3d9bbb1957b8d6e74b22f9489b8a33dac0f9ca9b3b5bb3d,dup_14124f40db9d96a5,1,True
nazario5_001490_777d6e5c0699,b8e1388afc105cd4a33b410755ba16ec5fa556290e95e9947a95eba430fcb5af,c65f387bb35f2a3e735ea404705a580d4ad7b6c89ac1bd3a6ed8705233b2d185,dup_c65f387bb35f2a3e,1,True
nazario5_001491_01bc6ed28180,653053e3a856ce7a9ea6b12622645ba3c8d57ebdf168eadf92c892352271359d,793340cc0773c679bb39f9f02aa2f4e8531f5e0612205ac3ece5d7c5d316571f,dup_793340cc0773c679,1,True
nazario5_001492_3ab5ac113e3c,6b808a2fb65d94d1fd0a2713cef7d6b91014fa3be254d76b295c5c85f351820f,ff63802497f01c8f231dc3c9fe6838156a46efa27cdcb30047f359686014698c,dup_ff63802497f01c8f,1,True
nazario5_001493_5460d5ce976c,b4dd9fe908a35947317c1f28cf04b77eb64bfa070436a35ef58b86993498fbac,d2d0790987727eb61b094ee1fab9a8d00dac5763a3f39b50344a4c5333db3503,dup_d2d0790987727eb6,1,True
nazario5_001494_5fc6f9ef8363,87fbb8a18c3ed78880ab5cc1807d9af0e7bcfc24ff99dc87deb0403af16d1a16,134d61f89af5454701610efd9db86a7d88b190ea10fcf617fda0bdc5fe9ab49a,dup_134d61f89af54547,1,True
nazario5_001495_1ebc9459f9d3,ce081fc6ba33325569a62ef2e9a639414c10d21308a3e25b28a3a391591ad971,83c139a84b8ba1b7b7c9522a98b24d7c08e6a85bd056d3139a35b26796f8a859,dup_83c139a84b8ba1b7,1,True
nazario5_001496_b9f1e188c48d,1772945021af319d707c43ed5764a3da46e625f9928436380b2c3502093d810a,142542423258a3a424874d75deab1470f9b10b8428f08e16821791d806f60c40,dup_142542423258a3a4,1,True
nazario5_001497_fd945c223392,83dda5bf58f3b8693ba635a6fba39d1d98e7f267f7664e74c415fdda79b3b0e2,da4d70eb4426ed376b54dde27dbf18927a61da4fd7b99cd5f5ce30cd9389284a,dup_da4d70eb4426ed37,1,True
nazario5_001498_c962ceeca4bc,e254dc2134149387c6ff14faaab87cf3eab9005f3bc00bc25a00234a9a01441e,2e360b34b6c334b6cd296f172229653ab94e5de062455c5b40c41d183aa26fcc,dup_2e360b34b6c334b6,1,True
nazario5_001499_926a2ce907db,6ab350d6787177ddfb880a36d28c65fe6db6209cc748ee6c720b44cf6c956376,9ce0593954d50c363c66472b54fca83f5a127240ec0aeee0579858fb5e6e0228,dup_9ce0593954d50c36,1,True
nazario5_001500_6e6003e09b2d,27750086217eeabc378e4777508f1ed54a33718f311ac34556c27578213b9de5,73cfbc87553d2d20a1af5cb1351fd00a89f471c91661394a61b4c48fd16ceb33,dup_73cfbc87553d2d20,1,True
nazario5_001501_44a5934b531d,404f402be43e91bb1d483348ac1487723f9b7cd0bd2b9bb753e813571dd97a91,d0f46c977cf7e983c0d0f288ea1fbca97903859fad2131a1e1722f03592e1c12,dup_d0f46c977cf7e983,1,True
nazario5_001502_d83bd3026637,ed2be47d7f211c9b06bbb559ceb96b14abb5352fa263adceefa47b9abd4f0813,2bc013c06c05d45f059b5c73d60cb83fec84fb77031fac02099350a9c1f95777,dup_2bc013c06c05d45f,1,True
nazario5_001503_80f31470acfe,d54b0ba42da1e379af5c0e7392a057270256f1f19f88d30e9a4127c4eee8dcf8,fde543ed21635e9814bf24dcf723b574a0115449969d055480820bae4d9e2a29,dup_fde543ed21635e98,1,True
nazario5_001504_054f0435b040,44bbb1423580deed30deae2d2ba1303caf1234d5e6c2bea56bc67278480b6605,44bbb1423580deed30deae2d2ba1303caf1234d5e6c2bea56bc67278480b6605,dup_44bbb1423580deed,1,True
nazario5_001505_3b7905ff0f72,8ed37ed54ddb52065c2d08be4f0eec6b5b47b1129f33c1ff437d180e9fbe038f,9d86260910dc5822fab5deaa9e382a06b09e3ada4193bd189b1ce5e0230464f2,dup_9d86260910dc5822,1,True
nazario5_001506_3d1cf8d5adc9,f08f06d9f6035bb914559b313590ecd155dc4ef7f8f42a7748d12561a40ca97d,6285428bd03e3209f6823e1899d9203354c1580535aa81891eca7e3dbe4ccb32,dup_6285428bd03e3209,1,True
nazario5_001507_0ade5c21fe0a,31682b04c63187191267fc8a6d125b131f6da4cce9ba3ad9e2e29916d426772a,298a859575b15f6845082d2d46b982475e9f553b40f3a382013ceb2ee264eb3c,dup_298a859575b15f68,1,True
nazario5_001508_2e28ccac83a8,39a8f2530c5f67c63d97dbeeae4d778f2293c11a2770b7d882db6f340b8629a3,c3683326811217e3e4ebc82ef8479483e4a25e435c5505e2b7acd1aadb72e5cc,dup_c3683326811217e3,1,True
nazario5_001509_8c253690a544,508a6e2d174ab357f0037aa1e3b0a1373721487e9b5eafe54569a357f415cd4c,462d9656af880a13043711714cf529aa7d9794a01ed81542933fa332bbeee620,dup_462d9656af880a13,1,True
nazario5_001510_c03ba7a0aab3,90135976e07431edb7b7325fbcc61aff4d37078886cca1650ca2b9a09bcdea07,90135976e07431edb7b7325fbcc61aff4d37078886cca1650ca2b9a09bcdea07,dup_90135976e07431ed,1,True
nazario5_001511_de0ab9f5efa0,d2606dcc7d2376cb0813de83fb4e7900d7df4404b87a5c9807aee834af567449,f2e859d55e1ebcecdc2ebfb3235c2786524e8bfc6a69804d3f90e71a01e1f658,dup_f2e859d55e1ebcec,1,True
nazario5_001512_9b4f550af78e,fce1d01359c78358ea6a752a81d0c5ba5dd36d04a5f8a108530deda29965288c,fce1d01359c78358ea6a752a81d0c5ba5dd36d04a5f8a108530deda29965288c,dup_fce1d01359c78358,1,True
nazario5_001513_51db222454ce,5ade0126b25e7bbe3d9bbc6d480b74ad3694266ecd473056b3682f0340f9b3ef,48926bb8aaef5208294c6123e210b49e4f52cf62d5e7aae240c8b92831ba4f53,dup_48926bb8aaef5208,1,True
nazario5_001514_bc550f0f19d9,a3de945cfb6fdb752f88ba540542ec9003d33a87c4f4d022839ff965d9c2fbe6,1bfc76aa0fdcfad24ef4ef507905f8c43cd5b55082f9c3db9d3cb0a9cbeb1911,dup_1bfc76aa0fdcfad2,1,True
nazario5_001515_2f36db2a2013,f218c252412f6de7a5aa7177bed51d7d06d46805d297afbbaeaebd3ec5a378bb,f4172432219ee8cc3d58c0e100ab67bef3bb01baba46bf84b2eef45f6b215390,dup_f4172432219ee8cc,1,True
nazario5_001516_1ea6548b97b5,b46bb6bf618c4e99a58af274cac900b660cf88f2c5e1f6e479c1a07330990f5b,771732a206771bacce44d7f47ac3ff7cd43b5a1609328771ce3a28a63b747eff,dup_771732a206771bac,1,True
nazario5_001517_2fe55b5f0639,8216f6245a629d8d6d56f6575dc59a1bd0d6c16d9a5cc1f4c205fdcf483bc1b0,2368e0bf0f209f2578f6ad8f0cabfb16a3cd1850447e63b9d2659d6f26e1a4bf,dup_2368e0bf0f209f25,1,True
nazario5_001518_64960cf69a96,241d19e307c7e5c47eb8e73e1bdecc93cf5737ffeb8efba0573f0fe4980ebd5f,917ac2b02ee54e632c791d7a54d6b440b264614c997ff4e6ac91eed04e806b34,dup_917ac2b02ee54e63,1,True
nazario5_001519_fed09d5dd40f,f627014788ac67ef39a54e81fdace03c646e911326f06302ad62e83aa6a88574,f0b0f178f6d9feb107dbcca6767a3a8d89590a6b985123af778c9723c28ff051,dup_f0b0f178f6d9feb1,1,True
nazario5_001520_fd9137b78624,4a4c5af2def696ff92c63783821391e01109180754ca9883a4d9dd928549479e,aef875f856bd668fd0ae23f69dd51d4d4339518172107024b01ffce1db96e2fc,dup_aef875f856bd668f,1,True
nazario5_001521_560d808bd2c6,5d53a6fe951c81b160f82bd667bb82a61f5a7442e226ff7010885e103aa8f1b0,fcc01ebe79add6c51b40abcd477bfd63b1af00c226c993577a285d9310f6c54e,dup_fcc01ebe79add6c5,1,True
nazario5_001522_121c9479b84e,ffe89364076b2d0ae32c611ff0971bcb56be9dfeb1fdfd671f06d62bfc808b8e,ffe89364076b2d0ae32c611ff0971bcb56be9dfeb1fdfd671f06d62bfc808b8e,dup_ffe89364076b2d0a,1,True
nazario5_001523_9dea1086b742,f3c8897e4d377507cb17d24b6df70b67f10bdc92c4b83b8c56dd26cceba2c9dc,f3c8897e4d377507cb17d24b6df70b67f10bdc92c4b83b8c56dd26cceba2c9dc,dup_f3c8897e4d377507,1,True
nazario5_001524_d2faa5622be0,3b417ecce9806d7c48993d9972249b1dfc92e820fe5fbda036ded46242d444a9,bdaca9c90fb12a788d43584c927909e007e77355f693b85a91d290779a89c8e7,dup_bdaca9c90fb12a78,1,True
nazario5_001525_8a9ddcf5c055,af823cdd07bff8bc389274e7ad70c15a095e403568346167a471af76c42f8256,5c2cc8ff188038f91b4ec7aba46a74d21b93ed4537415ae2be0914f498dfe5fb,dup_5c2cc8ff188038f9,1,True
nazario5_001526_83f317eadfa9,ddc9eba89de49d12f3d9da61e0e79a2b8f5b3e8dacd1cdd4d6effbe975340b8f,a4adee7fb39b24e17c0c69824616772b77d7455fd73538eae5711bd5477bc795,dup_a4adee7fb39b24e1,1,True
nazario5_001527_39e7e1d4c71f,abcfd3e1f6486a3d55d775dd580b3bd2c9fc2984be02096d77e73213bfb3a378,c06e5406b3883ecdb089c7d821849bfe8b85b257f59419e88c7d9e5a9bb7b96c,dup_c06e5406b3883ecd,1,True
nazario5_001528_a502589f74a0,8cd234ee6cc7e43aaf4db78d400c77694ba83a0ab7496896fdd6a071d7ea4de6,f000859829cb6adf06f59f11b01859dffb8c583854d96fa5bee9f1166c1bad47,dup_f000859829cb6adf,1,True
nazario5_001529_b9b974482c97,2a99fa5cae38e82a9a77bf2197b5db1e11e8facc300bfeb1f048e9aeb437e8b3,eff69bbd9b2d71a7ee90beab342d6056150359f37db34d09252293f4d26ac990,dup_eff69bbd9b2d71a7,1,True
nazario5_001530_5c10f824cd6f,3b13b7b6a89266eed3f04e9dabb0da0bcabd60fa3ff78e2f35364471dc7e0bdd,4d2f1615295e0775d5ca72eef1eea463a842c7d86a0ab4a16cde12924348929c,dup_4d2f1615295e0775,1,True
nazario5_001531_b6a4abcb16ba,e1afcb3e0af5fa651a06b131149758dc51159a0bb9c7c7683ade1a6f2c0de84e,358b2e1e636192f1d87728ce8ae08ece66e46640187145abfd7e814788516eb4,dup_358b2e1e636192f1,1,True
nazario5_001532_958b70c77a29,b9d56426b581ff4c17cee9ca533a8287ab01ca1faac81af3ec1299e4a50df780,112415bc01b398615af05d5387f2a25fface9b82b9c3743b3d2499149003ca5b,dup_112415bc01b39861,1,True
nazario5_001533_8a1db0ebf79a,adca40b7be8b7db0b2faf07e827e540088499dee6b30b6df9a6c02228931360f,f79809edb6d89fceec03292e5404c0268e9107e0f6337a989d88f8ed208f1874,dup_f79809edb6d89fce,1,True
nazario5_001534_c978d67583fd,2abdbba439d64b509b757758564a981cba0cbba18bc71d32ebd1aa82939ec07a,52c6d93c49651517cfb816430d9acaecf4b6faf9cb4bcd9c03748c35e4f69098,dup_52c6d93c49651517,1,True
nazario5_001535_2c54d9d17323,43588a5a6f641c9f96852449725cec719785f174a542bf23f5ab6f38f7a19d22,4a577828503af2ab82d98e98b4d1ecf11c5d6513586bc8c5d09b13dc414bfba4,dup_4a577828503af2ab,1,True
nazario5_001536_840808052270,989e0ffb5fd8691886ec6b2142061b77a9e965c539685b3d04625925891a2336,0271fb8f640dd2820186de388356c52c87d359fc138ff43b24e8b7dd9b476b6a,dup_0271fb8f640dd282,1,True
nazario5_001537_9d7179e69313,55362273499d6597151c6e933aca9caab5565deb2124a3ebae3a5b15f467dddd,55362273499d6597151c6e933aca9caab5565deb2124a3ebae3a5b15f467dddd,dup_55362273499d6597,1,True
nazario5_001538_37b604fa0df1,c98ff60ea733eb74487d55aa8631085850124b14870f6849c298cec45ce2d003,74eae012b53788aa8c213df08d22c306466893c9183330a495b597f5f9ac4e82,dup_74eae012b53788aa,1,True
nazario5_001539_2d7a28d9a9a4,8a30e25d38648328f009ae2928a048ad3dbf3ffe65cb23da9780d55b1d00008a,2123a3f8869ad8f65b9cee3ce8cc3837fce44aa2116768c99511c44b7bc5d2a5,dup_2123a3f8869ad8f6,1,True
nazario5_001540_5256355755c8,90d5e1f499011e24f69c53aa585b6e9bbb039cb712869b83cafddeec8c8ac096,55ca342d3137809bcd86a77969c20681bb0997ff13b7b151d34172ac4d762fcf,dup_55ca342d3137809b,1,True
nazario5_001541_fb6a8dd1d77a,690b0aa174d611162e147268d2a0284b60c1a467ffea1cae7750c3b056b2785b,6c754eccb48deb624be63dca0eddacac5df9c864134f4f07848fe002de4a3a18,dup_6c754eccb48deb62,1,True
nazario5_001542_2bedcc02f99a,98c8c842b528a74c3b046cc99911236149796094ebf5c3f1fe5a4aaa6060ca23,4d5f0c9e11d7a3498dbe2ce95a98b6fa9721951b636008fbe584353cf223e13d,dup_4d5f0c9e11d7a349,1,True
nazario5_001543_80b73230e88c,8a4ab467b319a345b7928eb6bf0ea4fe66e0c9caff560964f24da61c07b20b4f,9a944466e380cef74075cf3973ca002b4064b0449260a6460c66c70c537aeb82,dup_9a944466e380cef7,2,True
nazario5_001544_9406e584fc7c,acfb2775d96f3ac2202971be5c4b1c9a786371e8e0eba1c119a18becb3557e47,c4624c26da1c630a674f1d83c3df49119cf6fb9cda9fa57f6f74e52eb79d0c7a,dup_c4624c26da1c630a,1,True
nazario5_001545_44943b624d13,aac11a49551960fcc4fb9499c2caec332fd52eaaac0497a9604e2ff4fc446036,3adfd4b9db2ec10b2dcf74226f877ca2972f0fbf28650984a813499a8c297f20,dup_3adfd4b9db2ec10b,1,True
nazario5_001546_c6c4a1d98289,66303350d52ebdcca2b708e1666dc9ec67fee70dadeed2e9539a6ff6d736c2a3,9a944466e380cef74075cf3973ca002b4064b0449260a6460c66c70c537aeb82,dup_9a944466e380cef7,2,True
nazario5_001547_4a1eae1f7cfe,67b8a9f9652ef75d85d06aeeaca054b8d3147b3752cd9e084584df8f1f7392a1,67b8a9f9652ef75d85d06aeeaca054b8d3147b3752cd9e084584df8f1f7392a1,dup_67b8a9f9652ef75d,1,True
nazario5_001548_053bc97c3502,a7dd9a4863f7431d11f3a4bbb1f843b871c9010d0760a323290e23d6588752b7,53bea0fecb3c7e5f48873dd41ed62d5f7a1e354418f11d7c80c30bfa87dc5916,dup_53bea0fecb3c7e5f,1,True
nazario5_001549_d5a6beff8f54,3c88e2a09bd612aeadfe54ea241a6791bedd559ab985b7789121e20e856905e9,3170f4c5ca842cbc071bf0eb0985ce6eacd75f1166794fc07c404a1f8d5d69ca,dup_3170f4c5ca842cbc,1,True
nazario5_001550_fc6bca6b6612,398d0e7c91edf574c5aab83bb6190d9297181c19e15fdffd1b96d86194333e05,ffb1012f1531fe444b93ce3e0d4c5a7569fd0f12f6dc6340bd9565f399a338b5,dup_ffb1012f1531fe44,1,True
nazario5_001551_fdb124c5075c,2a01cd79e0f9dd903f3e99cefcf84dff8ac0e3573b18613f93fc1f08860e1c79,2a01cd79e0f9dd903f3e99cefcf84dff8ac0e3573b18613f93fc1f08860e1c79,dup_2a01cd79e0f9dd90,1,True
nazario5_001552_84ab2d41e41b,46df5f510a282cb8ba0a551386a54ca2015d58ef7139a2331fb3ad2174203f25,415a8add0b60bb9c4fd29fb373041ef650773197d817c17f8045ca3a21fde571,dup_415a8add0b60bb9c,1,True
nazario5_001553_3997aad45e5f,12c67811473d65999f115b68c6d7d88b8410d7d7f60e84c6e1c1302e4d71ef6b,18f92c78f1aa7dcc3443430ac6c4b112bfff23ccd4eea015b86917a87dcceff0,dup_18f92c78f1aa7dcc,1,True
nazario5_001554_cb8de5153ac4,d74169c344eed1757ab7a770a590d0c26c4198414043f49fce7550cbcd25a519,48d7488aae15ae884747fa33bb390fc425916577a9dacf266b375b4fbd9041ad,dup_48d7488aae15ae88,1,True
nazario5_001555_fece5f2c0b47,2a52b0bef9e4549e1b3cf9d43c74403de4b62177878c9240076595c650a80a3d,52295f97bbd17c490d2a28f81bd38084703019ed9d6a6cb9538f98ea93033de5,dup_52295f97bbd17c49,1,True
nazario5_001556_80030725f893,01d3a7b998ebc590a808c419031d58146d35e7863da660666d435ee5fcb7b7ac,7f1b51ee3d5ae75d432cbfcc15870d0d475114c49beb9967e9202368af330241,dup_7f1b51ee3d5ae75d,1,True
nazario5_001557_22ccbae06837,d639c72603a71b6a859324b325660c7638eda28e53b66684336ca7d978b3cc01,444934d5f12b404744ee79b9a3ee963a8ab9a452aef363555d02004d25000364,dup_444934d5f12b4047,1,True
nazario5_001558_89aa7b95f140,f89cabd5376a9a30e18fc4dfbfbe3aa8faef446cf162266c6da60b7179898da5,9bea7e96a2e42087d18c0d8bacf43e5443709a773e1adc67979192d9c9499d02,dup_9bea7e96a2e42087,1,True
nazario5_001559_0b16ae2c468a,0fd0c160651ea45d5e0f22059f841bd693b002f55b7d2167038c37f5ebdce226,c5892188ad37246d838fca2c8e967a2e257527bd108e6e23035e650f103f94f8,dup_c5892188ad37246d,1,True
nazario5_001560_5fd73812b500,ebaddad88fbce1bf2282c794f217c7243682716753865c3b3135092a6b059a88,80d543cb4494900db5949f6d85d16333c0e87e8ec40c23a13819e7f8323148ae,dup_80d543cb4494900d,1,True
nazario5_001561_34acbbf5ed61,6eccdbce3e44d53d42cd5f6e2fc2b7521a8a1f3620339d74685a0be7a99decfb,f0e04b8b8367129cbaec2efa19e5a9fbd4494f595db27715f28799d8be6dd0e3,dup_f0e04b8b8367129c,1,True
nazario5_001562_29a070421bc3,396b9bcc33aeb18a2ad31bb96f882573a11bf825e06b8c47bb4b733c1fa4169a,049d67d60b5f1461f114a2fa036b9f29ab9e9e6b76b6e57429ca41fc63972824,dup_049d67d60b5f1461,1,True
nazario5_001563_8f15dca8a2b2,f26c0d2cf1126ee7b04c7da14b102cf0d7b8de74c1a792d3d98cb9956fe2ca28,386c23ebd4a758089c3463dd2a1d9ff1911d74d9fbdf2c666eabcefe668e7eda,dup_386c23ebd4a75808,1,True
nazario5_001564_bdcb7b894bbc,041845b712b55bbd3d0b0d95e90dd58296a63f100aefdaac51f09313311d9a97,f647dda51ddca6ef7ad5acdc86442530268402e8a79becc787ebf0d60861a74c,dup_f647dda51ddca6ef,1,True
nazario5_001565_e19063371e98,c410365654f459917e50b00992ecb05d54c1fe651d287d3b7684dbd9c02b14c8,306d7920bbafa3ef490595bbc81d5e3693de57c33b0bef57904a18ff769a8046,dup_306d7920bbafa3ef,1,True
nazario5_001566_af7a8b0d74e7,36abe5ad768edad7e4b201356c749aa92e7baabc6872392e8fbd9440ce41a439,b8367cc4c9b72999f67ec8cea36716813e199c7ea2f4fb3737d58d7bd9a5f01a,dup_b8367cc4c9b72999,1,True
nazario5_001567_99cdde190418,4e3e6ec82cbfc0f112d622a0b0d8f4b93b33fd59b799a3c128a7244005c2e6a8,f4b6cc182ed26468b94bcc7d4f3cac7cf30739d5e5ad6ec8a529d0dd762d773e,dup_f4b6cc182ed26468,1,True
nazario5_001568_5847c9ab0347,a67179155e38bb6170cdb0e82c0f620a14d9db54d15865e8ba6046bf2aa698e2,81f5aef1be91892b1ace9ca9da1c714ed91c8d22002c3a6355260c8abcf29855,dup_81f5aef1be91892b,1,True
nazario5_001569_5d24e3e43bb8,1eb739ae827443e344d1f0aed531f8f47c906e7e6388a621c241cfabeed6527f,3eecfd2435f926f222dc1f43aab4c207fd6536c8307579634483f88c0f1d953f,dup_3eecfd2435f926f2,1,True
nazario5_001570_461b71babf63,b188038b65c815a16cbb7935951fb6d2b1ab7a5e08d04387f029c8b1a1eb3b12,15335623684cd53a9266ab7656f8801041b0aa808b8e086b04610281074be247,dup_15335623684cd53a,1,True
nazario5_001571_9df7238c4f38,2bcb52e940e1c6a10730a21d1856c4e4022809ee7ba36533d42772c166aafe3c,3d2bbe2b38c9812decfa32f026e0b9dbc7304bc3d621c5d2ebbb6dfca512d104,dup_3d2bbe2b38c9812d,1,True
nazario5_001572_361b6d19fe69,5c0efa5f8a8129c115b7340b132bd5bed74567f507b97323e8ee1971ed2d9895,408ef1a59d90a79b2d7802c9116910dfe076f451e9fa23826283df4fce9d78b8,dup_408ef1a59d90a79b,1,True
nazario5_001573_bf2f32a76087,9cff3c78b891c34378305375dc4dafef132d9299d36796f64e6d8f6bd7ae1970,8f0ebed3a67407e5284401f621ac2e0e6a8101ac827e8bf8434d4de3407f853a,dup_8f0ebed3a67407e5,1,True
nazario5_001574_9b25eb71905b,bf70b140fae3ad09b9539d7a3653b69fcf415978e3e2295b14ae6b618a0799a2,04222827f971c9a303e476270103c2f018d57094dbcb31c0ddb5e51ed7705dc1,dup_04222827f971c9a3,1,True
nazario5_001575_f900aa7f24ab,41ebfbdc9a46f9ba47a194213111cfc86a6fc0a6f68ac6b9685cea349b21293c,f8f159d0ac4292895064163ec88992909688c41cc7b7804bfa58a31353c593e5,dup_f8f159d0ac429289,1,True
nazario5_001576_c1b4a4594d0a,8be19c59c3515f0e8e7fd1f58beb664211d97abe0c97c7fbe351b8ff01408b19,8be19c59c3515f0e8e7fd1f58beb664211d97abe0c97c7fbe351b8ff01408b19,dup_8be19c59c3515f0e,1,True
nazario5_001577_fd27880237e3,2cf91a7cba675546661997bb2edf173c3fe902f29f648e4e6664d6e034fd27bd,7768db52a1827b15400992e8e198d9641c185236cf9a440b831a35d0f1568de5,dup_7768db52a1827b15,1,True
nazario5_001578_1d23c3861003,2142eb8174bb6590a133a8667711e54d7ab78f1aba891ba4e62a6cde1f9e89de,e2429ce577ec82b4bffdc581b3d91fcd52d7445401309c8c7f40935a5490e9cf,dup_e2429ce577ec82b4,2,True
nazario5_001579_c40483a89831,8fe3b77ebb17aa3ae5d055e3bf23de5b12d2fec09dd4fc41b6ef5968acdb4ebf,e2429ce577ec82b4bffdc581b3d91fcd52d7445401309c8c7f40935a5490e9cf,dup_e2429ce577ec82b4,2,True
nazario5_001580_fd129e9c9bc1,e91f4bbee5cced2b0d57e17b212b306fa9ca171cf5a8e8385dd1a72376c79c0e,6164ef15133aefc4f78abf46c534c34155ce5540d1a4d0f98c4a40e153302fdd,dup_6164ef15133aefc4,1,True
nazario5_001581_e58f7ac71b2e,4ddc9e867f80392229c0b00eaccaa5fddf0a7bac854493d4df90d9b08a171d0e,f0bc23344b36d5342cfc0853425581de3c2ccb543b8a98e13a300670623672af,dup_f0bc23344b36d534,1,True
nazario5_001582_220f6dbd1813,ebbda9e12c47104c4dcd1901e1fc5c65f4187f7f40cf46cce48529ea67f2b256,5176f141897c586ef0b2c57987572effa372716f5f841e53fbf79ae91ac3a523,dup_5176f141897c586e,1,True
nazario5_001583_f77ff0e4e80e,d8278c85ce5ba0dac40cc31a3892e1d99d8460967f4470392057ea546fced8bd,bf6186af828c79d646758a1d413e32594f0d4bc863832a2be30f30e1893ad673,dup_bf6186af828c79d6,1,True
nazario5_001584_7ea1617d40f4,243ada1de014615a05b91d64dcc8805ef1a95506762776490655bf873b8e1146,243ada1de014615a05b91d64dcc8805ef1a95506762776490655bf873b8e1146,dup_243ada1de014615a,1,True
nazario5_001585_aaeb845e1c76,e63b8dd297b0800c59b788408d5e91a442836603c0c80170968b7908160fd2cb,184317ebb8026225e40e6d03785b39f6fcea30afd279fcc8e9699fbb185facbd,dup_184317ebb8026225,1,True
nazario5_001586_f660dc8d6188,233cc253c8a143027d215f6f0142ad4d36bdb39870cd933f4e990d6845de33f9,f8a13d43845bd0203c3c1a187ae366b957705871718ec12e0517ac539e1bb862,dup_f8a13d43845bd020,1,True
nazario5_001587_769aa44652ed,c83fe6f14f84df3ab21537fe97af891f8b053ae1c8e4384bed7c6b69ce01f1f7,b37b3188568984837f937a197c544c637adccd5125588445dc7d320e6a0bd7c8,dup_b37b318856898483,1,True
nazario5_001588_83cdb0aa64a6,9746dfd207a8ed6a8b9cf73d180445627482518de3c04d7bac0416e519a517d6,be8f97856513e2adc938338b153730bb66130b387a72cb8636f368a62840b180,dup_be8f97856513e2ad,1,True
nazario5_001589_64e2d5a29b12,270442392e825005ba74d7a8a88d04d76d11b6366cd2baf69dd614ec376d8573,1f0a097b6ba1bc7e70ee6847eb77ddac06168b0dff5f6e80e155692ceec5e42b,dup_1f0a097b6ba1bc7e,1,True
nazario5_001590_e1fe4bc29089,63a9d9862d9b2bd8ecbb695835f4c55ccbf8a23925a3bc6635bd471c3da2cac8,cda13a1c0cc0a472f48291d0201098fa9bbc3cb6b58fdf63b9a9e8924937fc1c,dup_cda13a1c0cc0a472,1,True
nazario5_001591_49afb53e1038,ca35a9dd2677a37321d516d0cb9053af9d81965cf7a465e2e72b1e68b84d8436,707cea9ec1bffac2daad8c056f789e9b860b7b52a4623c50148e89905ed8200f,dup_707cea9ec1bffac2,1,True
nazario5_001592_a1b01adeb536,2e0d19ff4eb70389b6685ac8f0c3074a6800bbb00ce03281d50d8466c9415b90,46d0d5f48b189b313f6f91e06bb3336ec7f9ca723462c912b93379d7c2b76153,dup_46d0d5f48b189b31,1,True
nazario5_001593_2d7ddfd71fbf,0e9bce5474894307adbabd2a2e77cdf87414abf77ca930d88721adc61257c5bb,5632322aaefff9c8befbb9da7971fdc4d1467503030f0b430c86b0b8451c2ac5,dup_5632322aaefff9c8,1,True
nazario5_001594_e1b72a74a4d8,37b47568d8d570c3e0fb53fd179cca306336bc914e662cd1d1ae1a4166724e7d,250b67aaa3268a822aa43992356c0ede3ea3e4e98b2385d11a3a80d5725d29cc,dup_250b67aaa3268a82,1,True
nazario5_001595_03e113d963d9,1f4596a7566812efb7c99ae3cda584363809c5359186cb409ff6cbd302a15702,a8079c85fb9ea1f54913aaf9ff9b9e299c54411e5df1f89f8f89ec31480c077d,dup_a8079c85fb9ea1f5,1,True
nazario5_001596_f6878108c6ba,0b9436658fa853d67c0465aebf3b8da31c5ec7526d1ec3accaa984806d826deb,4e4a7f9262ce5b88988f382d1dca2329a7cf3b79809b2adee3147207b3280dd7,dup_4e4a7f9262ce5b88,1,True
nazario5_001597_09b49da5e4fa,2a6a35eacd53ec07720c48b5bc06630035311a43a840cc9db90be72959c7d081,6e924ddf6172940771b80760e4b7b70a91a2de23baff2880a63199240f9552f4,dup_6e924ddf61729407,1,True
nazario5_001598_9eaba2505b80,f4267bb05666fbe0f904275e4389b150b2b65c4f77a7f59223f9df4a15efa89c,331e377cc0d92c8260024699d5e9a6b4d1d4ae0ddaf7f5ef1943cd4307429a47,dup_331e377cc0d92c82,1,True
nazario5_001599_e89374ca6f62,c6c7e9c8b2c08d367332b3d59ed6bb712869f570ad66eaa2dc8facfe4207d67d,5988aee233655f2b448a310d12974f139462f01363e39d57dd9c8d59c19688a3,dup_5988aee233655f2b,1,True
nazario5_001600_74af01279b13,be1586d94d34fd6eaf5371ff1ebe63105b77729a820596bbf9394ed9b80ed05d,10a77c737c4bb0ceed6d17395cc89fd7c70c0820210bb63d5e509c0227f69b1b,dup_10a77c737c4bb0ce,1,True
nazario5_001601_37e96d084bc4,78574a0c0910a2e78f0bd3f91a55a979d646c5c6c0f1c5206ab653427b585c1d,2e5bcd81adfcdbe97dffd158221c1b96bb0dd28620cb9d68bed5728cf2330683,dup_2e5bcd81adfcdbe9,1,True
nazario5_001602_1141421b6478,befaa11edeb32be2bc5862f3123015a5dd13fe42dfcda56ff13d52ea0902490b,1c264d9eb1383d5a600673d20138b3be638e34ed59ee6e7be58328e4a740ea42,dup_1c264d9eb1383d5a,1,True
nazario5_001603_1e31624f2ce6,c444c441f4c0de9f241a6fd82e5755a1e81b1a2073614fc168b8a88d3fe94178,393afa6807a2aabd3e3a3aeef810b665ce32c35d6cc062a5f35744a702311256,dup_393afa6807a2aabd,1,True
nazario5_001604_6593bac3bb48,b46838856f279ac33c445a9b7250668c1bea2e15fd6eab2837c22999b0bd0b58,be8915d8a4746566c54c385009049efbfc7f6d1241b4f73d7851585afdd7569e,dup_be8915d8a4746566,1,True
nazario5_001605_cf01af22e11b,758d5aae28ab724106ef3138c382b0a3dc0cdbc88e434d3f1a333f1016ec7dfb,e56482300ec68fdf14f19d2a5c575324a88bbcb57b8d7e7615b3aa8f419c58ab,dup_e56482300ec68fdf,1,True
nazario5_001606_dff8cdf4feb8,1b9f32eedf92567cefe1d6b9d426eba32819eae4a64506889788e3a266e82f9b,aeb21133de79ca31ba868d3e97017be3d51b139247aa598058e4b6cea9e978b2,dup_aeb21133de79ca31,1,True
nazario5_001608_8e5066728553,5aa1145b5e38dfe01d2b1cd99fad851dc35c0eadd7861c5ab28ecd5c950f6097,5eab80098540a61e4c9c36ea10e8d4199d1c5b9fb4be4f86a7e10f137410d59a,dup_5eab80098540a61e,1,True
nazario5_001609_f0bf0502fd18,ff428f60e7729809d99cdeeddd48dcc1edeacc1f2b0b09c9762b344660213514,c19e235706dd4ed4735aa6e4ae293acd317cb5ad1800dec960d27420cb678615,dup_c19e235706dd4ed4,1,True
nazario5_001610_de4bb9903375,157a06c04586d3076d17ac26e0c9b0310d666c08650ce74856371a6340b92712,3db11740a1a4e589b33742330322c80a30a03c6f72b162874dff51d1f0b0b3ae,dup_3db11740a1a4e589,1,True
nazario5_001611_66f1768667d8,3d2196d6688544da5c7e7ac094d739658fc5b09ab2d46ce6f74e1131c570ae12,18029448545cb537913e61e106e28f01fb8add0f36854709a500e1f93b9eee14,dup_18029448545cb537,1,True
nazario5_001612_98d7dff0e65f,efd114634198511cde02725537dc18d55e1673b3da1e6f0920f6f048434fd091,5045153ec8f99dafeb2c78faa26e3d63bbccaffdb6436da4bab69a8c11457af2,dup_5045153ec8f99daf,1,True
nazario5_001613_1a2ddcc75374,874c995b20ccd93e25b9509a3a079ed92491192b276786abbb906482f79b593a,9109b0cb408293a4f394ad24faf1be0e83b01e80d97bce92e0d10b0346edebd6,dup_9109b0cb408293a4,1,True
nazario5_001614_cea45c7c54a9,b711e07ac0080e114265289cca5cdab6ae147063e279a3abd0b1f43269869de9,07922547ca57f9c9722685cc59d5fa2624fb9ecdd911ea815d2d03ceadca9244,dup_07922547ca57f9c9,1,True
nazario5_001615_f4f5a7529cff,4f1dba5f0128567edc3adc05fe1dd9fe9a57a44837a5fbf8c765227fcb885545,4f1dba5f0128567edc3adc05fe1dd9fe9a57a44837a5fbf8c765227fcb885545,dup_4f1dba5f0128567e,1,True
nazario5_001616_8663c27f56c3,284e471bd5500c35be69931af6292b87efdba6f124fb8b82dfd0a570677c5e04,299083122d268974453c303a6a1caf21b3f471d846d02c7529dd0296ae01473b,dup_299083122d268974,1,True
nazario5_001617_b7e417a1ac1a,ef21998be625932ec53d040d14708c74570b2b7146143263c49f0dba99c957d6,4caa8fe8a3af0004020956a7befcd90388bfcc037a00cc55ce50d57a1f4760ca,dup_4caa8fe8a3af0004,1,True
nazario5_001618_fe83cecc4c24,ebd6e9967c1eefd9839029b114b27dd6540d80e480cf17c1d544636b639b8da0,d79191394e3e8042ecb8571adb81adc9738fa6d14d0089d256f6b237e9b37e10,dup_d79191394e3e8042,1,True
nazario5_001619_5562757abb87,b398c60e7bce3cb4c65aac82272a24571bca281b5c53f758b8ea1902a6c2f3b2,779f809f1fc994942cab6321b440031d53766a3f881dd5c95c6f21ecce4c3511,dup_779f809f1fc99494,1,True
nazario5_001620_4fee8545f20a,c4ee625ada0f59a23b9db133995682d1ba71f893a02d7c8a53408599a915b265,93ee1ecc9f6a7f75b2660738c9706e97a8c16bf91fe026d3b1e2f4c8145b970a,dup_93ee1ecc9f6a7f75,1,True
nazario5_001621_1f79fac64bde,e74979c08796cf32a560c283430adc300a715ab0bb9bd1023f23e5b9c84bca3e,cca0e15087d5bb743b6ba6593c52e6ef638aaf99a403a0eb8a0d12527942befd,dup_cca0e15087d5bb74,1,True
nazario5_001622_a0326bf18205,e89455ae7c2e7e5eedaff867a5ddfd816cf8ab65d8daa5f2acc4a2869b230ce2,9557d63e6d1d5d3d4c4e85e2a179a32aa0f8f67aca93b2dfdf4b8d57d4117b08,dup_9557d63e6d1d5d3d,1,True
nazario5_001623_e79bd478954c,78232f9a239bbdc8429de5c8ec1eb19a0518b9a00d4f50ff81158a843f28f684,78232f9a239bbdc8429de5c8ec1eb19a0518b9a00d4f50ff81158a843f28f684,dup_78232f9a239bbdc8,1,True
nazario5_001624_e6bcf1b92473,6b85face473413c26714fd8eb2c2733240ed3517e76ed83f95adcb8ea39be92b,c47baf5989fa7004ba03ef90e44374f7e3bc9e27f7d2421f71b19e57c35bb220,dup_c47baf5989fa7004,1,True
nazario5_001625_dd1e781fc438,0e628f72ce3ca05beea2c51eabdb9985764d4b512badbabc4f28ce232b8ae9f4,d630134385730f6bfc880a60e6e78f66717b9e9f6fd15da494b254531297f1f2,dup_d630134385730f6b,1,True
nazario5_001626_13863400355c,2bd65979e960067ca48d571611bcaa3e36259ff4f5de268f0d79f5abea1dc6dc,f2fe830ad764565f56126c5f9918abc4882c0904799b671f4ed348ba76c7d161,dup_f2fe830ad764565f,1,True
nazario5_001627_9345fac3e69d,f7bca8cdccb0b6b55503cc321b882006d5cc2e0a2914a7078ed8c87f597e78a8,f52a6d6a02d5577917c64bfa18477decf76606a690399d20b15a6375441bbad2,dup_f52a6d6a02d55779,1,True
nazario5_001628_2302ba864c52,862fdde07c4432c594725cae1e9830bf9178f17c1fcf0f52b328e18bb20a2805,aec648c371317b717249c484188b71b7828fc362a8e8d4ead9bf49ea18ecf8ca,dup_aec648c371317b71,1,True
nazario5_001629_0f540f93cb16,52cc0f43b008fe6ac39ad4bc9d592df6d3c43572a86613524dd752b18903573b,52cc0f43b008fe6ac39ad4bc9d592df6d3c43572a86613524dd752b18903573b,dup_52cc0f43b008fe6a,1,True
nazario5_001630_a3e8deb58b8e,5f47c8b51223186c8791390c578da6e92fb6f1b390e10656dcd795e5536ecb53,5f47c8b51223186c8791390c578da6e92fb6f1b390e10656dcd795e5536ecb53,dup_5f47c8b51223186c,1,True
nazario5_001631_c53a38c5d495,b6dd14e3f0bf88ceed19e58dcb009f8350cbec694153654a362c5fdc93dbc9b6,c3057f2da6c1e04e7d75afb177516578866ff5ac353ee38f63c955a5cae0992d,dup_c3057f2da6c1e04e,1,True
nazario5_001632_46444f2793d2,43ea96c533f68d5118479232400977b403928331f29344136e283e64077040af,341ef4223f37eec6bda490efeb39d4a805fb0bf357321d372c16a890cd64c512,dup_341ef4223f37eec6,1,True
nazario5_001633_96d699f4fec8,63344a2a03783c388a914be52f58d713e7557f61a024b52b2d2b08dce87253e2,ecaac4fd579ec8eae332d770001563e471a27f0a5689d3fa6db3ddad2bf3e135,dup_ecaac4fd579ec8ea,1,True
nazario5_001634_3ba795fd2cc1,22c667d8de997423e8430720e31deff3d669e87db0249b0f7c3f4dd99f2b069b,344b599bc1b097c873669788790c81665c3dc3289e58d1a67db311c4b0203535,dup_344b599bc1b097c8,1,True
nazario5_001635_f4bd96b91d32,9ff9d1b62e102bcfc19e7ca52faafc9e99a3d17e25f5efae272b4ea73bec1a0f,ed54cccc32e4bd35290e8338789db45ffeffc6b2eb1c69843ad8ea5eb4cc6f4f,dup_ed54cccc32e4bd35,1,True
nazario5_001636_34d2d35bf8c5,1e7c49940b2a8b0391f7476910eed0897ca675e503c198650cc547d7bc65241b,6f84acf872a23ad293d1cc68ae563abe9550db10456c2b02677a3b7f8cfcb3fb,dup_6f84acf872a23ad2,1,True
nazario5_001637_449f8eaae718,748c1124e5026ae609c9aa79ba3ddbe15f26c24a963ea9cfb6e62a95469c9e2f,a066f2e382004b89ab3aa35368a56460ac338e1335aec99e3bf9b07e3dcbacd0,dup_a066f2e382004b89,1,True
nazario5_001638_244cc310a126,e51f697a649880c8b42f8a10c7f876fdd6bdc44272c9d8808d40d3b89f1a90f9,b24614600e5b83af8514cbc846dfa5371ee69b28fd0aab71194e83747a66bacf,dup_b24614600e5b83af,1,True
nazario5_001639_1e75afbcfa81,9590455a3947a636e0d6f14c813c433b03efd89df9a56fa989230402ed049781,332c3b4fdf0b1ca27293c973d0dc663a5e929357f7d675b86ce82a50fa4020a7,dup_332c3b4fdf0b1ca2,1,True
nazario5_001640_a7fd496d21ef,4ad8118f8222272d3c653a5f1ba009ed9720c42bfacec3457e263fe17743eb4b,91e476ff0f0f68dab6d784961fdb50892b3b2f43806aa4909c5d90eeff6402ad,dup_91e476ff0f0f68da,1,True
nazario5_001641_c997dab54449,ec935958b2f86bb574fa4a4cc2e60ac7b560c2070bb35b1c380714117fb6e2b4,1b660ec5ea65993755922e92bd2711857b0042e0763608e2c4895b27b89afbc1,dup_1b660ec5ea659937,1,True
nazario5_001642_dc2338efdbe7,2f2fb55fbea813882b804da8afe8d885bb3a1d392441475d7414eb550587ebca,caae344483c1612b53d5ff26069374660bf3a615288bef1eb6d1985d435f1085,dup_caae344483c1612b,1,True
nazario5_001643_bc6c05c1e9b3,baa71a9091dfd3a72fc7d889eed36448b01d2f2f1335287c2c5901a4e3e9480e,3d14543ccbbd2f0bafdcc6ee25d2d774696e297334bf788ec1464959507a7ab7,dup_3d14543ccbbd2f0b,1,True
nazario5_001644_0febe08ea127,e0997c05e512d28a9aea2ec2da51bf2cabd4b29a888bdd97dfb95d92287a4faf,34531802a9ff3bf73d17a4a55a28c90adf7d9b8a6a4ccf5e8ed6ede5ef50316b,dup_34531802a9ff3bf7,1,True
nazario5_001645_7773fff12917,371662faf57a442881778c8d786b371dad9df1cb87fed3942297a7c725cd703f,4a461f18c657817b67ebf4fccffb4fd1a1def83225bcfa9cd217f554f98c3771,dup_4a461f18c657817b,1,True
nazario5_001646_922669e130cd,fcd27cb4cb7f5cf872b28c0d190ca47c58b62e6090892f68403de00680b0694a,d9c054485724d5eb2d8cbb4647ffbd19000b99deb7801c938c8356ab3886fb4d,dup_d9c054485724d5eb,2,True
nazario5_001647_868572faa475,49e3b2d77fe5d8358d40309f04cba2543e1b8ec78bdcf320d5c6a25eab3786bc,9100e332e74a4b8e5de2eb635a459edf1f6da70caff5c6b2a87d1c9d0028c56c,dup_9100e332e74a4b8e,1,True
nazario5_001648_7c992082decf,1128437fc5d9c62fb8d6936355a902bd0b56718807a9d0b7b98ab4f8a9ba7b87,e4cc8794841dadbc4c3b5ddedbdf285734908b8836866966473f5f2de537b952,dup_e4cc8794841dadbc,1,True
nazario5_001649_6b6255355c01,72d1c74620dcb19c214e98009e41468244ff1b2d3c56a392355e54792179b1aa,f56d82f9947767a7271d8bdbb6843473d6bdcafd1ca92956e94d7dd214af4c28,dup_f56d82f9947767a7,1,True
nazario5_001650_4a8471a2d0de,f1e67c58b923a3f8c92514ce52169960b15f904e92627c1e207c3b6e62e79764,d9c054485724d5eb2d8cbb4647ffbd19000b99deb7801c938c8356ab3886fb4d,dup_d9c054485724d5eb,2,True
nazario5_001651_4ffb45524966,5c5e96bb177d1416782bf1dd626f1980208ca7046277bc310c7e6e7a36d6c98e,b5fd40f0992f6d052c4e22576f166a9f3ed4ba0e9d58eb9fdf3a7ab374f4a445,dup_b5fd40f0992f6d05,1,True
nazario5_001652_82b8576203bc,2b8e3e441b13e6ada67193cbe443c22efb38f7153df162f26b118b70abce3461,55c91686454e3b334fcd6e070628efdd21b91d6a8d1c6d66540e40d5b412b01d,dup_55c91686454e3b33,1,True
nazario5_001653_88b2ea01adce,54fb912eb647074372f0759701d4455f2e5a5a5e6d4b488b20dcc74da37931e7,be982ea737a1411d251c07bd3859259c51cd5a745b009266a9443c3e85c9ca7b,dup_be982ea737a1411d,1,True
nazario5_001654_e550ac8fad66,fef8c52b8de9c0086803a56dea4086e878248e21f954152e6dc2632cedf40018,fef8c52b8de9c0086803a56dea4086e878248e21f954152e6dc2632cedf40018,dup_fef8c52b8de9c008,1,True
nazario5_001655_e875c18b3908,3affd22e31c272135bbeff376bc2b42507ac5e5829678a4d869130692fe508cc,4fae994637440c0103845c130a492a0a80b95fb2ebb14823a49822a2ea528189,dup_4fae994637440c01,1,True
nazario5_001656_a7e3e6ec0c01,54c0b8172d25f2d3f829cdb1a10cc358ed7f3dac9180132681757ac16310800f,e173d95d3051bf1efa9deb6408c3108552293e036be8bc45cbc02f4334aa2c1a,dup_e173d95d3051bf1e,1,True
nazario5_001657_c39f84cf5c83,e0306a25e051162b4e8c0743f342a05461db40db3caf8a70bf8c9de9e242f446,0473aca21b4cfd99a29628b6dddd251c9940ba934e3a5fabbd88ecfe2e0c2997,dup_0473aca21b4cfd99,1,True
nazario5_001658_9dd0ea9ef84f,78f0b792d3e5b59a18e268b18f8f908e0cee3c2df9d1ad913c9d4e968d15c5b3,b6f7721a0d01ff436eaf67617b41f7fdca50e46f60a6d0c2b056b992266ec0b8,dup_b6f7721a0d01ff43,1,True
nazario5_001659_076492b442ac,02c59046e16288563b885853cdc7d8b00843e98afac9d72f4b1d02cfb804fc01,dedfe3738137ea4a875b88f0e4f8129d08684e08507a11087d00a85e53694dbf,dup_dedfe3738137ea4a,1,True
nazario5_001660_591a11b78aaa,bc198c82c4cbc5b1cbb8072841fd8e53f91adfa41230607cacd92f40ee6b0076,2b2f02d43830f593df13dd693a8882c953dfda034f0dc60d7dab6db6a957d99d,dup_2b2f02d43830f593,1,True
nazario5_001661_efea77ef39d1,fd6c9e5b79910f84f398eb124bb7fecc488f636e8c45307b91c59f6e11944d2a,1396492f40b3bb546552e6ad5edb0292f94b00e4b9cf7a3efcb83b6cb76afa27,dup_1396492f40b3bb54,1,True
nazario5_001662_e6a0cb8894d9,6eaae957c214bde4a3668dd890f5ca1e2de855fa1416ce339049a6aa10dfe991,9abab437bdbee6b4c8d085e6292396755483cd29dffb09453f479b591709acb4,dup_9abab437bdbee6b4,1,True
nazario5_001663_a0c570307e90,cbbb781e8743a74534d3ee42f5aa190d784bcc2f257ee522eb56271337286e18,06e3ce4924cd9ac7477fb83107b6279f7fe9b774e186807ef2ad8eac180cf498,dup_06e3ce4924cd9ac7,1,True
nazario5_001664_a1bb10e1552f,10db6086d39eb92d6182a5af0cf91e7549d8948270e3e6782bc88328e8675223,2342641fcecdfdab84473729c342dfba48152b572f6e13cc0906c0fb15ff3df5,dup_2342641fcecdfdab,1,True
nazario5_001665_de82c9d6d378,0f0c71dc70829f29e52ae5d1262c541776328218f055c01fb7b07cecdddadd6c,34060bb4e64528d99c9d80d97974bb4f792fe1ff6935f31d03bd8da2c88ac1f1,dup_34060bb4e64528d9,1,True
nazario5_001666_feabe5307c31,fe4990f36f881eb8859b387ee53ecb5dd64eec2f92350e17230c7edc30a566d1,fe4990f36f881eb8859b387ee53ecb5dd64eec2f92350e17230c7edc30a566d1,dup_fe4990f36f881eb8,1,True
nazario5_001667_9ddc7fa97a52,5c498a7ed8f5484c39a9cbee4700ddde083366034dd7a3897283a45d0a68f714,40d9feab73f06e27dd7bc871a0e02d046d922dbd60b7f407e04bb80f9e4a036d,dup_40d9feab73f06e27,1,True
nazario5_001668_5958f20b01b8,5cd2b6386b5a52a2fe2b7d329f7ff542d39d2a07a8d0fa6dc24635ecfb56a272,1ad10f8e7f9f51a4ee9b5503040db7113ff51c5531d489de77dc549a3d5eebe2,dup_1ad10f8e7f9f51a4,1,True
nazario5_001669_80fccc9e78ae,4e444c4936cd1183c466e1d1c6fc5aaa9c396fb714122384dc7c6a3f5885cef8,0b66aa34358cf1af61e9f46150a10dd181d520d5757f010528e88d1399b4eb13,dup_0b66aa34358cf1af,1,True
nazario5_001670_0c8188137b87,d37177cdc17e8d660b53a7a6967d283fb7bb26b07e06f3ea9139a211253b0f30,bb3ff0412aaeaf0f2bda5caa83dad0bbb5ba54c453d35c9a1267fee158361f49,dup_bb3ff0412aaeaf0f,1,True
nazario5_001671_c89a3d7a98ad,0c8b2ea7c7a0f132b5d3003f5422ef6ec447765d8c74a3ad4a595b1ef3aa127d,4c5141684fe21a7283ea395d582cd01464407e946baa51b0d8becce027f58f73,dup_4c5141684fe21a72,1,True
nazario5_001672_c331efd5abf2,732e12504e0ef69e88720a6a3b92537cad07a693db3e262f8b2ba158b7f18936,732e12504e0ef69e88720a6a3b92537cad07a693db3e262f8b2ba158b7f18936,dup_732e12504e0ef69e,1,True
nazario5_001673_575b12d43713,a2a81bb5a98b1c98e9222e9679a99ed1b6ae2dd0d656cbf31e5f1e43cae941b1,f1e2f84ed617885e3df7eeedc8e5ef08824f39b6bb258d890808be182a160a73,dup_f1e2f84ed617885e,1,True
nazario5_001674_62e0236eba1d,f4a7491773dace896c18b5ae6286e3aa90c17d7b495fad25fe3b521252cde5b3,3a6f0659557e57961314559c03e8ffc73ffd00ea471e3b46961b37ece238d272,dup_3a6f0659557e5796,1,True
nazario5_001675_8595552acb20,cc3f62ec45abb7377ffb596f46b0bedcb4938297d6d59ad17c646518a54344ab,d3106f34dd2441083af5566c4f8a991c448caa801ad4f51ddd4aacdf68217079,dup_d3106f34dd244108,1,True
nazario5_001676_69209f83a8f3,ef849a9ca0fe283d07088452cbdef2bd906608000193f600ef5b668a4d3db5a5,d1973b14dd74399fdda7058d75255572c0dd18ab6c856f2cfa625ab97b0783d3,dup_d1973b14dd74399f,1,True
nazario5_001677_002bfaff230c,612f7681a7fd42daaf705cab0eea60d090bfa167654dae26c07e965f6a60f188,b6bc13c0e7b3964871922cf6c4539054587accebb6953b2da1679932d5ff5e40,dup_b6bc13c0e7b39648,1,True
nazario5_001678_3b7f6ba3796a,34eb9a4b80a409c3feec7b3a459bcd543714d3094a843e8c293b8b3d5c9e3946,e2c48637e2cf769131df1a3bf096bfcf5a4458669e9b9e468dc20c5a84230a85,dup_e2c48637e2cf7691,1,True
nazario5_001679_f7937ec5b594,bbf50007e821b28ff6c1e8eb954b8650248ce8020d569dd23b91c900a5dedd31,cda6ef23130fd9600095fabd2845321be03072558a5db04af117b53fe54138ca,dup_cda6ef23130fd960,1,True
nazario5_001680_1bcbe8adf3ef,9b75447c5b7238063d5ef1c90ecbeee3a2c98118ffe397c70d02646a0ac2604f,d876e49bf89581ead9727c879cc21a5d82b608862278e22001b2f047a6b25728,dup_d876e49bf89581ea,1,True
nazario5_001681_82174fa29f3d,0702ec616eb77b6cae6ac8c3a3e92c9f791e5d30687f5d6483fe93b44e79207a,0702ec616eb77b6cae6ac8c3a3e92c9f791e5d30687f5d6483fe93b44e79207a,dup_0702ec616eb77b6c,1,True
nazario5_001682_c2bc6de919c1,e02b742745b58789887818648c045bcd2a02165cd37b6beb242afa4a59d60426,232fc07eebed67e5d8cd804a2f78ebb37bf3a3e690d5ee4a63457bc75480d99d,dup_232fc07eebed67e5,1,True
nazario5_001683_bc2baeed62a4,ce042ce6e30e8fa94bfe24c86e4216f148f4d7060a5f579c8bfc15d95c92e141,13a2fb1069fa1a2df029be262e9eb8680d84f78252f3c1e7326da2bc2b084fad,dup_13a2fb1069fa1a2d,1,True
nazario5_001684_7f1245cb9624,a88713d2473dcff9037f409d8dec7e26b6b0a0689f11de02d63351d565ade14b,a5e45de9f133143991718577f53b2fc15e62e81143f123ccc610ecb1266cb1df,dup_a5e45de9f1331439,1,True
nazario5_001685_43cf876ac5c1,7d7ffb63fe47d2d51ce2363ef6678bd414c9f9c86c20af5a3d30ac063dcae829,714b637856c032a04b0c2017de070526dfb36d899c85efaf5e598d2dd1007115,dup_714b637856c032a0,1,True
nazario5_001686_3e9ade6a1288,82005ed4a372237a94a85b6e3f2c75a9bbdbb6f40a0a39ef95351ba5936200cb,5bc90e89a12f28461ffd6ed8ddb67458620f65ad5d47457bdce15d35675e6385,dup_5bc90e89a12f2846,1,True
nazario5_001687_99970f7a754a,5f522af0b88f346b3c16cadedb1760aad43533efd6e724809ccff08f11ace8d3,98758337096285a3f1ac4f58a79ad6e00dc8ac934b455c9631023a8256571e97,dup_98758337096285a3,1,True
nazario5_001688_544509c351fc,399b786fe15456e1e650e520d7298fee035d9b7a016db6c6455d9833eec94e49,5a2457f04414af0018293c5388a1c9224205ac51f5dc665067e835363c6f4c5b,dup_5a2457f04414af00,1,True
nazario5_001689_c7aeb252ecda,4beb07d5c0e37d8e3c65d57927c85d1db5b2a46edca798708ae3efb5f391da5a,0c27a6207d794db2c56109d42542ed52e04e5578ba9bd13e63cd3a11792cefb4,dup_0c27a6207d794db2,1,True
nazario5_001690_61cf9e0df361,f712c859ee91018d44871efb025ce43ce0fd0f811782112491e60d86399fa0c8,f712c859ee91018d44871efb025ce43ce0fd0f811782112491e60d86399fa0c8,dup_f712c859ee91018d,1,True
nazario5_001691_b2cf3d49c11e,5a32fec3b89a12e7cf717fcd8f8e30f40f584842b4d16a85c0aafb8a602b34fe,5a32fec3b89a12e7cf717fcd8f8e30f40f584842b4d16a85c0aafb8a602b34fe,dup_5a32fec3b89a12e7,1,True
nazario5_001692_a49f3b7e6249,a52f50ae21c7c0cebda7be9887024183aff1cc02cb3b5b444680b3e5657e2617,a52f50ae21c7c0cebda7be9887024183aff1cc02cb3b5b444680b3e5657e2617,dup_a52f50ae21c7c0ce,1,True
nazario5_001693_760b7d124f8b,efff584c51046950381c5fc6d773db20a5551eadab33b3fc60603bfe371044a5,6e15b6537f98a118c344c9702a2a5255608d8885cd4f665a02e6472434a3a291,dup_6e15b6537f98a118,1,True
nazario5_001694_9b16974c7f92,5cf5329997fe862ff9b1ac31ff6fb20088f51f1a8b4c34b2a5fc7fff40c1ffd3,2489de7c315be40c0a646347506dd302f771208a4d90f46b52896066e9e82c02,dup_2489de7c315be40c,1,True
nazario5_001695_9632b2493ed4,e61cdd9742456b69cb12972fa5cf447a1299084734f90c023fabcb21092382ce,e61cdd9742456b69cb12972fa5cf447a1299084734f90c023fabcb21092382ce,dup_e61cdd9742456b69,1,True
nazario5_001696_ad8176f1eeac,bbd6cbff99944e3319e5d9f91bac9d9c61ad68557a99ead0839cf34ede0b4124,e5f6e1af81f957508e8577998328236d7b3ed46362be2f68f5595457f0ec900c,dup_e5f6e1af81f95750,1,True
nazario5_001697_ca7dabefe42f,291e6bad41b574712e44bfba4695ff64dfa794bd8b21f91338d782ec13bc5cc9,8811c65f0a35b72f4661cc1f85df5c5ff54fa90b8ff622c36417afbf4f30dcdc,dup_8811c65f0a35b72f,1,True
nazario5_001698_5ce88aaf2b97,b774d30cc15fc186d5a3cf44dd679328c61d06d32759768cd1beafc244167a59,ad91794e001a5142998a6b2dd6036bc5e0a1f109b4149be17a221c76f8e08339,dup_ad91794e001a5142,1,True
nazario5_001699_33231458158c,93f1e269a9515c00c6d20f40685323ad57de1b4b93187068ccd5be81059b818a,99fca938276dbdd41b56dd4681dea403e03b0cca7469f098bdebf5f577758171,dup_99fca938276dbdd4,1,True
nazario5_001700_e63bb0315903,e03fd78d7b8998f9dfff240f5919b24c6585b9b42fb563185be274d88ad710b1,c8309ca5e265c89abe8101c34decc215badfa9bb695415e715730e356c5dcf5c,dup_c8309ca5e265c89a,1,True
nazario5_001701_6c38c609de7f,779bd7c02e779d42a64dfcb235a2270986db81527bb48231a68df963decbcb67,fb037dbb9f2a863e54c9bc13f41a87b12121a5293ce5e6f98528408476297c23,dup_fb037dbb9f2a863e,1,True
nazario5_001702_394072f86c13,53b916f7fd2b9160db16d7db9d929b81dca4cb2c1571e111742890179e18bc4a,d9543978a67bb2bf60233a55deaeef143d018af343f5353427d3a6672eb6f4bd,dup_d9543978a67bb2bf,1,True
nazario5_001703_a73112638e51,ef9d602db3631cbaca76f96ee800bffd5291de6a31a8164aab638d6f2211604c,eba2b2f3b359944d0f0eed59ea497e0cb3c338f6c7a275ab374bb4854f634fdd,dup_eba2b2f3b359944d,1,True
nazario5_001704_8abb58820963,2e4d6282935d54498b213048291aaf84bc2668dfe02c93328319285e7c70118d,d72a1e1baa9ab41c2778786849bf964a7c97b7a78744012047d2e52b03f8e197,dup_d72a1e1baa9ab41c,1,True
nazario5_001705_3b4e3034c33a,9bc765e7f6b424a85600e1bb2b09bc7193691f060409f2418ea717afa0cf1ad5,070412514c98c4c38eb2ffaad57f8bc4af386d8296955da08b0a106148b79ede,dup_070412514c98c4c3,1,True
nazario5_001706_f52c3a5daa3b,d6bce7bf83119704947a7039fc2247c33470a7f865f943f90bd1c79136499fb2,f4faee96fc1d31835035dbadfd850c80dde90e47a38ed399d5c837e89282dfc1,dup_f4faee96fc1d3183,1,True
nazario5_001707_1d4e3164a972,3c09c3799a9d7ed433bd31fd7f853b368d4be8266a9cfebe0c8d93f60be07c08,3c09c3799a9d7ed433bd31fd7f853b368d4be8266a9cfebe0c8d93f60be07c08,dup_3c09c3799a9d7ed4,1,True
nazario5_001708_2cf6b961231f,cd8196e7b0487ac7cb66c258135290f3de7243b9d109d4ed214155462ad74dc0,6828fa134cd51b3a3a4139c78108f6040ea9f553b555bed0a92bd05a50ddb2e9,dup_6828fa134cd51b3a,1,True
nazario5_001709_eb2669e7d356,592292881e6833aa3660d61522cd038a034b59957f70be958c05fb2ee93ccb65,b45b584cdddcd43d2bf3dc5e79c3ec404bb14bc66b2013f57bb872abfa0c9efe,dup_b45b584cdddcd43d,1,True
nazario5_001710_12ba3fdcfdab,44e28a6c1d71bcbc89dfc894e84dfdbf31938a62d7cd848228e42c28be71704a,5d40c469a47173565337446e5cbda49ec2ed4fbd07df2a461552a8d69539c529,dup_5d40c469a4717356,1,True
nazario5_001711_5043fb32ea45,1b9c37274dc9c977251cc15c9a8620d484c94800178a20c59559e222807c7dc3,c7cf1229df8df1458665ab1a3d430734578e8a392337c4841c79f57e9ea5ceeb,dup_c7cf1229df8df145,1,True
nazario5_001712_dfb67697c104,6a26949323addf4d37d426a4ba5444820d81d5bd3b9d18bd92a4abd1f08072c6,5bab82522ca90e7453c37d8da96cead21429a0fa5300946cb63318f99086eb06,dup_5bab82522ca90e74,1,True
nazario5_001713_707c4e98529d,95cbc75f89fbb07f35c883d914e8dd346b0122eb66c80d2346618409b23c300f,df4d7e4e1586db8062068fc6161520ba120b1934a62980362505046da2b7b445,dup_df4d7e4e1586db80,1,True
nazario5_001714_f6f1008210ad,93c964e4de6e1865eac071ff079efc9c61e2fe4a5dbc14754a504020a7e94f34,ec611244a95fccd24644e428e43922a19794f257bab19433d756e6fd8ee6a734,dup_ec611244a95fccd2,1,True
nazario5_001715_db43900f3b40,dd1bb1c838fb8df1e1d8316151252cdb0140dc983b42b028c7ece1d5e6cb1a8d,dd1bb1c838fb8df1e1d8316151252cdb0140dc983b42b028c7ece1d5e6cb1a8d,dup_dd1bb1c838fb8df1,1,True
nazario5_001716_02ceccd985a2,0fb6a1a289c6ae1eb2d53b0bf57dd7c95f67c917218719fc501eecfab894ff70,cd0f76c864e1cea1c90547d773334309d7593c25f2dcfb369d950021bb1995e6,dup_cd0f76c864e1cea1,1,True
nazario5_001717_7b77854d50d1,a819b69bbbe5c71a16913ad69691852e3de473d0c5795f0806f05ecc7feb4318,4d0f58ad60d1e5f82ee4395a00d4e15049759655b73122e2bd51cac4417bbc40,dup_4d0f58ad60d1e5f8,1,True
nazario5_001718_5add87d087e0,e5cfae8395fb0d909de60d2df6cf8de087d83bde76fb14bc82b36c4ce3d5ac40,552d470e6d4fec2d5909b72a79cb207f3383388bb3b06679225c86f7be5a1402,dup_552d470e6d4fec2d,1,True
nazario5_001719_e93142d3a5dd,4bda3f9963dcaf39399b9101d74bafb9c61ed6e72ba664b7da7a50f394e1b210,cb9de6c4e12f39b61deba7d5d14ff8e5163822ce51ba46e39d410aa9b20194ed,dup_cb9de6c4e12f39b6,1,True
nazario5_001720_a4602d9513f2,69c812da407c9a70b903d450ee86f530dc684b08117819fc4e3e22653a640de9,e608ec831ee964d46ecc7a652dac613a94dd8580633b3ed95846a652a1e88ab4,dup_e608ec831ee964d4,1,True
nazario5_001721_196f7e66ff86,7eb7b32411ee8c65a07c0ae12604c35b7a13a207128a8bb7effa96e810494614,67218eef5cb0dedf32e0aa758a23f3929436f9bab1cccd6ec5654aff27b6866f,dup_67218eef5cb0dedf,1,True
nazario5_001722_74b76c017191,b033e3848f7056e8a55496824602a22a84d9163bdfe0a5b2784d7fe9c759d50a,cf64ba8e847519555ca7ae709fb3c3b36167aca0887cdfe0d970ebe08eeb3fa0,dup_cf64ba8e84751955,1,True
nazario5_001723_5062de2e7268,58848d0ed35837ea9243789b15c4a48a19f60d0304a3ed7a822e0cb333446498,d3f9e8796ac734360f5dbab8d91da5ec6c6bdd84efd7afb059d3c484b5a100e5,dup_d3f9e8796ac73436,1,True
nazario5_001724_d90355992721,f831056d098619a353e7436872f1cff73f8a005fff2cf9eacc26ca09888556ee,0f92884fe6048df9fd9553e8e0eae80254baddcbd986327f479e2d4a9a077888,dup_0f92884fe6048df9,1,True
nazario5_001725_bc49d23298ac,299ca75e009f1a3d26613c86b393504586bc6845d396417ad59db201b5e50852,ed9e1753c414fd21de9e7a9701854f5ab11d08609748458f0791c8a5adddd9e4,dup_ed9e1753c414fd21,1,True
nazario5_001726_7949f44029cc,12923e9a168ca1c42103d05b367d73885b6cdc9cd032f97cc63c6cc3281c0c20,17d7700edb60569d5631c2c929927d196e045c99b4103fac8190aad072f220e5,dup_17d7700edb60569d,1,True
nazario5_001727_a147c87a1d1f,ecde05b5b05a2952af8965c4f6e895574ee85aa860b657f14784425f2dbbeae9,ed770b8ab6f0e6c3221ea09e09e76b5d11ea352b60dc51e9d85eea9b7a4151aa,dup_ed770b8ab6f0e6c3,1,True
nazario5_001728_2283f4b569f3,7dcfdee403bd07563821e90003238ab999c79545e6b485961f01969ae0bfcbf8,8fd4a3b683afe1ef65172e8e367d99b2b335e320172c47cdaf6c34267cd65b56,dup_8fd4a3b683afe1ef,1,True
nazario5_001729_84a424412103,3995a1cdd8d8e58c1a518494779eae9a830f1886aa16596434f634aad31c80a6,17ff8faf926ad788b5fce33920372d62d650c7220667c52d956bc87f81345cc1,dup_17ff8faf926ad788,1,True
nazario5_001730_e130586920ad,dd07c37b50ac1d2ead451b87d2e75dd943713756469c5aa667ca2802f4a072a5,9add9d1fa5e83d7aeff63e4043e108ed9a89a085bf80d9d003aa2f654f808bd2,dup_9add9d1fa5e83d7a,1,True
nazario5_001731_3c4fdb9319ba,df55e883547e50dd85d866af07e5787afbc84b6854638bda13ba9126b51b5cb5,746cf82ea6449dbb0b1ea99dfba2e5eff22ce7d2b60f257512476a578bb0db1e,dup_746cf82ea6449dbb,1,True
nazario5_001732_1be67d560ffb,433c00a1be5f7bc3e85cf38009fffb04d986a3eca811e78007769f737c860128,433c00a1be5f7bc3e85cf38009fffb04d986a3eca811e78007769f737c860128,dup_433c00a1be5f7bc3,1,True
nazario5_001733_72da075b310c,678bfc311cc00bdbfb63a2d3337384397ae8bc8af699c8242b9c1bd0e5bd4eb4,ca7b04c571a2886ac20efb8969100ea753ef4db4a11e41fc9730ae013a9e270b,dup_ca7b04c571a2886a,1,True
nazario5_001734_f65f605c0b0e,9e0d4c3fb9c6b22b5d4640fe858137f15c1b2091395fee9dc4948799fa15feae,d883b88540f31e21b28593afea5670c43b9baf3af6d0901a644c43fa8e141d7c,dup_d883b88540f31e21,1,True
nazario5_001735_9b91fcf5b5a3,78d46e6b7c6a19cbab4ee25863309bd22cfad988a5dbb4ddc6b0c218560e757b,e8926f84ccedee159712930eb3b961e3557d07acf7edfcda84f5909267918440,dup_e8926f84ccedee15,1,True
nazario5_001736_62bc44db398f,1d39a223b0bf13c5740f9107b1f7cd3889f50e045e5e0550da773ba035d2daa9,96d32731449d31eb024a7003c8e59299b3e70d1dbaab21c98938f6097c68ec4c,dup_96d32731449d31eb,1,True
nazario5_001737_fda9023c292c,edc1fc9b1921a6ba30256a2b4011a3d8af39fe4db6609a2b8d42db22a36d38df,e86f070d33b75670200b10457ee838a9287f226f22c25dbe0ea033115b50381e,dup_e86f070d33b75670,1,True
nazario5_001738_e501da1fdf5f,24e250a68771f23680848bc04f592646bd67084d6388f06f3f1aa5904aac2d61,6430b45d99cf69c11cb513d16faf3db68ca1db08cfb050c0e2e8353ed11bec3d,dup_6430b45d99cf69c1,1,True
nazario5_001739_a66d78d560fe,5559a79032297705f6a395f4d4939eb1a59cc2086273d4518a84e51d3f877409,dd70b8b76ce8af9215225a6177e9560719d7c71bc1d40a0cc3a4639eaa8ec1eb,dup_dd70b8b76ce8af92,1,True
nazario5_001740_6b0892542ff0,fd6e38a90f297f8b10f5085f3bcb744dd43c819d4de3d5e8fc2f4bd50a037a0b,1ed8b24115d38dce487ca1e510877e8e8946cb4896bb5a74d1bdda33766afbd1,dup_1ed8b24115d38dce,1,True
nazario5_001741_5ec7102d5aa7,6fff5a78706d8a39a4208b0de540cc54a11461ed09c49ecc3253545ef8ac669e,7b9dcb753dc3c6ff395fd0ea743d99001931d670e983ea8e77b5efb19930403e,dup_7b9dcb753dc3c6ff,1,True
nazario5_001742_eaa0379f69bf,c501cf6eb30d8a16edfa855d5fd6b24535ffbf9492d3785c2228f49b13dc44ce,567bd90a9e10b4f9445a84e1f6471b70b118cd9c960ea98f04c1e5dcbee8ea6c,dup_567bd90a9e10b4f9,1,True
nazario5_001743_68403cc70f13,5c60f934cbde5ef71cd4db5f2c506721e0fbbd5b3eed27ad7d20f2b6f60f0346,b92dd75e0372a678d435123eeed050c16e88fc6aee7eb0f1ec713ed853ad5e96,dup_b92dd75e0372a678,1,True
nazario5_001744_cb568e6c99bf,28e5c8b7932ae3fea0b238fd1d03542ec1c3634aed5d86d072a2eeff6c1dbb81,59ad6369d8311b2378a32b8e3735c4158867e67c1dcd2363804567eab472a3ce,dup_59ad6369d8311b23,1,True
nazario5_001745_a86575da4608,d8c54890dce311d294679124b97b8e1a478a68e32ef9cb2ec0a2ea61c8237544,3cc6943117c16bacd2ed1e394bc711f9348015c0294bee0622af4b0d24c60b20,dup_3cc6943117c16bac,1,True
nazario5_001746_df015f0839ba,39a614ae7cbc9b9a36bc5ed721c29f726cad288fa03eea3913f4635e613776ae,1bc97e3d4e674f57e7105e8845a250cdf7079c3b172c3dc60dfef41a8585a89a,dup_1bc97e3d4e674f57,1,True
nazario5_001747_9ed0053621c8,0431a79b225e8fa08e4ab02d47b9ac44d290eefb0631d093b4907180a78e5494,36bdb3f58686f6e043b2fe394ff605a6b25fc6c35837dfb2a35fc61de3d94b25,dup_36bdb3f58686f6e0,1,True
nazario5_001748_50547fa6169c,135b0879257efa498b6d1ff79a282a00a8ee96c5f277cad1c4517caf8e159b42,26be11b8dc9a7ed5632355432778ec387e7ef7f1a84641cc613e457f4ebda3fc,dup_26be11b8dc9a7ed5,1,True
nazario5_001749_705910f26b18,c7584ead9ff8c9be3ee9dddfb9b7471a0bbf2b11164b651d6d2f90b201121ba2,386a0816dfa2b1cd19e70790d3ee066825c096dc6c34fc9f7651af3f94f9f91c,dup_386a0816dfa2b1cd,1,True
nazario5_001750_aea1496bd6cf,af81bc9b834e24df298c9bab6aad6f97fd7d686dc3852296504568bf46a38fce,af81bc9b834e24df298c9bab6aad6f97fd7d686dc3852296504568bf46a38fce,dup_af81bc9b834e24df,1,True
nazario5_001751_9d232311b3e6,c378dd13a7bb506f48320bb5c0b033712cae61bd095b2b30ac095fb3f10ca889,c378dd13a7bb506f48320bb5c0b033712cae61bd095b2b30ac095fb3f10ca889,dup_c378dd13a7bb506f,1,True
nazario5_001752_0366e28549bf,3f7f931bac552dca301b448e74cda9b41baf9bfbd027fbb3665b373ed5970453,36d20c3e4398a87aa32664983fbf455cdffe4c80c76ad66b2341dacc0b67b6c2,dup_36d20c3e4398a87a,1,True
nazario5_001753_5e12c717ce01,17da3a05d893d6c759d33f01b4f96ec26720124ca6590525475dbe9965a29c4c,7934813d12d8afe589105df056df9073a529011ae58070d86a790983c3bb35d5,dup_7934813d12d8afe5,1,True
nazario5_001754_cda2875e0bae,604da46c224bdeacfcaae7d9599abfdb9baa95805774d324ed1839fea1e8dbc2,00bbbf929deaaec68e26a6d8720ef415c3f0a4da9ddebd30f9f44b828a5f0004,dup_00bbbf929deaaec6,1,True
nazario5_001755_4f5672c699e1,e1b67b85550661de28c759f8ef1779147f685378aface9f14f100fbe2fac20c0,9608a927dda8acd3775a52d658d1f25f8d2a06d8705d635de0bd15a3fd1b63ed,dup_9608a927dda8acd3,1,True
nazario5_001756_3473f532f2ad,c4caabf5d50c26643686ae8e366940971591c1758b773f5452cbc7511af3cbca,8b157f9528d09bbe1de25a1b234280f159c05bb548e93f18361388d5e6057f36,dup_8b157f9528d09bbe,1,True
nazario5_001757_eab3932e2f68,994dfcc47265172ace9c8266bf30f17f0eb963ca19c9ab8e6dc4204c6969e89c,9ffd3088d1309960cee1f89555b3738848b8a7b778da0dd31af897e85e74afef,dup_9ffd3088d1309960,1,True
nazario5_001758_3e531fa41e6a,4c1ffeb65d738060a86a3823676d4914eeaf262770e3dd8690b33dcd9ff9b811,389bdb59c436a5d19b85fcdf748667fd59384090f02f07ecae3514d1cd5972e2,dup_389bdb59c436a5d1,1,True
nazario5_001759_77b714af2295,19bd786ca81d1ada8b47891e8383f3404054c926eb03455d93b971ee7419c290,d5237d9fbe241acea1f062df10a0755b01dae57d22cde53d6c38318d5e084ea6,dup_d5237d9fbe241ace,1,True
nazario5_001760_6deaebf4a11a,445e2b22971446ac3b8bdc1f5e26d1d6404b0872196983cf2a80049870de606b,6e6ee6dcfde99125f5a6625e64c305526a3df065e9d8b511061c987a23909e3d,dup_6e6ee6dcfde99125,1,True
nazario5_001761_0fe7a4841e0e,c0afad8df00c441bb394e49163f922755eaf345f2404b8e4f2d911796bf1e7d8,388896f7ef9c249124024c7cec31e55cd7bd4f6cea743b2dd819384c608881d2,dup_388896f7ef9c2491,1,True
nazario5_001762_95b8bb360984,3cd1d5fc64b3784d65590427260b9da5042797dc3b66c99c1e1b29c184cc3d1d,9edef0d18e066dd402a27180977c7cad2c378fe93ff90cc7e3ece811471e9bad,dup_9edef0d18e066dd4,1,True
nazario5_001763_5cc75f147951,fe733a20726acb10ec64c62893e9f8068ea389ca8f6e26e3eda45b9b0f88ad9a,ad4fe5ebd82141b7fd0583c2d03b35570cc052881c67bddf3ca3e143a36e4dcd,dup_ad4fe5ebd82141b7,1,True
nazario5_001764_ef2b678cb848,bf5643aed43f7d78ef2e4c4dc61d401aa8e11bb527e77374107c1d2f03005c61,ea99c2e75d57c9f7fc3fe7e1dbfc4a3d37843a720aa870338e91497c61323808,dup_ea99c2e75d57c9f7,1,True
nazario5_001765_0085c39877e6,eb9d3dfb8e43934799568fbd84d7d72ac573e6c5108e137eb09f709ed2380764,6cb0a6727d8c014f3ef0c5776ead3fb6b0713facaf08fe4c1b9e3b88483f1011,dup_6cb0a6727d8c014f,1,True
nazario5_001766_9496ea79c66c,7488a34e9cf705f3400dff0b8da79c564c10883c5f51dccb6c36396481f48bd7,08741055a9d97c5e726f23ebc520d48516272a3ae2caa751250009e3b5e8093d,dup_08741055a9d97c5e,1,True
nazario5_001767_5ac7f725385f,74c39ce005ec903f97fa120c15c9857c63b86babfa608c06f1750cdb9a9cc0f3,fb34e563f28f9b62d4ddd722747cbff9e11c8e1a192222cc4a55e009e3da3100,dup_fb34e563f28f9b62,1,True
nazario5_001768_042d5e7d8668,7ccf073725a2e7eac6f294a62acbed66a06f6fa1dc8ec9f18015cc8dfa97135b,a5847030e48529a625202d83ae5924342b234101511b7b3a3987184336561f95,dup_a5847030e48529a6,1,True
nazario5_001769_1f20a3ad934e,b3840a720b85312fa4b6e91d44740e08c4ab6892225bb8249f57e7c1973a954c,4a29b6b972f1156bbc0ec3ab872fc9265748df44f8b58970129beb3c4babc6bc,dup_4a29b6b972f1156b,1,True
nazario5_001770_7defd363930c,a711828fbdf1ce4ed80359e6e5a7f185629fac7b909be913eff4da1847699d1c,2e2ca3be5786ceb09e9edfaf905c4a6ebd2793104e7e7f1b7d488150f39bd955,dup_2e2ca3be5786ceb0,1,True
nazario5_001771_d0af0199d4f4,c76eea2bbc3fc11d1faee921d96cfd7641be2d5887bf26047e1438c9108d1cf7,c5d4e19d2854a4b6bd8d5dc2e59f41572811d80560173f02607c03f20933fcc3,dup_c5d4e19d2854a4b6,1,True
nazario5_001772_696fe4f4c068,45864fdd4a33afcb34b6958344415e1ea52fec0b18021881a4a7f66af8cbd72b,7d541d9ea0c653a2c48007eb3ac46b9f9566c1bca707c9784e86a9da241ce06b,dup_7d541d9ea0c653a2,1,True
nazario5_001773_74b0bf1bcaeb,70922827cab067ad6d16e5a1dc7a7d806ab866644bd34178768d09052c85f5c2,aec85820da26d2d85703a55bf257435ef7f5becdf206e5e5a367b375c22ff1f8,dup_aec85820da26d2d8,1,True
nazario5_001774_41a0bdbbf85d,851c273e83f1cc0d105f8be38c2bc19ed175a8e953b3d85b8a33d12a4fa09dd2,851c273e83f1cc0d105f8be38c2bc19ed175a8e953b3d85b8a33d12a4fa09dd2,dup_851c273e83f1cc0d,1,True
nazario5_001775_5d2d5138fc4c,58d0728711838070b14293c58840d115c5067f5e7bc88585bf5198f56e44a6e9,c3ab3865fb97834e34e98085babc874718dce485cf10005f9ea87bc2a3398149,dup_c3ab3865fb97834e,1,True
nazario5_001776_554b2b15450c,e45dcfce5e8d2dee11b7d1e0db3f83c78aa4d8047d60c5b7388dad890b12d14a,f462fa87a3a6b4df43b25266151c0eeb46eaaf7683e254aaf77f1f3050a56b50,dup_f462fa87a3a6b4df,1,True
nazario5_001777_a8dbae8fa2b5,ea52cfa00f03a8c0dc3bc078a144811e66dd218ac7e5c3c237c87b370aba507b,ea52cfa00f03a8c0dc3bc078a144811e66dd218ac7e5c3c237c87b370aba507b,dup_ea52cfa00f03a8c0,1,True
nazario5_001778_6045148ee1ab,9284e0184cad29d36fec9721c3b1acc05def70c427504b832f01a23588b953a3,9c66b166a732ef1b6a69ada43b1fd439823866fb0981ef84e7b4554375f99750,dup_9c66b166a732ef1b,3,True
nazario5_001779_99ae212db7f0,7fc0f0d9ed1b98f60c1934abc2a4946ef7d0e46d62cab01a85063dba45ad47f8,9c66b166a732ef1b6a69ada43b1fd439823866fb0981ef84e7b4554375f99750,dup_9c66b166a732ef1b,3,True
nazario5_001780_57d65ae936ba,71081e4442c9a5e275d173c61d72e602dd0854966b62ebea073e1b7027345aef,9c66b166a732ef1b6a69ada43b1fd439823866fb0981ef84e7b4554375f99750,dup_9c66b166a732ef1b,3,True
nazario5_001781_b15a74aa5754,7b54cb847ec6b17d4dd93f1f198632eca9aa6e6b59ded56d414364c43c42c359,329973eff9d0461503320daebf4074d84a2a5a4406e8abbf8f9251f5d2ab8416,dup_329973eff9d04615,2,True
nazario5_001782_ad284ef1f2d0,ed02d49711b5ebb1b7af300fe2aedb68cc499cafad4f710a0a4b46882429a079,329973eff9d0461503320daebf4074d84a2a5a4406e8abbf8f9251f5d2ab8416,dup_329973eff9d04615,2,True
nazario5_001783_f76fb6cbf31a,00d34ab767a669fb5e1cc9ff08a26f323132ab1074c6e8fd918e7a75295b3b4b,78f47e10f048b26808efc54b7cf63ff71e989fc4b9b404b6a42edf8c3084ef54,dup_78f47e10f048b268,1,True
nazario5_001784_f925ff079300,c538dcafd4ff1ee9b9fdd2fa0cb8cbe40cfc20007d0e538bd9522a50dc68aebf,c538dcafd4ff1ee9b9fdd2fa0cb8cbe40cfc20007d0e538bd9522a50dc68aebf,dup_c538dcafd4ff1ee9,1,True
nazario5_001785_f076fcedf3ff,3abeff0090f3fdb224ea08ee0bdb849b998a68ab5b1326fcef0fdd8a104722ec,d4cc8ecc3f8eb7857d6b677afcc235263a054959b44b483c35f3a55fe9541874,dup_d4cc8ecc3f8eb785,1,True
nazario5_001786_9479ed0ff6b3,e6b46400fb1a46f5aa704cd634883eb697ae3a380396bf269030f2b3623d3ecc,03f87043e27005fd17cab750079ff51427d672b83db3b6c54fa1b4c4d8a0b681,dup_03f87043e27005fd,1,True
nazario5_001787_2ee481b5b919,b7407822c01b1ec384300967d23336dc54e7c9148fab520ab8c22cc4d31cbe02,bfdc30b00947e69d8e549474e36d781985d338aaa14f79f9bc5a6109a9edf353,dup_bfdc30b00947e69d,1,True
nazario5_001788_c1202eed810c,c05f3cc93e66997d158e94e57dff1b2d1a5246be3c81ee7dded069a94f615fc1,e874373c3dc9af297e70e90628b0e364006754408e53a8c11b7530fc20886d6d,dup_e874373c3dc9af29,1,True
nazario5_001789_b63606950baa,b1c9ed804130a621309eb376b6b527ed2deff9aaeaeab3df52906c3b53975ff6,7cee12b62aa251829d607946f654b34d7f3c0f5049a31411210b22bc6ce5e108,dup_7cee12b62aa25182,1,True
nazario5_001790_e93a8040d486,69d98e81a31081e51d2d3725e6633f5431aa92ebbf43786c2736630b5a3c8eb5,430737571ff476048e455a10134bf4f4b2917941eabf077973a47236d7d48643,dup_430737571ff47604,1,True
nazario5_001791_a63dd23cac5b,3bd9d56bd0e0b2e2b772114704f92b7dfb130935e6b152dd3892dc163b70f465,a1ef1d7c39cb0fdd2e2a37e6696e4183813f90f39bdcff65c41564dba141a6b4,dup_a1ef1d7c39cb0fdd,1,True
nazario5_001792_16326b59735c,72a599b3f5f5cf09095f79419179f2355165369bd0434ce2e81c89560598e01b,72a599b3f5f5cf09095f79419179f2355165369bd0434ce2e81c89560598e01b,dup_72a599b3f5f5cf09,1,True
nazario5_001793_b8aea1554514,f42b8e8b332592644d1321c033eae7fbf1332d484d3e4bcec345f6ea0084ea69,1a1c7ae327e6376dc0c82ed0f59f114835b0456a05a32a641b98cb197994320f,dup_1a1c7ae327e6376d,1,True
nazario5_001794_3bf04853263b,a40e9ed3e204a2940bdd7c83e85604c329a7c8853d45dca8dbf135fc477c4c0a,feabe693e5165bcded5c5b508e91cf240adb648f98242cbf59d814346e3083f3,dup_feabe693e5165bcd,1,True
nazario5_001795_aae26f68331d,bf667af0498d6056014f67f3eb001a3b2fa8f595ef2875f601e00eef6afe02a7,cd95925fb2e8fcf5e000a3de3d99bef0f4bf34041692882dcd10b514bd47e927,dup_cd95925fb2e8fcf5,1,True
nazario5_001796_2c1172e5828f,ad71189d1c83a5fa6d09c0463f92352d5a8227d32ba322ca8a7794f8523946fd,45939c348edd8364bd80d5d35e60ea39ca0a6177af1dc29310b3008bc9ebbdc4,dup_45939c348edd8364,1,True
nazario5_001797_eaedf9591782,ce5fc2c6ff45e7e5735db954b8d02e06537ee7f9978cf29f80989840475f2634,42091e55a31f30866a6acc549a0ba2d96f8c2adbade6c129ea67fc8e6eff40a5,dup_42091e55a31f3086,1,True
nazario5_001798_69dba64e6a02,d58e8d19160511d9a1e2ec670ce122856cc6c5b0ff7b239c95502fb6d84b10ae,d58e8d19160511d9a1e2ec670ce122856cc6c5b0ff7b239c95502fb6d84b10ae,dup_d58e8d19160511d9,1,True
nazario5_001799_a76643ee1541,f7c28eee1aadda056c3d0516880f824089487f0676e9a7ebc7ccb631378d0125,3772ef41fdc130dfb01cb7306397b17445e2b9b20f4f9d5bf42994ab0c2279ff,dup_3772ef41fdc130df,1,True
nazario5_001800_c4d7f0286760,a73221badb09e304cb45edea18e5745fa08951ba149f60bdd67428452e9ca11f,9fb8e6f7b84438091797cf4de586ba95ce8be21b01e07c8636e18602bec94ed9,dup_9fb8e6f7b8443809,1,True
nazario5_001801_50bdb645b0c7,52ffcae7e0791e42994d11b159c1a40a6c38c5b8c7e8e2fa57e499c67a03a3fe,4c72e3789979bd9c304c4bf083a0fa1ba618a738f8e2a1086d316ef1ef7b491f,dup_4c72e3789979bd9c,1,True
nazario5_001802_df9efb6dc5be,94a9592bd176fbb1a9cdf993b1a72b564e4597d95d6810c9823d23f90bfdf8a9,3f78226ede18e37587fabf0d35d85aea92a6a0de84bafaef5299837f50004929,dup_3f78226ede18e375,1,True
nazario5_001803_2ca412517a03,56d3329873f3c8f489d7de8bc8b667d87fead12fa43fc78897dad2fcf82f541a,2fc0fa9556d82b83dc711c3b2150e374fcdbe760a486c36669b35b867a374412,dup_2fc0fa9556d82b83,1,True
nazario5_001804_e19341309d9a,3ea3e51b3875fd40127cfcf71269c603491aea5aa240590f8a51ee5f2cee8599,49a12c5b249bedb5c7e41165acb87a93e8838f17b7687d729157f495a0edeaa1,dup_49a12c5b249bedb5,1,True
nazario5_001805_102b84c49875,641f659947ae9e73a27d99f08b5f5410f29a13021c543e113f4c6c3dcb0102e6,2384f8d1949562120fd4991683df22669f1da815ec8bc79ed602cb1130c9c85b,dup_2384f8d194956212,1,True
nazario5_001806_badb0cb40cc4,846dc92a97e108423b1f9dba650160bbd9f0fda21886bdaba46a1edcf018dc13,4117c7c4a82b927eed39e4a35ae5d0e5573db4f499d1e49ad1b9df4fb1a31e76,dup_4117c7c4a82b927e,1,True
nazario5_001807_a37d989b3129,874a4a3063d48d6020a602ff4087f9f5849db0b7b3ba77ca0218dacac594ad92,2eea719a821138e174a485231bb69f2fbf4bff69396e7ae27399153a5122e114,dup_2eea719a821138e1,1,True
nazario5_001808_2f88aa65bd07,5329c34009e35e03c7a18f31c590615da71f41fdbcf4c0af30613c3b0f9edc45,f770c5db805c89f495839b9db09252d18d4c1dd5af09ddb34ef4355e9e3dae6e,dup_f770c5db805c89f4,1,True
nazario5_001809_8b7631c58e92,69ffe36f5326dbff4f9267b3b13839ae976908cc4ac2f7528a204ad1dd970118,a89da3564c8e44b0bce973ed2781839ecb44e81fd83765cf2f1ae60d5443ac0d,dup_a89da3564c8e44b0,1,True
nazario5_001810_6977360e8aae,a3d910ab62938a6d91d83a7514d710fba9c019ae9edca1ae5cf07ab714c4488a,1ee5a6389707e01d4fa3c7bd4bfbb80bbd934715802fb29261e54fbc966f9c6a,dup_1ee5a6389707e01d,1,True
nazario5_001811_94d18b1a7b22,48c4eab5a3a5d042b7146184174fd4412356a75ba92d11c04148434c0a48ea89,d59361b7de51e36e3b377aa5e6331b86e34a0f79785d35604b96db8cd4b8dce7,dup_d59361b7de51e36e,1,True
nazario5_001812_a76480a2551b,ebd220968566e7337d8da9a1d8fb06009ccd3b907f7312110ca99ee559724787,9430b7ca37426dbff9f6383ffa4cdd96a8ad28043a7f18032f52fc46b3a48846,dup_9430b7ca37426dbf,1,True
nazario5_001813_eaf3aa0c1199,0dd048dd5a380ac6362d228cad92e294ed5a512ae3a75192ef7adda55bc30707,599ef907b203976d894156f5f59200e3b756687882ee9f2992a674721ce4ec87,dup_599ef907b203976d,1,True
nazario5_001814_0107ff8a6109,2ad0eb49c908e84ccc8f10ff2050082360a801db39106272611e6a8d1f50f9c2,1b4e8516674a8f214925e50216d4c9d28ae90714bc66e100cf300c9926ce29ca,dup_1b4e8516674a8f21,1,True
nazario5_001815_dd5939d46520,9d2310f3d13976df373d3bfe63d8f5ffafb8f2f457630a3864902d5bc725f1e3,292562fe6a7507e0a0360c6b359ade9772a4dbe6fc895de4e54a6ec6bbdd2ff1,dup_292562fe6a7507e0,1,True
nazario5_001816_0c5d92693338,6c28539bcf355709b34e14984203042adc58ac968488f1a2f9c1c2322b5aebd5,62fa540614567021c8f8819f89d1d03528f79733cb9d273a011d74961393101d,dup_62fa540614567021,1,True
nazario5_001817_674b0f7438e3,8fe9234e3ab637c74238b190513116a6e8714e2f7a45b663a45f37010301e0a3,8fe9234e3ab637c74238b190513116a6e8714e2f7a45b663a45f37010301e0a3,dup_8fe9234e3ab637c7,1,True
nazario5_001818_4ca55bbe515e,cce64074d6da30643c53f23707910f9e638464160fa8c46f77f59dd15649523f,931991ab95c8912490bb123faf5a2cef245ae68c70bc16e0cc41051a56ced0e3,dup_931991ab95c89124,1,True
nazario5_001819_307f3f59c871,0b89040bfa4f099705f1de52042d527646a73fc2a9c7125b6a983d3e49e0a94f,63a8911cb8f04c000df851f40456b61c13b82eb2ba298922970aa7e0ab6b7121,dup_63a8911cb8f04c00,1,True
nazario5_001820_ae52b405c396,edc8681dad58c530551adc1d2b7be523dde05d9179362b9a90675e765c9ab678,1f41873cbc0affd01eaf4e476ded3cec581dd2cdb66361f9220c3613ae9be9b4,dup_1f41873cbc0affd0,1,True
nazario5_001821_cbc4e9290aa6,f7369c60d10e555a92f376f16298218b8492dd52aabf8d2656c251e051b25255,07173953f521de47d2ee9c4c23dbe4dd2c4160c9f9c8cadef56eaa8384f3784e,dup_07173953f521de47,1,True
nazario5_001822_8110c6518b9d,369a638b228beb7545fb51e573f70fb5004be3c011fc8ea6912afef10b5ab506,20a03cbae139e95dfd46ec2258ade87f95507fd1bc41266174dd1b669785418a,dup_20a03cbae139e95d,1,True
nazario5_001823_4e652a1608d4,3607e576dd737f269a2a3fde4f8e41009a5e35291cf826901d708149d5cc57e1,499c7a9f99e1a25ede481f2670afd3baf09a192af2a606f20fc532950a056f9c,dup_499c7a9f99e1a25e,1,True
nazario5_001824_fbfdc03dea2d,bd6dfefeadb7c2a7e0e9e53e9dc46c8839b71c83b5b81369d0aeb42892cdc388,50a7981d976935633d48e75a70ac474044de60c9622d05c0d597838fbe355a79,dup_50a7981d97693563,1,True
nazario5_001825_b9c11599f269,b6982de9ad9d17fb4c073baa5f17a7e6b161fffa8324ead1cd023662c4830f21,dd48c22a5478bf5b66609b8df9fd19ffa0fbca0dde6fd50e4d469932a569d208,dup_dd48c22a5478bf5b,1,True
nazario5_001826_01c7286f5b22,fed61deef01759cb288b188bf62fcb7d252562821f8de543857a2334afe7a4be,3cb2087338ded1b58c92ddc00be806ef502b1bb28d2f53259b4680474405d6c4,dup_3cb2087338ded1b5,1,True
nazario5_001827_11f2cb0914b4,02aedd6952af6061b37a307c059a84893b59279559640628e66c63ccab4007d6,cb6bc66f4406a3f67437d2ea3fe4fd02979062ccb9ba9f863a7a2e18b2e245fa,dup_cb6bc66f4406a3f6,1,True
nazario5_001828_8242f16a1001,04c9d98ab7f1afe4804669fe2760d1b00e8296f31754db051243f2f55f50380f,971e02b55b4a8c2e1eb2ee7eb0789f468ffde460ecc8d27129e46395ca97c25c,dup_971e02b55b4a8c2e,1,True
nazario5_001829_c8a127aca652,0de3b6975ac674ce37545500b5d5177792b9b5f3dbee75be69dbc42fe7a612a3,3c3aee47504ae56dc8429219ba92bf66903eb03c6cde87360e3367f80b1f0f56,dup_3c3aee47504ae56d,1,True
nazario5_001830_df5ddc81fb29,c871d20c1a4002918102dbb6d6a254e61a6ce424230113253e40e20ebfc1f502,8279a72d08a67e886458a1cc5ff4d2c88906598ff83c7d7f83403a9d5926dbb9,dup_8279a72d08a67e88,1,True
nazario5_001831_f53cbb21470b,17e1dc458c210b6f51966b857472a7c14cf0b0d670faa0300b3ab77e45ae3f26,092133968bab7cf5450e9bcad71c917342b99c0c2794a70ddfe18f11c15601cb,dup_092133968bab7cf5,1,True
nazario5_001832_cea39b5a7bde,c920e5648dd0434a94eb028a3b836044bd6f45a67b0b311f6ef52fbd6ae48b39,9b93b1338c9b3f43e786249ba217234971ae47dc061bf9b91e4bbf7b3c69a4c3,dup_9b93b1338c9b3f43,1,True
nazario5_001833_8a01d1a1cb7e,a377c8ee94790914e8a437dafbf98df21e0faa87b967bc61b8860065a2f53b2e,7b7b27976439fe51bae0a76ad2a0a9a2d78aeb032cf54e682930a9a48b8180e9,dup_7b7b27976439fe51,1,True
nazario5_001834_e24d3fe12e97,9b913366630b533bb7a466897aa807b4677c8d558acd0a295fc52b9f96095011,4107d10d882e13f3fb2410e6b8237da59a454720dcc9a9e094e779a27f4eb4e9,dup_4107d10d882e13f3,1,True
nazario5_001835_c87f3329ce6b,e7c90411543101916413ed0521ab938f38bef1052afb9609f3bb8947ae09518a,f2ba5285568d099cbd7b1e1e99781fe92eebb27980268f1c5840b743f2e84d0d,dup_f2ba5285568d099c,1,True
nazario5_001836_d5a30098b057,aeb9e7bee0ed4d7a986be4456261708041f63d3e4a5b0c52b3c472475b11fb32,dbc8fa10bfc45f53d4d62b0b240eda9702a41311e6246d33911f2c6d6c9c5aee,dup_dbc8fa10bfc45f53,1,True
nazario5_001837_4a71d2aa6613,7519fddc2601882cd726f67381bd03f15c1cbb50db76091088ceaca4fcd4b124,20cd1089e20168be9fc575fd11bab6e505ac06a5276000964dba7a0e9a249390,dup_20cd1089e20168be,1,True
nazario5_001838_ee48d916a753,1a6ca93fce191678be3415e7bcff3386c3e113168dacb2f447b30764fd9791e0,01014f1c8bfb7ec7e472579b4bc5b9232ebec47da1cc7b5d96ee876f533e0c95,dup_01014f1c8bfb7ec7,1,True
nazario5_001839_e3e3a57a8961,ba129a94ab8555bf9567410c8b42c7597c1fbfee0b3bce85a31d97d93c270f52,8ec518cbb4bf7df8016be0257b6297f980f069fec52bd738145862bdb1f3d986,dup_8ec518cbb4bf7df8,1,True
nazario5_001840_a4e578ffbb21,69a4b9747849eed3b74be4894de088050deffc8e13198929f61aaf806feaa35a,3c5e549c54fb53358d4bbd0a9be358a8f767a7c4dff4222ff687db5851ea5352,dup_3c5e549c54fb5335,1,True
nazario5_001841_1db08f0dd1a4,071c36a630150beda0ab6f427b3eeaa6190b961169280c9783269b16c43459c4,a90ae7b8f33707c2133fca98d378cc0f16d707e3a33ae596544b3e57d4a6aedd,dup_a90ae7b8f33707c2,1,True
nazario5_001842_7e35fec5db7e,a225061a9fabcafd378c46414c357e7d27f5259cef9113a3b1d3bf7f2864db04,9b56796d61c6b0002d09c26d96d7e9e571c39529b28416876aa2e446636134a7,dup_9b56796d61c6b000,1,True
nazario5_001843_847dfbc3988f,eef5970b81ffd0bab1ca90724a7bb1401edf3d98f8c951921ca0bb2adc1e6626,2e11b2eb84a4d6f28b48e20de402bccb9a07f8bd91051ca54db120cab846edc2,dup_2e11b2eb84a4d6f2,1,True
nazario5_001844_5b1103a9bebd,5af642489fd4c9e0e2ad71db5661f7ffa79e15d018111e6f4ddfb24a2d1c99a5,2d537ad1b9a9629eba68d3cb53f4a9b006f673de9414ce983f84da16939f2a27,dup_2d537ad1b9a9629e,1,True
nazario5_001845_22389c120af5,63319183dc078dfcd979d121912786f627f2fe071ea17d963b01b88318b88ae3,5acb6a2fa709f61bc84f93e9ba8cfa52e7f311fc5bb09c25056625a2d64dfc76,dup_5acb6a2fa709f61b,1,True
nazario5_001846_2a774fe21e79,a26eafd5e5f405d810b04c3103e0446c9b217435deea40155c3f94e92ee10849,494ce4f20201b963816560609b5d88d262a0b85f15006c08f9d562096efeb32d,dup_494ce4f20201b963,1,True
nazario5_001847_c1453c4f41ef,3bacc34ef0152cdde53a8be62f8f20b0bc22804b71713a86603af276d6a336dc,5058b8742c77a94175af5ec3afdcf67e32e63fcdf554bf8258a722e7c60b43f8,dup_5058b8742c77a941,1,True
nazario5_001848_e735da3de5b0,7c6e7fbb13d3adb072427e7fad924560e2c3024c2f70969ff71566499eeae47d,3e4a820191828ea543d4a03331ad9f0530d77b530fa97296b87b940215951afd,dup_3e4a820191828ea5,1,True
nazario5_001849_3c2d1956bf54,f15329412b251a9fb50541d75397051846a7f083cfdec0bf292e27ebd1791b2c,382175c71b36d832df6d7b34759e1cbd5a123c15e0b1755335bb74de1e035399,dup_382175c71b36d832,1,True
nazario5_001850_a0076c470770,33b09974a0dc089f9ad8c350dabcaa7238a3583179b09a333e4609ed97cc1916,1aa99b4d5a1953ef341e637753ef31ca195c5478041417dda81827042f387a07,dup_1aa99b4d5a1953ef,1,True
nazario5_001851_b465c1518575,3afc3d1d9f1becdf82eea5f282b831660fb458c8c2fd0625f55a71e647c48aae,45897ffdb65e789390ac5c2b873475c4789cf9bfbf198fbd7f2d6d14f2da00df,dup_45897ffdb65e7893,1,True
nazario5_001852_ff5d22073339,a0deffc299ea232de8d759937aba572fd42758bb3afc87c938427fcc6ceba19d,a02cdde9b0aae6bf815ee4370d581ddf37c8e3770f9043795b0dfbe78cb1cd79,dup_a02cdde9b0aae6bf,1,True
nazario5_001853_5e125d372c0e,1829c20ec7db79791b3a83e989bf703594c15d37adc1eee308f6fce17f3723b8,8a6af39ecf477b4338f608c9873a4969849ce40806bfcbd137cdf70bdce31067,dup_8a6af39ecf477b43,1,True
nazario5_001854_9164c673cc98,36d5b518a7c14804a46400854bc90bba63959d92b1065411e6868c372f5d2500,d451388421d2f5412c4457199a74efd88aa950db610b3266c7b1b0ea0ecc69c9,dup_d451388421d2f541,1,True
nazario5_001855_7a221bf8d479,589426c9103be2d75dc8fefd13d1dea0decfb069abf8c1d0b3c55dfa140bbd86,9b597a882b47d6af0349685979f93a6192a6508ef026a87427db6dfeb27c9279,dup_9b597a882b47d6af,1,True
nazario5_001856_7ae121fde3e8,ff8167160a5fa3708b4060c262faf5758daf2f423ff592c099191d66dfccf8fe,4a49e5f347c8754964c640f1dead3cfa95dc71c06312adf33a4d09f10bd091e8,dup_4a49e5f347c87549,1,True
nazario5_001857_2b983d8484e5,fa71b732c63671b33f492272af75bd41e6ff8ae2760caebcee176cf33537895f,b9783ed424a6651416f633734cb9b0940a96d7671904427e2f85cca34be54245,dup_b9783ed424a66514,1,True
nazario5_001858_4ed66a7d740c,970b370cb05bf9bbc03f23461971e1824708e749a52f8fc093084820672330bd,970b370cb05bf9bbc03f23461971e1824708e749a52f8fc093084820672330bd,dup_970b370cb05bf9bb,1,True
nazario5_001859_0fc0fcc3aafc,0d5b076be1faf4d032ca5d450d457ef4f2cdf24922302fd7dcb15bb37730a328,581d8fe9deb936a90b9c8a1a84fc405aa5e5948d2b6cbc1ed38d33bd2d74de56,dup_581d8fe9deb936a9,1,True
nazario5_001860_296ce0f2c370,dbf85db5443fdfd118f308259355a4b9ccd3a816d1b96b928fe7bc0c357f8f52,e7b473ae38ac16c68de6654d468ea126aceccdd1b18523b5f919fe22a7306091,dup_e7b473ae38ac16c6,1,True
nazario5_001861_4febfbb5e3b3,135918868240df49f57bef7d2393183eafc2cb07e86174bbda773a7c77fffb71,c62fa6711c6bac1d193b040ed073ea11a5bc7786a477a8d4313d0bbd32df23ed,dup_c62fa6711c6bac1d,1,True
nazario5_001862_41b9cf1133ba,2151e87aefd5cab2567b8b0dff6def1166aa047f5d9da6227cd0d62fbca1ee9b,ef2aa7e162b90ef06d506d99a4a6db3cad74a04218d23ed53ed824c47a3e869a,dup_ef2aa7e162b90ef0,1,True
nazario5_001863_c92ea203cb99,89bc8e8148483fdd2ae4a22cb579c8b70d5e5f1ccccf9d7c88dd750e1a07363b,ed7345c99ccc6f46a44f54d0d2e3519a3c116148a58232c9f85af1bae790cc83,dup_ed7345c99ccc6f46,1,True
nazario5_001864_b97627680edd,0cf84e9520f8c609fdaad1e63445c2caebdcb7a921ed19af0f855a95ed722602,fd23c9ab6ecc35c6b74e5edf0e42041ad9f97e5dd8f2e872f30ccb89fbb841bb,dup_fd23c9ab6ecc35c6,1,True
nazario5_001865_3317fd816768,1ff8fc91366ad0bcf0a8b9eea03c4af736c1f77d0aa47a24440d1fa5cfa2d641,77772a11d69b4729832c7d0a4113e26c6a771e9ada2c2d879199a9c26141dea5,dup_77772a11d69b4729,1,True
nazario5_001866_580ebba64d3b,9a8ddae6ac05fda8e460edfaff99c24231a632a4f5c4b168af71956e7b4c53eb,01414fee668fa7fcc39098abc6557e5799c1b977c9e54d2a39ae83949015cbfe,dup_01414fee668fa7fc,1,True
nazario5_001867_84e178cdd5cf,94524291614796a82aad21cbde137aa59dd0f48a0c3ffb0d14bb177ab9d1a90d,3aec97717241eb7a7ad2499b3a97afc1f0a01fca4525a5dd9e9b81f578d888df,dup_3aec97717241eb7a,1,True
nazario5_001868_ca2031a21d39,69a27f4aad324a0edeaf39a64f146773a5244683cc5f19843b4b30a41671d4bc,99a6b8223ee7fceb5235e880007276fbbc2940fe94827f63b48970c3c6a72cd8,dup_99a6b8223ee7fceb,1,True
nazario5_001869_fbeabfb6d7ae,8e3c23f3ce4b41cc8ebee6743eb470e1df73fe4245c5397fddbb73bd2c536603,75b509d469963f5a9c08aa345ad20b4e49fa1f2348d63a3785af03c8e67326de,dup_75b509d469963f5a,1,True
nazario5_001870_f2aa036b67cb,98271007d9d1a17d4542896081f92b38c891ff68c53ea1a1fb23a0920c7b3411,3a085c42d5bcdf247872026146dae44c5f9a86e1d2a98b5ed0eb475916a9fba0,dup_3a085c42d5bcdf24,1,True
nazario5_001871_9e99254448c7,7a5cfbd2d6ff5de3a90a0b889a75a1d74cecdfd99ff72af278757090107865b0,80fca242e609f0c5cb82f980221dd970e73ee49285d34d3fb8b130360c3f6dec,dup_80fca242e609f0c5,1,True
nazario5_001872_21315c857b10,3d4b5f712fde427611a20d4339388a984f91692a26bb3772591067968014438f,af85840c655e50c2607f072add69b5853bab66d4ef58010e55756fe40e065a9b,dup_af85840c655e50c2,1,True
nazario5_001873_d3018b02f100,50fbe16df18a786b44abe541d90212ec02169bf4d86dc3e26e0e71f6f18e8552,f9688e04c3513bf8e00ba899a7fc30b0c14d3cebe83f8a1a45884f65b5eea9fb,dup_f9688e04c3513bf8,1,True
nazario5_001874_1a637eb76eb7,58072c4678f7ab7396d03f627edf4c8e11d66a1e6318a644d6207c2675153179,9496df1c6badb6a4f52cde1c899d84aeda71133b4d32df0fc8478161078606c9,dup_9496df1c6badb6a4,1,True
nazario5_001875_80571a30096d,56a7fd4010e88c61165d4097aeb82db741d6db43682f84cea55ee8c4b682c36c,56a7fd4010e88c61165d4097aeb82db741d6db43682f84cea55ee8c4b682c36c,dup_56a7fd4010e88c61,1,True
nazario5_001876_b0e64e56f715,e87edaed79a0b6f4bac618b8021f3160433b80c3221f787fb0f248c694648e76,a495fee1b2317bb88d3fbd34f688d522957aee78c1338f584cfc3204f95e5a16,dup_a495fee1b2317bb8,1,True
nazario5_001877_ead6083b116d,f6d7ca93a12e2ff76f7ce84c7e87987f6395a8c77b256f52ec9e7d098833cb79,f6c2cfef5528e95640dcbea4e6ba37cbbee6df183fc21acb6b514e4074144dc6,dup_f6c2cfef5528e956,1,True
nazario5_001878_0aa2eb15cb3e,e811dfba01854da94adcf6a9596c6b73bb420b4347cd86a7c3c3916b5c237e25,25f88c30a38292ea3e39d48d4371a82fa22520695fb16f18914884aa43677357,dup_25f88c30a38292ea,1,True
nazario5_001879_64e15a298d25,9d15b55300430c02a7469e6c702e79ea97e33a20d49ad9ea34e2f7351b2c7b0e,95a03c210aac199e7a2e99c234096e88f441d74d318f34a1bcdb232b2b56bb0c,dup_95a03c210aac199e,1,True
nazario5_001880_7de3e1e97448,c8615c04bce8bd87c1212685a2537cb5abd48e05aaf6bed14ac60a37ebac626d,a9836075cb68fc8e58bd9c73e53811797a0e55d9ad896ede078da039eb256c81,dup_a9836075cb68fc8e,1,True
nazario5_001881_e041b6a02b9c,1a08b131f3e9aaeb1c6853db369be028b2ee48d0a5f3f179c65bdc1479ef968e,793c0455e82236644f82dce69042b4dfca3c3528ab997eb9f47aad973653d67e,dup_793c0455e8223664,1,True
nazario5_001882_91afd0ac0d4c,4c86ad3e7e6dbb77af66933bb6094810b0b5d49d1bc99a2d63a1c9766878b222,97e18a6f23e9e29b0f6c8898e7ed0ff075aa1175428025aa4806af6f9df65996,dup_97e18a6f23e9e29b,1,True
nazario5_001883_9af3a67092c0,f081e38e8cf7bd03b51befe11f5112359c836beef424fe8b558fb56e9f630f88,735b128c17c2931e40fdb2e053bdb17a2eb7840e966fbdf8b9edfa339e4cecb7,dup_735b128c17c2931e,1,True
nazario5_001884_6564c9b71514,e5e32ed5adec2155f01ce595c76de3d3870bbf7a81d5c1c3e74dfa71d7d73d98,731657d3ed7ef4777c5b6d26ce75c0f78d9721a687806fddec03d9a5d3f6f264,dup_731657d3ed7ef477,1,True
nazario5_001885_906041538d10,20111f82a94bd0abf9e947c87feef2618d5d1e49e29726d352dd886fb8d6b7a2,cb37ef6ebca24bc45f36abb887e3e26844f4c48e20711470e03204a8820ca87d,dup_cb37ef6ebca24bc4,1,True
nazario5_001886_308b534de100,3afec7c89769971ac3d7d99f0a57fc7e062254dee469272d68eeb13afee6aa93,b4eb5685dae0ffebf16cfa296d9e70c053bb2b2d8cbb26b023ac24093860ee38,dup_b4eb5685dae0ffeb,1,True
nazario5_001887_88750b8055c3,fadfd0ad426cb2615f15a037ab439b024760f3ca7528d50facd08f781df96761,8af24c0b219153f9c0209406532fadf6bbc1168aa5915b2e60a543cd1ffc6d7f,dup_8af24c0b219153f9,1,True
nazario5_001888_e81bc6666712,b14f73081ac1050569600ae1b4ebd43f59d360876e1af62890e4b3778c14186b,6f02eaf225899fa038d5726b6e5c400b893e42df3499fec613836ed883cb7678,dup_6f02eaf225899fa0,1,True
nazario5_001889_959c47510264,3f0a2d8cce135b2862a5e6fe9b69cfdd44858774bd2459ffa54a7c64b17b270f,f5645db30838a57175a0e50b69d896017efc48daac365d1a0450ca64458850af,dup_f5645db30838a571,1,True
nazario5_001890_52fa00496fbe,d873d6e7ae10190f6a679ab4aa8b099be26ef782e3fb5527f38897c01218c784,ea49c1ce8b20d2c05bb6d0f1b83e1c943f1006e77727b4924754065ceab3a222,dup_ea49c1ce8b20d2c0,1,True
nazario5_001891_dd6d870f90cf,a0ae8164191ec4543fa9611db79374f54059feccfdb24edf75df7cd42217f00f,cad8aec089df79c16824783e56c211e25e461d562a2ff4e021ac09770508bb17,dup_cad8aec089df79c1,1,True
nazario5_001892_fbab8430639f,b0693109cdf32ff2a61afda2fa1d1406c98d017736b7389846d42d88b5607fd7,3ae67d4bd3aff18b559cfa16e43b3cb45490f8f4a8065f441e73864eb83cce96,dup_3ae67d4bd3aff18b,1,True
nazario5_001893_76980b2e5865,6a81c69a6d3e2dca74efd6d7bb51490622967e2b35ace4a91f5386d0ad859b7f,50e0ca9ef68f88fb4f3f208538d9af8843221fdf6c3d91ffb0fb76f309b9dcd1,dup_50e0ca9ef68f88fb,1,True
nazario5_001894_2daa88843042,bafdaceacfbf9027b6dab9b4956e2c0ed234a904a7f11a14f58a3bd34c85da7b,cdd5fa18032c0104284c2098ad1d010aab5e138aca5bd545b89852489bb5651a,dup_cdd5fa18032c0104,1,True
nazario5_001895_26dc1be5e444,581fe4259b92e0a01ff55b9d793263fb0b6ce5a45b90a4234ec5e98c4b7b25cc,193bed7f3b39c093f9358699fe8caeee601c9b4f95eda070290ddf3bff04863d,dup_193bed7f3b39c093,1,True
nazario5_001896_5b01a3ad08e5,c5fb245ce78d5c8323ad04252ec7ba7ebecdbfd02436ddf513edeefb2f809185,6807b90709bafb83aa2d898c825b751ef4dd545259d564dbbbae285e204f6ca9,dup_6807b90709bafb83,1,True
nazario5_001897_844921b002e3,0fb47afe97dbafb5f6e5a3f834082ae43a6fc0419aebf24b8d5c57cd9fca2fa4,80ead5e846226f6cb698f25332cec06fc921b244c98ec11442b6f36a809e8826,dup_80ead5e846226f6c,1,True
nazario5_001898_8fe28fdf736f,eb3ae0c362e6ac705c938301d8f4efaffff46108d80e600ea0a12ed4e1f0c0cd,14b522f3e8bfea5d1b04aed590169b010130422481037bf9235983e667ba41a2,dup_14b522f3e8bfea5d,1,True
nazario5_001899_0018fa1ec2a9,738b545e09cd8ab5846860ae30822904571b1d6093d0b4f9525b50379c854dfb,1a59e3ce0151693e3c185ebc13e8bcb60959ac4482530e66bfcd73990d6f424a,dup_1a59e3ce0151693e,1,True
nazario5_001900_7fb866693987,671147d2c616633eb3080c8fe09344106996d5719ad2b95d00d5056d7ba0dc43,5c514e8d96218a573ee7b159a79288357eb5943324739d9e0b7cdba00b87e623,dup_5c514e8d96218a57,1,True
nazario5_001901_f689d5b92c6a,c73d068fbe407343276ac42cad00067af822e939160cf8d2487c155ef2a42d46,2f5ad5ba11873c2fee73960910a62959bc8722c583aa85f1d4fa73a5d9a9b8dc,dup_2f5ad5ba11873c2f,1,True
nazario5_001902_9db7fafd39b1,5c957571a61703194837c3825d08109f9d779e6d45e784feea6e44e7d80d303e,14a4811b87546414692ccad8cf36c2ef709d18e4c8adbe96b5a48547a3420584,dup_14a4811b87546414,1,True
nazario5_001903_8cfeed65b50c,387f8f4228e198413cd80bdb2c83d4daaab60310784914e069b64d3ae9c0d478,f07986cc12e755f9c777c9cf1f58be33c5fcb397648ce56339fdeb143d4defc9,dup_f07986cc12e755f9,1,True
nazario5_001904_ec4fd0f017ac,cc37d7ef9e0ae3fb1e032c4e27d2621be149aded101be072a8764a1cdd956a62,838d7a450b07e10678c82a3eb85b30fff9a6fe6ca65787ab2896121f730d6dd0,dup_838d7a450b07e106,1,True
nazario5_001905_44896b2fbd0a,4408b22dd74700eef6426e192f1cffd042076f7f7eaf912b5d907133487c204c,aff23e27c9445e471517834bcb95f4fbd2177c29fea2e1cfd94fa602489dcabb,dup_aff23e27c9445e47,1,True
nazario5_001906_f87254599fc3,49fc8b0a2d2be6f934baeebe8e0e132ca74c1081a7d48cd9045def6b57438181,0b4f247a9bbb91c694cfb5b9f11b11a2d3424a1a3bd48539eeff2aa5199d6c93,dup_0b4f247a9bbb91c6,1,True
nazario5_001907_177d435205b1,c78a7e60a2b03597f5f67e4ed94a2386b9559fbfe1ebff62947be9f51c911fad,41b49d03a3657d584bba92507e3f844eff1fba14b418239b49a07bf0daac39a6,dup_41b49d03a3657d58,1,True
nazario5_001908_bda381572cef,b4946903917ed5c787418bcb4da14a282eb6e7a2e06d9551d9745a78598667c3,e9897cc3af9b203413a0f357eb0f7d1fe110b4eb9b11c8ac8f0062b96f5fb4cc,dup_e9897cc3af9b2034,1,True
nazario5_001909_e19792051a7b,ef0a57e4e07f9a6a467de682371b1fed0e8e10fd24c71fe97ad5342ca7fb8463,e2e552af534b93040bf3df07c886d74983edf5527ace7c999093a60fdb048581,dup_e2e552af534b9304,1,True
nazario5_001910_1c85dfd3852b,5e7107eea205a775f6cf21e5698fbb0e725c2fac126f02f856c2cdec3c612031,c232fb26ef0c2d95a3005c12ef656c912776ba22ee566db73015d0c3092ebcd7,dup_c232fb26ef0c2d95,1,True
nazario5_001911_20fcbf57a303,e06e4b382d06d7d1b53b140af671df26f234529f8f4da21e6fb4c001a2f98f92,b490bfd947ee18c7b2a7d18ea09d97e4d21037cb0506b5162c50fed223706c36,dup_b490bfd947ee18c7,1,True
nazario5_001912_a67db73aa905,985e13704554ba12b9bef30055dd65ec6bf8d336c28175fa0807b3f1ff49da7a,985e13704554ba12b9bef30055dd65ec6bf8d336c28175fa0807b3f1ff49da7a,dup_985e13704554ba12,1,True
nazario5_001913_86a120a73cf9,6ef95619cce150f4a9c9b8b1bc54372318b50e23e21f91d556889b87a7667119,2a43017d03017d4bdbadb1fecd2c82ea2f8e7c1ee22d385c4b02668bc1fa828d,dup_2a43017d03017d4b,1,True
nazario5_001914_83ca42480ad1,6d666c1a2b645c27cf67fb88213ac0c7938c82fb01d8ecca607103ec7bc28f1e,94121029405b15a4e51f21245009d9bd55ad3e070364f80ea981e4e6adc3bca7,dup_94121029405b15a4,1,True
nazario5_001915_8c6cb22069e5,849aae9fc9d7542db74107303bf91d8d6ede7278c138f3c69d45dbe257501d92,c2e98d247aee2b2635345ca182b8db5e5a86af7c3b07775eac169b74892bb4f0,dup_c2e98d247aee2b26,1,True
nazario5_001916_0d651d7b1598,6b7cfd89b4da15c3c36eda5590500ed2db0197ca58d4d85f45e74788c3686b2b,9702ee5200f79ee398dd07af81bead475d99307a510642a0be980df0bc5629c6,dup_9702ee5200f79ee3,1,True
nazario5_001917_a9f382bda6e8,b1d625428c0156b076f624e41b8cb9cd12d9fa8f2f5ea45a4c02182841c84a39,36be0a08d9b8123feea56c2f79a7756a935209ba3941756c24393ff920ec55ae,dup_36be0a08d9b8123f,1,True
nazario5_001918_a0522c91f206,e8176f5ccd5b8a8ef771eb64f5a71b34fda8fdcc0a41c52fb529fae2b5afe33a,e8176f5ccd5b8a8ef771eb64f5a71b34fda8fdcc0a41c52fb529fae2b5afe33a,dup_e8176f5ccd5b8a8e,1,True
nazario5_001919_23ae7308bf65,b07d0d497f9c88d930035850b438a7fd0c566fc08f9673641fe5732fab322462,ea94834ac69ada6c4b50f7fe277d6a154a6447be48a8e340826f335923240c41,dup_ea94834ac69ada6c,1,True
nazario5_001920_f65704ca5078,df21ffcaaffd2754ebe3570391880133d4123c9415b5f71de97ab1f3eed4eee7,9d4db7794aac7ef47891d299debe7a83f152acede853567a5ff2a2fa3ee88c15,dup_9d4db7794aac7ef4,1,True
nazario5_001921_7f656146fb48,ee14240ffcac49f901820e0e0cc6298894a8ef9bbb5a1c0d1ce20964bb15287d,f592c9871a97c9d0198e6fe4aab1a7b31f67deab9ff7b17f2d718623994f386b,dup_f592c9871a97c9d0,1,True
nazario5_001922_d25c007a6031,e5760d8cf9d39c5e611ec93300d0110c1e88a6cbaff6d87cfc388603e693e3ad,487d9211c25703f563a98421e7a67af98175ce62a88cbcdb443d58dd18c8a3a3,dup_487d9211c25703f5,1,True
nazario5_001923_639fd87083af,a0085d3bc0803446b31ba34be6fb15b79aa0e2833e084edc3e36f2bdb7ea5097,17aba853d3a209e6d8062d7a7579a1d228f1b73cb18024b07e387946d7f4ea77,dup_17aba853d3a209e6,1,True
nazario5_001924_3045ba3cdf27,c7cee367156da1c79f21b38a7882ecc4e698df66594a0431d88a4fac488cfb85,5b4264f91c9813bcfef02d29bfd59b7f2dfa2fbf21df320f41f3d7c37e1473ab,dup_5b4264f91c9813bc,1,True
nazario5_001925_db47bae888ba,d0db577966e1e09fd4fc7c0a0e1ec9358da2c244a6d359dabf0ab5d4439604f3,d5ac7032ae806b9c29b61774aa02d4ffe23166170c529982cd51abf1dea973b9,dup_d5ac7032ae806b9c,1,True
nazario5_001926_da784f65c2f9,643c5840a00befd55f93be21e93ca111b4c508239a2031f40ebbbc1f9ad2a08b,4a2959d796c49181049427feb451b3ba131cc0db64499c7df71b80f16e6e47c8,dup_4a2959d796c49181,1,True
nazario5_001927_419a7737e17a,08fb3f3ff42b015d78b1ded5f3c981d72d246411dffd3f5ee97e41e3a05feee9,09c5f0a5f4bfe3076c719a6e960ae3c3543d8b87f8fb969441528aae4ca19bd7,dup_09c5f0a5f4bfe307,1,True
nazario5_001928_deef3c8d71a7,ce6c44bd25247ff1d38f5fbb9badb89248e2a27e25ef64c17f25fab89e68ab60,3966580e86453895de0aea84000121addf6fa0e281e8008ff342907e31779030,dup_3966580e86453895,1,True
nazario5_001929_02df1e36e8dd,2a13bae9aae70fc612352338033d010c7c55551115be6e8ad1bd05028127b074,5de8fba7ef774f3c9b98b26cb78600b746650dc1a5d8254d1527905759fe9927,dup_5de8fba7ef774f3c,1,True
nazario5_001930_ccd0e84222aa,9c4d3c44949d64f5ef51944c6782077ea5bea897d5bd2caf8745fd2b0548c181,96ce88c414774efc8281ce66b8375d5475e658267f2141418d92e58a06b174b8,dup_96ce88c414774efc,1,True
nazario5_001931_103c654efdae,2df2cca51e92f28306308296de6fe5a77c4ce52729b3643d9e27b6329510edd2,cc10d13eb3420568f2f241cdf4816b8c283b4400145a1b2ff8beb4c6c8b6bc40,dup_cc10d13eb3420568,1,True
nazario5_001932_c6b399e44e79,bbcf63e3a6a8118a5847ad8e1aa92f32f0abc6566053f8779ec63e964ce2218f,563ee2cd92baa0cd3c99b2258355bbf5fadd9daa2275be3472264dcbba8866bd,dup_563ee2cd92baa0cd,1,True
nazario5_001933_4a31dbcde3a0,956326129560f4f69021a9da8bb8b44ff331b1fcecb2bec35bfd17fd916e7cb6,74c9496457e0541dd1f9fdd3da29df7db18b9e05a64c72448d91fbe97117d09c,dup_74c9496457e0541d,1,True
nazario5_001934_2898aab86909,813afb6fb6b2c4fbe6760d0aff9cdcd5cf6fa62200f330fcae1649ee63c2e60b,adda8f6fb3733a741c5b1d693a44f224f61634a6ddc65c890d2643fbce818f64,dup_adda8f6fb3733a74,1,True
nazario5_001935_a98045e61946,35780869dc071966cead14859675af96e78751c99e1041d1a64958226243f9f3,32f3c1385f5792533e6652dd5ee6b6fc08bcded621deb3e0cae933c9c1e5f8b8,dup_32f3c1385f579253,1,True
nazario5_001936_9b6ddf2ec702,215b04cf3714e7cdfdacefcfd88c2812e9bfa9466b80ca337e3cb40176118901,bece0510dea8aa84766f66d170947365b5960883257faea42f38b18cb01ada5d,dup_bece0510dea8aa84,1,True
nazario5_001937_69ad1a2ffab5,797654f3c2564cc7ed3bdb2ae66f6a8d88f699222a9972b8797f1ceb7585aff9,70db5df71a5b13b990a140ba259cc7675a532fdeb08299df3191c28467f58f4e,dup_70db5df71a5b13b9,1,True
nazario5_001938_6e0a37b55571,e2d0d316b76b680ddb35a87c4a053ceaf1368273005e628b266a699928b75895,df604c05aad42986340502eab25f8f564037991d1c36c7164bb87efc460baf07,dup_df604c05aad42986,1,True
nazario5_001939_051693e71d48,d0ab3d68940bacdbb95c5d2775cebefdd6d372355f6d97057f577a796aad3d29,420f7acb0c1811f7a52649ae01307eecfe1b7e660368f10e6ad4c1430018bca9,dup_420f7acb0c1811f7,1,True
nazario5_001940_2b6179c405b1,a044bcaca921754b6ba49ec0f8e52e54c87726a1269f2015da5b3ba2fc8a06c3,a044bcaca921754b6ba49ec0f8e52e54c87726a1269f2015da5b3ba2fc8a06c3,dup_a044bcaca921754b,1,True
nazario5_001941_b7393b75b9a0,804c3e9e95a4d13c72b37f51837d6793540e939b30e8c6563c9d2f185d9b8173,441ec222df4c0d95d51bacf2ffb7b1ffe15028311accb569634c2769a8d90930,dup_441ec222df4c0d95,1,True
nazario5_001942_0415c676ee81,d866db8f38e40908e8337230018126a2d543b0d20eec0f6d8a533060e6cf3462,87fd909c03816c2afcab1a8f403a2afb2143001014b7494a4e02862cc2fa1ccb,dup_87fd909c03816c2a,1,True
nazario5_001943_1f22317c839d,5d746eb82496f78fc699b01ccd234c9951e454ca7f0e9db2f427deb1f680ac4a,bc348c2e36515db5e1494b0abab946fa2bea2560e6b5befee64f27dabc2ab4d0,dup_bc348c2e36515db5,1,True
nazario5_001944_c3e0754c7036,aac62974d29fd6e6fc19eb06b426dbcedb42eaab8638646820009f57cdc0d9e5,e44adaaac897403634babd1164ed656d41660644754f412fd5c9256f4fee9bb0,dup_e44adaaac8974036,1,True
nazario5_001945_a72c3dce40ea,b686710240b3dc089a6872dedde98cc5e96ba7a67b3d6f63abc9fbc36ee5b5f7,f1a47a453ce149c680a620b6d60629c47c2a3456dbcacd93b923ef8c4ef3c256,dup_f1a47a453ce149c6,1,True
nazario5_001946_26c1718e31c5,953f82637507cf02bd3108e52057b8a4063036c92d4fc64257b5a9c3acd0eb3d,d5716452f3a52d0170e7e2bac22f3c49be717d8ef5500da8521058807e4ee7e5,dup_d5716452f3a52d01,2,True
nazario5_001947_d14379d8bc79,e4e7cab68f0cf1c30f2acc09ad528c373bffc0f07c921c5dbcced65611a27018,d5716452f3a52d0170e7e2bac22f3c49be717d8ef5500da8521058807e4ee7e5,dup_d5716452f3a52d01,2,True
nazario5_001948_0c81fcdc7e63,8c2a7cc5e0807afae5dc530279239114c1e15b59bd8676d87a40156b9f877608,66ceaa76ae3bb0a5d1565dd53c03b2cb8d76354da60d1f51a54042c5ec15972a,dup_66ceaa76ae3bb0a5,1,True
nazario5_001949_6086ba4d37b1,a5e9f22dc79e5291b435b8d2c178b877f37b3e18d915954883e329cc8dd598b0,a5e9f22dc79e5291b435b8d2c178b877f37b3e18d915954883e329cc8dd598b0,dup_a5e9f22dc79e5291,1,True
nazario5_001950_f467c2586a3f,546a845ffac6682f99505c3b917154c51eb1fae87ee5bc5ed54a178e8ef819d5,546a845ffac6682f99505c3b917154c51eb1fae87ee5bc5ed54a178e8ef819d5,dup_546a845ffac6682f,1,True
nazario5_001951_3bc0d70976b0,bffea6eff4e86cffbd3597a4a4e63da8efbc8d944674f2b9b4f46ead48a001a3,81daefe8288e7a4e50afcddec0f43fc4dad6051b01e71a536455ed0ecbe3d75c,dup_81daefe8288e7a4e,1,True
nazario5_001952_c97210eb6486,90d1b1d16cefa096f75b7fdf7d7a4864fb497717952cba1f081aff770789911a,612133d1c4cabea8e948d2b4ae24c7344c603f90ca645e689cedd774a2055712,dup_612133d1c4cabea8,1,True
nazario5_001953_0e18f1f947d4,597ab7d35c7c62b9ffd77381f4687aa3d0597ade9814e8fce5c4aecd1736940f,5873e654bee8c25e29108038343a0ead5c5401c325dba7290beadf8962ff294f,dup_5873e654bee8c25e,1,True
nazario5_001954_f0afc1b19531,e9636b4a5df4de2fc565f4e59f49bdeaa4401815fdb10385ca0e77cd78305a72,63f9f949721466965155ed401bcbbe34d12918baae3b6f84e69b779e50824724,dup_63f9f94972146696,1,True
nazario5_001955_29c3349b5bcc,7d068928b58b84a8351cc609e4cb742ba8b03054941161820532d6d6789d7884,2bc910bbdb143f1deb8695893a7e0cd70dc1b97780ffcd580991d66d6f0b1389,dup_2bc910bbdb143f1d,1,True
nazario5_001956_59e60e3616ed,a070c556eea6f0fb4b1a186db1438376e37bcb8ff5cad5a406572d7e56edfbf9,dccc09d7c81f13c1945678cf1bc98644c30be00e0ea44a14a28016639b8a7688,dup_dccc09d7c81f13c1,1,True
nazario5_001957_d6de78352b9e,48b7ddf0cf2a6bb5303412dc78b9c1075d9fd05ae407680c51808242e7affd77,2c587efad55bffb861e57b3f8be292457433868cf9315a17b2baf087139577b0,dup_2c587efad55bffb8,1,True
nazario5_001958_17abc66c24b1,ec61afbb8c1523af4fe5017297e0f43a4b8ef4d487650e636a87a00ac1ec99b8,c3d749f2e0a4b9b8e10baed42587597e80c83466d43c0fcc09bf15748b47ba7b,dup_c3d749f2e0a4b9b8,1,True
nazario5_001959_d5299ff0ee62,6e6d364d0408ec730cc44826f3e1f0237a9b09dd29d79b656e5ccc39714fe5da,50f5fdfc520b7ad342a1f5b6ccc16d9ad63c59ddb1785b8e3657f458c5654255,dup_50f5fdfc520b7ad3,1,True
nazario5_001960_c1282d2c48f4,04d3aeb0fbc80cf1df1e8bb27492cca1545387f9d5dab5645cc7e67c0734da0a,4769b42baf9d23af9a938bf497f8bd5e38aec45e17036c78bb583b1cd47a82b5,dup_4769b42baf9d23af,1,True
nazario5_001961_0e65988cd7b5,8f6692d6e46af938a19255164dd4d49d1e614d61d0dbc30c19f7a1225fdafa80,91c3754a9e6e5899819dd9cd766f6a52efd6d79c80714b09c1e1d49bdee8c9d8,dup_91c3754a9e6e5899,1,True
nazario5_001962_51ef1c5c4003,859851b6ed466bf271e321a68f4a3b85d097995e3dc8047b6729ea16879e8a5d,1c166f498931f821bc7efa680ad3e02e49fca71c93cc9dc934ed14a9fadc0845,dup_1c166f498931f821,1,True
nazario5_001963_a4e7f7cb2464,f7ecab436ae1c8fb91b341878cc1d592215cd1c3a682f502de966f215e298778,151080473371f8a3d75a8f34d9cb76d58cd235dd4d8fed1785d447d77b26fc38,dup_151080473371f8a3,1,True
nazario5_001964_3b27d18b6a6a,bd3237399081d69e36f7bd5b364f93241c93ab140e5f1924d91918672a1b323b,d40df271246b95569aede01a0cc86c766d7d22af2b132340e9a584f73d054c8c,dup_d40df271246b9556,1,True
nazario5_001965_1fe50f37de35,e9e04c39ec3b8fc03aad3f72b403e6c04ddd98ee71a2c0ce5f655e71b4c19465,578c08726d1ed8e3044de19ae335edd959059d296f120290284e71aee71c5977,dup_578c08726d1ed8e3,1,True
nazario5_001966_84b0bf805eed,33262f4fd8593adce478e20dbe6d5bac1e1676312282105ce3e8db05b1740cc8,fc6edb6e774380f1e33de15c198a717a6fbdc20bb1d09a1f97a9ba9ad002611e,dup_fc6edb6e774380f1,1,True
nazario5_001967_1fbe4809c699,7648856e02650dc695401a4a2b1f4ecdcf0f35fb201ac7288700791bd886ab39,da508bfe37e776adf1dc405f18feb808f4729a21e9946532a2537893a514523e,dup_da508bfe37e776ad,1,True
nazario5_001968_25f58264a43f,73fe359415cc1e9b42a503049162c5acf6e67680b413f72d34e5a6aab5aa6fd2,6ba0e7317f4b3fa5e2504d09d5da1ab785a1faf1f3805baba2706eeec4e25d5e,dup_6ba0e7317f4b3fa5,1,True
nazario5_001969_bf6df262af9d,a1ea49e850fc7a5779d1b99b1372db98839ec208e32a8f9c3f6af6dbdbd064ba,fed5a750c40b1151f15c5650298852e28994881bc4b73a3b916bbfcb9c323fe0,dup_fed5a750c40b1151,1,True
nazario5_001970_3be5e405162a,f3ef283c00f8ccffc66a2015cc748bf38232994ecd79e91da632edfa3d899deb,679e0b1fbc0ff12a8af20b9f5c38d38260e3998cb5b0d9451cb669ab969ad18b,dup_679e0b1fbc0ff12a,1,True
nazario5_001971_5bd790cfd1fe,c993b4598fbe7b34a9ecc2f349627248b74803d23a086c75ec241fa7c8236de4,154c17020acf077dd86733a554303c354e31289b5402f2cdab1ca0b45ad341be,dup_154c17020acf077d,1,True
nazario5_001972_eb255491cead,f3ab97fce5695baf9d2182ecd03dac1d08c1eee89c0a2667923b555ce8bcb6cd,14855e12b23d2ee32b7642c67b71cad782708d0e7f53eb03ce82b5aab541fb64,dup_14855e12b23d2ee3,1,True
nazario5_001973_9a4a5a00671f,e8deb5c460e228a4abb83ddbc07f3cb66f6d40da9695230193b7a474c173f4de,e8deb5c460e228a4abb83ddbc07f3cb66f6d40da9695230193b7a474c173f4de,dup_e8deb5c460e228a4,1,True
nazario5_001974_11ed86b8704b,892c26423e8260dd3831802315ec766b0f0cd95a9a237473fa5897201f1414b4,cdb0902b3d6ea611bbcd0d503b6c4b9e8bd88a242ac9f33e9b57736e1b4f84f4,dup_cdb0902b3d6ea611,1,True
nazario5_001975_20c801674e4c,20d1e072783959641d1e0f12e315e11df9366d042791b0cd38d409b036e04496,d649935562de634711addc70e29f6883edfc8d97dc121977b19f8e6f96c06b9b,dup_d649935562de6347,1,True
nazario5_001976_bf97645f0171,e8c6dc19bca3699c68879274d94b32954429ac8ddc7657c6911ffa49f17747e3,5712b6715a34970f6e1335ffa4d7c556fa74c0669e0ce9c986264714f980ec93,dup_5712b6715a34970f,1,True
nazario5_001977_7fda39213d13,abcd02c385aa17c4a86a499cb660794d9f3380440afcfbe512610b947701c1e7,0ebb361ee7c02e3b411773ea4103e3a61c97f5a7cfb2ab307315807fa020c080,dup_0ebb361ee7c02e3b,1,True
nazario5_001978_35c357910a26,04e84addd317f5c7cea7c7c17826181742e850de4b1de871999d04fb30b20e34,366d32f3d31078963ac5d5854b32a6cdf3c1789ec8528aa84ca6085d6cb0579d,dup_366d32f3d3107896,1,True
nazario5_001979_6c86a71c7d4a,fcdbd199abda044028cfbcf24dcb95570ee8f4cf9dbd1678d741a5e6fca9981d,5031a91daee3b6ccc265cf3a35b8c899f27a67dfc04a3972d7b7fed0a8ac3850,dup_5031a91daee3b6cc,1,True
nazario5_001980_fbf810c6ddf1,e49dbb4715b511f0d565a49a6fdc1bc4c9abda478b2154bca68639a26b1dc4f0,ea6ba9bde69d2bbccb9da0fe171bbc56a42c8f5b690ba956ee46a39d73efc6c7,dup_ea6ba9bde69d2bbc,1,True
nazario5_001981_4609f1d798ff,f844d48ea809e55eff6180a2cc76d1d7316f7f980c3396d335a685d467646578,f844d48ea809e55eff6180a2cc76d1d7316f7f980c3396d335a685d467646578,dup_f844d48ea809e55e,1,True
nazario5_001982_c8c60782a52f,5e89fcd74a772c81482c3a8d8764e3047a0ad4ff1339ae887cecddaf5dad7b1a,1e77b6872298d91baf5ea7f3264586e44bdc5432e2b0460e067ba98e03292dcc,dup_1e77b6872298d91b,1,True
nazario5_001983_837e07044100,0c49e390a00861397b2b87738436269e4cc4c73d3004e632bcdb8740a35c122f,5066e609275d33ab6c86e92e07b27803eaadd78c732a4c3119f3880dd3ec7142,dup_5066e609275d33ab,1,True
nazario5_001984_88400d4cf9e2,309d9e3395b8a5bfaff9987ed03745f3df03cec27836da2560a42318c78c4b54,8b5ce605d9068a4fa83472fc27d6875a9625c6625e3605cf879afb3d0e13f1ac,dup_8b5ce605d9068a4f,1,True
nazario5_001985_892f7583f02c,db937ab463a823ffa1775784e12ef7fa6f4c8a47d947258bcbff20c6fe95896a,dbbfa0fba88ff6e4e09798a911b9b958ef828dda76b3fb0565f6829e07b3b9c4,dup_dbbfa0fba88ff6e4,1,True
nazario5_001986_3f3fc311daca,2494e4bb6ed7005edcea2392e470c9e735af4af4c1496c1f9a259b1631a5cd38,9a7b3fe1189ff4051d9bfcb0e835b6a64ede734bd857fb24b82700f0990146d1,dup_9a7b3fe1189ff405,1,True
nazario5_001987_38ad0302b17d,104144e94eb601d5227f68eb4d62fa0aa4d31ddaa56b03b7e84972190555e40c,194067f6473ec9127464bc2cce1725413330d6c82df81bb7b4cf0f884a3962d3,dup_194067f6473ec912,1,True
nazario5_001988_2908ae7a9793,51d5e1385194815555e62dba159c84ae7545c58c0180f0b83406af21dc430b50,cb8992c9be8d4b0a121a3e6ab2b0e46b552667a1c4408ae38fd65c487d20b638,dup_cb8992c9be8d4b0a,1,True
nazario5_001989_1a693a8c8cb1,2e36684f9728ddf56c0a084e9803beb75abe3ac2a749c64a1bce734a21a327d5,7a7f8c337de396e28d351f8e02779cec8c3d0ef4d6909a1c957cac7b63056f1d,dup_7a7f8c337de396e2,1,True
nazario5_001990_e1d8ef9701ae,b575758a8abc0994ae104e1a58bbc0fa07c9b7b459abc336d782cbde2dbce792,196c44ea2de8f69c1a9c02021984f7213a416574ea65667c259dd62bae4bf94a,dup_196c44ea2de8f69c,1,True
nazario5_001991_fa43200b44d7,e68ef50449fb044c4c765d2e230c98ccff5fb299d91c4d237076ef7048a98dd8,e68ef50449fb044c4c765d2e230c98ccff5fb299d91c4d237076ef7048a98dd8,dup_e68ef50449fb044c,1,True
nazario5_001992_41e6d40be162,cef69de0006f860c9a656c310df02c678d8f5e947f141d1379a350fc3fda4c2f,81880978ad18dae54488bd451bd186ef7abcf9624110bab652cece6e79f1e215,dup_81880978ad18dae5,1,True
nazario5_001993_da1c40bed8ae,60cdb1fc66bd63494d2321847f92b6ab0e79504f771bb552c2bea0ba5d7129de,60cdb1fc66bd63494d2321847f92b6ab0e79504f771bb552c2bea0ba5d7129de,dup_60cdb1fc66bd6349,1,True
nazario5_001994_e6aaf197f6a5,341f1aacb8dd90e674c655197c15f8876e6fb4e94da6cb0a244bbcef8becf8dc,62039f2a2fd995c85505731cef2ef3e9a8ecb16592758c63adf9ca5801fa1d10,dup_62039f2a2fd995c8,1,True
nazario5_001995_37010c0058d1,960fa8e10f0b7018d42f7a2ed7e02a822524a9a0b18a6a273dde5c6ef6d41363,1c35fb806df05d9823b085dccef3e759869a991d0b6eaae233057b2410048682,dup_1c35fb806df05d98,1,True
nazario5_001996_8af939694b67,ea09b9500d8b9295b98af0f56a1587a2ec3726e16aee3e94cf472ebdddee787b,89d708856f8d6aae0a4a40b76aae39bd5f00abade6be886bc3456a882b0d64fc,dup_89d708856f8d6aae,1,True
nazario5_001997_4a6067c77c14,b541b864ffcc1961b1ad1fc58841b0e3b986777e3dab2228500d6a59b40a6dab,9db8e735a7a8ef51afb278158c9063cba5ffd6ae42f513aa62a358b122f0f13f,dup_9db8e735a7a8ef51,1,True
nazario5_001998_2c64fd1c9477,e2952e61e0d1e05eb702e26abeab45c2da75e00307729f5f505d26dcbf71cb0d,e87863c153224f7a792763189442f7a19eb0d958c7c03f0fca2c143a9123f0a3,dup_e87863c153224f7a,1,True
nazario5_001999_a3d4a5ab669d,6e2526d36827b9746e950943ded43e608995a335f09352f7ba600db9af392bf1,6e2526d36827b9746e950943ded43e608995a335f09352f7ba600db9af392bf1,dup_6e2526d36827b974,1,True
nazario5_002000_24619511ca62,e9f9ce7e37a4c144c2e5f2e80047f1f639307e54b017e17182eb8542cf8e1c96,8448348f32bd381992cc4ff1cde50714bd2e3acb7b50e4d1257655668cb7e93c,dup_8448348f32bd3819,1,True
nazario5_002001_c269a89ba1e9,9308da7bc7e27ecac483ce9d29266bbcece1955f04a91e507de86ec5e9512dc5,4ebc2e1a582da6d17e017b58d1d36a828aa1394a4247a7e53694980a9773f863,dup_4ebc2e1a582da6d1,1,True
nazario5_002002_6601e59b720e,6fbe08062447d04417e9d37cc79a270e699b7867d703ad90e14e8ab590d071e5,2eabd12b71e82fe99bf105b21f30a8d1b7884a680ddb4d38cd72642255234869,dup_2eabd12b71e82fe9,1,True
nazario5_002003_a0248c5c2e55,243e7525e8e39c9d29cc95652d645913930c8584149d043ef55e0e887ba95808,5b631163b4d8d2492c9835da64245341edd6bb08d24fe2df64f2a853c798797a,dup_5b631163b4d8d249,1,True
nazario5_002004_4a4ff336c2e4,65aa89958a45f603f7603917561823f44e8b56485bb84960697dc945fc3722e4,9042d4b09c48136d1aab02a3891d7d8e8ca080a2a8a7cb6b1e35577b451511b7,dup_9042d4b09c48136d,1,True
nazario5_002005_9e933e0c07d8,f11c24a359916e8deb6bd908dd6b99bb54fc7ff6077b46551e721da04d83076e,c431d6f70e76e783c3fa042a2cfe08bfb2fd5384bc3ea10e3bc38290b1320c65,dup_c431d6f70e76e783,1,True
nazario5_002006_8accea0094b1,4fd049a7de14750d3d83a7791891756476e96741bb050705275a6a0c4c38c1ac,00d4aedf6922144fad93d9aed00f9f59f78ebb61166f673a722cde7b189065aa,dup_00d4aedf6922144f,1,True
nazario5_002007_1373de9562df,26d91e1b2ac338fe3a8d59188664cbb284729e0c0da396e1684a5de2daf63905,0a73eb0b14b792002627572d3366721d5b8f919fcc1ec51bfa35e3c4b7ca0c86,dup_0a73eb0b14b79200,1,True
nazario5_002008_db49923047c2,a60323b64bb9d9005c3dd38800031ec55cea7e484ad7d31437ab33187af30674,75b8d65c97acdb526cea47ef2a41081cc9206b43bb4f583e2810833e3e62aa5c,dup_75b8d65c97acdb52,1,True
nazario5_002009_c3b9a9d1f9e8,f097db65e8f5ae2cbce301757a3253fdcbc322aaf304fd69b6742731a128a6e9,955d5e60de356fd7a1024e9ac14475d2031f83523cc5700b702e9f74946d8d18,dup_955d5e60de356fd7,1,True
nazario5_002010_0748cdd812ce,b02aa61fb2139d91255160a5df3c0ca390bca34ada3d18056f10c4f4e0a87dc7,bf6b0c83482e1c8e4f33bf9bd4abdec33f7cd64e622b520707c290d3af881f95,dup_bf6b0c83482e1c8e,1,True
nazario5_002011_4221666907cd,29aac8886c1babf9b4cb8d11a4e38dbafaf8b896e389f1db297bd6542ea03878,26ee188a69734b1ee45fb68b50403715ae43a11613bdf0502ec4fe5154307e1a,dup_26ee188a69734b1e,1,True
nazario5_002012_e4ce45780e7a,eb88b14498b0ccb5c957d761c67dc5d243fa0d573e4fe4f2dd3dcb9add223f11,764079798f8265861ae31a8a824576dd412c14a45b36438aac2214b251bfc907,dup_764079798f826586,1,True
nazario5_002013_89c5bb50f4c6,e599aaeaebecd6843ed837fc8aa44f96aa48b532b9ecf898273a3ada285b3bde,c43619e82e62c04f9fcc1a23bcbbfdc0064cebcf5ecb70be9feb5783dc30654a,dup_c43619e82e62c04f,1,True
nazario5_002014_2975254b8fe0,909a6d80c13c202e26813ff1cc5ca5c3cc0d399bd5a379dbb830ff6aea4a611f,ea5c6175d165c67797ce63131f44bbf938d33ba002a2a2a6e7a1d26a9dc796fd,dup_ea5c6175d165c677,1,True
nazario5_002015_e315b3a085cf,6dede9f58609fe123f67726ef0b3e573798e5b9c30c25a330f150f54afe1e247,9dc251ef2c035362bc4acaa811d64951c10441ab1f7db81a475f55d50fc88b7f,dup_9dc251ef2c035362,1,True
nazario5_002016_2226c0df157c,3a0cc89c9d1fd8e63d3d55feb78dd73755905759efa34ab3962493bf0dc3f04b,f11287e404b8fa6e4fd1026ee07f57ac3926611ad1911e14330214dfaeab050e,dup_f11287e404b8fa6e,1,True
nazario5_002017_f164e4abbe5b,4c166c1638028dd8c2baf8284c6f64efe1f3cc4258e0487b71386e7b4fa6d417,365a4351440e55c579e7ea8d77fab495d322d88f45d733df1f618719da663e57,dup_365a4351440e55c5,1,True
nazario5_002018_586aa73b3a51,505fb04422a2e1140a9c2e819a6b79479d901a74031d4f6d8d450ee181903773,7d0fd2cbf42373cc4eebdb028e073e538906134c70e46be6d9a644348bc64c6f,dup_7d0fd2cbf42373cc,1,True
nazario5_002019_a5a595170550,43f0a2bb906e78aeede08f1a6bf607204db8e1ff7ae0707757482708c73e7306,886ba4617a35c04f76f851c06dd0fe196b9a2734490316f1c86897ed41e41730,dup_886ba4617a35c04f,1,True
nazario5_002020_bf7c15f9af33,5858ae543c20bfe17ec19f3387b99cf19e45a359a6e42431da0cd647b7a87983,635e9ae662793a8f73955976343149b68660f6a03f82645cc98d82eb217d72bb,dup_635e9ae662793a8f,2,True
nazario5_002021_ee96509bfc36,a7d9eaceca3bc669f0fa8daeeb58504c91b8ffce634d9c1ed7eec9295a2f3d25,7110de149d72fbf2b27eba15c10b09714707c65b19c0c4dca1f1a644d91ad043,dup_7110de149d72fbf2,1,True
nazario5_002022_071fab20d604,146f8e02680e44625c8bb715961a7f6c7d872705cd8c296b32609b185b6b9417,635e9ae662793a8f73955976343149b68660f6a03f82645cc98d82eb217d72bb,dup_635e9ae662793a8f,2,True
nazario5_002023_87671c85d78e,827f0be55d220b873d7a7f8116554a606a04f133984fd9aa395bcdb0ab75ee40,8eb9376cb0b1fb672e89847929ac2385a60ddae8b8e708b39d8c57da5b0e13c4,dup_8eb9376cb0b1fb67,1,True
nazario5_002024_0eb9d5a9430f,45db8276606587ccfab0c15ae9faa696d1941d07326b27388fb52b73da336f4f,45db8276606587ccfab0c15ae9faa696d1941d07326b27388fb52b73da336f4f,dup_45db8276606587cc,1,True
nazario5_002025_280a41e811e4,f5f36542683fd83ae2d67f42249260449de0e367fac9293fe84e552d4dbf49b9,84aa25b0936ec827000ffa8161f9f1dc80ef472c167cd60c68814b46c34790b3,dup_84aa25b0936ec827,1,True
nazario5_002026_569edf795b6d,2b73fc072dff0ef6afe1938305c32bdf7035e4250be2b0025ef7924d25ca247b,867f114b4a8c770bf75a62bc392d38239ec304f0966cc9ef47191faa80a55cea,dup_867f114b4a8c770b,1,True
nazario5_002027_ddad8a171c32,3ce2cc7d52cbd7df1aec7235f03019ef8e06e81f11eb08ea92106b4afaa41be9,aeccf00af506f2499e603c9293f27d1e4ecb27cff66ce1c33feceaf799448d25,dup_aeccf00af506f249,1,True
nazario5_002028_507531f49582,a6db73fb3b42538b05178e47a776349806e709fe480dd90c6b1fc360338634c8,0622462cc45f04a8f8a8c9cf87006e1390f5984592298bab457f3cd5dca2367c,dup_0622462cc45f04a8,1,True
nazario5_002029_9e156ba70e99,ec91ee6bde5090eaf04a407cc5a814aaf8c293e2eb6419ab5196d0c8826d9fea,ce5684c8f6261b50134cae7d94a80e5fb6138b2073ad520be1bdb306ad44d36d,dup_ce5684c8f6261b50,1,True
nazario5_002030_fb0b467c4f23,663812e8b75a1473505109e829c8b02b63109c65ef2479f6bd09607b5fa3971e,59c573e51e118af5a4226d01a51cce08a4572350b9202edb44241a19c0309993,dup_59c573e51e118af5,1,True
nazario5_002031_e3278f0cf671,36237ac4e8090ae019470f14a6fab4131d72c610eb4478b9979479fec3f0cd2d,bff5a13248180fd1cc7efd085776ededded470ae2d62776fd35163ce660663df,dup_bff5a13248180fd1,1,True
nazario5_002032_0b2f3c57293e,12e82a8e72f6faf145bdb497cf3a297bb0fd6cea8d66be5a868bbf5fc3449d02,27882ca510026e41c38a4a061604cf73f0ca6735589e21f61bdc326abe373b7a,dup_27882ca510026e41,1,True
nazario5_002033_31678a6148ae,ce6054202c8b219d101860050cdd9d3efe118223c06aa79ed57b5ce571f618b1,3eaa0e41c8b13e6c63d6224567b698779c48208517785686f868cc5adcf534fc,dup_3eaa0e41c8b13e6c,1,True
nazario5_002034_3cdfa6aa890d,b863a0ba8c2a4838a83e068097908ede2e72be44a445de7269d833c130d202ea,dc65795fb65b3dc7e4dae4496d0f46cefacf23686140d1b975193be7c7d4b1a4,dup_dc65795fb65b3dc7,1,True
nazario5_002035_ddeadf014214,e5ac513a9a5069c33ca3479fea29007f7b700a580edb710de3027a12a19e89b4,62a09f5dae15465fbc2066dd5763c9ef3a52710d3dee2d26b39652b820495777,dup_62a09f5dae15465f,1,True
nazario5_002036_3c44a042c079,0883be6cf64aa4c3af6f28f8b2d6196106dea780279216dae06c517e4a715761,826c2f5663d8bcda5b8a44c1c6a6cf88f81dfa80a2bdbe96974e93c9b152acd4,dup_826c2f5663d8bcda,1,True
nazario5_002037_3bbe2c64eb14,bcc6e3953f17ca9170b62ba1c4aded7655321552e31b76b6915e29b0a4952acc,9fcd3275bf39ddd395d88333238acd6bff9657285b40a281fc371c598c43e142,dup_9fcd3275bf39ddd3,1,True
nazario5_002038_7b45a3714220,21909642395ef5e17e780ff20f23e8dd7b40628ca09df12461cbe8e6c77ff50d,bb9f261b8fed8b4ea9a9dc4255c5a2bda52653c95a3f14d9839227a7ae685324,dup_bb9f261b8fed8b4e,1,True
nazario5_002039_c737b3a89d65,720563b76928060a34829015fcccc38f34beaaee1ba8b9204a40ab1e1c39fa45,ae9ec6b2de3254180caa66731bb7444d2137a65f8c9fdc82fb55f1f66cac9b05,dup_ae9ec6b2de325418,1,True
nazario5_002040_de979c303dee,2e0f37b7993436b09fae1aa0559a8378f349713ee8369a2e25826eb3a93ec9e7,a7c5ab6fb868c6d931c14d50a88fbec864d515f13f9f484ea30e2b8373c3bb62,dup_a7c5ab6fb868c6d9,1,True
nazario5_002041_99c840d5d9e6,46c88bbe2b4982d8b0510b19e22df1b42acc855dd213e22db34ddce427366506,cd4b740e64ef1ee211c959c455ac4db49a114ffa632143aab682dd4a7a8fc06f,dup_cd4b740e64ef1ee2,1,True
nazario5_002042_e25f8925c9bf,094e198980a25934a1b52846537b90de86ac9d568fe2fccbac8814aa9f61ba94,e7b9ded05bb4c7531aa0f6627c3737af644e2e8a23b74597aed84b95bf7d1d09,dup_e7b9ded05bb4c753,1,True
nazario5_002043_6eb96f8f84d6,7dceebce7ba632e4d16390233ccda2d704d6b452780d2510da0b4762b9febab6,c5a58339357d20cbfd58e83f334269092ba7555321172f80e0aab2f66262a6c9,dup_c5a58339357d20cb,1,True
nazario5_002044_ae668dd071a7,e2a590055e855a0e0073dd5d9589dfb354ddbb00865f196336fce5102509fe25,d9a6033a22a9df8763df39ef97d6e1f19fd01cc874fc0f019e6d8674e742b657,dup_d9a6033a22a9df87,1,True
nazario5_002045_054ef8b035b9,b8f7f8f6f1def30ddd7ca1e283b8607219e69c0b8a6ae675b2b1ad43d37bfbab,5fe55f7db674bd5dd3f80cd4f7a4dbbef0c8e83f6a69b63dfe799daf389e06c3,dup_5fe55f7db674bd5d,1,True
nazario5_002046_c8bb274f615d,4fba8b51cc4a5ba2152da4ea2b3e519cac37c3e073bea8d564371cce4962f24f,25770ba92f2bf6b68bb6ad52ae0c7bbe87ee260ae6858510c2349e6bbaf7c01c,dup_25770ba92f2bf6b6,1,True
nazario5_002047_3960e4cc1638,9baa68ddca20ef88abec05c5a99b59cf3aa5e06505b0c919eb2d79ca9b020ddc,d0ab3d56a4b0dc46d46d6a3dadd9487b99a53630523c1840111dc57350ade723,dup_d0ab3d56a4b0dc46,1,True
nazario5_002048_f411a90aad5e,fe6890fbad1515a39ebbd8a9df7253502cc7fd22760b5ddb335a5ef9bb08b055,c1dc1583fa36576b94c52055c54da64891b6f30154ec6e326163946c21e81784,dup_c1dc1583fa36576b,1,True
nazario5_002049_b3119cbd8bf8,b8182f75f9389d43b009aa9266285c6641ab379a80a091acc4dc25506f010f66,179741164844a6fd7f3924dccb0c75b03d65885547be1ec6c14c00b3b7540611,dup_179741164844a6fd,1,True
nazario5_002050_01492698b012,9fc3b59cdda0d8ffad295281c0106c500b8ac4340ef9ffb93111448fb9b0dff9,98f04e389518863c0cdd6245ef6c7caccd832f6a2446cce7a0cd46ecfda9ee70,dup_98f04e389518863c,1,True
nazario5_002051_d1298265baa9,98e6d2f9bb180f00c654f72589f034c52b4a193750b81822d5b8415992de8d27,6128114f407bc82044624719ef3c62d20b0b523335ceb8132711145a47b32328,dup_6128114f407bc820,1,True
nazario5_002052_ba67089cb35b,a660f047bc73e432cf60b435d5d108e54108595a7566e2032568ab7d3b6aa80a,a65a6b5b5cee71b3a1aae6c49c18f8dc9a7b11a798211e945a6d46d17a2d5831,dup_a65a6b5b5cee71b3,1,True
nazario5_002053_966b78df6956,44d6df4d7cc6c0b196ab8953cd1551f94378f2eb03359888ec98922d17c3c401,0a5829ead3336525dd79ac833b5b9e32bf31273d26d2c014120010dd7ae9204f,dup_0a5829ead3336525,1,True
nazario5_002054_d029dae1d6d6,0b3d4a5d486e8d16d3cfcd7c93380c9f0e3844c1baa2266e72a637eade1721e3,ed95d8d605e6da3a32383178a8aec0fb7e2f1b9053779d78f23c3ac5d037f563,dup_ed95d8d605e6da3a,1,True
nazario5_002055_5790fc9e0f07,4fa87f88cb9b0c9bcfb685a94097a85aaed39d52e96f041e70b0101aa8bd1124,4fa87f88cb9b0c9bcfb685a94097a85aaed39d52e96f041e70b0101aa8bd1124,dup_4fa87f88cb9b0c9b,1,True
nazario5_002056_a074be7d6ae2,bd9a4bc65771e4bd105e27f7ae360c1a7f82d3969f580ed224fac98a38aeae6c,4b13674ef5a5ddb0689095425bdcafc0af23e49e85c5462e1dd2151318498781,dup_4b13674ef5a5ddb0,1,True
nazario5_002057_1ca45a7e8020,69da82921bdabf6268f02b6613a32ba0a151cf0ba3cb238ee2c75ecd557e6697,5b92ba27bddc6fac943743ecced51412677ac9118208fa42ad65a8a5fe15d75c,dup_5b92ba27bddc6fac,1,True
nazario5_002058_84e38a2d526e,8c11f97331750c75411908ab3195984fd7e7450a77c65d492870d2aa2853f985,13afc9c412cd51d2c8ab2d4f263531e1169f34a18064d6b8a1dc2dd4f965a378,dup_13afc9c412cd51d2,1,True
nazario5_002059_a6a7cfd1143a,fac1a7e56f976728f7c079ef7a120a33b895f5a8ac4d330c83ef386f4d77bf79,54a4bbd1d795c1a36379998d809a2346e794923fba5d9aa2189c075436036db8,dup_54a4bbd1d795c1a3,1,True
nazario5_002060_fbfbef04bda5,19dbd464be5510450895ab199cc778c3e0a83837e39d890a5780c8ba02d070d5,00879ca397a507b8dad4ac4b5869ef3e7188faa24493b8d099e92e0cfd1145e2,dup_00879ca397a507b8,1,True
nazario5_002061_21068af5b445,44e095de8ffe22418feed61f032635e1a7b566483fdf74d07e451392e1082807,868f047f784690a48961590bdd5a92dd780e7f187a74df76b1ce1fedeb7055c7,dup_868f047f784690a4,1,True
nazario5_002062_98c502fc070a,9b8557590bbc05e199104776fef9699a9f41208d386929aebb685b97297508ab,1655d8a496019cad182e2511290a5123f2db104f961dba57ac18aa9049fed452,dup_1655d8a496019cad,1,True
nazario5_002063_92111d38c386,3e1bccb0e681cf13fb18e38201930a98329ccf57722c9fddccecc2edf0cdf377,348faf39045407181e8d5f0666425f4ab60970079f529779279d2a6e248ceb60,dup_348faf3904540718,1,True
nazario5_002064_df1f46ecec00,c926610964606285a90865c825f28898bbb8d5dde71deddd29d8a45929679de4,43240e1a515c9a23f6c75a7749c283f4c98126d1ad118351346d07e5e92d2624,dup_43240e1a515c9a23,1,True
nazario5_002065_69e3517f40fd,b0e7d9001a4f0d19e9bb594841e5dc28cda14130eadd497a58960e7468c59389,47557decb28a0abd93cd8fef2d3864ff61cbc1a528de7374e4907649034ac8a7,dup_47557decb28a0abd,1,True
nazario5_002066_bd554dc70323,b3cd458b0566417a5d53d8d6241f0a3319f17f20a4ce366d8e90e2d49496c403,fb7531f0672b5e9b25fe82284320e913e4fd5453bbd9bdefd2ad8ab4f0c3949a,dup_fb7531f0672b5e9b,1,True
nazario5_002067_137742afb5b6,70f88acaac33fdf8c1e3791c9fcd936de15778e1cb486a9ccf8b5cc76377a3a5,bfc7397b132f8e53f0267784f4a8365a92320518885447a51f7b71fd4458230b,dup_bfc7397b132f8e53,1,True
nazario5_002068_a8bb9daa6e94,d008a67fb40fb0cf8e64511c94a33caf797e2e2d08fc7f3107710d2c0b45b641,2a3b2a77a89981bcd16fcdb8a916de7396bf92b13a8a3f3b6bbdfb7faaa4414a,dup_2a3b2a77a89981bc,1,True
nazario5_002069_c01ec434f6f2,14be48fe6cb0adb88da285b4ff842724120cefd89be0cd68aa4d6482350ecaaf,d3affa82211b3234802527dbb7a529f969a6310ee671a072f15bb477c2ad9650,dup_d3affa82211b3234,1,True
nazario5_002070_5261b6c0034c,ab75412fa168cdbdb5e2377ebc23c5fddd4448d87a738bde7ff7b319542ae527,2a0b9ebc07e67f96c961d89b0fc9f3b9369503b7d54f3996bee37b73eff111a8,dup_2a0b9ebc07e67f96,1,True
nazario5_002071_929765d13487,29fad1e82ed6fd28abb4066680751d01dcba692119e893b98e9701f15690839b,29fad1e82ed6fd28abb4066680751d01dcba692119e893b98e9701f15690839b,dup_29fad1e82ed6fd28,1,True
nazario5_002072_87cbaf19110e,968603193c9007cb47e8b822a03941439ee9dd1fb7a27eec5064023402bfb9c4,110db27f9f466059c05f1ef41ea496928dd5b4a32006bc6b0cb0c7d465dc5df8,dup_110db27f9f466059,1,True
nazario5_002073_d179c553d518,2bfe7885d644a1e1d9769b2544bcc4dfdeeeaecddeb9d826e4c13ea0f305cc4b,03e2a3f134b043e42ee407062cfafa90c1bd4d32f323650ad99ffe62c96dc120,dup_03e2a3f134b043e4,1,True
nazario5_002074_73b4e71c5848,b03f19bf6b4bf9853a466e2ec3f9541329c9a6db9f743de3b32b7413e198bfdb,c8f41e2ce659b7811bf90ea0643de9a6279375efb707d23bf4d7a402ac7c0fa4,dup_c8f41e2ce659b781,1,True
nazario5_002075_e43221cb5723,d3fa968739e254780180d67aaccf9fd6f4870d90f9de6ffd47bcce7df333ab6f,29cdf77def08a5e4b7ee079eb5d3ddde1a2eeb2c13f17400e9b57ec99b711cbc,dup_29cdf77def08a5e4,1,True
nazario5_002076_33918085fb0f,6fe464f88fe5647dcc05cb36684e62986293d1095df7910819c2e3691685ef28,c36f899c314691c2434a35f9ee7c9b6ef0e31d2580107cf762463ed1d272319f,dup_c36f899c314691c2,1,True
nazario5_002077_3db84a954d55,a5d86c7cd9c30de62167601971aac94c1bdbbed589dd1029ca13c4d0c3e0c391,325ab7f4c601ca4408e1c64ddf6575065ace41131776d20a3f69ace22e74eb3e,dup_325ab7f4c601ca44,1,True
nazario5_002078_295a990d7cd8,c58c55f3f7df90445bb1198fb24ea0a6316ca21378a4929a8095f050ad0e218f,7c1bfbf9293b0a326b14c4a8734cf91fb9f6618f5d595a996ff05943fbafc8e8,dup_7c1bfbf9293b0a32,1,True
nazario5_002079_73eb940a4ec1,8d480a84691442fda6e7bb1a3edfb144dbf4a47fb6cb095ebd16e73649d3f974,233c674646901dfe354c42b1567cd781a23595b7ffd1e6acde62279879c63f1a,dup_233c674646901dfe,1,True
nazario5_002080_de930a2d1170,66d95385a1b50bfa962c958be410a29732373a650dd91cf317d641235c3be760,d5c118914113294a5f09f53e046f6730165452d2236e2b40f76d22270c538711,dup_d5c118914113294a,1,True
nazario5_002081_174de679db13,6442867edfb479674a271f60bfa8c76e8cfcbc27a9d3c03d2c3d12e93f97b15e,83a4fe5b08cef2c67fd2fbdf4604b747f20663deb56257054470ed30c41b8795,dup_83a4fe5b08cef2c6,1,True
nazario5_002082_6cc0c88f4611,fdfe50d32d5a483bd7b2979a72d5cab4c8acaa392d4e569933f23c58227eb6d4,87fcc32db532b8fe22d2973b1c4bb220d0af91aecdb16a6645e91fb16640fc32,dup_87fcc32db532b8fe,1,True
nazario5_002083_5d5c2061ec42,b6769c2398b21cf10daf1dfd77e77851c66c8c1c0ef3db868b11426d74b00987,ad6e2a5ec9e8754f5dce768bb18e8bd11fcc6051b5247ea5d2b2b7b3d2bf82b4,dup_ad6e2a5ec9e8754f,1,True
nazario5_002084_fdc261a5a7cd,2209e57ca3b7c06ae556595fa2937d771e5e71e5c90aee3d3127eeb8321aaab9,433c6f7c1670a6a2fda0bedfeae8fc53095d37e158b05ac6a85b7a52a2ab20c6,dup_433c6f7c1670a6a2,1,True
nazario5_002085_b48d0bbcb8b4,01cd265754c5df8e8a376d099e6e3fe701465c79d5a53eb809cd04ed2c9f529f,3dff718741ad28444c3c8d1ebb5dd5bc1fc81d9ae85bc1aa53ad01eee79a65b0,dup_3dff718741ad2844,1,True
nazario5_002086_6ba3a5247ef2,7ef20cca917f4f3b1595169dd58f1e00e6caafb7d7ca8f6da5f3255475035e09,b44d6e20b62e61791e0adbadd3f8fe352ec54f39bafd3bc983cc6e65a2cc1caa,dup_b44d6e20b62e6179,1,True
nazario5_002087_0a75eb84db58,8912449702c5d867e8f361dd1c41326726dde1b124930b39430e00d53394d6af,b8153882360339c7a636f3f6b3506824c7583db69a067e10ccb721d61977323d,dup_b8153882360339c7,1,True
nazario5_002088_78c081e87ab5,54e54708a20f9729dd61fa5f520c46e72d9bf01ee7bda422d39d23b55e888aff,3d931dd31cd34660a88343b0d6da76d073c0206ac4a8612547e09c909c90a0cc,dup_3d931dd31cd34660,1,True
nazario5_002089_0c24f3507e67,47bce249e7c9a9187494fe37c9b004f2b5c9238c9c82fd205633f7c89f24a8fb,c2336aaaad79c35d8492a0fe4c057ee2b72e997817736d75be6af84763780bfa,dup_c2336aaaad79c35d,1,True
nazario5_002090_740e0e37a1ae,b79e079c182796c9f9c4c60e5b3570686a128ed6648fc2fbdff54168aeb45370,193c14d02857a2fc025045861261d1d309b0db9caf98e630df2e693cb83a874a,dup_193c14d02857a2fc,1,True
nazario5_002091_997295c1f28c,798ec899e4b51707ad6c81cf185a2ffc91817c9e4ec130dd1937dae0465718f6,e03b8100e63a778861b3c5f8fa77bc511c8010776c153bf25058cd083b5fda2b,dup_e03b8100e63a7788,1,True
nazario5_002092_1516ee01a9b1,450fca6bc91bf77442137ada1a9ab359ff6253532caf2c662a2745cbbc6d2029,663cf7a84b95040c32b15c90d202244e909a61edf2e421e845b0cad6dec362fd,dup_663cf7a84b95040c,1,True
nazario5_002093_6039068f355c,1ed93ecf0d92574ef8a193a654761beebc8c2663421af9e5df9e76806e7c0e9b,be8da3872dbb497534f85ec4e1e1008b6082e060eb87dc745eca1408d23d5494,dup_be8da3872dbb4975,1,True
nazario5_002094_09c55889cd79,7e849204da7efd648d6a163794a5e94cc71d5d0c9b93786b5453d7c515623b79,31cb5902cb0d0589380e767ead5a0c731e640a54165a115f99e769b849446cef,dup_31cb5902cb0d0589,1,True
nazario5_002095_0c4d6edddd60,497e15c2a43a90a85ee5114bcb2212475b9e40a2e82bc04b8f6ea4f73966f3d3,92ef64386707758984078560080a372fbf0acaf31ac9f8035043184a0fdec633,dup_92ef643867077589,1,True
nazario5_002096_d29f9a0ae472,5f1b1b60a1d0462a936971be422d03da6602420a48aba9cc840bbee52ae556cc,cb11dd85e07044fe30a420f508f9ab6b7600c0b9e9880b91f0566482827981d4,dup_cb11dd85e07044fe,1,True
nazario5_002097_6c35a5c9b71f,102e8b7ad079108e164f0b86a6a343b0eac2e64d0f060c2b1301548dd99970a9,ba92e04f192b14d78c82a707250ac40f26591ebc072ef23a620e8473ffb8a819,dup_ba92e04f192b14d7,1,True
nazario5_002098_1a41f4b83790,109b0f073c3127a06d4fd357ff329f4e7f5b44f5c747923cb874b57f67c86fd5,a7979cf585708e5a95940d0037c03b6b5961533fc3696ee3c3952cf49a735bbf,dup_a7979cf585708e5a,1,True
nazario5_002099_af5ec4d6db57,54b8a6b7218e0942eb471ea65b447bf8e7ac8f30a64a96675b2ff32031a1c5af,42427ad74c4a4b5f165abce843f574f3c47470326ea0f4220e9736de4fdbb363,dup_42427ad74c4a4b5f,1,True
nazario5_002100_c0713c43fade,285cc107c7aef927a0cd719c072ee7e6bb1c70a8108d711f1edaf94073b67d71,285cc107c7aef927a0cd719c072ee7e6bb1c70a8108d711f1edaf94073b67d71,dup_285cc107c7aef927,1,True
nazario5_002101_6cf908550cf2,210aeb7ebc9ab53957ede99e4b9de053d16331824bad94048605a7720e4a750f,e18e1b79dfb7f7c2aa4eb7588bbc44016935b07e13fa3224011737236c70fd99,dup_e18e1b79dfb7f7c2,1,True
nazario5_002102_15f6b0aac9a7,c98e88bbbeedf5673b99d102f849e99fc6b804d75473cc5c1decb2bf833e7d28,9b6424aec5d124f2020f824eb799b9b4b5197634c5416a575945cfc4c48043f2,dup_9b6424aec5d124f2,1,True
nazario5_002103_9c33e0bb7914,c6da5744cb385e5fc9c1ea6b85e05396885bce7ef48aaacc6d4dececa18d0957,4d37d6b9fb948747fd4ff1e06147e6af088a55cb96de6a374c289ab534d0d01b,dup_4d37d6b9fb948747,1,True
nazario5_002104_6b916ee8b077,8977f85758b2fcf439960051badbadfa8bfc1233a6213ea6544aae03bb818b8f,b225058067b6e06631f7afa0845fa602611f9cb4c4a28f3d56d1485a29257ced,dup_b225058067b6e066,1,True
nazario5_002105_b4e702f5c055,d578639e93945f93339e1e3f3dde0eff2e0e0b7a4aa485dbf5c898d4245afce4,60d138453a8551c6e5cc7a481fe5d620093807fe4fc42e3584a168e51b50778f,dup_60d138453a8551c6,1,True
nazario5_002106_6813c30d2d7c,34f147fbfe1b8f07106b22b9f77454576d90aaa815c96b82ec723fceceab4651,e055e92b6be3624c9a06bf19d2de090c8308cab3ff5c488d4e05ae13f34b2fe4,dup_e055e92b6be3624c,1,True
nazario5_002107_83a8ced626a7,6244a3e1f258c041d0ea8654826e0a6d15dba09baa9d22da98117c7663de0473,f456ef5926c6b282af7e50a1213fef125ee9f5fbe01fab754c0859124a52a583,dup_f456ef5926c6b282,1,True
nazario5_002108_a18c55d38216,6efe5a0bcdaffe1f724c42a05a1f7f5eac7d5cbcb98f7547b85cb9c501d6e834,e9ef901a8e10c7a28c4cc84463f9eff20e1a78a9abd34b420987681a15b4e338,dup_e9ef901a8e10c7a2,1,True
nazario5_002109_f93bba39df0e,da5b25660f11f11b69185784042090487ba688dbe6f1ddee0f6690bbddbe2fbc,8fc15dd2ea92e634835f00af05008c185650e7cbd9556d7f97222234fd0e09f3,dup_8fc15dd2ea92e634,1,True
nazario5_002110_664439d50c3d,476cbb10411629a8cdf162089da6869161af542d62e002537dea031265530d67,5dbb2ff6800e0b9ccd17625ba6c71bfd9ca42e91f895bca3bfcb356ade880356,dup_5dbb2ff6800e0b9c,1,True
nazario5_002111_739524f48660,7a91e1da12c1ee8b53723eef49db00f2b073a49a30ac638446a10ce2b61ecd97,b8978473960a659251f160f886349774975778dc2b54d5be31a448eb2910be6e,dup_b8978473960a6592,1,True
nazario5_002112_a68f5840c1e6,4803ec1258d3d4209385fddd0609d0009077f9c63ff1c1c0d043a15ff842fc77,3d63ac9d87464386f236be542c3ce1a8600f737093cab2208bcdbc153c270f41,dup_3d63ac9d87464386,1,True
nazario5_002113_78a656200783,8082b939214f8405cfcc24690e3ac82ad6d535c96ebde93d33a42e60b8961996,15096c4052375dd892b9125900886e4160b402f47a3330a21027f7eed0694791,dup_15096c4052375dd8,1,True
nazario5_002114_b48dbb17d8e2,7a236befb603597d0f882ed28b93f197798ac6fbbf05a1d233e41bee5536ad43,37ab20755d8bf0aea6570be4c479195e73af69c262f69f574e3390f6479fa1b6,dup_37ab20755d8bf0ae,1,True
nazario5_002115_92f9dc419915,4635485e301aec421b2d5f83b73f1a384524c52639ce0ceb80d39920db0d9665,26ff02833589f911848b06fb60eefa1b0cd0d12e29986099717ea927c9522eab,dup_26ff02833589f911,1,True
nazario5_002116_cba69ad641a8,39d567050c7a9684f27188901f3dffa755e954fde71efbb7d009134fdca9f5b1,a709e0a86519b295906446547b2655f37b3f48f02a39ff5a7c9e9127dba5d301,dup_a709e0a86519b295,1,True
nazario5_002117_60777061b637,543e20e76e6b536023850077f849eeb0beaa6868d0bc4de3e9177a57673408ed,31aa81c9790e88553c772e7ba1f7db96dc4962bdac4490176e6511282e7408b1,dup_31aa81c9790e8855,1,True
nazario5_002118_1cc3566fffd0,ffe50e26e8dccaeadaebcf4c661f50ad3892670a2d152fea23d29b85644f8fac,84960c8b01691afc69f8aedf448672f68b8c6598ec15b364e937e97ad6c9ff42,dup_84960c8b01691afc,1,True
nazario5_002119_8f27d9d91aae,161f9aa582d689191fd124276df2129c6173112a739d107dc52f83ebc395c26d,816f1014bbd193f01df96b4b3429d9d63568946e78d4869a17da970c53678cde,dup_816f1014bbd193f0,1,True
nazario5_002120_fcfdf46ae46b,dc274a7bd4fda781cc58a257c4aac0fbc839a0bb1df6bae3d8be32b3eef17b6a,c245adc93022240c183d02258f8d1f65d8864b3935a574ed22ff3a518df4ba8e,dup_c245adc93022240c,1,True
nazario5_002121_a36e0f9d560a,f403d74878abc69a9166f9546b1f1339c19e19d61750d54b536e947e2fbf7e85,f403d74878abc69a9166f9546b1f1339c19e19d61750d54b536e947e2fbf7e85,dup_f403d74878abc69a,1,True
nazario5_002122_5c9736c0eb17,da6908be3e9ded755d0976dae29c20fcda7a9a0b155eb99eae351189c23487f7,9e47f67e312f7b5da80fde5ab5dba3a06d05dec89d5acda0343a18066bf819b3,dup_9e47f67e312f7b5d,1,True
nazario5_002123_67b3f488bdd0,ac5b6fc2c9d96f678a7e3d24a06f7c090d8e97c01db0c9c17931fc7efe7c8cd9,8c83107d6c07252d8163d13b4220909874c34674fc40bda441112cbf74cb3fd2,dup_8c83107d6c07252d,1,True
nazario5_002124_9ead9a6c748d,829e889dbb5f833b58372a3387ff83dd267f60f4443b791b4bfd1aa18fd2e85b,30286c892267f64177f488f1b37df7025cb437436174bca8e2fca01b03ef3946,dup_30286c892267f641,1,True
nazario5_002125_114c7bf7746e,9ca82dddb19733a65c8088190a1b8fd313038a4b87e482b262954520776f697d,9ca82dddb19733a65c8088190a1b8fd313038a4b87e482b262954520776f697d,dup_9ca82dddb19733a6,1,True
nazario5_002126_2148e786fd5d,d8cd7da43838e2f3cb5ff0dc7195f3af0ce0cbf1485e7fcd0466ef6dd00918bb,1eb3104c8bc3082b8e490669835993fbcdc89a6026e261efab7436f4d3406ec0,dup_1eb3104c8bc3082b,1,True
nazario5_002127_a75c17535166,6d4cb74ca422400fb55374a2297f9d65556a751352bcec2156be2d35ada8489c,ecc86128bd31e0d15575043b0232d6d3bad8781e2430d338ec41e571a3892ce4,dup_ecc86128bd31e0d1,1,True
nazario5_002128_cb1a0a091693,ad9e31fc743e52d243dd34f8a250666a5470400553228a6a1d928d5749593c80,fb0664792982e3b8957ff25c44e83f9e3ea153a7bc1db7e2393b858ba9d5f1ea,dup_fb0664792982e3b8,1,True
nazario5_002129_29be5ff15275,b383bea42166a35a36aaf78b64c45a4147c6ca8d1c2ae9b3573f0ed714af90ab,bbbacbe333c74777c0f57f6c8ead7eafb0ee2b3db71a0f2da8245838b09cfaba,dup_bbbacbe333c74777,1,True
nazario5_002130_bf5ecdf60b83,9ff9b7f17890f861d1bef0976d79b862d2259b71ef4603ec4bbe2cbbb2bcbe2d,2938537e3911f75dc1f1c12176427c83f7ce362b1aa97bfc7f92226ee2f98d30,dup_2938537e3911f75d,1,True
nazario5_002131_ef68196f7bd3,cd8be3fd97188bea76e72cb88ca19228d10ec216f603b9d6d9a3aada3390ee1f,b8cc6c4436e8682a3cc54e4634d323123b50d89035e59d00cdd24add510eec87,dup_b8cc6c4436e8682a,1,True
nazario5_002132_4d68100eaf67,4cb49dd0a64a82827f39c3d7acffc25618e91468c269fb4d8ed632df8d317697,62709f67e92b152d72d9866ebf9127a2dbd2a1e9c2dcfffa12ecf84236f979c2,dup_62709f67e92b152d,1,True
nazario5_002133_dd81eb9e3350,5ccedec15363c378101fea3080705bb4410c7ffc65d091e0ad959eeefededc6b,23ef736ead94664b23b6e84189001599796f2a04ec5602637ffa94373c6197c5,dup_23ef736ead94664b,1,True
nazario5_002134_2f274bee3467,2b5d7ba39b3e2e7726bd2d336380b7c1c1c7dfd6b2fc9704347ded2e0ef6a460,5ffa23e1d8655f27d0fca2328218de1400844fee8559c18b6ec3f78b950e6eb9,dup_5ffa23e1d8655f27,1,True
nazario5_002135_7f1461197032,883f37bea308b7851aa695840adaa9a773676952df4e28e8a15f0e7c2a25a2d3,bc9f78cf43dc83da91103ecad0d9e2787354fcd2d22ea3771f25749fe8cbac94,dup_bc9f78cf43dc83da,1,True
nazario5_002136_7f8e423df1f3,3cc938684fc60b6cb1db0d3a4a6f4e9ddb2054411db7e97a9738a8f776ea07e1,5f2454d34135ca4765d25e30f46bccf3c99f5c75fd5c8a7e21ec4a93783a80c8,dup_5f2454d34135ca47,1,True
nazario5_002137_f2b0d9ba4dc0,08cf6efb9f6faf08321ecd45609640a1ed490c4c4093ef980147639a87d59d6d,3ccefb025d53339cfbda34a27a018b110ef2debdcad256a15524cdc271ac0114,dup_3ccefb025d53339c,1,True
nazario5_002138_7be27f734eae,5a19a25e21835007f923b0f4ebf3eeef4f6367d30422b057d0e15e58cf690a0f,a75cc46e194cbfc26ab856e1ff8ab00ad42bf5fbd266ef763d10973bf7734c7b,dup_a75cc46e194cbfc2,1,True
nazario5_002139_80da28a7b30e,8868a2f550d12550836485dde7cd3ddd20fedcc4e25b87fff2faecbf1407a60b,15a2af6f1662fb7fbb6269ced587972ad4d4cb4844afc7d5b6b9a2983185a055,dup_15a2af6f1662fb7f,1,True
nazario5_002140_4ef19c65f239,3bdf8b60d774d8911e4ec0053a479a8a7959cdd50178d504ac3645ab519852a9,9bee899ced7d21a44f464c3d6fa873bd2a6990594a0763d5ef9d9bec372c2684,dup_9bee899ced7d21a4,1,True
nazario5_002141_bdb0d501da27,1e26665c1f9c40043cd05417bd389508459a9caa9bc10f1577b254f75c97d217,93aaa3fd84651bcdb1ba26922b4db3a1b3b1ef9aaa375d54f4d35d8a4d96211c,dup_93aaa3fd84651bcd,1,True
nazario5_002142_0d34805827cf,ec3341add0ddc5f4d160e9293fb3655b7a706e3c63cafa193c8e898cbfc64602,931171aad17c1a57b9e3170986f9a3acb6b13b8cc1a9aef6ca88248eabe92773,dup_931171aad17c1a57,1,True
nazario5_002143_8aaea9d05c3a,c66a3a763617fddc442176112abf81c310220d232a1622ff34fe58a1273c3562,f8d42b8948c7523be1f21de3994a9a9cfdde612cbe8dc6c5c0ac803d28eea387,dup_f8d42b8948c7523b,1,True
nazario5_002144_28a8c0206850,6db195bd02cc323f0ff523da97fc42887e09e2ae74950db8576120a67db05127,7173f41a210e8f587b1ff230c13d4da75489b7ce372847511488da48090c0734,dup_7173f41a210e8f58,1,True
nazario5_002145_71af432f7f2d,54be6ea0b5b9936bc9f87b62eb6d7bfba331b078d2a8fbc78fbf6c3674be1757,da81c074a1e84895b2e08e13a494152df81044226397f6b3d64b5db375dc2b5d,dup_da81c074a1e84895,1,True
nazario5_002146_20516302dec1,97d389dee11ddc2d29918f66da9230e156385218f82ff6f4ebee238a684fdf9b,14b312c82cb53a7b9d62e7acfbf610f7fe955713173762b5874103eeff880fb8,dup_14b312c82cb53a7b,1,True
nazario5_002147_d115d3cabab6,2c2eacd7b7b82044437980634b405cec75bec3b8fe59d61a18f16416cd47cb0c,c7fb0573caf8480eea77a4170b4a0531b9efcb6b1632ebf7c4e269c67b07df2f,dup_c7fb0573caf8480e,1,True
nazario5_002148_8d57da88a93f,4a2b4f86911e9e8fb9c28c831a3aca696b0435d20acefd62297da3e835e68db2,7ba1138a7a61b0582b7c25f37c64f927afd23f5cb4499b10d0f96ef957d349b6,dup_7ba1138a7a61b058,1,True
nazario5_002149_107fae2a1990,052857d80db7a246b99720545b313e5efec04f73c3c737efcd2438ad13faebe7,a407ef26fcea85e640ee6e35d62e731824f85c6a8b35868d29d9a84f6a992c1f,dup_a407ef26fcea85e6,1,True
nazario5_002150_26f2074f178f,575ba9d449ed85676ec505b0c139f7d3cd3e9c5153d2aef4a95aff78d0700e31,c544b7bc4700487428caa0513d48c6f725fc577f0599a6dcaffbd0317952f47c,dup_c544b7bc47004874,1,True
nazario5_002151_0f97098ca4fe,4d56d1798ee2a5a17b717986e349d4197fa3e99364ee93e5afecda46cfae5628,a50adeee21151d5b0d4a5a49f7cd10a56d7ac8fe87d73984eda391bbdcc9171b,dup_a50adeee21151d5b,1,True
nazario5_002152_f4ad39eb30ae,56dfc37acbced3f612dd436c9cf7974138b34f03ebe74e156670f30b34c11121,cb8a7708edb203d5bcf33bf9e050b8793960deeaf393c82561be8b1e6f2baac9,dup_cb8a7708edb203d5,1,True
nazario5_002153_3644cc908eed,6c885431cb3c1f52fde049d65b71e86e93710116f20ec8c28bf16fbf0194b953,6ee0b4ae25079d514ceea2f0e9cdce348d4b27ac17fbba67944c4e06adf37f6c,dup_6ee0b4ae25079d51,1,True
nazario5_002154_28b477cc33b7,2aede790fd1424ecf55fd22b82bf1d06b390e6069f2cae30c3211ef942c6e1a9,2e26e1d8f545ae58e477b8d3f3718bb0d8de508b047b9cccfcbef05c99a81c05,dup_2e26e1d8f545ae58,1,True
nazario5_002155_4f28850becc5,e358f8feac46d463546477d0559bebededf1c2aecab809d8553d6db35bb154c4,e358f8feac46d463546477d0559bebededf1c2aecab809d8553d6db35bb154c4,dup_e358f8feac46d463,2,True
nazario5_002156_30a4b39d6ec6,c5a9bc93b0f373f31cd804160c18c9190f0eca58305bc18a04c686d04bc9925b,7e3c1849cf231ecc19dae03e8d0569ac956e39d1b1125cbf12dba12c45026fc0,dup_7e3c1849cf231ecc,1,True
nazario5_002157_162b169eebdc,47219edf5d62d346668b90f719cac54f6d754c249f83d6d48864a20ffb13bef7,47219edf5d62d346668b90f719cac54f6d754c249f83d6d48864a20ffb13bef7,dup_47219edf5d62d346,1,True
nazario5_002158_3cecdbf4d33a,577ae584726d192751dc0c60899999b7a401288b578f1b3f2a63cccba5066cbb,d5e10586584814625573c45e0d0f13a732b8ab7ab485219bb7b41c25f1a53248,dup_d5e1058658481462,1,True
nazario5_002159_9bcad75a67c5,c354d22063e8192c5bb84850e55c3dd0044a4b9f8d659b6c2d4fa20e801f2e4d,bbea01fc76ce09c7629f8439bd730e440c706a5794ce3976a912ca792113798e,dup_bbea01fc76ce09c7,1,True
nazario5_002160_b80f5590acdf,d96129091a6cd5f1999dba12cfa0893711a22dd5b5ed5ce31ad4c5666d641556,abb6c2b196652f0a6296f7dbcfda2dfbd4fc0ea13c861a011125b498ea7e8a99,dup_abb6c2b196652f0a,1,True
nazario5_002161_b440e3a7bdbe,21bd35924385d8d6f31a6824ed3bdb9f8d9cd2e1365f6f9d45b237b127b28f43,e57b7fac686eb68ec36dbdbdc3df418874aef782a8bfb1e719997fd63c582435,dup_e57b7fac686eb68e,1,True
nazario5_002162_06a60e71266b,8e0bea0dd85c94094b954518271b603c2768f5688bde9756e101f22fc01d6278,777b57e2829ffb5aca592d3967d430d80f61f6a12aa6ee1de62397f6b9b003d0,dup_777b57e2829ffb5a,1,True
nazario5_002163_6ecb1ce716a8,28b5fa1392d9030b18a1b438143daf1d890c1c265ac147bf91175eeffa341197,067fa7deeab6de4800dfa8a5579acd65b4c0acff303c452dda33a2e8f5efaf19,dup_067fa7deeab6de48,1,True
nazario5_002164_a0df6a2a019e,a0442c1201fb6cf7060772287b24519dada484c8b3296947257d2631f7a7fea9,8f757af566f89210ae4714076c7e8465aaf7c9d06044fc3f8723f662bf943a0a,dup_8f757af566f89210,1,True
nazario5_002165_0d9b952caee5,869d1a926d0aaf96cf950b54ccb0a3e1b54eddd93b2df7ba844b2f55f14efff6,11388d913c08cac485ec003bb214b04e07dce8313f75d7c03a50ba107d0bf68e,dup_11388d913c08cac4,1,True
nazario5_002166_cc93dab8d7d4,61ffeafe242d219a433bb33cc4c14b44295fb8f18bfb50f001e7fd67bf83df11,baa1abee3bf0df9e17412b9ea98882be445f32afb86a71c5305bc9b715d4b176,dup_baa1abee3bf0df9e,1,True
nazario5_002167_4ff2bad25194,057fa0866c38e456033fdf3c52bab1df08a0a286e720e237a6064cb74b90da49,eceed489f38774c4d11a5171f52230cb5925480f9086b15a86f0fa30b6b78ad0,dup_eceed489f38774c4,1,True
nazario5_002168_061cac18f8fb,016bdb41e242c77f708288e4172c8396266a2a0306920e448c059e1df02b7cc2,e358f8feac46d463546477d0559bebededf1c2aecab809d8553d6db35bb154c4,dup_e358f8feac46d463,2,True
nazario5_002169_7d248b953624,e71140f1f3d0139f64ab991d0564f621032568170e3ffdd939e22bda69d44b80,48df8583d0166ba4fa71e8631338817a6c8a48c765823eefd43044dd7846a028,dup_48df8583d0166ba4,1,True
nazario5_002170_9a303e90da39,e29e5de9e622d753d2a31897de8fdee71754bcd36aa4cb7e87adfc07bf53699d,b87bee5bf9d95aaea772a1d8cfbbeb18341845475dbac6056d38beddb470bdcd,dup_b87bee5bf9d95aae,1,True
nazario5_002171_ad86a9628887,efdf8f939eb35e066eeae48be671a4ed1c72dd8c2616584e3837f5947ea951ac,5ae2ed506a2d2cdc0006ab711139481d4ac79d8f0a38113c2434356742440ac5,dup_5ae2ed506a2d2cdc,1,True
nazario5_002172_9e42cd487db3,131ed933a5152334c88a62fb62748d0b8cec0350c307d484c62879b0c2922df1,eb2e7399f9bfba9e673d1c5520403a97a8c421bb7f6095331f1180373485aea0,dup_eb2e7399f9bfba9e,1,True
nazario5_002173_8d9fa58a2f58,3f1e5daec6c6474056db15f54f795f871467ac2fbc8b1ed375f6b0551ed017ae,a8e151ebb0c68dd72b1cda42676e2f39d33b8d79c93e5a5df5263275f39c722a,dup_a8e151ebb0c68dd7,1,True
nazario5_002174_d9f0679306a6,635baf04147ae7acb3228c8cf1ad8cd58053d5d45dd3d4f3c3463de0a49dc716,9ebf52cccfa6bdc22aaee546b3b72bcd6299f54b94552dd8ac569c5dd0c1a573,dup_9ebf52cccfa6bdc2,1,True
nazario5_002175_d60c7b0215b9,bf374ac1fa091b9f439de7f45bd5880b4684e471cf63f05f4b1ba6343e1c24cf,e3d9b9691eed0eddf165238d1b2532d1618533543bb60d39728a37bb21022a0e,dup_e3d9b9691eed0edd,1,True
nazario5_002176_4ab36c13bab7,259b4d3ecde3d50e62b304a6217676cd5d9db77103345061f02170c5d67c4584,a2add85f2722870185ffaf208870864935c6751c8d5a2f45ca25701281e77acf,dup_a2add85f27228701,1,True
nazario5_002177_58ba90cd2065,d144954de75015d4401122a4499131b022a989872715a20732e767afa9b5d50e,d144954de75015d4401122a4499131b022a989872715a20732e767afa9b5d50e,dup_d144954de75015d4,1,True
nazario5_002178_22dce8e6e4dd,57351dd59c67baf4168702a968af7aac2bec1d1fd2a2434330d41b2d19ec5f71,2a110884da7dec00d47f098d2f8ee3d111481e784bd0b40a5eff4e9ffd96ec30,dup_2a110884da7dec00,1,True
nazario5_002179_cfe9b699136d,537b685c4ec57d9e2498ed0e566fa2236fe557f1221b107c673bc8aafa4b7443,498004986423ef87cafd0ffb51d5dfb4de00f0d5c363572d6dfbe5f022475484,dup_498004986423ef87,1,True
nazario5_002180_5f3c7ef8dedf,4843565a850135ec8e5ee7e72e4d09cada453b04d5e806c61b7e06fead660282,a0fc742278725c55c1137b360600cea37825d346f82fde5b659c19c0a2666ca4,dup_a0fc742278725c55,1,True
nazario5_002181_32a27f8afbe2,37ac224c1dba01c0e184a440bc65f77ba332e601036372dd014592b85d9a5a0d,b59e9073aca45c1201dd91b04ef23de37905c8ad00f306898dd575dec1462c09,dup_b59e9073aca45c12,1,True
nazario5_002182_d619990a90a0,73068a936ceaa56fef06b71a0c209fe8baecb7d44d7925bfb73584b232480128,10d00569bb4912f80763b7acfd9f02134a6ab30cdcf6f76d758787dad693bad2,dup_10d00569bb4912f8,1,True
nazario5_002183_ae8ac69ca120,97be6fafddab0203852233500a8d30433e3c994c6a70f06af794098314d4c119,bd24dd3e8526c5e553746d45caac9e928380440c363cacadb58c072badbc50c0,dup_bd24dd3e8526c5e5,1,True
nazario5_002184_eacb4157556b,edcba8ac75e909343a00371201f82a226c8c08afa478f34bf15481f62e6711e8,845051e717f0f0fc7b9e8672f1e6f5ced4f83b03c51aed1e75a13ce63104ce1f,dup_845051e717f0f0fc,1,True
nazario5_002185_da523a166d86,a27d0bc8c7a55c566f5ec0267ced87be90b354d1cf4c3f450f152063eae70898,f87e5c8265c452829c7de0a2cad0d9449e96316747b905b6706921c5fb58998f,dup_f87e5c8265c45282,1,True
nazario5_002186_e67fb9c92c3f,ccfeee1859ba23835995be295d629eaef035272f5338516508289c07fb94fcd9,4a26e362c29cfd50457e37d68b1f4a34efdc9b49114bd0b4d931107a99045fc4,dup_4a26e362c29cfd50,1,True
nazario5_002187_fb1f2f469f9a,e3899ae60d361e29313afd309cab7db45aeb477e687457fcf6c3cefe023ddccb,e3899ae60d361e29313afd309cab7db45aeb477e687457fcf6c3cefe023ddccb,dup_e3899ae60d361e29,1,True
nazario5_002188_0acbab3c19c1,1e8065b7beedb370f21911852af4577735a883a42db3daf9e0b53159c5bd6190,dd3d5304b403ec3591b5b980b8f85b8128be96b2d3ff89a06cf241a75432d67f,dup_dd3d5304b403ec35,1,True
nazario5_002189_d776c2620130,92f25fdc3a509928a270d2c1e06328b74498b64290bcd10ff01f1117b4058acc,01dc54baa417ba9be24c823bcb1dacdf947d786cba5c73e1eaa2647f1c8ec1e8,dup_01dc54baa417ba9b,1,True
nazario5_002190_fc7709bfffe9,092015e11b6cbf39ceac4a9b2664e827d59ac9a02428124601bdc973a8e8beac,c2edea849b69018229c454bbce59579574ffd3a1a59daa314b71fe9d3b475f15,dup_c2edea849b690182,1,True
nazario5_002191_58adfabac0f1,b0e93aa21bb4fcb87f2eda38167c9267011a67e35358a9d1007b9da69b1c6c6a,b0e93aa21bb4fcb87f2eda38167c9267011a67e35358a9d1007b9da69b1c6c6a,dup_b0e93aa21bb4fcb8,1,True
nazario5_002192_2f85c8055146,07c0248b4c8748f040c8bb5fd9a1cf8bdb2728a2890a9d6a5b4cf752acd3477f,0fc35e4bec70fdc2f287ece9ea1d847421a5deab4185720be57e2de87d86fb07,dup_0fc35e4bec70fdc2,1,True
nazario5_002193_bfd642ee8273,f65f8911ec630dedc69007737d5fbf1d5c01ef01f9f5390948b8e3d04b347577,c8b241b167d532be32c9513d12a41521aa496b4eac6867614807ab6000450908,dup_c8b241b167d532be,1,True
nazario5_002194_2078dc0b018e,e28f5395bce37e022e61ce5215653ecb3dca4cadf42d4ba16d7d0be20816a44a,e238cf054ea94d559db4b2e1fc97729ef8a38fbb45026538bfca38303045f328,dup_e238cf054ea94d55,1,True
nazario5_002195_185ccbd055c6,7c9d3981cc1176d5026e60658852ff65baaca01aeebe01e8d074b47bdd48dc5e,f28e3d2925c0909934352fc1478226028d93734d45c0ae1d831edea7692cb89c,dup_f28e3d2925c09099,1,True
nazario5_002196_f4b1fe10ca8c,843bd8336130fa534d11d6a170ab4764579f56dfbc3a4f53acb1cacdc1ce6264,cd25aaa898cb1dd1f2e921e74a116a829c99925d841d669c30885c66e4d8697b,dup_cd25aaa898cb1dd1,1,True
nazario5_002197_d616e6365c3a,3d69de51c4d2ead6dd745a6021e0a9d41451c0f5f1252e9a9853d10068e6ffc9,9b6167baef9c6ab8bd7e3e904ca2ac43c59aff5caf9dd564cdb2c8dbcb71135a,dup_9b6167baef9c6ab8,1,True
nazario5_002198_91200dd7f9c9,4bee9e998190fe6511d0b4129f4c7ebd661e0b427d0f75dd3e0d7b57b6260da5,1a5f597527cddb299a60e2c93fadb7a201433dfb1544434df99b734cc6888242,dup_1a5f597527cddb29,1,True
nazario5_002199_74e31a5ff4fa,976978b14ebf1af6eca109aeebb73ad51ee551b68959fa188bc2025339f82822,976978b14ebf1af6eca109aeebb73ad51ee551b68959fa188bc2025339f82822,dup_976978b14ebf1af6,1,True
nazario5_002200_888feb243048,6582c151eb8491bee6b5a1fddb20f968b3ae76da9239a66e29230084e39f4a50,4a3d44fa5a7f876f367664a05795d1e03b6ddef44d57ac9e6f63d73d25b976a4,dup_4a3d44fa5a7f876f,1,True
nazario5_002201_92a7b6673bdf,15ba47db168f7f60f7e797ab98780add43de83a89cb7f0fcdb5476752ca2d70a,34d763d0d966b4b08f2afd20649720805569da53826efe475e370aa3c77b174e,dup_34d763d0d966b4b0,1,True
nazario5_002202_9575638728fc,9d6571d976b19a249fa75fc1f7ff3e71f0b27ec4921a7b968dadf5f10b0b97b5,2866d6630f4c4a356bcf067193e708e31ca0567ec036e01932ab4e6e6b0ed81c,dup_2866d6630f4c4a35,1,True
nazario5_002203_8e19c0e80a9d,27b0eebf8a7d9cb3ab5c11345d1a4438fb1dfb6ce7debd093644eec9e1d9df0e,af04743852e30cdd89952b7858bcda7d346801baf57317a31c751164e1c5529a,dup_af04743852e30cdd,1,True
nazario5_002204_5a8f4241fa0b,747514abc045575a35d8aafc15ad519e46639a3526580a61c81fbd7b8198c4c2,e4c13cbd581cf691413abbb337b4492582a5dbb5fec7ac1982ccc5b5637c03ba,dup_e4c13cbd581cf691,1,True
nazario5_002205_03b9afea0538,efff499a22206a13181ee6b69f84897217dbb30f3afdcdc1c50bf6db6903b3f2,ce238d753a738ee0561bb4a36e630b739f99ed94f693cea0f25792c848c5d896,dup_ce238d753a738ee0,1,True
nazario5_002206_19265b18449a,22938a85f42a7eda0aada04dd7462fc0bb3dec8c9971f9b03fc5dfe1a962614c,e7601be27584fe47c6bc4da916043c4456edfebab38af5f394bfee5fcf1cb5de,dup_e7601be27584fe47,1,True
nazario5_002207_31b4b683d637,25c29790da5fac53641be48029b6489e2e8d53c1c805823dcbd0261b2003df8e,41c6649c697229ed9865cd8648761f8ce81a66086ae38cff351fbaf3def00e57,dup_41c6649c697229ed,1,True
nazario5_002208_a04b1584df59,a009b643c0f3dcaa8ff78453efc4c8491492b76b7bbb5ab8ea8a291d4fa39d90,4e25b779d02d44e570ca69ca2bfc2715005551549030317c9380aab53396c157,dup_4e25b779d02d44e5,1,True
nazario5_002209_780b5f2050cc,d4c88a2b9bb2804a947316ff804c2ee01a56c0458a83cfdc7869fd37791c2a2f,c10cc91ca73ee8dd3a97675a1441997d8c15c6d7e0ad8f846f2820c79b0292ac,dup_c10cc91ca73ee8dd,1,True
nazario5_002210_3cd244b9aa7e,f6346fc400ca46ffa7525e7fb55409a50bcf4f02c76e4110d96d78123ada091b,f6346fc400ca46ffa7525e7fb55409a50bcf4f02c76e4110d96d78123ada091b,dup_f6346fc400ca46ff,1,True
nazario5_002211_90f295a256fa,de61b0b33fd4e4fcc7a547e429b9acd8889d83a411e9e55a8f0030f9827cced6,4f77085468a645af6685bd0ce5f905743362692d9f1f8f62fad65aa336b6e381,dup_4f77085468a645af,1,True
nazario5_002212_967c2cbe3a7b,d9ec94d1ad5e5eae1e13baf14df97dde7e65115af4229155bbe6941a18f60802,8908b895b0a8d98edc4d68bba78eb817a94bdee11d05e950c5fa0ca909e113e2,dup_8908b895b0a8d98e,1,True
nazario5_002213_aef6312ceba8,ea703ddfb10de6db42bbd1d0a036e42baf48c9f02de04ab8758c9a20cbd096d0,abfa66c7593819d8e4d5c2e122030252872e8dade9981e96892a529d66347108,dup_abfa66c7593819d8,1,True
nazario5_002214_c87c8fe923f9,40e0a9fc278dc7f4a94df13dc7d2dbe16a64fc540b375088601e3537da3358a1,40e0a9fc278dc7f4a94df13dc7d2dbe16a64fc540b375088601e3537da3358a1,dup_40e0a9fc278dc7f4,1,True
nazario5_002215_b40b9fb7cb69,67a6ad4a7fd1e2d37619ab4a298fb4ad494b2ff0eb02bdff0ff95ec3d6a2f8e7,80d7e4eb39353f3d8ddf3b570d70869b0458e98f11789044e965a6a2f4cb51a0,dup_80d7e4eb39353f3d,1,True
nazario5_002216_aa2d769f66a7,648e1464d8d5bbfbc339694a13308807d74a9ac5544327235d62e2e403c00722,8e4d2259ac00618df675d2967bf8c830280b3b4de79a67d239a4024cd7c05abc,dup_8e4d2259ac00618d,1,True
nazario5_002217_e7e7193aa3c0,32c4f13aa0892cb0e267eed695626821414b155eb9230cac969250a79075ee0b,7c539718ea7599b43d51969a14c44e8e8e06aae314d05a0a179f95245a8bcda4,dup_7c539718ea7599b4,1,True
nazario5_002218_a363b7d5c6c7,f823af7a2282e485e8f1cac439944f4c7a7f808cdff6b076d576a2c473550457,2a5e3e2fa6bed99e609b4294305d7857e4db9b680d7f81e7b9f2b3e885e4f5ca,dup_2a5e3e2fa6bed99e,1,True
nazario5_002219_607060034bf7,f6943ccb094f23b77a15b20f3f98064c7364c92b65f234c1c821b346688c424a,aa5b1bb979c75b324b814fbbfee9da093f9b28248f6d7125faccb5b720a3376d,dup_aa5b1bb979c75b32,1,True
nazario5_002220_a747527ca36c,04186f0553a320cf1283a091da2fc6c4c8fa5370ef8c9d676a0509ae8f78a972,85d976146382203a306e5bf3bf5f04a5f48f6f5db335997fc9f4219d24d5f7a3,dup_85d976146382203a,1,True
nazario5_002221_1cdec0af8dbc,a8fa69b16863aa71bcb3159e77d158e1dd803e43b87d9d61f5cbf028b73b1e4f,ba87f6cb215281be176c8ad5fc7a7a334de982c6a08b4f5f99103e551ed5040e,dup_ba87f6cb215281be,1,True
nazario5_002222_f3fa636c2ede,10c1c3fca8986204e2eb18a4921671934839964f36cdc71c89a6d81a09919005,59a6458ede9908c469a99f430cb7a14f15d2dac2b699ced122f0adce89d8524a,dup_59a6458ede9908c4,1,True
nazario5_002223_f472b1c57e14,69ed3ee160e814d41c9c796f660e15a564fad7b353b974c4d027b2df400fdeca,25298269a0e8b6cc5412d47b1a57dd4153fb4274337943322e028df07b05bf75,dup_25298269a0e8b6cc,1,True
nazario5_002224_169e6ea07708,e34fc5f11a94a4ba8367a035e20c280aa43180b78d52ed90a1475bfa15ff5728,e34fc5f11a94a4ba8367a035e20c280aa43180b78d52ed90a1475bfa15ff5728,dup_e34fc5f11a94a4ba,1,True
nazario5_002225_6ebcfacc2031,d2427442acda80150da7dc7ef792619ecb96909248fe4a7186a014830208e040,324a0a5a1101848b7df906dd873617a742c68871f210e42506a6255f16607d35,dup_324a0a5a1101848b,1,True
nazario5_002226_e25c8a93ad90,0d80d4e7c7414b50f10aa977832178aa6a1406fcd8e325d0070e1249184a6743,db4a3a73e3d4d9bd17a12f6035cd4805e397c4c29bcf2d5341b1da13b00cb5ea,dup_db4a3a73e3d4d9bd,1,True
nazario5_002227_b91562ac0cfa,18f3adcebb7c8b60d70ea61426ea8acce1d92e99b4685f09e5ad8d9bab888c12,00a57fe1ebd99db622323987705c0bf232b752605ea2b34d1c45fea236bc17ef,dup_00a57fe1ebd99db6,1,True
nazario5_002228_09205634a622,544fd2a393cb44499bf4c242ab23b811619635cefccbec3529efd0f4125eae67,3a2c4e3f857a48522e1f2ae1ad86eee17cc0efba9056c6f1dc4ff217bd1c8031,dup_3a2c4e3f857a4852,1,True
nazario5_002229_9d0ab7151e49,10f7cd04a0e099de93fbdbafd3b33d51daf56ea2e9ce173b00f8cd700a976cd3,47e7d2a4ce0a2bfbfbfdefb9886d436109da61c566adfad2a1ab671bf2f44042,dup_47e7d2a4ce0a2bfb,1,True
nazario5_002230_070ff8111698,ed94137d2b0ced1ccf9dcdb49904a6a2fd3deb1a6472ca2eb7ee9db62629279c,13cdb52360b4ca117987fbfa14061f08f4d6cd5834e61662287d0e3933dc1959,dup_13cdb52360b4ca11,1,True
nazario5_002231_af4cb820e021,9ec96a2f2e6b1469d79497099207f48c273d019576469424cd8ab89649ac7db3,6b8823d9bdcee8deae3b86ab2149d2b2bebd855d997f0b59c0ce35e6dba26e52,dup_6b8823d9bdcee8de,1,True
nazario5_002232_9a24463e5743,bcf8916eb0faf5934cc8b6cf1bf3020425e38e6fdbd799f23c108cd45d826e93,d8a0d6798367f9e126a19205b1cc074a1c6eaa79f2d5b644ca0e7e5122b82715,dup_d8a0d6798367f9e1,1,True
nazario5_002233_9e4bac512fe6,52bfa3a9945e42cda9b2818aa7c9a7030d414cf3d91eb8978666a58046fc9520,64015cc06fa5bec5b10fc3a7814be4d89b888f6d09fd07491c7c7a1ba641209e,dup_64015cc06fa5bec5,1,True
nazario5_002234_740026c12f82,ad2e3ae2a9590f82689ae4ac0be1677ebb9c7595bef3bb785c827c7b3416a61e,36e7bea5d28b9fa2afb63249be3d05f9cd937dc4f7b1b8a58c0c7b8e43012f4d,dup_36e7bea5d28b9fa2,1,True
nazario5_002235_749b99849ea4,314dae1dde2acd8179460bb0438519ddd355b371420e2284bbae6e753989cbb8,14e19a97bf9b32bd044b1b43c30e45ce259104b747f16777fdb4ea83e6f2bf73,dup_14e19a97bf9b32bd,1,True
nazario5_002236_9e9b727e3385,eb06b99780a3705a47afac49c5dc407ceba9c862f385b3e9c7570b6617ce3585,20e385b281c993a89ae5ea6b6cd0bd5b5ffa4b2f508286268c77812d291afd9d,dup_20e385b281c993a8,1,True
nazario5_002237_4627f011d3d7,4bf13080c053f52f35e51cca4138604654d0fdb30838ed86544f9085b752c2dd,b369846d3db7701028d1adc6b23d8819e88067903c83cc7fb7948fba3cc7971f,dup_b369846d3db77010,1,True
nazario5_002238_cb964c8dd0da,4b3f9ac9a1154f5110001eee2209423834a981242a548213aa010e0370598686,91b44877a3663a2c14b1acdfa708e547c08cf985048f3573aaecc98a851dc937,dup_91b44877a3663a2c,1,True
nazario5_002239_d18eb7be2edd,b3eff0088d4e18f7dc87dca1516e6e23d22e223c99ff165fbf743b8b01b9b1ae,77aa29a10f2bbe3497c5607ebe0245e47221375da83106895b633c027d6770b8,dup_77aa29a10f2bbe34,1,True
nazario5_002240_6cafcf57b000,2e286e9c6ee9b21c75f0c63aaa1a2fec3e2d5e1e4af7c5a4aaf4ec8211f68fb1,1ab630844e0cbd70661efd3df208ec63c976f19931a21d98bbbe9263037ee6d5,dup_1ab630844e0cbd70,1,True
nazario5_002241_d7216bdc1f86,f9139f02410e7510f9a4df5c8f57d8aefb8c4308f3842f0135e1c607ccd113b0,9761c948addb19d91e23428b2f59534efffe1ce29808bf77bf96af5ffc9ab102,dup_9761c948addb19d9,1,True
nazario5_002242_732be5619a4e,b00aaabed6f07bacfe9ec4393948d6f672f8b45466bf9e951743473a134bd399,9ed851fdb535af02b457106f23f1c846f04c1127a10e4db07691b4a8ea1e8afd,dup_9ed851fdb535af02,1,True
nazario5_002243_1a870529823d,cf75417cb2728ef27ca3e651f667a30e67b0b6d9f2b8456fc6d135db6a745acd,734efd4caca0d97ab9aae3c1b6efefc9bf75fba4b607824ade8c23902294ef67,dup_734efd4caca0d97a,1,True
nazario5_002244_196d717a21a9,63a4f7b7939a6c2d5afcd1954d153bc9922e6cc9708a5f2c4a52fd46e50f26da,aee56874599ceba655d77cb61213aa63f807c323c30ba3c4e95a2325748486be,dup_aee56874599ceba6,1,True
nazario5_002245_391ce5af15c6,24ccc2526b89008a5fac2a3b662d2cf2ce1282f72aa4c602b14c24ebe29fea18,1a1a8f695eeed6808f1fec770490c13eebb5e3e0e3c89485f3cbbcb1f98a2fe0,dup_1a1a8f695eeed680,1,True
nazario5_002246_2103158687fc,e1eda1372009320500a0a84562a7bc49af0d91013a4a449ae0c0619a3f806dde,fd52097e4e6b05e0e3acade825d35b39c9c347a872c48cf3dbcaaf54eb9f39bd,dup_fd52097e4e6b05e0,1,True
nazario5_002247_8d39444e68a7,845deb8d77dafcbdb5c7dd234b3fe6121c2f642b3ee7dadcbaf008cdcb58bef6,b60adb804d0425dd792c3e761ff3c09ba1ef9568deab8ae772dd8a9bbe21b72e,dup_b60adb804d0425dd,1,True
nazario5_002248_50544dcf307c,833ec321e839f0e1f51209d07d31bf49b30e0a7bd5c8870e57ca87ea958cb606,e777236fdc50162bfa8ff59e252859cf347abd3a1f08494281113afefb647052,dup_e777236fdc50162b,1,True
nazario5_002249_f76a6433ec97,8cdef8451b78410c3cc3d883c3156fc088a4a4a9b034839e44a86935b94ecb02,d87fe94898d83dc04c79efc017e39070184d3c62ba716fde66be913b52f2b843,dup_d87fe94898d83dc0,1,True
nazario5_002250_a3e369f51a72,97d46f8b41084d6a2aa5157dcf80f27434200c4c4d63bf9c01f1a25ee6567bfe,680553c7e157f636f939047b9a440c1fa9df5e730a127cc88387c678a70d0468,dup_680553c7e157f636,1,True
nazario5_002251_6b765dbccfb5,796eecf2f960de9ec1938cd54ef3083fd6ed24611d34155ad3be549bb1f00753,a1bdd0c7ab1d49b7f6b6737575080454f4384075bc27ebb16d29ec74d5dda233,dup_a1bdd0c7ab1d49b7,1,True
nazario5_002252_a830eeb2c5e0,120bb015b4f307e76db1972a9f4e13da8da703a641cdaa0ac86c2e8909969882,440aa9880796f7f5b86476b6c150431b62be47e993abdf97c5f164becffec0ef,dup_440aa9880796f7f5,1,True
nazario5_002253_fcaf264a23fd,fa7893d62633034163cdc30e34860ff9d7f5d661c0d9229b710e98f857b5db5b,06b6dfd5a203f66f4b65d0d3f41452f33d9c7265ba20128a3cf2a05c665fd9dd,dup_06b6dfd5a203f66f,1,True
nazario5_002254_a83ce3438541,da9340cc56623d45d81513939ed9483c78d8a772507d677e639bcb6dd473b93a,7bb4e24fc4f40282f470cfac33a02839a278f23466b43c7bcfc8fa01ac4de8ad,dup_7bb4e24fc4f40282,1,True
nazario5_002255_d440cbfd1e40,105142d211ad760117195cd4e19bfc2fdff72fd32806e1d59ea348ad8b6191cc,a28d5dacebea9c82e636df720a3c82eb16ab4f7a6b44a0b438a068e9607807b5,dup_a28d5dacebea9c82,1,True
nazario5_002256_7c70a79a2dda,fc52a682b5ae657f9fa5c78331c59ab12d2eaab9febf0e4ba6791ffb09472147,07ce7ad51f918fed95550ef3d3ba9085e3874132ebca95ebd28e394bae3e3ff4,dup_07ce7ad51f918fed,1,True
nazario5_002257_abf3fca4b4a6,02f3817480e1291a930612393534bca0f2b5dfce2c21e613b90681e06fae3a28,85ba71e88cf45d784c39e9dcc0b223aeb8817a7589e851022bb4881cc6a26438,dup_85ba71e88cf45d78,1,True
nazario5_002258_26517f724e45,cbf723500b53e0034f084c829579498fa98d9b92605c1dfc321b59f8f4b11b1a,93dfe2221cab14fc44a08de11cf0eb54f45df9b4db35da7238f9b03830a40c51,dup_93dfe2221cab14fc,1,True
nazario5_002259_952ada8c1993,2ef50083c25d6b380d768f6639a25fc1163dc27810dd27a1bd799556488eace2,ac2532f2c779397cc61bca97d44574b7d3eef450f967424a3c539305f9c5b07f,dup_ac2532f2c779397c,1,True
nazario5_002260_7ef2d6c493fb,f922339d296776ec496f1a45dd6b6f50ea973d5f9d4c930f969f75549cb26dbe,38e4551cab34eb1ee0c4677ba5a951001679d28d091b6b1ca536c0604e56c0a8,dup_38e4551cab34eb1e,1,True
nazario5_002261_8e73047b44a8,ebc0cdcda144349b07aa4926aa90a20a97713c3543b4d94a106ec54f8db164b7,aa3c609c7604d8c2cea3a08a2aa92c11215abddaed3cbb6f6cbff6063e99b398,dup_aa3c609c7604d8c2,1,True
nazario5_002262_60dce0c0490e,7617cf29bff735c27e600fd5248cb50e6ee31c1464157f5f08afbf4f899713ba,97413cb2eb8bdc3f5218e1ee4bc7aa9a46b4cca98267b555bc8c974ee139cbd2,dup_97413cb2eb8bdc3f,1,True
nazario5_002263_317184326e04,d261fbfde81a06fb06f349390d50b38db6e7994abc5a754ecd6194af219dde7c,c069fff12ccb4ab07658f2fae3675c6910a48efd22b6b1ffc90dda14c6929706,dup_c069fff12ccb4ab0,1,True
nazario5_002264_c10b8aec38f2,7de81534b83b31331c085af587dde1bc6b3d025cabef77a5f298124099512df9,3c1bc96bd2ccd9ee8b924693112416600050f72404db43cbbc3837fc15a956f2,dup_3c1bc96bd2ccd9ee,1,True
nazario5_002265_95ff0d0186d5,952713182ac3de2955416ac872243c78c77c144fd07baffb2e0e7ab171dde911,1d03fdd458931d2cc7ed53f6c8e13623de589129234d90240f074fd9eccc358e,dup_1d03fdd458931d2c,1,True
nazario5_002266_b77596ff5844,13e5b9c7b34de9677df42a8cb1e987605a3650b3640cbfac60a2d967da14827d,389794081629840774414ebd8c35bcb2f39e9b8bc9e61359f1deeb15d741223a,dup_3897940816298407,1,True
nazario5_002267_36b2978b381c,560d1d0502455de1d79f4864f51b28e1a8b4dbd22e8d1d94e298094913561874,096d059e436b75249139bb2b1e94c7936784ce2645bfabc660e6b0d56f34fa46,dup_096d059e436b7524,1,True
nazario5_002268_ff96ca73fd4d,714b1a860d3fdee1fdd4b7661f5b7049c16d3392d2261cee5612ffc0113353cc,04ecc902420af9fe61933768d371c8c0e78c09bb2f9cfd9a7393d5c870bebd10,dup_04ecc902420af9fe,1,True
nazario5_002269_d8e7d84d7f83,5d48d7ec5e7d407e569bf05ed2994025fcba6254e6fc33c735ec30de3ac5fe40,4eb258df44a0fcee349f77e6bf0b2add55839bf24ffd9b47d5e664bb05ae3a8b,dup_4eb258df44a0fcee,1,True
nazario5_002270_952555ec1ac5,85f4569ae435f4d28654bf533f154c00c9897e1ec60c82e216ad15230babfb8e,c5711b11244dc2cdd3e9837c155367f0e55609cee6085a0490a4702837568f4e,dup_c5711b11244dc2cd,1,True
nazario5_002271_86346d8425e2,09f4f170d2a2ef60808e2e8c2d57e641e444eab388cbd835023e6655ee405664,0f27a0e4570686689d8c8575765268b9e681fb6d8adef0e0aa0c432bcf07319f,dup_0f27a0e457068668,1,True
nazario5_002272_59dbe80caf3c,6deeba6b3a3c93e18e999a357c234fe93d0b66f0eea2ee1fd05f4d5c792980da,6deeba6b3a3c93e18e999a357c234fe93d0b66f0eea2ee1fd05f4d5c792980da,dup_6deeba6b3a3c93e1,1,True
nazario5_002273_5706eca312e9,ea8169ab9d7f62894a3dc88b5949ae2f0e45be50a3ce528f6e1195312e9b7636,f148cde7a69024e8f611773d4029e2ac47e023982e805b49c588ad4269b0139f,dup_f148cde7a69024e8,1,True
nazario5_002274_7ffcf5e76981,541faf3d356b827db610316da6984fadc3bf152330b6a9009e8fe96830c23f90,8d576afc45ada881d119de5a8267e6d073c99ca867d36f002b09606b7679fb4c,dup_8d576afc45ada881,1,True
nazario5_002275_8667c5ad807b,eec458dc4570a131a78e770a815b002e895748f4684bd69e285efc8722212492,8faf358d4b2099e46b763f9a382f7d6a5faa58333ab5bc4842230c64b3cc7b62,dup_8faf358d4b2099e4,1,True
nazario5_002276_a8a60ecf9c8e,ea38d20a70e3c00d7a9859654aafd2c1557c375194fadfb8bf6db03d44f3c7d5,d148b240d697c3606a5eae39b5a8d4fafc3347cb5cb65e25762e27cb9a2ad099,dup_d148b240d697c360,1,True
nazario5_002277_b661264271de,c764ca16215014a9842f92d1b901a0be8a56bcd30abc84dc6939b7326486ebe5,7c755e264fbacaa0f1cd98dc88b8811ba4b1ae0564ed0aa50c138257ece3fd5a,dup_7c755e264fbacaa0,1,True
nazario5_002278_0d78f7ecf313,7755fa0602703ab04cfe9679bbb4d0e1aaa4b5a10694f99f457d1c785ef910a5,26ac918339783c74f4199dd7ff7affc5cd81d526a0f8270eccc3fcabedf9c5b4,dup_26ac918339783c74,1,True
nazario5_002279_db98fb954a32,30780b52d960aaad213cb333440f60ace5b128e8467dcff8ee98e5819ed781fb,db3e9b0d3650b77dfd06c21115ec06c1ea9589dc45c2ebf15def6b0da3afb4b7,dup_db3e9b0d3650b77d,1,True
nazario5_002280_aa06eab29273,0b5d7403ee59ea3dc69b440f24aaeba856f36352b1a0c958ed08b644253061dd,efdcd47e4e3a8dec99c91cefa139d440830a185c3cd633b0d87d04fc96cf0ce7,dup_efdcd47e4e3a8dec,1,True
nazario5_002281_1078d4d022ae,5b0c79f47cd7378583d39785e4b7376f4e5f1f0547e55836767346a46ccf468d,160fd81edae7769e0e9c5bba713f49ce383cd653e03309c46af56dbcc8171496,dup_160fd81edae7769e,1,True
nazario5_002282_5f90bab967ec,5c18ddf735f07a1a102f49aeca9d85b5a1ec9144b8b0376872f12ae62f3e9c0d,1268ac3106d2267ae6ba9e1bdccf794a3d9f688e36595489b43b361a5add5fba,dup_1268ac3106d2267a,1,True
nazario5_002283_f361882c56b9,178118e1f30b9e422cbaf35e2cdcdbe23a600b02be771cf5d48aeed32f109b24,d00f60266e587a048e98583f7f71ab2bd682ce363144dfab9832e6a0a5983416,dup_d00f60266e587a04,1,True
nazario5_002284_5b26887ef848,8c81d4a4696344ddedcf37b3d723b6aa07951488a5d79e6d075e871ae9b73ba3,6e818e16317ac9383671852aff59274f1d74e39a9f8e02ef7ebe2d269eef3abd,dup_6e818e16317ac938,1,True
nazario5_002285_8b19b988575a,35e47f4db9789e65eb56581709fd2f39896cc6616afd901bc5be6b82576e8e9c,35e47f4db9789e65eb56581709fd2f39896cc6616afd901bc5be6b82576e8e9c,dup_35e47f4db9789e65,1,True
nazario5_002286_821f71cc9dc4,0cd43055bce5ddcaf766895fcf176d55347a833708e3b4651ab7a75361fd7854,3f19149a3e280c5cbeaa2939ccb4c75e45ba9be26eb6d3b065d20d659c6ea1fc,dup_3f19149a3e280c5c,1,True
nazario5_002287_639982d590d6,cc5d04a40b6741af1175a4dab354096674f30a85531c3edc0347923d7b3c2cb3,a4e61d5521fb15d0678f3fb8e82258619be8a2fb61777c1c6df5d82c62febab6,dup_a4e61d5521fb15d0,1,True
nazario5_002288_e12a256f70d4,36ae98cf7845af2897ccafb81abd1a7531f98caa32b3e36fce9e6cf776062dc0,597f7f440a24bc6433a46a9ce6146d698ee4524d5574e7ef881c1520ec884d8f,dup_597f7f440a24bc64,1,True
nazario5_002289_289c85e74d5d,f477a756417bd77c969c8e0b43d48d96d084978379e3f8c809a8ddf17e7be4da,2f03f5b26b605acae5b2727a2ba46027db45efa22c2e535e739a06ef4269cc4d,dup_2f03f5b26b605aca,1,True
nazario5_002290_643c4112f85e,128a0ae67d33e728d7f2f8f3fcb540597f7392e794a48b7355483994b4c808ac,f8adc10a198996d3f6b4314b8492e633a020470a603b3f6fe1ba04d41dcd0f70,dup_f8adc10a198996d3,1,True
nazario5_002291_fa380bbe1572,c4b016f8bc865fcbf6bfb636cf9bc803265fa501c1627cc780a0e79beea42248,5e5df1d8d7c4aa091dc442b05baf4262e598e1e1e15076add570def699c4add5,dup_5e5df1d8d7c4aa09,1,True
nazario5_002292_01c37cacfdc2,6cec70d19133c053389712b982c06fcefaab689f7386154830d599d4f71718a8,f85437f79af8b21e904fa616deacb025e7882324edb9451325f605d5438bf505,dup_f85437f79af8b21e,1,True
nazario5_002293_a3517c759363,31d97958084dbfef51912c81588cee61001d37491a124bf39afe2317160dd915,f86433aafe09a68dfc0d6da1f67169e99708d78f52686f8c99a67472b516c675,dup_f86433aafe09a68d,1,True
nazario5_002294_97e405ae8498,ce29261fffb62f7219c96eef956830962c447d48d0f38d5fbbe11b20a3ad7eb2,69a1ec15fc72a61c3d7143393ab38df835b484b90522cde373914f9651e83455,dup_69a1ec15fc72a61c,1,True
nazario5_002295_ac29a55e46a4,eafd65e9070033ea5c4e878bd45c1fa54a1b5579e8a760db12aa5bf279753dde,3d0e24195ff6825da5cc20bdc8395bae5eb2b19f9d759a77dd8e20bb939491bc,dup_3d0e24195ff6825d,1,True
nazario5_002296_c10211f3cb8f,5288217babba4c2e87fb9dad201facefa6857eda578e798c2afe1cabd51890a5,d7583a76d3ae2e699a38bb5d6eb47e06975858d05e66387ac6a51b173f105a76,dup_d7583a76d3ae2e69,1,True
nazario5_002297_67250461c988,9948f40b1ab4d25597d4526e34a0c0d1101d6ec54902422ea239c8080b6c2ba1,6120859dac7d51b95c1f1b5b360ef1b36695ae59a402c2617288db8d47dd62aa,dup_6120859dac7d51b9,1,True
nazario5_002298_e3aad46ec425,1ec80d6dfdbbbf42c186d184fdb6d1095149b507336b9b53f126a64e006733ac,e3fb7ac40b1e62b1a77a9b53bdca6ec8ada086aeed45388eaca000fe35e185e2,dup_e3fb7ac40b1e62b1,1,True
nazario5_002299_3f6af0ab4fdf,33814314ffaed5b7b9000697cedcd0b54822b02f5c0f0fa5288c1dd7dc28981e,33814314ffaed5b7b9000697cedcd0b54822b02f5c0f0fa5288c1dd7dc28981e,dup_33814314ffaed5b7,1,True
nazario5_002300_57f87f272ada,65058190a9c3be119809de64bbf1f2ba2046adbbc4aece739c48c1973836b4d4,b8dee7c9d4fc901e1291cf6b4046e16553cf4c99f71f02bb4fc7583b55e0ea97,dup_b8dee7c9d4fc901e,1,True
nazario5_002301_8b9c975e8e1f,b13de9467c9b648dbeb736e5c4be69082171b9ebe3ad9f7c5186a6c597e05acd,f9867ac93e405d74959000f82e0ec52130557253c3e0c0236c95c0262eb91bbc,dup_f9867ac93e405d74,1,True
nazario5_002302_8c15ee45fd40,940564cac2d164b5ca879622a3b4c6ec6f79c926712b0d644a4b51275a286c1d,bfe4be1f264dfcc9498de5a04ceac4b3774d413524605d8c1d13ccdbff953c3e,dup_bfe4be1f264dfcc9,1,True
nazario5_002303_60cd078142f1,d1660fb84053adc3477db8c20cdf3aedbcdf905afe6cc149eae880c67ceffa59,aa4cb1864d506e375dc8928ba1708b3291c44f627e81beb4a843dc828cd2882c,dup_aa4cb1864d506e37,1,True
nazario5_002304_803f3f97f56b,4e2ae5bf51a268f50527572e6df854c3d812076d121e9cb2d6c582968b2f1584,4e2ae5bf51a268f50527572e6df854c3d812076d121e9cb2d6c582968b2f1584,dup_4e2ae5bf51a268f5,1,True
nazario5_002305_1dc26f2848c0,bed7dbc5b37bb0d167eaa552cf0762d6e4db9c4c44052a0a8451eb60bd0f3a1e,1a8666e14abebbb7ea93dcec257637c6cfc757dd905b5656354d08f809726d86,dup_1a8666e14abebbb7,1,True
nazario5_002306_76ed41ffd7d8,c69e0dd147004ee75a960db68d1c034f9e154ceaac4d6d47fb5c71adc802c534,52b37612f25f9a5f876cdb85b723c26b70dcb47c74edfa919b605305ff300e44,dup_52b37612f25f9a5f,1,True
nazario5_002307_f0fb64713c31,87dbadd6233b4ac74c3f5b6a47718d04e05def945c233a1e6ccefa62d812971b,ceed83cccee44596533b366c7c5c62a41e039bec513668a02b219ad8907523e4,dup_ceed83cccee44596,1,True
nazario5_002308_1dbd8018873f,f13dd2fedbabafb6efb72408b621b3da005a0926174d63f167733f04498b059d,4433f3f08302f0414948f707fc4928d17b7efe612709dbf2028e3920fc3cbcfa,dup_4433f3f08302f041,1,True
nazario5_002309_15d47a8cc67b,89c75da975e83d5a237cf4d6802ba69dac8a5551b8b94b46a37de06889655c96,bc33abd2d260f98bdc9691bec991d26b584e663c69a3a9d81218575cefcee7eb,dup_bc33abd2d260f98b,1,True
nazario5_002310_86c999035cd5,4cea4095170730b0768d458e67a1806c35a815004be4c4dab9140df01568a7ea,16947e34c83a82a972456594aa75ae916567a4ff8464ae51130b744d1f55a39c,dup_16947e34c83a82a9,1,True
nazario5_002311_83f39b9525cc,70b0d06816efb4b58e0efdb88a2bd25cc1c5cd6ad9c0946465182d270a58c0f8,bf7f9841527ab3493ac7789f31284c55f32392107c593d59878c6d580c9ab370,dup_bf7f9841527ab349,1,True
nazario5_002312_bd19e9720800,c0d7f515a56aba003fe8fa59f2972ca84498f28278d6136a1d035b679ea6b280,0d95f7590681bf578f061448bc4dace28c18bc21d23a4807296a2bc4f8d89403,dup_0d95f7590681bf57,1,True
nazario5_002313_955967e32a80,6ea352f100c3a8da0f6469542e371914f778fc0cac9dc9525827d7ab33656c36,11157cee88edd4a54d7b3e88bc234f857051e21ee63c7e8a541628af45efab69,dup_11157cee88edd4a5,1,True
nazario5_002314_ee193014012f,6635c8bc7bbde7b8292616f8c6d074f0300290e623482960bea97d82bbe49c55,0aecbbc4a01f12d95648c78652f8bb0bb293bbde979955d08d5ca4160aff5cb2,dup_0aecbbc4a01f12d9,1,True
nazario5_002315_18dd6af9ff37,df3526a3ba89d76e82a52498bc86192cbe967296bf948853b415bcb2242bb6be,ac053bcffd15fd48c23e9fb9dfbfb048d179c65a4194039e94f9eb26aa9e83e1,dup_ac053bcffd15fd48,1,True
nazario5_002316_7cf1e2efcfd0,205e0df08e1afc4cfec80b1440799fc07e4d6dd2fba144ba9bc3340ece4fd0f7,ae33ad984e4028da9d2e6fbf0ecc3fc5c48fab68bcefc1194ca36adee9214c25,dup_ae33ad984e4028da,1,True
nazario5_002317_e3569fb74f83,b82522f84e1f88a766e0e901d2de92a76a468ca80d992d854088e12fc9cb9cf3,1b4a72d96c9def7fdd659f5043600aa8925b2a10ae833593b44e82cc2ca93489,dup_1b4a72d96c9def7f,1,True
nazario5_002318_58ec407998a0,3a91f5b9a702f68bb2456423179195830b8ca411006ccc97c7d73ea86f988167,4dcd7ad605cb570d45fa867a3f22177c39091669e945d2e53b519b0575c5de73,dup_4dcd7ad605cb570d,1,True
nazario5_002319_366c257a78ea,c48a3894885e0a6c10097b925daa6995db73e27466dec44d95a721014d6797bf,b3d4835277c77eeda8771d674e98083b10332212aebbedf6d5ca596925a2e93d,dup_b3d4835277c77eed,1,True
nazario5_002320_3347848ce2dd,e8457c4e7ce97254c3402b83e623a57118f068f2b61238668e35a320d4efe1bd,4b4024f55a6727f055f8b14ad71a643da056c7a11c9bf155da2b4aced5b112a0,dup_4b4024f55a6727f0,1,True
nazario5_002321_51654443c845,b67d06fa4b13ec47a876af60792d14720d34aaf3afb80068f9127b3d5aadca73,23acbea947ca5972fc471e61fcc30b0ad7e2a98c05acedda526964ae18223b4f,dup_23acbea947ca5972,1,True
nazario5_002322_35f46219ee13,de531555f1e9bd319743a5ff75696f233196729e6e41043f92fa97728d72ff49,69cb74db1571a35ffc4f2c9db17bbc7826c47a7579d5e102669d59cbb8d5a52b,dup_69cb74db1571a35f,1,True
nazario5_002323_6953c7a35296,79124df61ca55984bbddca59f3088a68e5402a9bbc0cc3320f7d24b17ab7f77b,b9fb2c0d01bb25fdd1c355307169b07cb7f0cad2251d2daae6ebf2a4f31c4fc2,dup_b9fb2c0d01bb25fd,1,True
nazario5_002324_eecc87951229,c5f93bcf3510c94f9cef1355fc72ffe0b3f71366f0b159cec89c05cf0552bdc1,2fd39d2867cfd15ea24ad8ee5080061992fb540620a8fca6eb9e591c0f2b2a9c,dup_2fd39d2867cfd15e,1,True
nazario5_002325_950c2123388c,b1128b61d4d0d95259769624f32b46dadaee617ebcdf841f7238e1f8f9a5330e,8a8188bac446e548779ae0b18c3c189841e68d1a41ab3a333cae4b6a5462fed0,dup_8a8188bac446e548,1,True
nazario5_002326_757161aa8cd3,25764377593857a9ff8c7ac47f4c9f8fe9dbc71fca21c38a27fc29ee854baead,7a6d6e66320452cfff189f35988fd3beee5ae948dfacfbe85162992a5f9b6b47,dup_7a6d6e66320452cf,1,True
nazario5_002327_e2fa6f90fff9,ec5262d1c04bbe560f03c6c2a6230263eebb0ebb686f8234c7f556dfa10ae041,ec5262d1c04bbe560f03c6c2a6230263eebb0ebb686f8234c7f556dfa10ae041,dup_ec5262d1c04bbe56,1,True
nazario5_002328_dae628c1079e,f8c024c42ff46a07154c8d9622e02333ef0f9a8aac252484b4a94d01adaa8e68,6a10ed304b5927a473b8271f51d422ca492420d4a42e24a46776be26fce09ab8,dup_6a10ed304b5927a4,1,True
nazario5_002329_2b57f5b50911,2bd15a896f792b52575855e122b61d31c95a85808cd0aa07c3621e4046cc2d6b,6460899621d7c5ccae797ee46aa30601fb2cfb781bd4182dad49fef4d49f9e40,dup_6460899621d7c5cc,1,True
nazario5_002330_87e8dc070c41,e1811cfe9fad05fcb68fed787929ffbc8e8bf586f1044ac1d9d399b199627cd4,a3ba5a6389c5b898b0dbf133ea7ae83f120a47c6a16b1940c47006a150e54841,dup_a3ba5a6389c5b898,1,True
nazario5_002331_bd52be0c6eb3,052ece1f576b36cf06a48aa3ad67c3ced8a605b7af3edcdb047e19b9a12636d1,fd8e2927c2554ce3df4bbcde1625012ee7e2743f574d189c759e3f08ae3f423f,dup_fd8e2927c2554ce3,1,True
nazario5_002332_c7473e650c6b,7c78270fd392f89f5afe2bbd87d1d4aa9481018e90f2ac7c1a78856be0675837,5caa0fc9f2f5001b348cbafa75c36a3fdf97bfa0cd5d8c0e3321653d97609b72,dup_5caa0fc9f2f5001b,1,True
nazario5_002333_41d037df92e2,f8bcc9c37048a930302874ae46215346b252842eb8ff00c82f2b4a728245fb49,e3eefd2839543d237cf1a03df3020d8ad3257d1b4135e87594a94863c5693ea4,dup_e3eefd2839543d23,1,True
nazario5_002334_2a2f65a3f53a,8832a63ba140ad090e958a92fe17e97b6ee2562ed2d04f8cd3c1a748d09b7dc7,1b1cbaafb78a432b33c4456d8c3138d590781b0f5b82972e6d656b39c280974d,dup_1b1cbaafb78a432b,1,True
nazario5_002335_09095b4abcad,3026ff440f61c3cdbd611d2420f9f90aa91da5a8b643f4aac03402bc55cb90fc,ef023218acb18d9b5432b593ef5bc0b4b1d37705e966112baf5584b5a710e093,dup_ef023218acb18d9b,1,True
nazario5_002336_50765098b4d3,30aa67b3a1516e9e45454a53cbd430687d5c0828f3a6898f45a9c7025cb0e202,daefbbd5e22d738696291f2ed229daddefb9cc7968118783c1b419d972f0fa12,dup_daefbbd5e22d7386,1,True
nazario5_002337_681f2940cf1f,8a89750d5c242f8f00a4d352a78cf441c91d648a15e5889cfcb324e31a2daa84,ea679e651bf82e0ae1dfcc31cf00b9f45d457be7ad484bd2c9ffe60f52507286,dup_ea679e651bf82e0a,1,True
nazario5_002338_850f22e3935a,d0d848c50892c130d66d0c4eed50187780cc44b341ea069d01bd7c4e09537496,c3e7f9e19315d574dadfa16c0143f37974774a087be9152c3fc7a15ff24e721e,dup_c3e7f9e19315d574,1,True
nazario5_002339_7ee166bf6225,50fe8b994342d864a3d4c42b7d731082e88a092fdb9d8933be00c23e3610d1dd,805e0ac4bcdc5b7435e5ea06ebe6cdd21e8c3833fd0dd9b3fd3f84d40735b4ef,dup_805e0ac4bcdc5b74,1,True
nazario5_002340_1adeb3135525,801006c862c572bcc8f2de833e1afcadadb3198be7a6ffca5e77927f77026772,801006c862c572bcc8f2de833e1afcadadb3198be7a6ffca5e77927f77026772,dup_801006c862c572bc,1,True
nazario5_002341_bb9dc5056a73,f98a8ea42c33694e9c4eb08de684deb5d9cd82d2ce289f9346efa1b2b5b25dd7,f98a8ea42c33694e9c4eb08de684deb5d9cd82d2ce289f9346efa1b2b5b25dd7,dup_f98a8ea42c33694e,1,True
nazario5_002342_6fa2d68422d1,acd13642926ddf32623338a8e6df715c9d25674cf6f7c98c52045f4ba5644e75,7e51c97190d2305b78a5a2e9dbca6e22de5fb1c0b0fe0149f5adfbd60dbd49c0,dup_7e51c97190d2305b,1,True
nazario5_002343_4b3afc8f58b1,7e4ad4713a89f256080fcc6e80e959d883d4512b40aca8c10f2cf6158452048a,7d31d2f115c11f193f4d1ae7f50dc6909c3bf749a5b6e2ebdb1a786fd9d232c0,dup_7d31d2f115c11f19,1,True
nazario5_002344_d14c87bbc59d,341028ecd08543424c4c5d9ce6c63bea550791450c429f6a3ece0121aad0dd45,9598d50190c4e95d5b85ca33cb82fce61202e00e8ec1292c5af66ab5518d7957,dup_9598d50190c4e95d,1,True
nazario5_002345_94788245d72e,71374dfcc59162a2177a61f3d4ee63d9c667c58c831e4c2aef72ac91a3f49848,966a92a43f4967247e2328eaefd49d21cac19c689d7ff3da3d7d4be574444f05,dup_966a92a43f496724,1,True
nazario5_002346_8911b4b2b7cb,a1f8753c849654e80957dfb2932a2c5a74dddffd762f1130a8e0b9aa6b29c860,82a9d30dfb14a307cfb011cb6f9c51f6b12842e2dbacd6dc5a26f659dee4f10a,dup_82a9d30dfb14a307,1,True
nazario5_002347_6d00089f4134,5583391f1d648a1e8b21db0c2b4a53dd410853cd9dc25bffd756cd49f5d01342,d6c24dfa98e96a3375e3b1d567a041beb58f037dba01022656649e11784ede67,dup_d6c24dfa98e96a33,1,True
nazario5_002348_76484b0c4084,e73b121ecb20cf777a7474c4fdea565d151b69b77d70ef9204883ace9449b5bc,93b2881058cd4dc78bfccc31e219bb37324e2e781fcacf7ffe46837215608d49,dup_93b2881058cd4dc7,1,True
nazario5_002349_97f775b69e3d,d845c84a4c48ab6e25dd1e1a14565f45387f00375ffdb43da7728ba2d525e69e,c99e89e20909a68e34ab9b96097dc7abf06b970249e4abecc4ab327eb08e75f5,dup_c99e89e20909a68e,1,True
nazario5_002350_ab3691bbf540,023971a8257c997828aa6c2403ee6ca33646a2d17b7718e8bb7c995905981987,d0645cf6e0236e0bfe3d78e07b23ad284c0fed8bfd3049da78e90bd631fe6735,dup_d0645cf6e0236e0b,1,True
nazario5_002351_dc0c4cb43a10,0615e1d7bbd838a36d41873a19ff27f193dc5d77f86d16e3768b40b08a606da4,a22231c817945a57f6cfab26b6b885a0c394de7b16dcc1e67a2542d49c1cbfd8,dup_a22231c817945a57,1,True
nazario5_002352_1f4bf32da9e6,e368bef1068d30ba93d8ea1165a8628974afa683f5642cd76dc4dd4f450fda2e,7c8ce2d4013490dd6a67fa0d9aca18723b52b51204ac6301390c52c7df14bffd,dup_7c8ce2d4013490dd,1,True
nazario5_002353_c63bcd533200,55de896465dc5b2068f7d96bb4d8140d498290a5b774bc5f20bb181356c7f6d7,d771458070f0b003d01fdeacefdc18954fd9b3b579f0629543b1b05f38823321,dup_d771458070f0b003,2,True
nazario5_002354_4636d82c7e02,71bb796be7d10be8e8f98da5ae4c62e2203aec4f90990ee3964b6b96cdbf40e2,bf635c055b3ff8326ae080f34eac6ab3468c2ad72a80be0b18c8c3508f7aae3b,dup_bf635c055b3ff832,1,True
nazario5_002355_cb1ad8333cde,971f1497496483b1714d35092fcf32784e55f9cd23a7592bf099eb53150d17bf,a456f6aa65697d9fd0c81036259c3db55eabb023ea93154032c11d81453ffd30,dup_a456f6aa65697d9f,1,True
nazario5_002356_6acf3d796b6f,7534c61ef4079d723a12b2f1491ad0fe21bd0abe5f3e6770ae5d7931ed98c559,d771458070f0b003d01fdeacefdc18954fd9b3b579f0629543b1b05f38823321,dup_d771458070f0b003,2,True
nazario5_002357_eec67b5eb6ba,10865dd8e2a38aff8a72a4c6cd506fec94c177b423b177f971477ebec6c9de91,038bb589a6fe26e00d0e9c4c611f6bd046f0440c68b3a95eecb98779422dc0ba,dup_038bb589a6fe26e0,1,True
nazario5_002358_8b73f472a4ac,fed992ee9a28311444fa6cd99a3d02e95fe96e4b4f6f0cf93f302aeeb7182bd3,4e6fc01ca9f00f6e6ea0fa25d0925f269b22fdbbf87f08edf75211472b50df7e,dup_4e6fc01ca9f00f6e,1,True
nazario5_002359_5d56f84abea1,844f908af816dfccdd89da3284c8fe1b87de15f0e3460fd6989270360b0a579f,8f86095f2ec21ed96d017166db7c049c8bfaad35f893072386a73a5404bdab3d,dup_8f86095f2ec21ed9,1,True
nazario5_002360_74d0e1d9df19,89be761b74d77473d306c8e47bb82bef0816faf3c1a20ab12f2a09a74d71cd2a,5381204fceaec76a86f319e9d0864b5da1913deba07050cc21f1ebe6becb0a9e,dup_5381204fceaec76a,1,True
nazario5_002361_ff2a55af2044,c4303453882446eb794a650c85dbf1a6758bcde2c8a69dcb89dd56e6e9baf500,c4303453882446eb794a650c85dbf1a6758bcde2c8a69dcb89dd56e6e9baf500,dup_c4303453882446eb,1,True
nazario5_002362_28236752adee,4ca39d3786f06540dcec7008e29e1f28aed5ccaf50d64bd7f3e46aeafe569b6f,ef26ac90d4e8bc85a94878680cebf5285b9e68a2dd9f8a4620326261f7e561e3,dup_ef26ac90d4e8bc85,1,True
nazario5_002363_f2a941f53dd7,cdb16b67eadd9e81eb39ab3f0acb30b44b3a7a6e9d143c3ea11e11e0c706520a,b56e7e01569dbd508b94c354eccfa0ea7d4c20e4805b9548040b997b7b149ba6,dup_b56e7e01569dbd50,1,True
nazario5_002364_2dc576e2bfc5,182711c8fb9915d2a38dea706a138bccf70db67c083200e00a791ece1725f01c,f7be214659101abc21cd2ef9b05e7dba2eb47c79ef41fc347330fbc3577a5bed,dup_f7be214659101abc,1,True
nazario5_002365_a3eb29cb61e9,f12ffcf0e718001cd0e67b01727ca53875e0976b638da397b2cdfe2d149a61a3,5c63f3a3aac92af5e0d325b24ba62b03734571b33c46f004a119bc84a3fc7763,dup_5c63f3a3aac92af5,1,True
nazario5_002366_727a1449ccd3,0bdabb38cb1f2ba9d7130d54be2bba07c60b79a69a91be0686d7d702a9e370c3,71cf77fb2e90181ca849c75e0d9b338b1a356f63abf8fe412f718f23eb160502,dup_71cf77fb2e90181c,1,True
nazario5_002367_e795ffac42b6,a0d60acc49550faf8d06bedcfa2f9253ca9991ed8a8774d22dffca1a29d6cf88,a9360758b448bc6abad68019d89ce33b606a6429feda29b2b44a82b6cf8d23ab,dup_a9360758b448bc6a,1,True
nazario5_002368_484d06209400,4fc205ef3a57d717bf0c35506e48490e589dbb7f858073934f7542c4dccaa9b0,71fefd92f69aef426c84e0fbea9532be720f412b9669e21bdc7ef41245b4f388,dup_71fefd92f69aef42,1,True
nazario5_002369_f7d6a5a0d8b3,62a9eb9c452e203fd89cdad1d9d82fdd917249130828eda4f03d74aaafe737de,5bc6922dd40c6a461e98c7423404eeaac3b1c75709fa1bb48990d1adf6eca074,dup_5bc6922dd40c6a46,1,True
nazario5_002370_234f5ab5bc64,9ee08e0225f05106980937044420b0b5734eacf1e0d8be7f5634e654d5aa75a3,d3029fcd3ee74f224b57b8c17adb82df70cc55caaf5b2e4a8fb350152e188951,dup_d3029fcd3ee74f22,2,True
nazario5_002371_5321ba2e2637,8f4ae1636c90b9a19ee214b7d69a7a6686d75a7df4960834e03adb10383c043f,3cae75e2189df777e9872f96a9142bd7857a7fd1e4f0d97b6a5a1b9c8abb62ce,dup_3cae75e2189df777,1,True
nazario5_002372_de4282ddb2b9,52921ebbdc7aa8099ff9ffb5a97cad726e9b3ca1df075bf8fb42cfd0091ce96d,d3029fcd3ee74f224b57b8c17adb82df70cc55caaf5b2e4a8fb350152e188951,dup_d3029fcd3ee74f22,2,True
nazario5_002373_42b6a3b080fc,0fb523b0a62b55273ac226d7d2f396c8cb86bc55d7ba7a13f058b1c9c59cdb45,896656e1b36f225817b1b32f27fc4a0d8683e47e9317a6b57e13dd87c296c438,dup_896656e1b36f2258,1,True
nazario5_002374_5fc8e3b0b53c,4233967734b3c48ad17e8d222b948d0db6cda6515e6c6a0b11ba672152ca1cb1,a2b448cb6f7b9d68adb7266a08108c993ecb6cb0a3d19a6e389b3496de41c923,dup_a2b448cb6f7b9d68,1,True
nazario5_002375_cbe1d16ecd3b,64ecb0077a2753f32ec90e552b8d28572f081d9299c1a282562894bc6fe5879c,e190be52623ee21252d7ec59717ad48fc76d5092be8c508fd02f8df8fc2731e9,dup_e190be52623ee212,1,True
nazario5_002376_d9a7c61ccb09,c0fcedd281f5898e306c34cc5c2beaf931325f16ae885365b4f6c0cf62d7cc66,84155781f150d67d8ce620ca57debc66d2b1a99ab916bb1a8f4e6e85a3aa5754,dup_84155781f150d67d,1,True
nazario5_002377_95333f19fc66,ad1960438aa1ca02dc3e1512905ac2883f0d27503dba83a25f8a6c41bed7ab6d,70c592c26f2c21fa12d2d5ab575d629a15c42fac0dd5638f85e603e666fbbb15,dup_70c592c26f2c21fa,1,True
nazario5_002378_861e9c17b1c0,7cb7d4187af4e9a559d53f3aa5fea2568ced38abc3b800a7a222c29041c77926,a5f151e95cd81a5d3b7d085769f138ef285c254c66c7d3b4b12ce0ba08f68784,dup_a5f151e95cd81a5d,1,True
nazario5_002379_15e2dfc02c65,d556056f39a82cd6ec4e0636c2614f932dbff35d92dd18d36124cdd3757bd962,4f8ba805a9c204d053b6e506c596e24040462cc2fe92828f82fa83c618d3c8ce,dup_4f8ba805a9c204d0,1,True
nazario5_002380_92606ce2101e,744e560126a9b76da20adb5278cbef93553668a0af4ae437909520510b235db5,362c71f713a04fd98a80131c412dd37e0b97b8fa4d308ae16eaba544c9f7b67c,dup_362c71f713a04fd9,1,True
nazario5_002381_cd6fb1fad833,f0eb81aea0f206253ba9fcf5cb36be6fc7b1cc9abdd0266d258b82db44d0051c,f56a5945974ec3409a3a7ab40a5d532595c974f02167a7407e377a247ff1ab48,dup_f56a5945974ec340,1,True
nazario5_002382_2f23e96aa418,467a00267d08b7e7f2173e1e1499c84c19bee0a8e0577011c091f5ee0ecfebbb,50f47f211063c293e8f4c37a40bf958df33fc87248fdaccc9b1ccbdbfc7ab2d5,dup_50f47f211063c293,1,True
nazario5_002383_05ae508fc539,ace24b61dd0380c1cb6fa516a844f3e57b9ae8a402f4e094ba0d6c7824d97ed6,841ae22076e8583724644acf95a5d5a9ea901b9b94ef141e46b99f080150201a,dup_841ae22076e85837,1,True
nazario5_002384_9bd13dbafacc,af628fa8e165fb2806ed6e5cf612d779bd6935d65dc7251f0562c94fb59e61e8,6a06ec2d9ced9878a119a754caa70f35361c72ae6c20addde031936faa59776b,dup_6a06ec2d9ced9878,1,True
nazario5_002385_41a48b0f6b9a,b9771499f9dcbb91360f1f7d52332e9e5eb2257219d2d20b7fe6acbf52e2af5d,fab5adcb17dd04c18c3937d40a45729c42de2ff5a4e198e354f4f04888c6d6fd,dup_fab5adcb17dd04c1,1,True
nazario5_002386_531a35aa6808,4e69bd9cd5cb63d59a115488c6c7a5935366625fa4847ed5ec2ba42bf6d7e46a,4e69bd9cd5cb63d59a115488c6c7a5935366625fa4847ed5ec2ba42bf6d7e46a,dup_4e69bd9cd5cb63d5,1,True
nazario5_002387_1699afa88e49,32baca6835341ea7708afd5876570813e00ea2cce1c6b34cc6457f420ba5d95c,4e13edff807cdaf360eca0fbf1d690436e968f53e11668a8ef335c082bf3bd41,dup_4e13edff807cdaf3,1,True
nazario5_002388_ed21c3a7d9be,df87b488cbb60ed2d1595ed2e5aa9af162f362acf4b39db21bb3d9a3ced073d6,df87b488cbb60ed2d1595ed2e5aa9af162f362acf4b39db21bb3d9a3ced073d6,dup_df87b488cbb60ed2,1,True
nazario5_002389_47a829f05e22,aa5b704c639b31622d8f6b2ca8972ea6ff2ab9791adeaad51f072523e572bff5,a83ca527783149fab39e5978313997feebfe2e5ece8e56d28f6b1688420583fe,dup_a83ca527783149fa,1,True
nazario5_002390_769708fec176,4430b0dc6c1894f6b218de3e3a44363b0f75e289e983d631d8c8bb4df4d16d20,c1f6fa85a3e2dc4d1b06f867820db8d1f5b1f2474c298eed17f0332c861a882e,dup_c1f6fa85a3e2dc4d,1,True
nazario5_002391_498ae17d665c,f3800502d4458133fe5607a9b6daab75a4c775a3873be64ab63389a6fe0d7f6e,acc3105debd4e71e6fc901ad4e440524fedfbd81d6749a154ec60780d534fb0f,dup_acc3105debd4e71e,1,True
nazario5_002392_77a3cb64db4f,3eb450c6922e44d480bd51405728a82a965888aa31c11e3abfff8122b2ba1707,1d08f2d426aa99958f1dcc271297ca1ef17c10ec2e2333e90d3208e17dc0b2a6,dup_1d08f2d426aa9995,1,True
nazario5_002393_1188c9d73c4a,59e44608f1ec01fe16e7c5cfdc978dd46f32dc3d91ef6e2621a19883b8a526d3,d3ba284179172c6efc3d6e24a0297c8c2a87dce383cf10bafd1db17834bbccb1,dup_d3ba284179172c6e,1,True
nazario5_002394_715913a85068,95109fc7ed31bf6b3304438b3c980dceff9969052cc3cada0214768803ba97a5,39f85f3f80464bf40e3d8aa55248decaa8ff68fc348300342418c13506625faa,dup_39f85f3f80464bf4,1,True
nazario5_002395_5c58b879584d,7a4794b494b74a95fb17c303e531c065b5efa4b94f8a6d5432b9cf92bee9d2c6,47d709fce413692d292561e472dd49ec135c2cf8981d9f54bc5bea35a35743ed,dup_47d709fce413692d,1,True
nazario5_002396_763f16310c36,1d80752c4fadd26c5c3ba2d88e6b35d56d2130c03ca366dfee9fbff79323c49b,5bbdc682359c128c5c98fbe01bea4952a333120ac5a49c0b15b96d7b57e281a6,dup_5bbdc682359c128c,1,True
nazario5_002397_6adedb2a7f2d,177b0564c78f4ccf2ea6fe8f7a184cdc6b7873155512206f89706950527ee33b,c9d8a5d69f9194a9028f2b51d75f72fe836936981ea35abf4cc536aa094a0605,dup_c9d8a5d69f9194a9,1,True
nazario5_002398_235f0dd64e84,cdcc396fb4d6c9b7dd92ba9d7381691fc742af41e1f85cd7107542f0dbf2a5b0,cdcc396fb4d6c9b7dd92ba9d7381691fc742af41e1f85cd7107542f0dbf2a5b0,dup_cdcc396fb4d6c9b7,1,True
nazario5_002399_d5988e78a1ea,0f9c021ad61af0f80233a67b6401f1c0de81057452e0a62fb373ebb68b4d43c9,582f77d6f774f2ad7943734bfa22f0a806c82f049824bec30e641f93f946eb63,dup_582f77d6f774f2ad,1,True
nazario5_002400_c5333f7ed73c,04af134537a522a24246dae64af1f3350f78f7862050c01d196d4907f1474599,04af134537a522a24246dae64af1f3350f78f7862050c01d196d4907f1474599,dup_04af134537a522a2,1,True
nazario5_002401_4c9d3cfacdbf,55ce94b2a77823ee742b2408692c1dc76a9e6ca01c154d6b16fbb3489447ee55,aa8bd3b7e667b42d570bf4e26651b6ebfc0f986e9cfd0ad1cf987073a0249f9c,dup_aa8bd3b7e667b42d,1,True
nazario5_002402_455dbcb578ea,03d0f46d2fb5d1564c7ac090df33181eb3bd652d49f20853bacf34685f17d8c2,03d0f46d2fb5d1564c7ac090df33181eb3bd652d49f20853bacf34685f17d8c2,dup_03d0f46d2fb5d156,1,True
nazario5_002403_ff51854725c9,cb96a37e511ace8345aee526f01928a11e79ef8b88647b1e271856777f474a05,c3d131c94fe42aa46468464cf65f30c71312c08f4a7b7a76e5d7c174bfed2cf2,dup_c3d131c94fe42aa4,1,True
nazario5_002404_2579118d3004,c3325910b281179a79250edc652a4eb297da2f36cf341c1e5dfe3580e4923afc,cf0b1ea461e51e4bfa6d18ad8138ccc88fe76b168173d3bde7cdc26cff727033,dup_cf0b1ea461e51e4b,1,True
nazario5_002405_570c756a692f,957e7ccc0a1516ccf177cbeff9974a858b91e2c264501621e00809de48aab74e,ba7d3858abf8bd51fb3de067c0b22bd84eeb4b2b85eb997ad7c50de24a40ab79,dup_ba7d3858abf8bd51,1,True
nazario5_002406_fbd81284d399,b9e162cb8d66d7d8a22315c6ec534e9eb6b7480b95b56adc0ecc0123b7209bb4,b9e162cb8d66d7d8a22315c6ec534e9eb6b7480b95b56adc0ecc0123b7209bb4,dup_b9e162cb8d66d7d8,1,True
nazario5_002407_dcf19bc9fd12,277eb668338d0295fcb0e5b1c4a04b0ccb037b26066edcd7d2fda845e39868fb,277eb668338d0295fcb0e5b1c4a04b0ccb037b26066edcd7d2fda845e39868fb,dup_277eb668338d0295,1,True
nazario5_002408_a11126453db6,b166e56cae22216d488ff5cbd01ffc506bbe85a29eded08ab512adbd6ab89f7a,7ae7c5d912755d86735340e23f86ecb9cc972240438c14ddac5778b3cf1621ff,dup_7ae7c5d912755d86,1,True
nazario5_002409_83a3cfba370b,858ad6a29eab746d9786bcf0253af6efa16aad899b22d5d83538dcccba50664a,90573ab938978b99f0e514255d54e948c9af680c408bd2a485dc22367e0a2c67,dup_90573ab938978b99,1,True
nazario5_002410_fc3ef5e61101,06ae188e5e6965f6f2a4e5c2f7c9e803eb9128df34f2b807d1f1df61c61ec4f2,82b8d644152248240698f5992e2ec3b1564a1ef77af6e3862a2249776582815c,dup_82b8d64415224824,1,True
nazario5_002411_57d237b48c58,371908042d1669f21088270c586b61d683f88c7369ae7784ebd6ad5fc1c7771f,7d994b2532c7198ef8d886272b3e4b4bd6b400231554a413d286858dafffdc58,dup_7d994b2532c7198e,1,True
nazario5_002412_03cdc46501e7,c2f21b3131c6cd2836e0a688be82e368248b38fa389eff4aa1c19f083f1b63e5,714a6a87c1252001fe743712b5ca22b5d68635822e908066fec7f5ae063b6834,dup_714a6a87c1252001,1,True
nazario5_002413_28bde4c95f37,178226f6e6c952bee4bec1c73700d7d7b12830c0c3934f56f89f68a50b9f6d30,61f843e3ee87e6100410fcb1f9e40d4f3f49eb4f15e1b972a7f0b3136bf920e5,dup_61f843e3ee87e610,1,True
nazario5_002414_1b6e9b337b7b,53fe191c59f28fa6120f276829b332a7e5efa530b84f95ba6857f8b0a4c49a8c,53fe191c59f28fa6120f276829b332a7e5efa530b84f95ba6857f8b0a4c49a8c,dup_53fe191c59f28fa6,1,True
nazario5_002415_580301428ea0,d2a3ddfecd4f3c6c891d723ce4471cb9dbad921b0dbd3799f2b90f45cc1c8e03,9037fd7b2f3bb5ef39550f42ab818ad4650c7158905d6d4139fae90f8333703b,dup_9037fd7b2f3bb5ef,1,True
nazario5_002416_c58243dfe4bc,205ccf5c98f61a7ec386aaf13bc87236a4e006bc1ac5a3c4b289e24e78fe037d,10b191a75d414476213340a63dfb80cfc8a67369e31644eccfc376f90f62b7be,dup_10b191a75d414476,1,True
nazario5_002417_577098d9758b,c9928395627d6e33e1b4398ba1967a644ac90d81f3e036b0e7948414fbaac8b9,7e4ecce2e9966046f1b962aaa8308fb4f03607b6eb6a4155ee7132700dcef093,dup_7e4ecce2e9966046,1,True
nazario5_002418_e516ad039877,9342c0863fea5145416f58ef1be542d0aa43ee52f4e855f1d57fd507f413f3c2,8577923ba077f6b39a1924ddc80fc5cdb5e20df1d4744225f3fa204dbc7e117b,dup_8577923ba077f6b3,1,True
nazario5_002419_52b5c60b4601,bdbe96ff5c03ec67c3903e4268e470281cfa189df917b500fb1878c6464f89af,0491536836152ffb69bd94bf86eb54e87a2826b262198123fb7cd623c3890d32,dup_0491536836152ffb,1,True
nazario5_002420_7af6fa28be1d,794476819628189c2d713c749de103e64a826f0a35ee22f6622b36074c3b23b0,71f848c7ed3dc4f85b18fa9e0f11b562db993c115399e7f9b841fea63e108376,dup_71f848c7ed3dc4f8,1,True
nazario5_002421_ef607b728160,dc398ad205e110691470cd940e8b8918007b42a348f4be6b598fd60bd8636bc6,5599935848cfc93bdcedff57f34a7b353962d977b282c97a8c73bff1bd0ca140,dup_5599935848cfc93b,1,True
nazario5_002422_18ffb63523f2,89798d393ec902543bb9658b00dd7e68528c94b61bf9b0312459840799a30ad5,89798d393ec902543bb9658b00dd7e68528c94b61bf9b0312459840799a30ad5,dup_89798d393ec90254,1,True
nazario5_002423_a35751a0a27f,2c65af6f94364509b8c6c893f177da1b43ad465dcbffb7da3e7309a285940a37,e0b45e990b060a116dd6d7002f120e26dbc04334729abaa059884de6b78d8b58,dup_e0b45e990b060a11,1,True
nazario5_002424_9bd28ee10698,de7783fddd91707220ea319b50c5adb139a8f08f4781b9704108bf73aaae0f72,f2a7ca89135c299bec3d04ddca0731a70e392cd03efa8412e6b71105d770b34b,dup_f2a7ca89135c299b,1,True
nazario5_002425_f52030862d8c,9272974676fb24ee0680e564075b78a4e03caad684d5db5991f7cd246992ac38,0ec0f65cbf12eb3f124364500feee3d67e3f044afefbea4b752c29a31cffc301,dup_0ec0f65cbf12eb3f,1,True
nazario5_002426_8d530d4c2899,726dae520ed125b307b18bc98042bea548170a67ebc8645d684e7ed3294d3d2f,43cf5f5bd731d93bf6de4ebfc4d7554dbfbce729516fe1aca9b4c8d1ca7a1a9e,dup_43cf5f5bd731d93b,1,True
nazario5_002427_6172ca51abae,610c5c3e9f1f4b64eabcc802b738d29e200c0e331a46890d97a51d080d61326f,bdc742de0c2e514fd8d7c789d7dfed38f352b5219dacde4b73b7288be26c4011,dup_bdc742de0c2e514f,1,True
nazario5_002428_beea367d7552,14334c8dc7672cd257e72b1d3e9cb31f3d2f03526fd6af7bc89d722ab334de8e,c07d52dc6d7d9f44b1f42fa1c0c2f77cec2be920953c26f27c0702a5edfb722d,dup_c07d52dc6d7d9f44,1,True
nazario5_002429_77b4a30a9f51,dc3f214882b44eb50878d62b94d3406ae1b4d6f3f5443529845934ecf8ac6742,1581677bbe21b0c374631e6ca7d6e4287abcd705fc05256c2a284841d6922462,dup_1581677bbe21b0c3,1,True
nazario5_002430_abaea30310ae,9f5d7910d0f252a9c7eae7c62031db474033ab72e72199ecc33b49314b93990b,07575ecb240b742a824e7b5180fd0c493c2423e3ec9013e77b803907c435a80b,dup_07575ecb240b742a,1,True
nazario5_002431_2fe3dad67ea2,3dfa9396a83091a0f2b63ca55f2e793a2fe8573219f2dcb0e12d287b3fda6aa0,92e6f5eaba484a721a99a051ea67779a8bf4f585e80b13e4fb496375109f4538,dup_92e6f5eaba484a72,1,True
nazario5_002432_277c1906f73b,de6235ec07629f94eb01c76ae593ccbeac484f764347d511976c9ed8e5c32d3b,bbdf3862dc51b611f1904910efc168607bc43f22ac4d797315355b6d5d7172f9,dup_bbdf3862dc51b611,1,True
nazario5_002433_5cb38b7ed11e,08d5c36b9db5d9fd937655ceeab679486ca61db82be8f90a6d9f218e7d519185,d5072c62c7671be0713e2a181d39f02f9498bec23eeb41719352e69ba278366d,dup_d5072c62c7671be0,1,True
nazario5_002434_7aab2f597a2e,efc42189c85566e19deda020dbc0f09a18d394e5b9727339e8f509b22a03ca55,cdfef3a06e006a099f2fcf6d4ac7fd7a3f390168b52125eaea90d06fa62dd1ba,dup_cdfef3a06e006a09,1,True
nazario5_002435_28e030f6e556,ac20bcef557cc55875beddae31a3927f0fcd0acf6cead8d4117123281821c996,6d273265db1a1367448a599f368ca595ef69fcef7f7fa903a115c622e003cf4f,dup_6d273265db1a1367,1,True
nazario5_002436_1e13a1e4e2fc,431f5ad8dbdea92a311c5068c3c15284df4b03ddf00f7ee319922af3d504bcc9,557ae3f74d101ce6c8bb7a54e4d9302559c33aab2b0f17c66a1043308f22b41b,dup_557ae3f74d101ce6,1,True
nazario5_002437_3ec1a1aab144,2a12bd77e1cf2ac82e24d00439eecb927398873fed8d2a583c3ebeebd7cfb846,cd4a90248244cb2d251c707a0ccd5caca4398cc5f7c27225603ea1fd609275cf,dup_cd4a90248244cb2d,1,True
nazario5_002438_374b8ecdc11f,05f19e6bdd5f7c8ce2118f8c0ebe8d5388537fb048c3729abcaa760d379efed3,b6c3b271e78a9b66832e15fdc05e1a0ac9c5deafd550a701385dad9bf1cebdf2,dup_b6c3b271e78a9b66,1,True
nazario5_002439_9ae74282523b,ee6c0c94c71903aa38e271adb12fb0368957299e2c76f981916240033f754c1f,26aec3ed6103c2427a62965cfe4b2ef99c49f22b1e4d98ee2d409a35d35ac11e,dup_26aec3ed6103c242,1,True
nazario5_002440_0753246a7bcb,53a48ef093cd86670f1557ebd9b3c33298c065ee0d2aebddb49d40b3c254f7ee,94f5c64db15dc754a82abdc042073731577095cf766161c30ee3b7ddf81b52ba,dup_94f5c64db15dc754,1,True
nazario5_002441_9935710561ab,6a6ae9a4ba5230ea8422f89212750c08c298e00b96586191f5eaafaf03f85e97,544dc8566b8f22c456ca02733f162dfb6823f1856eab8da13f308c1ac42678e7,dup_544dc8566b8f22c4,1,True
nazario5_002442_1a968e661b80,f19a90b71914f14eaae5d72a5a76bf345861c9385abb9c905536098e91dd5886,f19a90b71914f14eaae5d72a5a76bf345861c9385abb9c905536098e91dd5886,dup_f19a90b71914f14e,1,True
nazario5_002443_3588cb9afec3,74be2ba4b840f5e2dacf8807d6663adfadc1babc2b2ede2e5ab0217dc3c182d5,c8d18f77cac9d827bab5bdecce5d8160f85fa16f92c841de11519405250eb379,dup_c8d18f77cac9d827,1,True
nazario5_002444_ac44570a3278,20ef790f4cc50579908f85d911f7389477cf0c49d6092ed002348922c377edcd,dc640cda439f7d2787b7880f56eb65034d9849a33db148d28fb6385009b212e9,dup_dc640cda439f7d27,1,True
nazario5_002445_0efb79a1b865,42dd414fca270a615bfb5eeb29a35aec3a84e74d85b0aa5076700359495f9353,319e3e4be823baa48182635a2f360a462ea15ee83216745866b807002dfc9e44,dup_319e3e4be823baa4,1,True
nazario5_002446_4a1f0277e531,8396a05d314a0b3809deb4846eda0cd298db35096ec8b5a0f9c456863ab5e899,c1eb6048f644aaad8afc4147ae3c0ab3fe8042b0ced19eb86eadbd54bd43fe91,dup_c1eb6048f644aaad,1,True
nazario5_002447_f83c2da2966f,6bd0a19a4f2561d68734691df8dbcc040a991f433cfda9a0e6f38ad6307349bd,6bd0a19a4f2561d68734691df8dbcc040a991f433cfda9a0e6f38ad6307349bd,dup_6bd0a19a4f2561d6,1,True
nazario5_002448_6e2b7a68158d,bfa7ac78c88262864e8d0d1205aa759dec2ed245b5ae32510f2d394ea6c65a7d,4c15121a90f7ab594b91c97c1e391b6d7fedd34a807a9ca95c540d03d44b37e2,dup_4c15121a90f7ab59,1,True
nazario5_002449_4ecb4344fee7,76af011767b5c92fc2a102953087cef0b5aaad8b9b5277333671b8cdda782710,08c3cbcdd0e4718285522ad3e4e4fba106ddda12249a7c06e50c206688e87edf,dup_08c3cbcdd0e47182,1,True
nazario5_002450_669e2904a04c,70b750336ebd6934c9127763cfa5e35f201ac08d4290e39fb2f29775d67f6382,68bd4e57ad166bbe1aaeab120540a429274be9c0df476945669215cf2201bf05,dup_68bd4e57ad166bbe,1,True
nazario5_002451_16ec38a00103,b8c6784ef739031fecfdd525103e2f16183d4283bab78b15bc3c0496bd552fce,155e7bf4bcda33c47ceb50bd39ec53608c9a78d7bf1037f2b6e48a50431ed420,dup_155e7bf4bcda33c4,1,True
nazario5_002452_deb27e7c3fcf,2cbf597453f3a62f34877a188cc418226b0981a228cb4474723221b25ad666b1,0f752c6416a7195784c0bda0cf0d6949658c06afc4f3d5dfe3b5942a8f31b0df,dup_0f752c6416a71957,1,True
nazario5_002453_a57c881e1923,4c5370f825192f7b1159867f41f486eda004c4a2af6fd395848446043285f9e4,4c5370f825192f7b1159867f41f486eda004c4a2af6fd395848446043285f9e4,dup_4c5370f825192f7b,1,True
nazario5_002454_8bb45137fd6c,8e5e2632bf9212e2ee1d5b16428e86b5f5910516d81dc1e8309b31c2f966dcfe,24285300afe3f7f0a82c1d13300a909bb7cbc5931478e66a6db45def49ac79b2,dup_24285300afe3f7f0,1,True
nazario5_002455_e751ecd2f183,0ee022a9043e2ef0a4bd7d00805a9b2b46f0c51d6386b676c4dd1b2b42d8d949,ca8ced31f044bb3241504d73e2c6d473c787069877e61fb7e6b972daa5edb11a,dup_ca8ced31f044bb32,1,True
nazario5_002456_a2d262657e85,9f171459dc80fe881d58e3de62f497179e966bc6c523ebfdc13a1c1c385a130f,010fe235b8b4a919a7ae97c30ffe55589a3fd0aa99bc549c3a1c13cf9795c673,dup_010fe235b8b4a919,1,True
nazario5_002457_6ce141d4be0d,77e46faa4bd066608b49417f2ee618557a620f21dc246b7fdfcece6d0f94925e,b803fd8bd3c4f1a6369902af18a6df2fbd3646713e1fa1bf9e4d279570a1de48,dup_b803fd8bd3c4f1a6,1,True
nazario5_002458_3775271abbf8,d7c4f3935aa4fc5e64205ef8cf4d3b192794d59dce6f4a865846950a76ccb0e6,4f7abf00b0bef43fe7dc4b4342a1deb21a7c19713fe32233ed84e75c559de172,dup_4f7abf00b0bef43f,1,True
nazario5_002459_1189bfc29572,325ab6d5b996aca7e9fcaa0ad20a12e6f9516525ef07615ef7baa7f6d741f984,71fc258c18164de8d680ff5019ed70e7ab022eb81e1bc2759647475a5d4cc861,dup_71fc258c18164de8,1,True
nazario5_002460_a3a37879b150,de22251ad523a61b841a5b110deb6e4a3f9745f2990ef2a3f94da0846a67af28,9f6f09a08bf317cd8d770e5e638b0f35fa2d650ad12e0b93dd6d6b9aac639df8,dup_9f6f09a08bf317cd,1,True
nazario5_002461_a19af8fc621c,9113f2a1b2148f6321ebdd67ba232d2aecc19d2ce5912d887d0bd34e08c1aa2d,9c74733d885c724498ce9c05bfcb776ab6bce9dc5f965337f75582cfb8844f19,dup_9c74733d885c7244,1,True
nazario5_002462_23ae9655caa4,3b94c4a53f418593951d63bb4010a33c7bf100a48421ca126b7b8f898d52b099,41021b20b1f85aa249861aad871bbd258a15f04652ae760cca1899b258465133,dup_41021b20b1f85aa2,1,True
nazario5_002463_31b44d57176c,e19cada7609ab08e51a00ba3bb80fe4072e028fbc6c39555e45644730e0a9435,50254ecabfbc35697f69e1e62154616e0b835b8abe25064ebb12759b4787e225,dup_50254ecabfbc3569,1,True
nazario5_002464_6ab896649e9a,70d9f69c5a01a6ce6dbd528d12621047d8548881074b6624049a38c6a3d4d2c9,70d9f69c5a01a6ce6dbd528d12621047d8548881074b6624049a38c6a3d4d2c9,dup_70d9f69c5a01a6ce,1,True
nazario5_002465_3a84888bcdb7,66caa923e054c31f14d8428021ee80d961b53b4f5e228b8a539bd904e099d58b,94f9843a18c288419b583d4f9951ee119ab9730d0d436dab333f84bbcd675ae5,dup_94f9843a18c28841,1,True
nazario5_002466_67aaef3fefdd,44d794fd5ab74d57260c90c7085ddd3cab98a277c8da07f16617de2662a992b7,db2fd4dec6f8ad2653001bc2bb530486e8bcd0a7e92ac881dda864ed5289b584,dup_db2fd4dec6f8ad26,1,True
nazario5_002467_2a2227501d55,2f5ce733315c15ac324af7186ee4f9e648ba3aca0c6ca02f40559f240d9c7251,8dea2de225bdecbe1e6c42eff6b8075b5b1bffd010b0792de58cd0ed78d4b4eb,dup_8dea2de225bdecbe,1,True
nazario5_002468_b1185ed3e5fd,9821269689689a46d593b53b1e621c2a4c526fcfd0207f9b2a5555f4ac67b81d,5f519b23e0431195a9310f258d716305d27d832eed6711d071d12147ee71606a,dup_5f519b23e0431195,1,True
nazario5_002469_0d0261c260eb,a23c375febc9a3942e6b3eaa4b2111d8532a773f31ff69b15b961802fcb9475f,e81bbefc979ccfb0e9edec9bbd0f6d4ca3feebad0a692bf3142ebe07cf1ea4d1,dup_e81bbefc979ccfb0,1,True
nazario5_002470_34f4d5cec320,62dbe9798764dc496dc79462b1f3522574a41d78336371b187afd673c50c031c,ba7c08f4be7111268a83eae961c69909b1558721b90cb2722bfac9678133c9d7,dup_ba7c08f4be711126,1,True
nazario5_002471_1df60bc59eba,e6a68a2278a646ff982dcec47167cc77bfcb8e6921901aae99f6ed3a8617ef1f,02b26695a2bd64d237acbc1d6db89e7c6f73af591d2ac3422b32f4678b8a08d9,dup_02b26695a2bd64d2,1,True
nazario5_002472_ec1b0e07b3ff,fc4a1286acce153d0551a5cba848ec10e7a3df9388f445e25bb8f552c4e1c5d8,66cb1d3920adc5e30cf707008702ae4242e5476e656fce023173390fb96cf107,dup_66cb1d3920adc5e3,1,True
nazario5_002473_9938fde3f1fa,1cdccb3c3482e9ab9f51a2bf388f3fd8275ae969b15ccd1e37a6d5592caea996,026b450d277b00e603bbaa6bea99f50df288159175d61d30fe76abfcd005309f,dup_026b450d277b00e6,1,True
nazario5_002474_cc0d0be8d7ed,6ac7ba4e759bd6a6b2bef753ac171d77658d468e1a6c3617fc96163c2a1367e4,da6ab800c98c288e69350b37f89e971cdeaf821b6afb039a78ba116f21d71624,dup_da6ab800c98c288e,1,True
nazario5_002475_3923a7f695d0,c2104d05cb6d3d05e511afd3bb38b8a8faf03d83aa5492c2e958e4e700e2319a,a8fb68a9b546d811df5b9d1d146ce60d92077d543bb5299a9c0e9f5155170579,dup_a8fb68a9b546d811,1,True
nazario5_002476_a3fb332ad7c0,829eced6e0a38d27d64188b2f1a957acfd00cbbfbd29b35af5769846683e2400,9baf7372dcdff2b677e3e9cb153c10ef61213501aef3b4471ecc854a32125c8d,dup_9baf7372dcdff2b6,1,True
nazario5_002477_616769b758cc,a1e8dbf55c36634dd6e0d8211f7a3d27ea465f2f8c1dafd42802b01aeb17e72c,fc6bdb9a216457bed3f6966c5f83cdf831af8ea3b70d6119fb5a267f85d781cf,dup_fc6bdb9a216457be,1,True
nazario5_002478_cf169225477a,b6a2892db6b58aaf70617c017ffba1a94c2a074d46fc818c1e339936d58d3153,a0847604cd640182ac7f99366d71910baf18b2c6170c9972a88dcb0218a2a45c,dup_a0847604cd640182,1,True
nazario5_002479_ebb6e770b6fa,04b290ca0737e4f083fd1588f411634d6b4469e4b8eecbf500706ad562b93cbd,73b631ca68d8460e7c8718043ae1a58a7ba012df864713b40647e1defb44416f,dup_73b631ca68d8460e,1,True
nazario5_002480_dcd3628c5d22,368153a9091a408ee9a8d9a65dc01759bb60e3443d9d5c78ce0b45f04b60f291,368153a9091a408ee9a8d9a65dc01759bb60e3443d9d5c78ce0b45f04b60f291,dup_368153a9091a408e,1,True
nazario5_002481_d8ed315eeeb6,e89d1af90e83084fe21681cad3a02a0ff9ae87b05a660b255c17277b8a4df7b7,3eab390e4995bc24847457fcb5fa731c5219c3a43b9cf5e73ac96617470bb2c7,dup_3eab390e4995bc24,1,True
nazario5_002482_fb84b677815d,2a608d9ebf356791304c4e6ebb47abadd7dbfe140601903452cde5abc63cec12,db28efe421fae7d639bebf0e1deb2515479a79b3ddf7d6e8e73ef1bbef0788e2,dup_db28efe421fae7d6,1,True
nazario5_002483_47c78d05dbeb,8b5cc8e6d652f8dd2bd7faa70e7763e5caf710742097832615bef36d495b3223,a95303ed7b6dc791c10692930773d7a595daf6bad8c2fdb9735add2afcfcb282,dup_a95303ed7b6dc791,1,True
nazario5_002484_14ba9397d90d,29d8af7c37cfb77522f829e1c9ede7174ed9913b0e2574ecf5fcd1b7174d618d,4ec9af85c4b2f020477fb3194402d4609fc8c283ac7980265a7c7d3eda1ac43e,dup_4ec9af85c4b2f020,1,True
nazario5_002485_2fb93dd9d25f,eabe9cee26337d2de77215b0856050b294b81a3262bd0b564db5bda3b35ab449,f58e085f474dee277f2b7ac99ce6fe3d8b785fad663aa26a06e58be5cf67c428,dup_f58e085f474dee27,1,True
nazario5_002486_67942a7fd496,fcf8ed9fa48e3552d00c423857889be27ea5646bd8d990ae3e2d673f41a28caa,2f61a82b8f234d90a371ea9e3a5cd1a08f7b82676ae3ac8e10e52a4d0483dda6,dup_2f61a82b8f234d90,1,True
nazario5_002487_a49c95243a4c,8f021a0858f49f5afd31f8e3101ddc92b31c0bd04f9e020859a1bb312113a943,04508877f998012973323cbeb12c1b54fb40b5574bf35f6ba5e352aa011a2c85,dup_04508877f9980129,1,True
nazario5_002488_845980c1cbaa,cc71ff24933b604a42bde2dec92c7b31ad163aca8d3c62efc92b5f7b801788d2,555bfa9cf34c6750038ba1994bd62db18ff0e7fa4254c8b1e7fecc202d3a617d,dup_555bfa9cf34c6750,1,True
nazario5_002489_182653dbc567,339d0fba758967e69be3ffa85c1991164e77360f98a536022c29aa614683c148,e1f453afcb0e6c2b7b086519a27608d83ef81256a8e63666190262bf1a99a7a4,dup_e1f453afcb0e6c2b,1,True
nazario5_002490_c1489c683b25,acd48b9c91272c147dde8b3718abde2257cd7365d0569ef0fcdeb00ddd1e4e5a,aa53d338bab6cc75e16d3533c5a98c3bb818dd12c178766aeaa1bfde2690d475,dup_aa53d338bab6cc75,1,True
nazario5_002491_8a57eb5c1e91,06bce54cc166ba600d8393913f7c99d33dce155e8beca784af1cd35d65a31b4f,5a2f85a7fb31f7fc784234740a822a16a564d12536574c34b83fe17e28f9667c,dup_5a2f85a7fb31f7fc,1,True
nazario5_002492_10dcb9f1f686,716f0261e8dac0c3ad4360641d7f49d5cf14bc8a83d1a05296425bed6ef65bf4,7b3cdd27c71b36336bec630e0511836fe9a8959dcb251718e4dc60d623af97ac,dup_7b3cdd27c71b3633,1,True
nazario5_002493_e66cbe432331,9b5d200787b63960f6ad776c7dd44776143ec461bc47725c2c53ad692b294359,0c18eb144ee0e353fd7d0f9f58b32ad1645b8e94ba57c39f50a30d8b872abeb5,dup_0c18eb144ee0e353,1,True
nazario5_002494_78698d9d5977,57e4c9c1846ab90d4cc78541dcd5d80ab118a76b4a39a5dae78efb25195d1ba9,940f7147a7f30615cdbcde26c50066f5e75b356184bed7a3f8bba16b3489aac9,dup_940f7147a7f30615,1,True
nazario5_002495_6e843a139c3c,d3c07a8dd44704462e4782b837bbc3761bd090ca5f743313ac0710a6a4cd0c23,5ceb56890c59725599b3f9932b445640f1f1d8658d1257a06e54f3930ee5325b,dup_5ceb56890c597255,1,True
nazario5_002496_f4cd5eb4d01d,d4cbfa9ea1ee7bf2326009875f525d2d12f81536d371d33b89272c8d27063e70,211809ec5fbad1970170248ef85c95413de836c58c9a0c5f579516cebd6af191,dup_211809ec5fbad197,1,True
nazario5_002497_f981374d86e7,ada8325f5d876923acce420e448ed50cfb31a132887287c4d58f9431e776aafa,615b57e8a1c9b287fa8cb7fa266d3aff45c95c53ca9171120ce8db60f360da89,dup_615b57e8a1c9b287,1,True
nazario5_002498_2bd1494125e7,a5d46961f388b220e55c719f7cbb3720172ca42f20b8b7634e2fa2622c5beac5,155c2ac6f5ad3a5cc377041908030fd138523d87a3af142e1ae38bdd35c99bea,dup_155c2ac6f5ad3a5c,1,True
nazario5_002499_17f7070da53e,ef289e88476bde2bcbb147a1c5e8093d5192c36f86da4b10f433f74fdca6c010,a2568116c3477a808629e85f7bc64c2ed73933bbda05423c147e42330af70547,dup_a2568116c3477a80,1,True
nazario5_002500_22a849136f61,47792e7885e9546f71705c63a6a916cbe4d7d8acf8c1db48154b8bcb355c8dc1,d0d76df54752c514ec96b3ca60f14fc137f15e4762c81d226f4517f8e5dbfad9,dup_d0d76df54752c514,1,True
nazario5_002501_21dc68740aa0,c7fd52be7e172ca376a723abf86c7354a915c2f75f530d3e78f75d0f4dffef45,5fb7c31f7b8dd4fc5aede5becf3098ff64d3fd44751a7a7f5880ad19898b0256,dup_5fb7c31f7b8dd4fc,1,True
nazario5_002502_42d4d36b2cdd,005cdeaff6d43548b9cfeb6dd9c0bd9d42baaf8656e0b9029abb2e57a1878402,8467f671839d772918d3b18c9a6e4c9b48d251c3ad62b094d6e673f69b66aeb2,dup_8467f671839d7729,1,True
nazario5_002503_58dd6a972574,e190eabac2d0529829b27f35b8f550954806f9e3bb911df458ee54c5bafd75c3,e190eabac2d0529829b27f35b8f550954806f9e3bb911df458ee54c5bafd75c3,dup_e190eabac2d05298,1,True
nazario5_002504_24a5b048f7ca,0417aed91cadb7e66e281b53b29db3eab431732713d0b53d552e101ef49fdd18,0417aed91cadb7e66e281b53b29db3eab431732713d0b53d552e101ef49fdd18,dup_0417aed91cadb7e6,1,True
nazario5_002505_940e1612b2dc,c0debb0e7e347141dd2dc373a6001f75e9733deda14819bda74ac14e4b4fabb3,b9502f201912baf2e03f5d7bad0963ef0edf4158d32f9e7d204e0d17fd63237f,dup_b9502f201912baf2,1,True
nazario5_002506_22bd99fa2068,e391cba2f1ad2a5ba6ef0e5a330d1fd6138bef4e383b95a62d897a0f79ab083b,302a0051dabe441351ea01d67f2515502a7a91f2ab24d62e9fcbe9a57f0a36df,dup_302a0051dabe4413,1,True
nazario5_002507_7876c6bdc01b,868028e885d5b09f9ff9fa8bb0644c5b968942b8e01ff586447a71d43b2e2441,868028e885d5b09f9ff9fa8bb0644c5b968942b8e01ff586447a71d43b2e2441,dup_868028e885d5b09f,1,True
nazario5_002508_c56b1b431260,f2c709f1bf58a4e961d508078a166907ff20fe44da5f883c8cceec2b6776d06c,d73f665a9b5c46740f1b92b7814c313a6e823113f36991172e8c7a25d1b7eb4c,dup_d73f665a9b5c4674,1,True
nazario5_002509_b38fbfb2e147,6f730cb8a48b63db7fc8dcc8fece6d4a3a8b3d419f5fa883d118a78c02578b4c,1d0df84fb3b0af2d08fd74324546bc8114a36609e87dba3930c1b6798cae01dc,dup_1d0df84fb3b0af2d,1,True
nazario5_002510_20f39c158333,19c0e3a557353a8b4c587aff11c99a707f6d8c9772ae0505f7dfb72c3fddab26,c031304a04c49f024c30a5f7075f25435423f6e0d32fe64d85e298297f0fae16,dup_c031304a04c49f02,1,True
nazario5_002511_01cd5a7d0287,120308439380a3c274ecffb1df052c35360bb5d6acb9702b5d5c8d7093e90714,874acb285fda92212b42b066b455ce36a7a43484c8701026fd5fb208ea9f8989,dup_874acb285fda9221,1,True
nazario5_002512_0deabaaaddf9,601804a3d288fc3de9d76b339fb9aa1e557b5452242a6fbee1aaedbdb54ca6f6,c85b447cca808e93418a37bb000c83dca8f9da9dc2ca360aaa6b4b7da1d76cab,dup_c85b447cca808e93,1,True
nazario5_002513_04d8013d515d,8da99c2b9636291d13b60fe88e782e177610630625135903b090588edd6df02c,d6bd0b10caf0ea714ca5dccb025cf35fc9175678081dd005048b4816e7a5f30f,dup_d6bd0b10caf0ea71,1,True
nazario5_002514_9767277fb2ab,b672ff78580dd89e4c764146041ae7903ad7a72748bd2fd2dac3d06c471e3ebd,c539f6b289ca5a320598692c30598b611c1ee3612365e862df5259232ea49107,dup_c539f6b289ca5a32,1,True
nazario5_002515_33d9cda1dc4c,0455b61277361252f12d829ad6633d096c3481f7b0980413fe0067078948ca61,1e59f1525caf7c5d6e98fd42d0d9a4b161783baba5dae0e4b23b99863ccda713,dup_1e59f1525caf7c5d,1,True
nazario5_002516_6c3e9c55312a,626e8a44791947392b2e507ebe14587a33fa70f8642944b04f4572fe7e8890ff,d9cab19fefde628f3fd0f782a2ed0e3ade59cb75a0529436530e80699a38ee2c,dup_d9cab19fefde628f,1,True
nazario5_002517_88585dfb7678,14e667b04dbe257a1313a98e9ef35cbb385a477a66010898bea347c05d32da2f,15883ec156583e3cd7ddb8f4db3d18444799cb0a9d0fb9fcdad594de07dc22a7,dup_15883ec156583e3c,1,True
nazario5_002518_bcf4b159ff37,f8d715b6b7be2a91d612f2166c84d00d0698c2a46b135813e1365e5d65df00a3,9b402d049e976acbdb441306bb5e96cbf337e65df54e5d88c2b90789dc35f28a,dup_9b402d049e976acb,1,True
nazario5_002519_5c9f3d6ec61b,af94953570a9d89e00628e232854cb20cf511c32b33504fe927f3a5cdd16d769,af94953570a9d89e00628e232854cb20cf511c32b33504fe927f3a5cdd16d769,dup_af94953570a9d89e,1,True
nazario5_002520_e25498585659,c7911c8db3db7b5052ed3b83ed6ca5cb3f6d8a918e9890f65bff8d913ae0bff0,3e8f4119a8646ddd43683c2b9689b31be64ec44b2b30480dfbbf6c4f3594d655,dup_3e8f4119a8646ddd,1,True
nazario5_002521_30ca5dbb79cf,20b884b4023a1bb99a89bca4791a2ca24e3a6540cb4ca30b194bbb376cc13f6e,aa95223b2065e2ee91cc8dfce65d7508249711f8693a1695b1f62e53cb39cb8a,dup_aa95223b2065e2ee,1,True
nazario5_002522_e1effece9c45,0cf10b48054c12d10eff21f1048f7197171fdae51327c552176717fe5b3b7623,989893f955ed9263c1fdcd6552a9aad5a4f7f0fdad703d7db3702555d9f891f4,dup_989893f955ed9263,1,True
nazario5_002523_9758b9d2135c,e92ba289173353934b786f49f31699bfe14d9263b508a1c78add912119be1797,34d1c674eac37edbf1c447dd853892ee02b7071f1d9acdb74130f3244fdaf2c7,dup_34d1c674eac37edb,1,True
nazario5_002524_b4090642435a,e7ab35133fc4d5cd8c63467a2102bfc9edf3761e2045699ca5cacd3be7d6d638,5cb814ecfdf13e7ee369cf14a8c87a350fab246d43370c7d1c1c307849fffe5c,dup_5cb814ecfdf13e7e,1,True
nazario5_002525_bec0950c6790,8e244b85d5a7c01c952fedd232a089605ff72b5e7d0424edb8866ad5c0a4638e,50ad0671c779ea82d266b79d2c5a6fa826639044da24593440f1b36d76df9f5c,dup_50ad0671c779ea82,1,True
nazario5_002526_d70c6d9f6f54,711a80f36722b36877381c022886ff355af591e78a26649f7524da2c6a42743f,dc7ace4072f4712e67fdb2a98c45ca81a29a02c196431f515fb72a5753f3b7a8,dup_dc7ace4072f4712e,1,True
nazario5_002527_bab0d89ec6c8,3c0a71b76d1cb10315570585625ae92173d1a1eb6184c1512d6de4988b5887ef,afdddecd3d31de9644fb6168b1b4b6960c5463518f80b98073b8f457323e81a1,dup_afdddecd3d31de96,1,True
nazario5_002528_635ac0b26e89,4426e55987bf9103884c1b26df87c4bd7a1afc6bfc58447ac83f8bddf5ac34e1,81f30f6af2a9524efbbf527d6dacf021ab6a2d693d8ec7397d30ed122457c568,dup_81f30f6af2a9524e,1,True
nazario5_002529_f64582f1af31,2d8ece0e796bc6bc9df0691574c3755b7cbc04b6663b57fa957b2ca9b70bc293,14b5c7b6d57708713991d26153989746fabe1ae649f4908cbc66a5bf0ff9c3ab,dup_14b5c7b6d5770871,1,True
nazario5_002530_626d3a4dd165,8893b91e4ab4302f5fedaa2a356fb07169d216da40e0d84338fe271e7c89f7cb,0ef3eefde9d4612847db5a5ad09630c86e4095681d470156dcf428d621d01542,dup_0ef3eefde9d46128,1,True
nazario5_002531_6c1bdf259a01,323275a1c902e8b43147e8132f432a6b1c3323dba3d6c3f9cf83cb826c0cbac5,ed28f4e45d7e79d1c2941e825e5f258874ffee5d87e4cce84e26f88db6e27345,dup_ed28f4e45d7e79d1,1,True
nazario5_002532_0a949e00e2bb,5466d419c1f52403b16da1b776438d4cb3b342b6a06f33c21894fa34d3f214b5,8abd2bd26dc0a89d960867047ec538a4015f728620c0e2bbed5a6180c7da3026,dup_8abd2bd26dc0a89d,1,True
nazario5_002533_8701f354ebd3,12e42bd881b423f37dedb83c6a4d4471b6696d5bff084dbb067e02135764968c,03417fdf6ff674f5842a2a173e24c6a7e7f117234336dd5c773c4492ecccd181,dup_03417fdf6ff674f5,1,True
nazario5_002534_2da64fb259bc,4af39c2b8e1b4551ec8c5bac8c11ed17ed53d1011b988a3c3245ed6113b352d1,4af39c2b8e1b4551ec8c5bac8c11ed17ed53d1011b988a3c3245ed6113b352d1,dup_4af39c2b8e1b4551,1,True
nazario5_002535_81af036b6ab0,8a6256fd4b636d73cbd0797ef456aca9f7b2992cdc5643c54bc9d00784738f86,2f2d0de750cff7d7c50b6c4aeb2de8d8e4c51a50f24b1b04d914cca3219f8e2f,dup_2f2d0de750cff7d7,1,True
nazario5_002536_ea86940f4f47,1f1cf8d7dc38adcef9d5744a15025d177a3986e17fe9e0ff04fb853afb40cc68,0a638b4c6a71eced6b6b4c8ceccaddf42c3c23bdc41350c2ca7bf4de90ec1733,dup_0a638b4c6a71eced,1,True
nazario5_002537_b19506d50fc6,33aabef51f28f90c360e78ce446d832eeaad1cb5404479ee4e29e54feaaf8640,22fba2b2dc552c8058a25484b403bf7cdb011cb885fc0c082eb8aab10a0a9373,dup_22fba2b2dc552c80,1,True
nazario5_002538_23829c2e9b34,05e77a9c653bec54afcd255531901ffd0c1110e393ad87600f1f464d4289c7cf,3d2eb65ff363e59dfff42ebd79684952c270420b925f86bcbbfed91fabe8ff74,dup_3d2eb65ff363e59d,1,True
nazario5_002539_58463babe879,fa00eadc2533a40ed4d05c40a1254c346fb581a60f2cd5e92d3cc8cf174937ed,432d3504b166ca9e460f1127786474f794fefd9f4694e9a9fe9fea65aa49c463,dup_432d3504b166ca9e,1,True
nazario5_002540_12b3c870a329,596275eb6d7032053319d7932064296883d20bad0f7e4e284402f7229e557e8e,2310e1fd991dcc619764f41b36fe1f0a801c4edbfe478b88f3f96842cad5bc69,dup_2310e1fd991dcc61,1,True
nazario5_002541_229dd66341f5,a940eaf6348bdfdf9cf6c073f3d43ed1ff55e75008116023fd96d2c502bd2dca,13806d038624e7fcc13d65aaf2abf33f18509a72ca856fe269d2b19d0ae40948,dup_13806d038624e7fc,1,True
nazario5_002542_3c180c53671e,5719ae44ffa07b55d5975f993c500659195e9f6d318d93e4a6b5ceeaa4662efb,8a7ee9cc29787fbb2e9ba7313aaeb26df8bac44d35d90d7746954fe91163d29e,dup_8a7ee9cc29787fbb,1,True
nazario5_002543_60cc8d5562d0,e63c1551d459b2e86e2675b999b15678ea9ee922870c9c9a50c9556fff80497c,f33c90cab05f83cc36897d6c0f924d5e4f8364681ac9b1b521751cfdbbd1e28d,dup_f33c90cab05f83cc,1,True
nazario5_002544_f8e06990dbfe,158e7341759ecf6999150a424c030b5673c7f8a0def97f1b8b0129c8b84491d1,7c34ad7f4bc39ac3774411481d2c0016efb0fa2ea6ea6acb6e2f6c977b5fce5d,dup_7c34ad7f4bc39ac3,1,True
nazario5_002545_38fe578f3e3c,54474d3eb11ba06f81f733b28ffa81e52bbc3333a822cd0fd7e29ae7ab74b7d8,dfa19ee22ff795258b00a5d4ea8109446698c18a5f2541b63ff7c223275f58e3,dup_dfa19ee22ff79525,1,True
nazario5_002546_80723f837498,ce60800a076b99ff371515a796ad50b14a3da291ea2dad38cd3fd8b5cf39340a,3355663bb19fe458e232b772966c58787953fd9b3c7bcef6d1f5add5d7c270ea,dup_3355663bb19fe458,1,True
nazario5_002547_05601d1f8f9a,b671513fd4881cf65839f76730ff36c5f52e34dcca43c1a6eeb3a4010e91d77f,fe534036b1dea883576616585656b07d1d7fe7c3a2708a0ef490e333d93ad921,dup_fe534036b1dea883,1,True
nazario5_002548_5fcf8757621e,c62894ee70d58aee9fbbeefd4389b29e5aa6400f6b9bd0d985d6e17c54e6725e,217e57c6c1f82ae6dae7525ddd9f5e7318a5779a5b69876cc52ec6e8fcf042b2,dup_217e57c6c1f82ae6,1,True
nazario5_002549_9c6a4785c57f,21b9e228d9caa063df03619662b1e62f5b806304106ee491b492a236d6a98b3e,f547506936f877538d16df69cc1834c7f5bfcde33a08cd25f60365093e5f39eb,dup_f547506936f87753,1,True
nazario5_002550_f4b72e460662,e6117bfa3838a84ddc610f8b8174b018acf5fdae66c4c825f84c7fdbd7767175,fddaeac2482482fa8269faac9d003ce256c9f5db951b9a1e7fcee23aaba9c7f7,dup_fddaeac2482482fa,1,True
nazario5_002551_43cfabb36316,8835c7b56b8d0c310795ec42caa675286971cd751414d4fdd1775af1313d2526,73680ed75a7ab5bc20e9fd59f2238d21881b80d8e9fcdc1d4de87543bfe731a8,dup_73680ed75a7ab5bc,1,True
nazario5_002552_01d7ca97bbb0,6bf1988be714f2fd4e26d3fceec0e1a4cb63f7617a75007ea0b8a8f78d3c61b9,2dbbf291bc4cad45d3850f1462b556fca63ee0e92f92ca46b1e77a33b13cf067,dup_2dbbf291bc4cad45,1,True
nazario5_002553_030bfed95909,607ccd45bd0ac98df528b6358fa4d1d08ab44b160b09905144fc96dada59c60b,a33cddf4501a7f4183d3532ecb35a13f9240acb398cbea54bd445dd9a250ed6d,dup_a33cddf4501a7f41,1,True
nazario5_002554_e005562aafe3,64353f2358c77aa3abc3a04a41134ecc1cd67db3ab6b4969c3b2b20dd74a2573,32c4a90111bbe89448a6811dab8a3d50746360182fbdbe644196820f23e2299d,dup_32c4a90111bbe894,1,True
nazario5_002555_d4f3f3b5ae99,5b069817f4192ffd783a7686f8dcd0bcc57c888ef257a72ad2c137e4d46f0520,71a02a8c35d72bbf3304009a533637e1187a6628836845d1c7b0678c1ed5a9ab,dup_71a02a8c35d72bbf,1,True
nazario5_002556_7b8eacac8f63,17a87f376c82cd4badc5e86a4612302f816b1b0ac1856ee7d97279fa51ab5ba9,0668855a09ac72d5bc39fc0695e5757075632cd7ea8a470f295c7ed2907ee6c5,dup_0668855a09ac72d5,1,True
nazario5_002557_a90535b5a47f,3126fbee9e49daf2b23a3a73f23ed9699ea82bde29b3df4108d0b93ceef9bb3f,3126fbee9e49daf2b23a3a73f23ed9699ea82bde29b3df4108d0b93ceef9bb3f,dup_3126fbee9e49daf2,1,True
nazario5_002558_fb66afd50a0a,30ecbbef82745a69d78408c396b0c694221c08d2a74b9c63a7851aabfec29574,94f9c04e2ef29460c0a4e7373dbabcca2035ade9f3f27d47cf8c49296255f2d8,dup_94f9c04e2ef29460,1,True
nazario5_002559_f8a3aa0513a7,8673e238b85a03ec603812b9400937d94e34641cbbb7fcaa254de69de35b515e,f700393de80406b08b053fd029162d2efda7afb172e1eba87ac666d2fc1ddcf2,dup_f700393de80406b0,1,True
nazario5_002560_92dc117188c4,65d0c4b08d4e5d1e7a9f94e69bb61d864d5c6516faa468eb60ad3f2ae99036c3,c5adab0061279f6a097bb44206c6b07a8800464ec2fa2f0851efdbb455ac9aaf,dup_c5adab0061279f6a,1,True
nazario5_002561_155c76c92129,c6e68cf1a77e161c0354c5f34ea2b8aa6c151d63a69609fd39fdf5c44f381ac8,07136ccb00345ace6b5f74ee8b084ee278a79c4543324723897a74c70fe89195,dup_07136ccb00345ace,1,True
nazario5_002562_66fdd11fc4f3,f5b70a65573128cc7687cbca0eaa65bf3777283d17b1f705e8ab1f143d46add3,e52d73290c54eea4ae6f489fe43c350f945aa98f8eca8cc15a4074e5ada50c18,dup_e52d73290c54eea4,1,True
nazario5_002563_c0d55dc53c1a,08d38df1dfff81d4f8e4700aea63013ed17e537da7b13637957be3b58f9a29e0,6340407913c66ff7a5c478685102a9d7f79b11ba6652fb3e771d2e479484f33c,dup_6340407913c66ff7,1,True
nazario5_002564_ba3d33d24c37,e8da9e2e3c3bba916bca777a88a68338917bd1dcc6310da577f313c870b248a0,f961aef54e9058d6a2020cf3246335b8d167935c2f16bbff253cadaf1e44c7bb,dup_f961aef54e9058d6,1,True
nazario5_002565_f6586bbe09ed,f746316cb979bbc061b2db7b6d3c246540686610894b533cb241fcc68eb40706,f3cab4f76dc85c0bd62ca4dd783d962709fef13bde4c5ff6adfa9ddff5d739d2,dup_f3cab4f76dc85c0b,1,True
nazario5_002566_cff0bc4e8918,fc598c6da276c97b5f67c0aa7fe10e02181c7fbf04441530dec1fa221e4192da,5f7e0dbb071fb7848a895607fa9f0a21c895f381e660a0be7eb3717c31c1b6a4,dup_5f7e0dbb071fb784,1,True
nazario5_002567_bd7ed4d77b3b,f3d3ce8896f5e2e46a2868ac68e4c2155902b490dca49239bb0cad66621242b8,e369e10ddba25aacba13ef708a935ea6d470944fbce98836174cd23465e9fe4e,dup_e369e10ddba25aac,1,True
nazario5_002568_f83818bf85bf,187585a7df34e4602e8257412324534fb846a49f736c1d13d6f29b357d0172a3,b6fe95673cd405471d89c285949841afca04abcec34c9d0ca68a1f7b0253b94f,dup_b6fe95673cd40547,1,True
nazario5_002569_91be6ab901d8,cce3ade7b5b0f2db6999a60379869050833a8be6f043749555f62a23234d7fc3,24cba5f41822d814fc270ba54cf667dfff7c6306616a16dabebc1239c7817e29,dup_24cba5f41822d814,1,True
nazario5_002570_be7bbfebe71f,27765cb2831e91ea5c0a4c5777882a35856c80ac2d73425aebfa2c18774de3c6,5754012a991597964795fed5e524260b12151186ca2fe074b17dd288bfa2d022,dup_5754012a99159796,1,True
nazario5_002571_ee22b3f93ea5,9fd32ab4a72c3de41f5e0ec8d75bae76023eb354e285c2a11faa655e371a9e89,b9453103ac69c564f406631acff326f260d5417cd9320942aeaa1ccd9f148039,dup_b9453103ac69c564,1,True
nazario5_002572_c3249a4f86da,e27f901f8c772e3717847d695210498e618dfb272f5f94196ca7c23c8dac3221,0fc1c7c5f93e44ea03a18a04ac385b9f19f2791e3f7a5cac320f26c2d1ef5118,dup_0fc1c7c5f93e44ea,1,True
nazario5_002573_afb5bc2632f9,5489010a39f22d64580467b8e1dd5c8aa1872d627af731216ea6608b116e94ec,5882db28d9bb59e03dea95be4600cfa7b7a4924ca1f8a853db9b4a0e29ef2840,dup_5882db28d9bb59e0,1,True
nazario5_002574_f3c0a4f4a2ab,898c132c53709ac5c4fb8470b2168c705337b450f43141db3a336b9879269ad5,397dba036394970ea78e8d8a55acd4d6ac3e8e74ce6818e65c6d9b10e63fd890,dup_397dba036394970e,1,True
nazario5_002575_98f287b28104,61d1cf1a13179129ae25a9b0fae6a0ec727cd0d9cf8c050af1d7412c1c6ca1d1,6b1bca449ac002f9e02a20bc4849997bf24872f6ba65cb9c4ff2b9a3544a04a1,dup_6b1bca449ac002f9,1,True
nazario5_002576_49961fadde15,20fa9d72937e2300749433344640ab635e0f6f5007d13fd07f1892726fd3c93c,e5f980472b98cdc21f4f53fafe7a70b25a69e03a2f5e032cefd07e47fe9f4a36,dup_e5f980472b98cdc2,1,True
nazario5_002577_f31e0a633f03,d151ca835f4b3c49ac9bb61f1642ec7f41d28334d67fd478cbe9abef3aba9a83,1019b62b6a96f4386c908f37fd55815043fdf84b17d8710138fd7bb652f8694d,dup_1019b62b6a96f438,1,True
nazario5_002578_0f59eb98b73c,1778dd082ae6166a5d0d2a0106b2ee00b691ac0af76157bb94c725d7a235805d,89220148237ce1869252907e49c34883d10b402d8a10380d295e87c030697525,dup_89220148237ce186,1,True
nazario5_002579_de50d995bea2,1f4fc5f3c232b034852b72bae421b96a195688b731dc0691a99518370357287a,1f4fc5f3c232b034852b72bae421b96a195688b731dc0691a99518370357287a,dup_1f4fc5f3c232b034,1,True
nazario5_002580_a5339c7bf40c,2388c292fa8faa45653bffc48cd14a6344881ca4f5ebe75e54cea3a7bbebfe63,602b1e2f9703f0a9c3aec68d9c76302e45b2a4920e683b00647118ba72a85462,dup_602b1e2f9703f0a9,1,True
nazario5_002581_93a1fbcd7092,7047d99325202f6c5c900fda132c2bafafb91816236a28b0c4e0dde228829dda,0e27f29636e02dd57d357b3a9bc61c0e045f9e2fe2c2cdb9a7105204b5cc1682,dup_0e27f29636e02dd5,1,True
nazario5_002582_d6f84b5eb0d7,c7ab95259fd83176b8f33d3cfadbef90c06adab402bdad51772f2414090941dd,9400013cd7762b6e2211f9ddbfe75d367e9250a9998d67d91cfb693986b3e892,dup_9400013cd7762b6e,1,True
nazario5_002583_183d87ab8ba9,243e6c5ad295340f3d9d5f998435a6eabc7643d3a04e491edbc4ddf1e6d7f235,29c2a6aa83fb68426a2c3a853d8150b77d09124aeb8680c8df276e2a0776974a,dup_29c2a6aa83fb6842,1,True
nazario5_002584_47ec6db43998,e86e62d22652cbb7c451980d1fdd4ec981107960dcd9a2a2ff1e7a71623ea0f9,0482f498e976f44912afc5d710e7404789ed266b4c1d6dc8f13bf49522d110c5,dup_0482f498e976f449,1,True
nazario5_002585_fb658d4f9125,a2ac8fdd8ed4405f7b78508f8013c0d60ca7bbc73707087a80b36f997b6399a2,4ec88a3d05b723d42f9bc330f817876465d8f757fd1a0ba8cc018927dfa22c52,dup_4ec88a3d05b723d4,1,True
nazario5_002586_9233f43ddbb8,b120eb68c6a7bcb025363b2b2e6ebab26dc665899c89a27330662bcf7ce62e03,ecb0eb3c2903552b733a61e58cc1e230bc9fb88d2f8e8e7fbaa7f6c817a2e486,dup_ecb0eb3c2903552b,1,True
nazario5_002587_92dab7d044f5,6c32a57bd6451e453c709e05eadf401f36e9f16a55ebffaa94bdcf93bffa9dc6,8cd41921bed91eff7046b8430e4141583e9493c1b689ff80b0de04fc6beda6f6,dup_8cd41921bed91eff,1,True
nazario5_002588_6cb912162070,417e1c34edd5831ad4d95b0e0d58286fa9be5e53535b095b3c5a6b475275588b,82b2097f98e1af8a032048739a6333c4d38b69e60a018a8229ca7a5cc352d26d,dup_82b2097f98e1af8a,1,True
nazario5_002589_372b7374db9c,800de816cbd1a91b94925b4441d729886862889067d27a89d865891be1703e19,b9d3d9b3b60011981395d259d3b6ff3f6a51bf460e76a5f86a7d6a571031d941,dup_b9d3d9b3b6001198,1,True
nazario5_002590_1ae9c6f178e7,77bb75ed5c282b83c87d4116e3a0edcc251d91688feeb6292ba6eca7e53765a0,a6862d9385644fb96dde3a0c2a05c6ab4b9a35bbdb2c1c590f6df2000222fbb4,dup_a6862d9385644fb9,1,True
nazario5_002591_fe1ba3242057,3dd2c6adf1a1c204ca2bcf5038bbdd07efb77c3d26c23d7356a36a6a8b9827ce,c758cf658a3f5cced0d09f2cee6e986279c95b41a253a7be236aae66ab07bd84,dup_c758cf658a3f5cce,1,True
nazario5_002592_8a270ecfc4ab,28fcb72d5502645fcc891857485210a3d0b9ec088106e48aeb0527e11d17a3f2,359e55d8ed1b25ca2d348f6da2d86ab58bfaba75da28852404eda62f1da83779,dup_359e55d8ed1b25ca,1,True
nazario5_002593_1dbd114f47e4,d5cd0b6a9b0f6783dedde00d4896b91c7e6ab21368740e7c0c5b02dae08a7394,a33b14f761d2ee28a0e61ffa6f8c9407a41808500a21d230ac18c33b196225e7,dup_a33b14f761d2ee28,1,True
nazario5_002594_d264f525c05c,6c83a4bb62dada565196b1fd7f3a7ff977839c38aeb8ab400618d7de488bd981,e90c664a34e2aad77e8ade5264d79d98466b1d1f0bcebc4bfd4e60f3925c6eff,dup_e90c664a34e2aad7,1,True
nazario5_002595_328e530d8e4f,0fb190e1cb6e78b86d2b4c03aa0c8c87518048fad95ab5d854ad203f7561aad1,cccbd45e82eb1ea5079eada3d4f6fde84b1c534dd9cad355df8cd42a1ed43f4f,dup_cccbd45e82eb1ea5,1,True
nazario5_002596_a4c94deebd3b,cdf482987d1ae6f2e371b68b61f95f492279096c0d597bdd9e66ce0190b9e0de,ebf056efbe3eeecfb6e1f909bb1d65eefc7c4f8b156f03b0a842705d0116de42,dup_ebf056efbe3eeecf,1,True
nazario5_002597_fe227b2b3a15,4abfd24ba3dcabaa94ded8c76b0ba8aa3147feb3d71bdd5fbf932ce0dc7d07d7,e2bbc4d8a412c9664279d20e3c8803208f258d54182c51184cfda28459a29a57,dup_e2bbc4d8a412c966,1,True
nazario5_002598_fa5433b9b99a,d15f665957ad608d71c2dc93cf9f37c8145264553cfacf968c1911f1edf31235,fa7cf13158f31ad336cbd31fb0bf5ce2c13b2cf4881165e27d69d4ea8da367a4,dup_fa7cf13158f31ad3,1,True
nazario5_002599_00ed36c8fe78,6140afd637c9f84e9732c7ef1115531079e9ba1ae029155de65ef5e94f233c4d,4a8268bd43acaf7df52f2a11dee8a9b9c6507192755ca9f20809f06ee6f52549,dup_4a8268bd43acaf7d,1,True
nazario5_002600_5d0815eedf7e,45df52fbbb2057c14c0dde290f8d86ab1178c540668930e3ae443ec7e67bb409,46cec9ea755e1eda6f7863936941b76fb3a167981d42d998f401906904b99fec,dup_46cec9ea755e1eda,1,True
nazario5_002601_f5d4f6d8805d,28fd1fa4f1eea7285fa7d7517225b7df4ac30f79cbc6c31e977ebdcf8593e1fd,f11ac87a6a461e53c0b3f9edc6360c3a4d33265ae00c2f2093f65ac31f63c960,dup_f11ac87a6a461e53,1,True
nazario5_002602_8d02805f5ef6,1f21bc13d32d8ceb544bde505af6afbb0bf8f5745d066ab03eab8018da999d26,56126f86b9e34f889a6d96a272bcf3b891143fbbd4685cb19ce8eab6146ba152,dup_56126f86b9e34f88,1,True
nazario5_002603_a14fa9cbe7b8,c0344380a3ac3be2426df3bc06e1f304f14ef8d6b3fbd06a2fa7cf090db7793f,9a0bbcebf5d14edb013101d1dfea1a22f087549339530beec3f49ee4fa995323,dup_9a0bbcebf5d14edb,1,True
nazario5_002604_75e170cda601,975d2638a7a63e1c4b21c356253a56289f98848217d666fe8fabda4bc1238811,16bf1e6b2c5800cf13afb084942aedb6f61d59f4f186042ad257f57f24bec881,dup_16bf1e6b2c5800cf,1,True
nazario5_002605_ac2a4bdfed65,e964553b5f990908033332ca6002ca3b3eef72e257fe7f6413b00524c0781e74,45337f3dc921b5b2526e98bae5f632bb57c5fe17b43cf599386c4f6d4365a1a9,dup_45337f3dc921b5b2,1,True
nazario5_002606_2169b0734e0d,c62dc233e3af7f63ad3ed74cd65508a63a7fcedc97459b51894bfe6b74c90a84,d88ac2d026ee6147610f33b32664b24b4755226a3fa775c04ea63003522e5a2f,dup_d88ac2d026ee6147,1,True
nazario5_002607_5b30cda63ecc,2731fa179428ae98c74c29b58d39711a4eb66606232e0e0b755d82813993fc6e,2996f1c8a507a8155a7582a56079ce294702ff8af99e2e7cf5438f73dbe27dd2,dup_2996f1c8a507a815,1,True
nazario5_002608_910d7c379b6a,fe652fa869e6e09f2ebaf5565d8f948ac9747497edd220610703f95683de442e,d97efca7142c108a73cb1965d4205a60699b54e7e5a6da89b998a0b93f978dd3,dup_d97efca7142c108a,1,True
nazario5_002609_7c5dd4d911bc,9422566f488f71b691439b720f4ccb20de0e8d7ca4ac235a87c49bf9e4aa10d9,7b3eb5e98165aa6a194bc2664ac649ecb0acbdbe2ac1f644a1a214edbea921b2,dup_7b3eb5e98165aa6a,1,True
nazario5_002610_bfa59c055064,498f1879b8705b761cf3293ed8953bd52a986619190703504d52009b241d3ae8,b8cc8dafd01f26cac7f22453842acd2a4131d976c978e47d8ad244b01363f8a4,dup_b8cc8dafd01f26ca,1,True
nazario5_002611_4657932ad593,668b2ef25db8ac384ca3f7e05bfe1cef57087fc018c5a6f3af20c47331d57583,17b3ffd36924e566bdbdbf63ce3db68c05ea313f56c51efe2f5db9493a7bd17c,dup_17b3ffd36924e566,2,True
nazario5_002612_8c93f53e0ccc,ba506c27f70e5294e1e5e7cfbb1352b1a8749a2b55009a2c2ba0a002aa428785,9329d801d18083419bc9d8190ce6e27bd37f73415b01dec266fc8a4fc9d572d6,dup_9329d801d1808341,1,True
nazario5_002613_cf9b96be23dd,db86c90e11c4e8279b0c108c257fe1ff9678f11777d6a5baca1a59d52df9e4d0,17b3ffd36924e566bdbdbf63ce3db68c05ea313f56c51efe2f5db9493a7bd17c,dup_17b3ffd36924e566,2,True
nazario5_002614_9c430c8ea11d,8afb74c02462625fc686882e52660ecfbec2c22511053cde27ecc4162e17dfa4,6c9d7ac0cb7f6d9c9a9dcaa61baa8b4b962df4b25e162e31ee6b3a5a5ade0f62,dup_6c9d7ac0cb7f6d9c,1,True
nazario5_002615_4f413b58e80c,7701230f8b479a89792db979f3a24ae0eb1b2ec912f1a2421e0af4d9754da3c7,f0e350b3a1226a315564b01ac2c0a2b2443eb8d46111787b09471b4cc73b902d,dup_f0e350b3a1226a31,1,True
nazario5_002616_fb0a71ac6a94,93babd4966fb1cd1f0e085dd18e28f51f9cf1a4c04d4649f86e40398b10981d4,70b0baa1042be886bdc9c9c662ca1f13f323d88b8f325b088b437f3030a915a9,dup_70b0baa1042be886,1,True
nazario5_002617_60ad5b723bb3,61910511aee5bd127eb290201ddec0bb9f68338b22728e0d446810259773c4f6,d578b732508d6eb69c4a4ee7d047547e1dc66b5f92d643223be903dce3416fff,dup_d578b732508d6eb6,1,True
nazario5_002618_33c431e030cb,529609bc745675388d5a3e16c49317fc1acd9aaa984d5c1206c496703311fbc3,7016591052c6db41c4f5bfa5a7e53a20cb1af31d011249e235dfcbc16d30774a,dup_7016591052c6db41,1,True
nazario5_002619_99deb9c4daaa,08517324f5e107d7b3038393569261e3af306686f1feb163ca0d2f10ca7cc78e,5ec5e72db6359676408625d30fc9a5dff367bbb19b4194586c447bf4cef17e07,dup_5ec5e72db6359676,1,True
nazario5_002620_c0d2b81d4755,be558f4c22a2f9a0cb6c503ee6f225011feb903ddfa694b60241b34e01eebd9a,6021ec8535d3af513f79045adcf46fd082efaa504089f53bbd5186cc6ba272c2,dup_6021ec8535d3af51,1,True
nazario5_002621_3aae80731a88,83ca951fd42db3ffcdf3ecdfd7ae20fa58c6c520384dc5ddd7417dd0443fbeb7,1e2cd4e6d06222247d5a2175df90a1d85ec4c257d7053c76e7b70dca4beb5ec6,dup_1e2cd4e6d0622224,1,True
nazario5_002622_b024db7eb2a3,9f3f2e8ae010fd523c1acaebaff1e08327cdf104749e950c1bc48d2786cfd24c,bb078f867ee70b87852c519c6d6412c43654b88c3a4e1d20572bf9f068237186,dup_bb078f867ee70b87,1,True
nazario5_002623_6b231513ca21,5fe487b972f324843d632d88d0fb91382930ca3920f62724cf404e859c4b5734,c44483a14867d039b52a6513bc597517bb60c6d0bfc74999be0d7f9b5c8e5ab9,dup_c44483a14867d039,1,True
nazario5_002624_03fbed676d77,d0cb4ea02806c21a7ec8dc9560c7ec3e3b1ac19ca92351f8f3047f86ccd9f066,abd30394994a54e8989185589c57026ee12f8d0007514f5617cdb1f2ef4c2200,dup_abd30394994a54e8,1,True
nazario5_002625_4c232a6c6770,063949153f12918b3066e37bbec8b6438dd0d346c3da9a06632760f420440664,d9a48f3138bde8e44acdd3a760c970a36f5fb38248a75efe5e4440df9b22a50e,dup_d9a48f3138bde8e4,1,True
nazario5_002626_f4b02296fe87,cd0596cf67f8688c665a97e0b57176eed0a43c652876c11876ad2e38f01531ed,86c1279ee0f1532a60b57efaaf2165502b9f1cdb53e9cf908f096231776cb973,dup_86c1279ee0f1532a,1,True
nazario5_002627_81de62af4391,8054455bf1acd69c1da6872b018fcd19edf4345dfabbb867f7fb46093161cbe9,490bdd778d6ba1ad4938e9614d651996c3e5e333aa1af52502b61a6ea2a51254,dup_490bdd778d6ba1ad,1,True
nazario5_002628_8f67a4b35bb8,10a6586af6438d9514dc3beabc1a6efdec2e1597115a3a0bed6a2c0f4d1bb43c,96541bf5dda51a21e058206e966c5b2fecdd9dfef61e619005f13b3e8a91db1a,dup_96541bf5dda51a21,1,True
nazario5_002630_91bc440dc56a,4eb5bf7b6c4faa0c8d63e2ba88abbb30828a9e130f445d9b3f519887f8e9bf6a,2543d1e9043fb6c136aba3ca1e1abacdb651c3b7139a7f86d0a0be3205da69a6,dup_2543d1e9043fb6c1,1,True
nazario5_002631_cc0c98127f95,c704ba36f1445c2f40de7d16799f3729107c6109df7ab05b4a42370f73e67277,5336b323959594b7f2b81b14f3fd3946edf307000dcdb712d1d68a1fb21a9726,dup_5336b323959594b7,1,True
nazario5_002632_97df299fc959,b19645740b585f8e4d249f04fabda1b25dd4a7f5ced218d42337455976186e2e,63807bf6f64716257cde132f61f05849d7c8455061187cebb40571b6b55df5a6,dup_63807bf6f6471625,1,True
nazario5_002633_cc92f313c089,8cfe0d43d68b21da7b1c7a93f2d200d0cbc92917e007648bb12bac195a66105c,17377de7a7ffb1d85dacab0ea0d074702101bde161c57744c1f03b2ed664cfa1,dup_17377de7a7ffb1d8,1,True
nazario5_002634_20523b4c68bb,b1b974eb9838d7deca414b55b86de5b96388037eb294d5602fb24673bdb67eca,95ae3dc41a3a0369742c64a0328281239a6dba0d10d600929820fa5ef32cc515,dup_95ae3dc41a3a0369,1,True
nazario5_002635_a6a4498e5f70,2ddbb44cc6d8b7e46d27cb1286545a802d3fbf835f90651f2b9e9d83e33a5dc7,fa2ac785cb8920bfc8ed0ad8b95a4adadfdfe0aff892e714327bc71267bc47bc,dup_fa2ac785cb8920bf,1,True
nazario5_002636_3111251ee779,ed5f5716a7a8fde985707310f3e87ab165bb3d1d7ff7740ebf9214e2e61526dc,48d8ed94fd02c5d3b05d84c76b0668f0871ea548d4688ff686b38dd1c6688d56,dup_48d8ed94fd02c5d3,1,True
nazario5_002637_76c7cd44fda4,c4b9df2e32280dc6fd65cbecbefe84edd4da568f20871e21d8671c6b9bf61341,79fcd47781c239866a6f987ffde100c04cf3020ec2aaee2a76247331e7fc08ba,dup_79fcd47781c23986,1,True
nazario5_002638_1681ae63ac13,01953669ebddb47c1ee4e2a3d4713d4eca2187f4bc34e7be0c5b4532ab130a21,9c2d27e837683cdc52ed5623d8b35a106b7d3b0f5dec6d6180f76683587ae891,dup_9c2d27e837683cdc,1,True
nazario5_002639_db770f1511e3,647de12e7007ec01955418621424171ca89cf94b32a7b7169b9b7884aa9daec5,b1e2e1525a908dca5dae476c0a97cc7f2120acf9534bb7e5058453c144d44690,dup_b1e2e1525a908dca,1,True
nazario5_002640_d2ac22cc24e3,e86770d0108be97f9bbe61f599aed9bd90f42dcb9ade88658a8f05252278ff01,a2fa33d712a74bee975b20c755ed701246235936f4f191dab4ad2c7d41c5f670,dup_a2fa33d712a74bee,1,True
nazario5_002641_4102ba7d9051,2a6c3937b5315cf36aab282d4f3abb66c348f60d3472d184911c4a2413c47a6e,b4c1f0f9a67cdc9a6cf309219dbe3beb04b2e3583a4c9fea906cf648f311dc99,dup_b4c1f0f9a67cdc9a,1,True
nazario5_002642_ac6bef71ab1b,bbcbc1a7c225c46c8d34a2ba704051ae1f6196208d098d361dc3c05ec0ab37e0,93b5a7837fb175fcdccad4d67b8ea978be941366394da83e6cea945205f4370e,dup_93b5a7837fb175fc,1,True
nazario5_002643_fb9ba17f14df,120dc8cf8aadc60d10861098bd29309d0d0c460d685d78460b87bab6c2089c8f,eeb6d82a91f42966eb4c09a3162a772a2531d1e5a2dc4aa4dc942a56b2ac8c3f,dup_eeb6d82a91f42966,1,True
nazario5_002644_934ae27ed273,32b02c493fd974ee6e4e93cc34e71d3d99323f15e8f65c332f5fe5c94760e662,386f22862f4932b93797f8e6792e8e1a5525ad6408464e3b1e3c0221f45ef900,dup_386f22862f4932b9,1,True
nazario5_002645_07441d579ef5,8536cdf16b32feea72affb6da9e429269e7532d5dcd1dd4e82ede26a71a28e9d,1a828f1d72daa9ef6a4bd0a1a1280a7a08e8657f75915088d6f7da6ae0dfb332,dup_1a828f1d72daa9ef,1,True
nazario5_002646_7dffb99eb442,a9ca1784efc8b3a62f33582f99cfd83bf41364fe9a0661ab0677bd0270dacc4e,0a3365aa0207a16d405aec89fa19ef86a4466db8061fc32197a306e1556ba736,dup_0a3365aa0207a16d,1,True
nazario5_002647_4c179de3285c,ac31cbe270886f0fed37ffcf5291f71839abdd80cf6d0053579a19da6deb91a7,02b1b4db38bdd73459d3ee6e5ca2f6f00853168c211b29b765a29ae60b86d068,dup_02b1b4db38bdd734,1,True
nazario5_002648_b8af202f1702,604fb632fd6dc011f0f5ff05de25ec7acf6bd88f6b5e12cf7b695f391170cbbd,73caaa6acc102d94699c76232eca656ca767c4cfb978756f24531e56fd56c929,dup_73caaa6acc102d94,1,True
nazario5_002649_ea59ffaba0b3,61bb932a77bfe04b4e4e9b49e24f3f8714f9ddfc0e379e072e4eab1a6d52309f,69930764259952606aa053a1991fc68b4612b66e8645d62236b64c0bc39355d3,dup_6993076425995260,1,True
nazario5_002650_d0536ff2be5a,384ca871c488d04b7f3726814d1c8b3d714aae616194e10adeb6806a2705a150,c140bbcd2acc857248b12713aca760fcf139f38e70943655557963d641c855a5,dup_c140bbcd2acc8572,1,True
nazario5_002651_0f86df4e39cd,d5774772ed9c068d5f8b288cbecb019d74af3215ab55f55dbb2d7ef9e3977a06,b382d82be55f83e5e4030a2082d6e7150ebdc105e641490788b09f8cba290499,dup_b382d82be55f83e5,1,True
nazario5_002652_368b61bdcb83,fa7cffcb7638837220a554ad6bebdacd6a92fcc6ed56417b8bd7da02de63f4d5,6abcb8b6236a30eecfb71314d6fa9cb4e264465795a5f67228cd3be61f3d0ca8,dup_6abcb8b6236a30ee,1,True
nazario5_002653_cc8b33bcf712,a165553c44a31fd8bf8acc4c53d10de3056f1d1c686cd42c26716cf793ae4de2,59856c44084e3c2ee00d9044a6d33732c3ff1361a034a04bfa773b44b4078157,dup_59856c44084e3c2e,1,True
nazario5_002654_12acf0e3d105,be4719f13775c46dae6485e72b835bc553706379369b831f787bf77075f24b24,be4719f13775c46dae6485e72b835bc553706379369b831f787bf77075f24b24,dup_be4719f13775c46d,1,True
nazario5_002655_502036673f65,b798fa8ac825648893ed3a9554f61424e76e68fcb2e8f1acfcfd81fc8e3978a6,c719b86da658e2441bfabdc5194cf8cf3805ed40700ecffd2ad5912c73dcdf3a,dup_c719b86da658e244,1,True
nazario5_002656_eedfb6db5e5e,c9ea223cc5770b596e3ca85f5071a95a23a8cb671e2f62c5f5bd54845785423c,22807546e51afc225ef38a4f962ee20a8b80a2fa42e72dae8edd1f616a8039a6,dup_22807546e51afc22,1,True
nazario5_002657_47c455a8d1a2,37625b69bcbf8d7a6ebaefb8ace66e16d6522a7b765efd3a4507f744fbeba880,478ec3c3ec71c463bd98fc0c9cb3c5155a8d1762ec60dac9c021d7c3edf15e56,dup_478ec3c3ec71c463,1,True
nazario5_002658_96839d596ff9,c97d48cee7c179d5e600aeca7cf1db7bebb30e7000de306143106abe8e0cd28f,7247e84de86d40b4be65f086e7c46de7dab5fb69b91e8451c364aea94c8f31b9,dup_7247e84de86d40b4,1,True
nazario5_002659_6301ce163e11,5e5ecb268706f25f8f6c82c3351389998b1a469544ff79ecfdea658eabe8fb38,1dc6b257230a7873b097d68857a4deb14991d591f2bf978e80dce43dc4c69e3e,dup_1dc6b257230a7873,1,True
nazario5_002660_0dd82ca504ed,4ab403c080d89ec29616b50288985874290aa17e403ae591c94724e446539bb2,c751638de2e124112648cfb84dc3f11f9b209100f79400a6c80717434b8abb74,dup_c751638de2e12411,1,True
nazario5_002661_9af57d3df385,8a9675dab75fd00a91ef87a917f6991400051d51e90717d1ffdd5fcd138a9c4b,7f5a35c31e61e944569604284174619691a321a3c416f9bc166d09fc4eac9fec,dup_7f5a35c31e61e944,1,True
nazario5_002662_3da37b440368,c6aa406446e373c8c9ccedb88baa65d52f3903b2542ebc6c97e0ced47d2a2478,a32665e42c19a6582d1e3de787e759a25c03a0376ad84f8d59ae00105e43d297,dup_a32665e42c19a658,1,True
nazario5_002663_bd44dfbf9ed4,660a1cdb512560f6006cf5697b76b47667c5ba8b2353af2ffcff04f69ac3365a,b5b17503a9d1e76419e8c139b958850a93f4aa3ef6bf198c1fd7102bbd2b135d,dup_b5b17503a9d1e764,1,True
nazario5_002664_464b599a0edb,b8dcbdcdc567a29e715cff667a9e8a6716a993d0d8151ce9ed8774ef273a1d29,46f134e6a61e4657c4a9743a95875fc337615cffca42b81831cdd0ef077fa931,dup_46f134e6a61e4657,1,True
nazario5_002665_5dfab9d6df08,08b43e5a0cfa4a112e4b41b88b798708cf33f6d7a5832fadff90391925c6e022,774b836964877d0a9b15bfdd59d35c473080f30e96d523b2a66833ef1d35fe5f,dup_774b836964877d0a,1,True
nazario5_002666_2f894f47c356,2b375b6d7feefd3e53cf095cb8f44c2cb5468caa784450a3d5e8e9f84630abbc,2c1dd3a0604a7e39d81ff0a1fb3613e088852531d04b022cac508d01b27743f2,dup_2c1dd3a0604a7e39,1,True
nazario5_002667_a6a8bafb98df,e20a8ff2292d18585df3202c2106700fe87a83582b5d5dd8e7b883e348d81483,793ff9c0f87c0df4f58747c59dbdb71a4b3eac00554f8d21fc91af06393d4c25,dup_793ff9c0f87c0df4,1,True
nazario5_002668_cd8c050c6452,ef5d8f79cc0f02653792bf2b3e637820b250409836b70cbebad97d345dc8dd3e,8c6a92a1f0bbd0b0347f3d41b299757769b353880a00d02f893dc55d9c0b6b32,dup_8c6a92a1f0bbd0b0,1,True
nazario5_002669_165050feeb7f,189cea12c80bd359335ef94a77a0667d579679709a9f42236031a42e8f7d2d46,883a63a658cdbdf7b4e235507cb9bd864cc24f918f7ac3ae2ecb2d38894921b5,dup_883a63a658cdbdf7,1,True
nazario5_002670_c276fe0b0c25,cc114838b25b99d1f6e022564537d06f26bcdd6ae069f598c6f28ae44ad21c14,fe3e4629208c790c96c21d98cff0968de758daacb940eaee16beec06024880b8,dup_fe3e4629208c790c,1,True
nazario5_002671_01851c411dc3,903aa3ab693c1210dcea2e0b406fb2780e1125a97fcf287fae96fa080e116870,7ee3df4ba7de16fb66bf68da8027c47ae4f964fda46da50043206ae0fac44fee,dup_7ee3df4ba7de16fb,1,True
nazario5_002672_ae1b2a9d6fea,d8f65044cd4bbc6e21fe32076f5b7377f0978577a306e801af833d0c13a86c3d,4dd7df5c16547209d08370bd064bf03ce3cd7fbc3ac66409ff82d21cff88abc1,dup_4dd7df5c16547209,1,True
nazario5_002673_efdaa6f7f24b,fc12a8309c9a4a1380116238d3d8240dcf07d19ee195bf53bb3da4becbf38efd,534d4b106665f70f127779edd5970be71d96138718b204a9b8489699ef95322b,dup_534d4b106665f70f,1,True
nazario5_002674_979732b33ab0,2798650e09e44b3236f01ffa5382289e6df122d1e239ceafef97d35f5e01a8ec,fd67b5e38ff86db2c59f2b4b396d5a85b3d21cade9fa2988576d3fd81be76cee,dup_fd67b5e38ff86db2,1,True
nazario5_002675_6ec94391a2a7,fb82d423747af695f4b197c57aaa8ed64418e08b5d755175429e4119ab5b72fa,36b1b165ba4c9c3b19125f1c4388f91c48b8f9e5f898c8cd8a8cb8c7b0a8ef13,dup_36b1b165ba4c9c3b,1,True
nazario5_002676_f3b841df1057,18b65d24297f817bf4a656e312dec669107504d557b66913a4a0b6cdaf435a07,2117993d17041bf879ca3c2e55c9d97b3196b63ac1aea2eef6be060d2b038a8a,dup_2117993d17041bf8,1,True
nazario5_002677_927c0daac479,1dd00e05f56509ba50d2df9cb6d3259db6e06b33c88ab78285ed25a6e161cab3,7e6b8c5de5880b8951eee1c5bec244bc8690d402ae84c1325a4685eff5506fb0,dup_7e6b8c5de5880b89,1,True
nazario5_002678_11be16753297,6fdfa0728f278895aabb43d00a7f66a1975feb2b782892bbb5e5d75a8a83fc3d,ebf978a2359cf74092d5fff470f88c73d01454661742a32d35b4136a2a1e2fd1,dup_ebf978a2359cf740,1,True
nazario5_002679_cba0ef8ca397,f5833735e597d4e7f0cd23473af723c8e7f7619c719868fbaabab86546792add,fb0585e0750bf4810b5cbb3892107d1a15f216fbd9a8a595fb010f4589b659ce,dup_fb0585e0750bf481,1,True
nazario5_002680_c77a6a45b7fc,efd7b93be0077cb052cd400d554fd5f89d31e57f149457402ab9b8a85eb2c33e,487fd374948cfe61b3a3c9aae64b41a7a2e57d6831e2b2c085c18ac03a175b7d,dup_487fd374948cfe61,1,True
nazario5_002681_0248d346afa4,cfd598c8c5f5d3ea33cf59e0e04f4d6e8fe72618b624401986c0912de90c18ed,8b41b920ad97278b17e50535e39bd2058e47d702eaf16dbf35299654059c19c5,dup_8b41b920ad97278b,1,True
nazario5_002682_77ce015b0f28,44d64793c94896aeb1f92314f053fabbd2fbdd8cc24bff45a487a7cec5f1b47d,44d64793c94896aeb1f92314f053fabbd2fbdd8cc24bff45a487a7cec5f1b47d,dup_44d64793c94896ae,1,True
nazario5_002683_fed5d0f1a862,275ff57064160d6b83cf0b1f37251202d42c479325bedec2d042920ca90c1f18,bc45e23f8aaac16d8368e5f599ad146c35d8db24223784cb464d0153b22d23ef,dup_bc45e23f8aaac16d,1,True
nazario5_002684_daf08bf73057,ec3b3052cdbaf7f9c89ad6cfc889247ab573da03e5351d5d5190a4325e4449c9,3328f53165282416368d69a4ac0f566b10914be3f71b323e7fdc50d28162b761,dup_3328f53165282416,1,True
nazario5_002685_81cb462ea342,4988118734d4e912c5559b04ae7ac3d8d74d0a3bd74727b798fc4f886355fd65,d34bfd5d0e81f13f4b359d282d484d0df37355d68e47b306eed563fb58de1f77,dup_d34bfd5d0e81f13f,1,True
nazario5_002686_357a0f022b3b,ba0e26e3e34f0f9f87c96576a266f6d6addcdb501a612121ff3a83d5ce7ee72d,a2360eb7547fdefec83e4ca23b30b37c425075aae7f43f4fb4ae0c6b17b78c1c,dup_a2360eb7547fdefe,1,True
nazario5_002687_3bc7b94837db,df07a82f4bd4d1763c6bdfbd2910b51a5f673b536d8b4db2b2ce9c25b3439de2,e4bd4e81afc03349c93283d542ad2efbd1a648b993cf5e223501759c333e3db9,dup_e4bd4e81afc03349,1,True
nazario5_002688_3051cf29e6c7,920b139984ad324a6ace71a7cb8b69fef920a713bfe12f29ef9361ffdc08b391,4d36728a03addc8bd037dba0f68eb16481edc06339045bd4ef474837fc7e9e79,dup_4d36728a03addc8b,1,True
nazario5_002689_5017d76c848f,6e6a37cc626da953526c167f3d9b3f36b4ec459e91d880495e33ed2d9206b8ee,03bb856135e3f89a6c5b0e4eab02ebc5c9368492e7e8360614c0decb91c6bd2f,dup_03bb856135e3f89a,1,True
nazario5_002690_984049960676,f85d148345c59e3f24cc8d7c6e2724899bddf209a2819f98395895ee50529f2f,d36af8b4217b8c48233cdcfcc245fe1f67e0634b074a6334aff7430e49a941cc,dup_d36af8b4217b8c48,1,True
nazario5_002691_9a133342fc30,5d16aa0c0f4e367922e33a3b96d05f4a8266a472038fd9de0eab63a47e7cf2f7,3f867f46bacdbd167c0785838c662c87192ff8e3951aa644f303114ba4f26982,dup_3f867f46bacdbd16,1,True
nazario5_002692_67836453719c,bda9b1bdab963a8ea9e75958c9a5c876cee9e8ca2698758a53a3ec66b8a6e34e,63e456a7d3c0c40bb7502dbd11acb81e0a988008b0cdb557a20121217dbc10e7,dup_63e456a7d3c0c40b,1,True
nazario5_002693_a0e72ad89366,abcf7fde4fde9800353ef72ea7acdb27663cdb68d5d634a24919d1f9cec7b2fb,bb9f7fdac6d3149e60004c926d09e95711dc2b793de7d3c412dc65db421847ea,dup_bb9f7fdac6d3149e,1,True
nazario5_002694_dd16ba72bc2a,6038cd6842f24c851e25b7190720bea64ee8acac4afa443d4f61d4fc61d69a1b,e40a1956ffb5f19f7ed25b2beaf63d98331b8997319cbf234c8f56ba1f2a8c4d,dup_e40a1956ffb5f19f,1,True
nazario5_002695_8ccb6cc69536,bc0c45b8ec1f56621d6b0632668cb098c6686baba8c5e22d4f644b50c81a337e,a14ac6f6a8f13498726ea6e771ead86385439eae8ed4e4efcf8a42d4d9a2ff12,dup_a14ac6f6a8f13498,1,True
nazario5_002696_2c99c1b3b73a,0756ab6260fce61619b89e249f4c22bc3c351e31e6de06bc080cf38f07c2f654,b6350fb604581ee8d2a88b581cd38ac3276c97e87e248a8ab7f133eb0819635b,dup_b6350fb604581ee8,1,True
nazario5_002697_a670609fe21c,7f42c27415d5e83bfd57efb21b42db167100be52c5886fb865fda73f115ce282,b8e079d468ad7f4de19b71e054a12f95e5ebcf56e64922895e2c9baf396d7dfd,dup_b8e079d468ad7f4d,1,True
nazario5_002698_d02a5fba26f8,3b0080cdbe9ff8ee2b1ed8c8167a1cee7a9124f9ab589fe7e13660db8a0de023,7ccd74345190c43ec6134506557e340ccc78a90cc16be140f1e3963b7a531532,dup_7ccd74345190c43e,1,True
nazario5_002699_c4c8fdaa8a40,7d8280c1718facd4251886183d68792de5f4a9d79f895c51b4ab91308a58065d,5b658227809dbc5a512b3255157f875478826df16e83217d5a485712d3e812c9,dup_5b658227809dbc5a,1,True
nazario5_002700_86eccc1f7577,cbe284365dc7708ad71926b7c6f427e80aabffae1bdd820e4d93ca269bbb152e,9a7a9ea5e42236f7f10789951f91a37a469a52337ff0bd97b7f8a4be8a84f7ae,dup_9a7a9ea5e42236f7,1,True
nazario5_002701_1790c95168c6,e5bee5661f098a47ca21d4f2a7780ae246893750f8f7a246042d5654a6f834c4,8d4503dca0aed103fad30c22e6213bc7396ff41fb6a59d35ba5a9ec682e02eac,dup_8d4503dca0aed103,1,True
nazario5_002702_b6418ae43d09,5b33bebf3c40cbf68cefaf63991de96d5bc0e38a09942fd7e28d5b20a2be2129,1692a0609e5b9f4a790fdd6ec1ac3827a7de05ef0d00cf7da48eb22bae33850c,dup_1692a0609e5b9f4a,1,True
nazario5_002703_a6711e36965b,2677d08c6864fb6a1c136a11bdc69e9bc12ef3fcd221ce43941f5ce44fb7c1a5,2677d08c6864fb6a1c136a11bdc69e9bc12ef3fcd221ce43941f5ce44fb7c1a5,dup_2677d08c6864fb6a,1,True
nazario5_002704_a31e9733d855,2f28b097d7353464c6727ef63518fcc7e62ad248b2f17d798dd90243f526bd32,2f28b097d7353464c6727ef63518fcc7e62ad248b2f17d798dd90243f526bd32,dup_2f28b097d7353464,1,True
nazario5_002705_f6f662ed0522,1aea953ae001e8d99cb79c4f90ce1218f1f01a86642371aa9f79ed03426e54c2,f6c103d12f598052007108999dd998eb147a7041141d9587816df460c72f8ca6,dup_f6c103d12f598052,1,True
nazario5_002706_8ff0a552e09d,5a8b184a625594022eb625baea6474db21cd372c4fb8442549f0295e72a7ddd4,5a8b184a625594022eb625baea6474db21cd372c4fb8442549f0295e72a7ddd4,dup_5a8b184a62559402,1,True
nazario5_002707_7f1a52f41450,273b16b822754c128b9757b1a93f27bc3b3139685ba66c5a6e9069689f826106,ca5d70937e59ca5e2236f51ccbf73549872a91b42aeb978023bfe0c89c39b7bf,dup_ca5d70937e59ca5e,1,True
nazario5_002708_5efef5f35967,fbd245992e2ebc93ef01fae54acfd44c3bf17917ee81b815051d2482fcd5bf4f,19f40618c404e186d6f5cb3647ce094e79b20e81b66971d26ea268f17ae60d2b,dup_19f40618c404e186,1,True
nazario5_002709_d1f073114f58,7ceb3c873cd7d1ec2ad5bd0f591367bdb5f523efd8bbd4fbd08b6e9e8325c6eb,02480a808c918ec4cb873d7f507dd913065b15d1239487303a7985679839d6d9,dup_02480a808c918ec4,1,True
nazario5_002710_8c63e3c1cc68,68064a850e7fb7afe89b74f8362885d903f17ab13c9f4efc75b21ba5de2f2e8a,fa3132b66f5807cc0d7ef31a50e8ca13a142b0dc637521c1c6d22ee028a8a730,dup_fa3132b66f5807cc,1,True
nazario5_002711_805fcb3e14a5,dd4b6878c4ce114dadf7926abfc93ce2ccc3d7955ce0159a37be09b80dd5dd1b,d53477322082b53ba8b180c368427fba6139b43b3d2524dc68169e411a4230ec,dup_d53477322082b53b,1,True
nazario5_002712_54410957149a,279d1aff4a46f5c4379e4690c3fc9a3b5dbc82759191d24b214255c4365597a8,80ce7971b5b001f76e859187a59c739dd57b4e5d9dc1418f1e8aa2283da4814c,dup_80ce7971b5b001f7,1,True
nazario5_002713_9a79d443c13f,75cd10780ec124eea80eff37d70c39f05e907dc23f8cf368e3a97a4976e817e1,db4a2a5005c228685cd539d4fe65e9c2f25447ec671854a88747ac0211760248,dup_db4a2a5005c22868,1,True
nazario5_002714_afda7dcc0ddc,d1f28bf16a241340ee6f022f428ef82d8c9f3a884f5925226ff3ca13d87d8afc,144743133b1fd677ac193f124978437e423c57932dfce9cff6e9462834406485,dup_144743133b1fd677,1,True
nazario5_002715_a336caef8d20,9f9c19fa703d5deb108f85b83c94f6faf3ad975113cdbf3f36f40a83d450899d,a622dce5fae0c436bb43e9f9da31252ceeaee517a2acf5a58925636bb6425fa7,dup_a622dce5fae0c436,1,True
nazario5_002716_ad07509e8ee5,b34b7719f01b22ae60a9bc01b71a75f0d73cf1687c57cc2ff9a607730a23235f,84e7a221c242a0e751f76f6d719a751e053200d335adc1a3c851dc56513ce222,dup_84e7a221c242a0e7,1,True
nazario5_002717_e96972977d99,9094498d22ef6a2614bb2f380165e9796e34c7f3fefeaecfd8c2cc48b3fa846e,3ef297ac46ab758444a1f4d96c6151170a41a7045db6dea332b861cd630c38ad,dup_3ef297ac46ab7584,1,True
nazario5_002718_787a715aa77f,27df6f520f155880614320fda4f4c6f928b8919edad62585619ea01428e1102f,edbbadb66d1d68de2a51abf07e88a90e436d2f4f5b0f7fc727187d001e6cd0f3,dup_edbbadb66d1d68de,1,True
nazario5_002719_334495ecec22,d1f50d9dd938b2cbf427ed2245039c14886680a448a6c2ca7b7ea2cb111de098,0cceba3edb4d2769c3c29d9e26550a8bff4e5af846cfdcfd78380aba7bdf46a1,dup_0cceba3edb4d2769,1,True
nazario5_002720_b0db2ce58d33,a38b441a1606ba090dc7f0905b1e40c114db01703da95148936ac3d554948b17,a38b441a1606ba090dc7f0905b1e40c114db01703da95148936ac3d554948b17,dup_a38b441a1606ba09,1,True
nazario5_002721_91a2213f3b6a,9087ab097a8ade7195aad3e36fb3fa6a73d9622aad9e6960a4875018e89101b5,a77f2af2ea3ce14bad776e77fd8cdf0ae1710c71d6494e304bc065129e34ab0e,dup_a77f2af2ea3ce14b,1,True
nazario5_002722_ff5d6a0a07dd,18e4941d33ce67478610daa7fd87d95886d5337eb8c6e0830a4377a7e9100ce0,b56a217b7c9367e8bc82757169c8e21e3ef0b72b70201aea901124017d2cdee7,dup_b56a217b7c9367e8,1,True
nazario5_002723_fd5d94bfde95,4b63a64228b95c4e49277479abf09a0455b46627f1cbb0270c7266c7ed9ceb8f,eb644702d6b17b88b9de9898aec27ae753d332e1856d26edf3ef016a78de82c3,dup_eb644702d6b17b88,1,True
nazario5_002724_173068ccce70,3dd3c1ee27d27246458fede91cc5d8ac7f63e0fa84905ef9e273b809ecbb6676,98483597423b60d85bf3e19cf9252187c46e95a7eadec5ead5a71e2895fe23fa,dup_98483597423b60d8,1,True
nazario5_002725_90948cbd6e62,592c2be58d6e36bc276b38c90afb3f2abc7dcec01a5599e1b744a9fa6c68215c,8a520cb04d4681f51910a20803b9e67356de2ef5e25b03d27c13f20b81625b09,dup_8a520cb04d4681f5,1,True
nazario5_002726_0191ebefc1f7,9b39a43b3b02d7ebd0b478dbabb4ca9aaa38377b5429b4a6d28d2a66be735a04,b6ce7c3cd600c69113a128c8646b6e5f9c61d25160b7c5c6c93b7da158d84031,dup_b6ce7c3cd600c691,1,True
nazario5_002727_152a0233d382,56081ff7d5a2d688e00871558ff6f6f28a8ff9c0b4413370196a7bf743547f6a,3dd34dd08430b173ccf4f410a90109da198b61bbf6c354b8a36735ed1f40862f,dup_3dd34dd08430b173,1,True
nazario5_002728_060d4a57b22e,bac80e7c867c8592ae3f599362af1e23b8d9e1cd45573a159ac1567418037cde,727c76cb5c7380a2b1f5765651ed76eb0e181d9958a648e3e42c54c12b22143d,dup_727c76cb5c7380a2,1,True
nazario5_002729_e26ae334a7c8,b1ac8ab3dbbaf92705caac5bbed1f950d3705a2fa5e9fda2aeeb6a99f2bd008c,536b1d6b3a04ec75e6bcb9731a6ee5810169eb5782cb7090799f7b3b6485972f,dup_536b1d6b3a04ec75,1,True
nazario5_002730_0d14cd414d90,c1b895c796495f8dbd3e35efeda6a7199c306badce54c0e7fa24695d5c9dd716,134ac88b44e26934344c5164ed0c9d593296c8da96171e3aa487a4440f622bf0,dup_134ac88b44e26934,1,True
nazario5_002731_bd0aaf8c53da,db2b015bf361b7f93d2e2d042e1d0215853f06b0574b1db12b4263c9829fe981,9e1f2930a85e9b6e00b919b236004ed2f31467b6beb4cc8f6c4c87ed32b91f7d,dup_9e1f2930a85e9b6e,1,True
nazario5_002732_473ec382dc5b,e62331273712f55b87a6e3456d9849287ef630fe8598b7acf6f9515ebacfda17,f82328ab6b134df0bdc02b237820495cc1eafa3004f996695c2ecd21165b8fbf,dup_f82328ab6b134df0,1,True
nazario5_002733_b266cc214b20,3e6ec4a2bcee02f5a16755d90efd3adceb0b7eacb349d53a2c253bb9945ba76e,303a9173530f39e0b5351fac57df57e555135f21975dd3cb57d1d8a1105a41b4,dup_303a9173530f39e0,1,True
nazario5_002734_754a61ecb6d6,3cf182e6d5f66beffef0ffc1234892f2f6ba4b1d31d4f34b43c117045d60af91,2fb271522036d5fff1056c0d201fda6d74a943380da4e19916c6e1e7a5c9d2c1,dup_2fb271522036d5ff,1,True
nazario5_002735_365597ae692b,b1510fe23176992e2551a878cddab0474c4de80802b8c3c4ff41224c52306270,747ee5da1a993d05ef69895aa264a9810beef87729e527b79ac8ccca17c68a74,dup_747ee5da1a993d05,1,True
nazario5_002736_4324981cc2d5,45f0b862ebdd9ace6ec448c8580e897dd003d9521e49ee60d8451825443c23d4,73aa34f4e5f1279513147228f5144991d6f2a138800b3b7f840770c05e20c992,dup_73aa34f4e5f12795,1,True
nazario5_002737_9124b23d3d41,ec24837e251266f80567e5a1b2715655404a278956a5247cbdffe03fac500500,543bcd9a0e04cace4c4ce035fd55832eb5b6cbef6fbe2e102c57b11d78dc6d11,dup_543bcd9a0e04cace,1,True
nazario5_002738_6172063b8acd,7638a0c58281a79cb001eba4ef27bebb7891f7612c87d555fe8f52f8b73a9845,18226a8909cd4bf5bdc4c62f30d7f7a8d810853f98734301b040598d325a9674,dup_18226a8909cd4bf5,1,True
nazario5_002739_fbdf26220f6b,3f98adcfbe56d4e2950a2b0b0dce37559dd6f1abbf1a72a5982a1583765c29ac,259e07172cd5e70e45d81c43cbd7bef04f1a7ba8687f1a54a4d92ce7268de79f,dup_259e07172cd5e70e,1,True
nazario5_002740_3a37d0786f1f,ef7ae3afe4c17bd2becef0440a17422bb671743ba140e7d033d16aac8aa39a78,2ecebe9cd231be024d0d4f7850000252c0871dd8563b73a6f6cbe29496cbe8f8,dup_2ecebe9cd231be02,1,True
nazario5_002741_4633845427f8,e4395203156ca25de2b1cf9a0b967949c516f13f2e23db25d06180abbc1d6fad,9cdefb3e5728e1d34281423a2b6c24b923c221d92559b044ec731a4edd246405,dup_9cdefb3e5728e1d3,1,True
nazario5_002742_af8ac3a4fa80,65f6bcda7e0496eb3c8a56237e57694dca940a85479e4de267a8824387901eb4,8ae1f356791c8a348b945919e9a51628f5e709cb956f0a0b22ae53cc29b11edb,dup_8ae1f356791c8a34,1,True
nazario5_002743_0b0ef8f92453,a01a57580c1236762336d586190a2102e6d7fadc6b26a98eda43c722a9b86247,ad033ddb286910be406f3bea1364b21decc07e144eeb9a1177fa47510cf3c251,dup_ad033ddb286910be,1,True
nazario5_002744_e1913e9a0747,edd90bca80e0d8b84f74ad39586f67a127460469259c2c2a7eb4bb3c1bf0893f,2763c49af9364030b698ba5cb6fd0746a2f45d165854093f70c314d76d52c33a,dup_2763c49af9364030,1,True
nazario5_002745_f3de82170d1c,d8eb109d86eee30aaec3c4ff4dc0e9545719a476c368e76f7bbb4fc3a35f5257,1a863a564557dd809cd4a9706d5c8e6a7d3e869ea58911f4eef3aabb7dec5b80,dup_1a863a564557dd80,1,True
nazario5_002746_3aef04115069,60e1320660b1dd8d3b348cd15880e5c787ff37054f844aa761d3f3643eabe905,6675f398479c4f060b139970eec9312af97ff45d889ea516b4dd66948bb6f938,dup_6675f398479c4f06,1,True
nazario5_002747_e5188fd950b2,07260be6511b45655daedba460ac04f3fd6a0054cd9e01356f561133ee218677,0f4b70997313034f4859f22ef6cf7a1b6438576d3ae62da55d32e122dd28fd7a,dup_0f4b70997313034f,1,True
nazario5_002748_84fc3dc3d637,0508cbee1fcd4b38de2e46aa2b09248d70f2dd57650ca14ce8fe23681947b134,5c4361d4c8632697095624e9a6ac1aeee83645b737947661a66f09d4b5f2f682,dup_5c4361d4c8632697,1,True
nazario5_002749_20c72e497417,a4eb74f5433f9dd5af3126c049a68401d7f24b20498621bd178ee36a5fb3cef2,36189e6c7fafef7b3b79feebdcce315a6cdf4a2a100157a9f0d5005f95f27aff,dup_36189e6c7fafef7b,1,True
nazario5_002750_c6612bc2c394,174bb7ae587b56d88b7d382f06ec241c1ab54bd6ca3c07a242c3762dfbfe59b4,df0ecf7521e1c30a4149d228ee05e5bf5149f72c7cf76eae2c217275e603ac9a,dup_df0ecf7521e1c30a,1,True
nazario5_002751_883bff1b3980,6361cc267533c074e2f6b1787058ae5e98e69a623385074d0278544c80f5716f,c245add21ad44437aeca25954e7aa7cbcd522618015f11502efb5bbb16148516,dup_c245add21ad44437,1,True
nazario5_002752_251eee8cb58d,2b5c09b028c5b9bab1a231fe0480431b1e759388b539a5f74c6f5d6166a34268,b7d22287e3af818045b44e31a70a464349ef2b027714354c17200b8fe738385b,dup_b7d22287e3af8180,1,True
nazario5_002753_68bfbf89a68b,5f7e6dbdac6ef12d0f1ebeea0e4eaffd524919e34d6e4b448018034e9e98de0c,ba83cbb8cc12dfc8635fe0b899cc175a40be0eff8f97038dd32f7d2403968151,dup_ba83cbb8cc12dfc8,1,True
nazario5_002754_cefc7ed5c03b,dd9434cf65e5a7da96e9f1261a20f3b05a854edcadd6a0a6f5168be9642dff59,f4ee90aceca9b3a66e78f6af5536a05597dddeb723ec3c1441771bd002a1ff09,dup_f4ee90aceca9b3a6,1,True
nazario5_002755_62c8feecaacd,8d319545085e9f7f7f694534ccc5a3955e82558d5c07c87664c2fee4621baf36,d0a39372bae3f5c6dc02ca735beb92aef10ed5ebce08477d289db1ed15f2ecd4,dup_d0a39372bae3f5c6,1,True
nazario5_002756_54402a4153bc,4565af2fed9bab408a5a3e992a46479174ee487afd5616b31395570047a39843,941f70ef242686656176bf168bf110663e4707f83bf2f01d7061680b8cf7e574,dup_941f70ef24268665,1,True
nazario5_002757_5d33a1b81abb,45d49c3d9450e9d61821b63c0a5ad6817a95e7bc92e2793b94bfd18dcde7c19b,c5384531ea0028b5bd5d0fe3b8618b6b1ffa227776070d3ccbc2b6bc7452fbf7,dup_c5384531ea0028b5,1,True
nazario5_002758_aa52bb966a83,2ef1a79c838653af7212c39d41d7c92a72f2e08bc0627aa03f303ad8bd7cd5da,96945a0d66ac8866be2e37406057256438a6c75a06ddc4836f6d69dc152d291d,dup_96945a0d66ac8866,1,True
nazario5_002759_3761aabe1186,69e38216be4d97f4f7c9e0f91e46be6df924fb51145284d2c5d67b33a4e1fdf7,3940f9a45c20ced060d67bf1cefa043c5488b4edbd1a82b85ba06f3e03deaa80,dup_3940f9a45c20ced0,1,True
nazario5_002760_602fb4b34668,c046f80964f8fde8df95c31a9b38bbfdea11bc1fdd2fdbd542095599d23ed6e7,bd1f3aa418d5ba51dd79e41e6bd82f3b00f8b993eb7c2a29b24137dba417b00e,dup_bd1f3aa418d5ba51,1,True
nazario5_002761_1a12d9e3dbdf,b1b0b5455fc126061b2f410df02045f0170f2ed936c442eace44fb730bd8f0ab,098ce26586dc0dc5b73bc8761b3e345bec5d4a489ab9352a890489a222fccbb3,dup_098ce26586dc0dc5,1,True
nazario5_002762_aef5fad28e7d,b2015ecdf299a99cf06b7d74bf49ecffde3794fae34496158462c7b75a7408a5,1d8d3b4d07fbd47389ee4cd0f5c50c7c3495973bb207af13c5054fa252e3abd8,dup_1d8d3b4d07fbd473,1,True
nazario5_002763_e064f1a3c7e6,d76c8322d5161d43430602abcc32b145a7fffeeb358d31cd42dc19993658c5f6,ebfaa547a2c30fa41b9f2447a9236c5bb2ea742cb95f3a2ee192fc9d9d89861d,dup_ebfaa547a2c30fa4,1,True
nazario5_002764_c4715a3022ef,31c90cda523d93e72ca4546c7817490b5f4078afb56a84b7fcc4c51bf355e3b9,7d0607ed7018e1f1a76ce8277ba4f46dac205cbd96e2e942e4de950f1cdae79a,dup_7d0607ed7018e1f1,1,True
nazario5_002765_d54f580d9bd2,7df93e6f002f83936c659e10fd41b424d03076dc68bd2f30c76815ca0da70dad,f5d7fbe846be2275b59c8837f3f602e5ac306cf760b4996abd9bed6e57babe26,dup_f5d7fbe846be2275,1,True
nazario5_002766_a55051f3ccf3,b3207f45f4025ab5a400c9d93c7667e3451d52c997634f65c40c7e5a44411122,c37b27b9ac62c7969aed388fa2daae5b16fe7a60ac079fcb36756165f09e7c7f,dup_c37b27b9ac62c796,1,True
nazario5_002767_14b4d0a65d2d,d616b275464a517e15d7401718e84df923d669faa245a19b19ad925b00692edc,5a57bfe7d9067c0260578b2cf92392d6f83cfd766a14d183642a82020129551a,dup_5a57bfe7d9067c02,1,True
nazario5_002768_1512a476d70c,3d13bbea97367bcf67e8332b42c96a480d53fa9bc6dd95b31334f0860f560260,84804d44bf9e209322f1e8be624910c0550d288c24404d0ee6cbfaca414fbdb8,dup_84804d44bf9e2093,1,True
nazario5_002769_ae7c5bbc5327,a597d5b245be5d51a849eef7149ec7c688c34b5a62cc3b4e2327af457a694af3,4ec31145dd207bc4ee0185ed7c37a91b72a7c467afe136e0117eb2297f337104,dup_4ec31145dd207bc4,1,True
nazario5_002770_dfd03ef69fd3,28655c53c1effcb52cbe67acdb7cc05132d1efe6ac213d7037f501ae7a6ca56c,7e9bf239d690e7eef927753b475413cfdcc161308ec53bf97dc2633de5ae59bc,dup_7e9bf239d690e7ee,1,True
nazario5_002771_6d3a3c024f56,40dde8cb990ab4e7f8f42c3de893b240bf980e614138e5fc5fbc8b955433388d,9f1f00e9b29913cfb54c2790966c16e24956ca20af1d3124b03033f91e8ec1d8,dup_9f1f00e9b29913cf,1,True
nazario5_002772_592df8bb5030,fe0d1d26d31f1fb9724adf79ea5059addc5f464701bf638e4c47a0fd19d7aa2c,89af2649bdd544ff8d8ca67853940eed4a94c464c07031474f9feef4db9104cc,dup_89af2649bdd544ff,1,True
nazario5_002773_190ec9c73688,b2bbdc4202bb2adadeaad2d9bdc55842f1421c7da62b7d48b4b2f854ee64470a,569df297edd636edc65821f32df322d6f1d47f58e0ec0cfc48fccebb7dbad489,dup_569df297edd636ed,1,True
nazario5_002774_37da2214b44a,51c7825065860b83187fd16b5ad7d69de3768db10a3d8dfa72c72a5092a68b67,b331eb8ea247c978ce612e4ae9226abdc83f007f656bfbf0b062b804060a1826,dup_b331eb8ea247c978,1,True
nazario5_002775_6834d6690d0a,850b5d73caeaf5131005816f5161d80706d0c6d68038111457878276a9ae94c0,f2073af56119ed180d2a2768a700288d0d76915e17f1c54c10e92d7885e5547f,dup_f2073af56119ed18,1,True
nazario5_002776_54f1317f12b1,771c2a3c252a8eb98178a52c2c5e84f6992ae65c0128098fc0757483ad36faad,93a1888c69c43ba869b247182dafed9eeb716474a3d37dbf66f8cf8b1ef1230f,dup_93a1888c69c43ba8,1,True
nazario5_002777_0b0a7431cdef,b816f9338cf6a5783281c17f915c780490832a2384cace6b2f896afef03a7e60,c1e0705e6e791b222cb4b9c3890e16a7d766cbb4d2e73b187423afdf33214d68,dup_c1e0705e6e791b22,1,True
nazario5_002778_83da1e88f0a9,604b4c428f82c1e00689dbc4b21959ba56b8c9f6d337b75ec0b857ce20f36669,a88c68f4593d0f0863a9a2c4f8d438d57f4c1e9847e377564732e679ba450c02,dup_a88c68f4593d0f08,1,True
nazario5_002779_bb98c8719fa9,b33cb609e16d32b9ea41d86b60ce030790373fa3732f31a7ad0285ef92de30a5,43579ef5da08c829f67418df453c4f58b3b175a48fd20532dab0b87ee48a41e7,dup_43579ef5da08c829,1,True
nazario5_002780_1890ea48e275,7a9c3aa59ba79f7c74331e39b6ba9f23b6f080dc5525c484c7510428feac176c,6c4313203a16b32f6c2a5bbdf51e7b158d1eafbec06ca8e3bae3afeb8fb09bc8,dup_6c4313203a16b32f,1,True
nazario5_002781_dbd6c001c1ea,d52b8551473c509e01cd9aa5f52b5557e3b197eb8677f717b8f904d1ace82ce5,45b9cf18344ec0ab3dbc954edbce32b9a8b0882c4a6a30839ad74968a2c09252,dup_45b9cf18344ec0ab,1,True
nazario5_002782_84c67e843d39,ff13d38789ecd59f0f62277934bec032974261bb0904e124838a6c13fe97f212,ff13d38789ecd59f0f62277934bec032974261bb0904e124838a6c13fe97f212,dup_ff13d38789ecd59f,1,True
nazario5_002783_6570de1481a4,b4622b7d24a37b69f3c239647f1e0a6dc05615028fa0c9b8c7563724a5aefa9f,23446ef03baecf653db5856b1436673f3d2dc4f240f87b32ace567edb2fcf816,dup_23446ef03baecf65,1,True
nazario5_002784_da2973758df8,929343f664da86c9986c246cf0c6437bd4e0744c7f9a506aecac2f3595e6b716,0d0e9e961d605ef1edc7f46f40d56077ef4c0c4c6e3d79b498e05e764d75c734,dup_0d0e9e961d605ef1,1,True
nazario5_002785_cc8982e73c89,30d6df33b30599dbf9393c4828bb34d4fd14d5dca7a145b73d68c4933c1be50e,ef9fe2c96f8c1b8ae75543b55ef6d32fc267dd5cad511289bc170123267cdafa,dup_ef9fe2c96f8c1b8a,1,True
nazario5_002786_46349f940bb3,55cb3027c0b368bd9535672f4406c9d2d801e0ade3c285841a8c0472ddfbaaf3,799cd48827b1733714895e2bc6ccb821ce4f1b41dc21615305f9d69f7383b541,dup_799cd48827b17337,1,True
nazario5_002787_777a6093b96f,3ceb205835566a457f1d8365e5f8dd296c51923d77b864875de8e38c5de66890,cd007dfc6e687e531d046a347e5c47743672ea5aadfd24108092cfee9c3f82de,dup_cd007dfc6e687e53,1,True
nazario5_002788_efb067b839b0,0e93a4e34fabd799bb894e2a3c314244949f17ac73b5a94fe7fecc6f80bab2e0,e5f0aa791a14bbf38397f20bc36d4955676fe42dd9b59a11500b8d3fa109efc5,dup_e5f0aa791a14bbf3,1,True
nazario5_002789_0b71e88f46fa,fd906ebf04dd7370946912fd368be973dc64b2438558ca8bd9e0cd3e7a129f26,9ce620514cfa8e0fd721d117483ea0a163fa8cb87e6552706bffcff37b66d080,dup_9ce620514cfa8e0f,1,True
nazario5_002790_844dc93728e7,df72db750061b71f9878baab08acaa332d27b378bd9961a78eff3c940bb9ef9d,0d72aa4086d5f542afa9e4fd18ac5166f11904f2ecf773a0dab84155235145b5,dup_0d72aa4086d5f542,1,True
nazario5_002791_4d70288613b6,de0cb2b4c4d90181c33d83f22b737703ffc7d5806dcb800591bbb94f4bee306b,8d3e544abcf0e40564ec09f33564968c6d4b7f0a94ecbf259ab7f0a731c33701,dup_8d3e544abcf0e405,1,True
nazario5_002792_7a4459a57ba6,1eb2eed15ba4448c661f3059cbc46b7e1a3acc01e1d715e93c9bad3283aec2da,958140f70b43be8f4726566eebb02db34ac6ce6cd874be9658b3f8a0bc50f27d,dup_958140f70b43be8f,1,True
nazario5_002793_104943d09620,71972aa896de5a37ef8a27c38f67d4ef99904e697c0c637727b12fdc876f49eb,ea7705e4fda4b0482281bc0abc772df1a936990adb58802a3851425aa7c79ba4,dup_ea7705e4fda4b048,1,True
nazario5_002794_2cc4cbbf6e00,6d04304110906d97ece1671ee3ed8bd9d7778dcef8cdb8b9627303cb451dea64,09ec4e701014663d952aa14167c1f250ab3e3085abf389be84229ae8fda10292,dup_09ec4e701014663d,1,True
nazario5_002795_dc7e897ca845,92fd9e673439b39e3e0656b185e52f96ed3023e0f99041f0e61a914113ad811d,6b148ac9f8bd61017cfe60feba0edfb12b2f38e064577ea88bc4d01e3a72d931,dup_6b148ac9f8bd6101,1,True
nazario5_002796_0c79dc11640f,a100348a469e081bbe357ea966e5e3ae76c66d5f4012cd5adc829d53e1b50da3,049d64a67e277e1d7e9be95c7ced2e1f524f74b02e4e07d7c7665e77085e0019,dup_049d64a67e277e1d,1,True
nazario5_002797_2f1a94680adb,7e67b78c9539f7171eda081e0f7ad92ba18b4cf5bf410d149d8d50fb3acf0d6e,1814449bceb2a77742eee1900cd18d7c57d439e8f3bf791e4c788b70671f0d94,dup_1814449bceb2a777,1,True
nazario5_002798_2f9a773b3c04,ef9749aba9b1de434c1f29823b25e1926b5d9a6ec91b33a75bda2188ad3837cf,8e81d1226cdea8d838ea9077357d17bf39053026035d474309a24c4e1ef44457,dup_8e81d1226cdea8d8,1,True
nazario5_002799_253a42678224,7a936293cd20789d2a04b1f16b64808d7fd35d68e98f5d7610a3f5b27fb57247,08e3fa4aa8f8e2e2f700f15b3a9fb9008b7674af5361296d4a6e047ea78a6627,dup_08e3fa4aa8f8e2e2,1,True
nazario5_002800_e0938ff85fe7,0fff199b62eb93988e7685dacf0e881fc2c5a9bf0f541dbc43b7301d1fd00543,ce9e99d948869f19174cf7e303dfd1eb9dfd18e3c2d6acd165b321dca9bfc472,dup_ce9e99d948869f19,1,True
nazario5_002801_acfb22d7cd35,8bf63607c3345f22243d8fa093456b68b8f0fcdd4ffe1ba5a251e7de0b33f27a,342ee1ca9ab6862a6870cbbf4311a236b5e0b31001eef8920ef45bebd88092ce,dup_342ee1ca9ab6862a,1,True
nazario5_002802_429a5e1e284d,c9c83990d0c75ec0eb3624dc463b3c3ecc7448ddf2561b5e55d3af6ae4dd8073,8c63f14c0ee96503bd753bb52480db2f711fcd845aaf099efc4042394de6fe9f,dup_8c63f14c0ee96503,1,True
nazario5_002803_d6940e946b6c,1e5b0a74e7a45a0b6671f781fc7a4f443b565f795a795e4e791b177cf6f6e133,4e5269e3488622038e211b73c3c6f0597dc7743541e4dec8ef9d8263cbbf6290,dup_4e5269e348862203,1,True
nazario5_002804_ef40d54887e5,ae9a34dec47970c2beb224edb98b481ff9a37558e7033e8413139c04e98d33d3,6bcafed7ab38f18ebb956c07c7c49dbe6fc626aa53843c593620a0a6f5a13373,dup_6bcafed7ab38f18e,1,True
nazario5_002805_9c9fa06bd2a5,74b2d57923ed6b358a05956802f651f510009da0a99389301257b9505dd7e2f0,2ed51f28d835bcfc949ba625b22706e9559c219befdcf8a3f36c6606976f9294,dup_2ed51f28d835bcfc,1,True
nazario5_002806_0074a057cc01,a6d1ba9128c69800c0d455ba9a39851188ee52c2088d904c159eb5ec9070c03f,0b361c6c8f93f8c1844b17b7a2b1fe2987fca134e0cebd96cc4ffcba587b5cbd,dup_0b361c6c8f93f8c1,1,True
nazario5_002807_01ef433f0898,9c26cd559cdd5a56336d1e4c1882cfbc17681136be58caf94f8b86852af90949,eb68368ed5d696f24cc922b666878a960792ab327a18f3385ac7117c89e5f4a4,dup_eb68368ed5d696f2,1,True
nazario5_002808_8fcf86eac479,356099f7cceebebcdf653481ff42fa67afe1e040606023550959b07c02847132,8ee7841a511ea6e06312b368762a596919207da6c8b1e54e8797258fb235d8f9,dup_8ee7841a511ea6e0,1,True
nazario5_002809_82e6c8ea8ced,e81a0c5d633163d39677268101206efdd9568ed5aa370a2595b3a89e58ebf4f5,04fdc41e7d2c2a9d024e6f7b7e3418d118b99f48b6b3e9cac651b2bffe8745dc,dup_04fdc41e7d2c2a9d,1,True
nazario5_002810_e0187ff434ea,b23d93784b0f505fd0794cce28f724036d88ee8de98b21cbcf08174c7963c573,b23d93784b0f505fd0794cce28f724036d88ee8de98b21cbcf08174c7963c573,dup_b23d93784b0f505f,1,True
nazario5_002811_82269fb9d0c9,3ebb859b4965efbbf092d7dcdad99d2aab681f8745993962805c5a026f17700e,f4d1dbeb58715f25a0bdb3734a71a0d932ed58c1337c2a1c3b078c04f6dfbf34,dup_f4d1dbeb58715f25,1,True
nazario5_002812_c68b6044a267,42e36f3dc40471362df123fc11150f7b3fcddeed56ee678bf2146eaf2d82cd5b,e8e181b16f3b6f53d93d2eb2dbeea5371016d4ca3149b728bb0f55634588abdc,dup_e8e181b16f3b6f53,1,True
nazario5_002813_0cc3b4239599,4db9c005c4e52522ec2c11466b9ad4bbef1f8e45d87b469a4c8dfa06bdfbea28,4db9c005c4e52522ec2c11466b9ad4bbef1f8e45d87b469a4c8dfa06bdfbea28,dup_4db9c005c4e52522,1,True
nazario5_002814_fb2df9d574a8,bdc782b5ba8ad0f1e8d1445b839fe8f8fb2f5c662495bb00ec54b4e7f580fd5b,589b23bacd96ec781b46d68ac9011ae408ba898f932b0115c64fd6adc5c27238,dup_589b23bacd96ec78,1,True
nazario5_002815_379e1d0731fc,9da45521ea3a629a0933d21d481c01e2698bf99161fc479d443920510a134c3a,da944a9ae7cf98695e87adfc76fb976ab83399e8b1da73afbbc18e980a1a592b,dup_da944a9ae7cf9869,1,True
nazario5_002816_574beaf932e9,bcc57b063d274a851a7922221f15c029afc7d2a34473a073e93d869755ede24d,dae7b5eb34832ad80707ce23fc9258703818471f30c3e71c6bb887b40d65871f,dup_dae7b5eb34832ad8,1,True
nazario5_002817_929a802f4f65,ff8647d2cd24ba17485c04e3b00329f620572075fa294a416e5969f967a6344e,b5b727e836b59a2b81d3bbb99ce215f15acc5c12889fa9cc0f1f6ce3f30cab43,dup_b5b727e836b59a2b,1,True
nazario5_002818_7fccdfa9bf8a,1028a882d9a3d88e234358569ff2189781203c213b762e4db1f8164c8c2483d5,fb862f8333bea5f0784000e4397c4bb8c6b2836698b2d02281f29761a47fc3a2,dup_fb862f8333bea5f0,1,True
nazario5_002819_89f02c508fe3,b381245a78e8bcbe805cc558746a73328c13f85f48d4582e3064488b50271ab6,1a4760c51de8c2328075fcf5a5be83016eb1bf0c3954b3f6015efeceab92aa40,dup_1a4760c51de8c232,1,True
nazario5_002820_7d9a9b94c077,73cf4a32573d3434db7f2a0f0a1cc563b488f6fa72603d5f4b98b2d01f17c8c8,d6d66ebffa2a7ec145fae6b9f458acd85d4e1571c6ee583aa9a973cdc8afe3d0,dup_d6d66ebffa2a7ec1,1,True
nazario5_002821_94cd9e593ff4,42bcb604822ea255030f0a1fa174fb01d218b7b6a0f635eb3e6502de6c757845,aeb8b22a87fd8b8adfa6055487f2011ef7e01c58a8a1dcfaf44978b5919b8892,dup_aeb8b22a87fd8b8a,1,True
nazario5_002822_5f501e9cde68,74ce8af8e13081364f97229ad8014fff0f8ab932c494ad2b7c59b380324297a8,1ecd1efcf5e2f34b7e98d18360d441f5fa535f3a4737b4c5bcefe0d0746be607,dup_1ecd1efcf5e2f34b,1,True
nazario5_002823_40e3a7d91f84,80f1f08639e83da0f8999155784c156d294e55b593fbc96956ab9c38971dccb0,80f1f08639e83da0f8999155784c156d294e55b593fbc96956ab9c38971dccb0,dup_80f1f08639e83da0,1,True
nazario5_002824_a61653e78ead,48e5bdba273f07dfa557151abcc3529bf460457bd9cd6a134ba1368f0f275224,6051c66dd5c7f4bee017fa4e41eb8b8c90587aa8768ee6ab9ceab039b6cd6915,dup_6051c66dd5c7f4be,1,True
nazario5_002825_f5158c958884,d36c3dac6d4daff7a12a89bed48a9e232766bae1c7fcd3905de3041f351a6dd0,3cf65168ab450893f402fae73e269221710fa60d33cdd424f5ef7e88933fd37e,dup_3cf65168ab450893,1,True
nazario5_002826_649c78403dd6,84f004c60711259a3f1927d85579e4e7eca75989cc88d959a37190c9f2cbe5c1,7d256d53f3e4bbaa61bac4ed2a05226a49266105fd727d0b714d74840f591fa9,dup_7d256d53f3e4bbaa,1,True
nazario5_002827_209340e0482e,2eb9f5730107a257ca8788017117cfc40c07cbe7f7d7c4b4e7396dbafe6deaaa,aaa2425f7e9efbb93c569c47aaec20b7476c1bb542042c4707ce1cafb0e0ffbb,dup_aaa2425f7e9efbb9,1,True
nazario5_002828_71be0832ab9f,23d25d543832889617b5aad21c9659e5b79a568c280efa6eb8a5b3009774c776,d9ed86d64d9c2778d49e8ef8e0df1f4a45c87ac0ec14f35d454cdcde8501033c,dup_d9ed86d64d9c2778,1,True
nazario5_002829_00132d010326,6db0b5f34db65e74900a581a1b83b7878b5df7b1220cf10061b1623e2be6bcc6,b3c3967ca3e6606e96e968c9a1c4f08e41cab6055884f1e12b7050407ba43a9c,dup_b3c3967ca3e6606e,1,True
nazario5_002830_e700a1d77ce6,b320b90274440c2d06802255cf3b4d215473aa28023c698f49946ca1d84090c7,b320b90274440c2d06802255cf3b4d215473aa28023c698f49946ca1d84090c7,dup_b320b90274440c2d,1,True
nazario5_002831_d83de220af18,1a5bab217d694e534805671b8a5aa4eb5874c8fae831fceecb28f7633d58e38f,1a5bab217d694e534805671b8a5aa4eb5874c8fae831fceecb28f7633d58e38f,dup_1a5bab217d694e53,1,True
nazario5_002832_5dbbcd5c8611,ea4d951a6af0eb632d3f2149d2497f45431a8c6afbab2d12a9da95d4123066bb,be34e944c8711dd7ad83b60632195d569f7a3e5667040b7a86163d8dffc24a59,dup_be34e944c8711dd7,1,True
nazario5_002833_da3cfb863b6c,6d6c84737559b7cdf07195981e872ebcef1b4075f84699268df6941e61d9d228,8296a62976eca0257cd1c8edf6a4f3fde72f3924ec14362485f79505e04775cf,dup_8296a62976eca025,1,True
nazario5_002834_dff1fab3dc86,e4d39fc1ca8cfd996c8ee9237a1ebf00e84bdb187bbc6ddae548e8882d44bc4d,85660b14c6a25c3226aca8ee2610708dbb7d7f8f41fe497dc8692155030e1260,dup_85660b14c6a25c32,1,True
nazario5_002835_e8b4e17136c6,389d30c9bd34e5dd01902ba47e8f573dbf7d19fd234c28dc17ba738b44b2008c,b49894dddbbf72d6aa0dd30685c05db415ea24851f9621de330f662dac5ae944,dup_b49894dddbbf72d6,1,True
nazario5_002836_5d385d6b73ef,aa921f2f8ea70acae9cf9d02e836451f6eea240f6d63bae83009aab9a7b608dc,a12837d2dd2d0f5e74d2bad5041807d7305ef85e91240ab278a3353b02ad78e6,dup_a12837d2dd2d0f5e,1,True
nazario5_002837_b503a0234918,b9fe5c37507528b14d274b7c3e0aaa751e60394e2ed73b2e7ebbacfe9c241afa,a9596093012071604b0c10785f4f12ee8390fc14b7281f8e0622ec37e7dcf67e,dup_a959609301207160,1,True
nazario5_002838_2421cdba38dc,ff850ced2c5dc1462a27282b59f4f0af44e1d2c5df3d97d17644ebf9b0c20040,a8227d3edfdab9f5cebf95df27c141b3d41ff5cdefa39e9d189c1a609dd8d8e6,dup_a8227d3edfdab9f5,1,True
nazario5_002839_a0d959db6722,dcad013b1fda863005d6e222bc2e49628078ca7c748d17de81dd924e584d0f3d,abe89f9035521a71f1f4f667fc9c65eef3422ea931f20c97ae01aabe7175ac5d,dup_abe89f9035521a71,1,True
nazario5_002840_1a3d04f62cdc,e8f4e4891a7431ff8b7a2e33d1a9429a2a9c89a5cb021a010c76a7e969efb68f,5ca8c39ddeb25c7a97db946421ca689f8deba79518913b332b7d9cf7728ff713,dup_5ca8c39ddeb25c7a,1,True
nazario5_002841_6dcc2b963576,fa2c408f383e12ddad8c268f62fe796a234049237056185cb7126e9cba384ca9,cfbcd0eb68a486e96f7f8f3fd3751fb081c5b0d5ad47ad174b301b188d30c088,dup_cfbcd0eb68a486e9,1,True
nazario5_002842_c2a3be1c499b,77860daacfb727a2c4c98b4f22213fea60ba661d827782ebcdb3e8d067959a68,77860daacfb727a2c4c98b4f22213fea60ba661d827782ebcdb3e8d067959a68,dup_77860daacfb727a2,1,True
nazario5_002843_952336cbb77c,a957f46cfc5e542642b4832c111df02140253b5962cee810e32438c9dc9f2cc2,ea9a4b282e583e708a4acd6b04bc32211dd82ae4d6c9bffb88d5290cdbfa6195,dup_ea9a4b282e583e70,1,True
nazario5_002844_b3244aae8663,05e41abf7224241e8d72b7276ec9f0b85fa171566956cebf3b7bc6e57a361b33,db8f701c91b3619666ad9db45a6bc5fa4bd68527a84b3b79ffd26a256b5696ef,dup_db8f701c91b36196,1,True
nazario5_002845_675606dbeddc,fa61c544eb68887902d888edb4cd1ad1e8cccc70037d37e12672f3191b70ec04,4e930badf06cfff2f18febe340db40f1760770e2edb0031bfd36caea34304fc5,dup_4e930badf06cfff2,1,True
nazario5_002846_3f1369c32427,a69ef5e22cb9ecd75f370e81098edf871606a4777cd9755df47e841299a8289c,a6839bd477bf675906e5fc8729490d439e38ffdb87f42f853fc810d434d69ad7,dup_a6839bd477bf6759,1,True
nazario5_002847_99986321a9d8,c3c2f7172c214ae0686d875100a67b234a7274c63e2f077396446542289aacc8,e82f5f9a9651be1c86c7bc6c1e2827f483a843345bfa72c1435b53fa8ff938a6,dup_e82f5f9a9651be1c,1,True
nazario5_002848_19219107676c,cf1f842376c691bf0f2ea27179c14dad2764ba2006153e9c93eb5d0c8e9bfd18,ad389e895a7f3926ac5dc640dfd552ab8fd0170da458da240fc2d4a5dc53dca5,dup_ad389e895a7f3926,1,True
nazario5_002849_93e325b99e4e,34115b335826450e8d6df617bade3095b122d8953ab97fc7e651b07024bdb90f,19dcf8706aeabf2d1324b48d0ab67bc54387ac476d3b70fd45c727d8597d787d,dup_19dcf8706aeabf2d,1,True
nazario5_002850_76d835a60af8,c295b53f0e41880cf1486c09815f26bf8653446f1f2a97bce0e78de054cfb343,819a641e4bbe48647ecc3d26d9d4bef0e3c4e624d774a2957925700c7a1b2ec2,dup_819a641e4bbe4864,1,True
nazario5_002851_c441e1e7eb2d,2bdfb01e2a2163c7280c41182b1187e53861eb82c0b3f440e80533fb1cd9eb18,ead05f2c1c4416931c9ab28d053010fca181c9bfe9a96ec538ae15a9bb6dd439,dup_ead05f2c1c441693,1,True
nazario5_002852_6cc63cf7dfe0,c206a35ed56b8b4b3a1b02655f213f6a7aef534248726aa766aee1b8abec5cfa,ef7cf60d1bdc9ddc2428fe41a9ef45055ef38a8d7bce1bf3da2748320cb6a1cb,dup_ef7cf60d1bdc9ddc,1,True
nazario5_002853_98ad5ed05a63,a521a8788ee325a47de8e3866a032ed73583cb637b11c52222055f790ab23473,930647513810f9406210d97969777dc2d18c23e736ffc6e313b442d8ad603f3a,dup_930647513810f940,1,True
nazario5_002854_462a2512491d,eea2edc66acb4bdcce11c931befe6f609ed6a8bf6a2639d1b3c053f7831d25e5,d07bd955fe0f4fa7f53794bd74235faa3e66751b45fd66e96b35c4a27ee5864c,dup_d07bd955fe0f4fa7,1,True
nazario5_002855_ac4f69569a75,c2838f780760820ec3c8b2ec673baaa4adf375bd64875ae3300bdb1ce1b65cdb,1902e3b0282c890d4baeaa32b17141d622414befe13129cb8679cf9d94ad42a5,dup_1902e3b0282c890d,1,True
nazario5_002856_ed7d726562c8,44fd8f53f29730a5486fef3525e7150df4db346e924b4c587327b334d5f62261,6aed8618b6b702fc05aecbe2e54ad5419391647709fc43fd113405d0ccc12007,dup_6aed8618b6b702fc,1,True
nazario5_002857_d20adfda15cd,cc79a5b502a4a1c21c289ed3564ebe8b65d8ca65df3342abaf983536a6f80592,5614d45f21e2d6b2e1d694d3904341f024f898b0f09c1192bd0313ad29534eef,dup_5614d45f21e2d6b2,1,True
nazario5_002858_798899802b51,0a72d2bb7f00ae419de7fc2b94cd81eb4eb2e4df1e4520ae31c433efbb47e82c,2a017e5981045177365c1287c986c92498ed20183c7475fac027524197fb5a0d,dup_2a017e5981045177,1,True
nazario5_002859_c2b6056bb2e6,6b3059486d2a0c91dc7854b10f558f9860241d50f4cb717c2c86eebe03207262,7d221e6207e224412eb7b447bc10c93b7be9e6748b5dd22ba9a69af3c8481b67,dup_7d221e6207e22441,1,True
nazario5_002860_4f1138a1082a,009efa5a9ec0110d5ce352cb98bcdba8a51164ed376af40fa58118fffed2a9f5,728715ab8d02ef37db0a61b40e859b6d95d2ec7d248aaa6ab8f28c6065c229f7,dup_728715ab8d02ef37,1,True
nazario5_002861_157ae9f1723c,ec83d1f61df658932f5e12661db6434a4cb77988a7ee61e9eef728e6264b55be,09cc9dc6a525c794b25f4ed2eb0806b4f1621ab9f37ec1e30873b6a8a61cba61,dup_09cc9dc6a525c794,1,True
nazario5_002862_e48a78baaef3,298bb848654fc04a7b455a2f0f6754b925db99c004547ac5e602e87f52808716,e95dfec8875a932b8532010f5a7275ee7ac3778385d59f3c1dacb8d8fd2661a1,dup_e95dfec8875a932b,1,True
nazario5_002863_d8546f3d71fd,0fe3655262f8928d115b83a82f70a7439eda061f9433a6e40562280be392eb4d,707371083ecf6330036159e047fdb6f3409246873f38709da1ec3299c2e5ad93,dup_707371083ecf6330,1,True
nazario5_002864_4194eefb4867,f5d93a68eec2ce300e0167c63866e29b02013925ff3b56e630ff7b857cbadf4b,b726ef622f41907a449be1b49cf093c9f66b1af0e83c8e2faf888f3a1d63d67b,dup_b726ef622f41907a,1,True
nazario5_002865_623b1118a69f,967e5a227a0cfd9d6197bf05a1d3fc7210c502639d3c7bc49d48f3760a42961f,00a497bb6551d2afd1766f1c7c85daa55cc0ba811d8a3df9d339c668ff688074,dup_00a497bb6551d2af,1,True
nazario5_002866_f131712e929d,c7e1454631b3a5b1e447357155f726396d5bee8486d4a6b922ced8b57d509df7,fb34597dfcd122fd5a2c0a800976f1d4c79c4589f9e301f2db718632796d63e6,dup_fb34597dfcd122fd,1,True
nazario5_002867_514e352165b5,3e7808f0d0c74c41beb41f0be7bd014eda0a4afb8128a6e62d9ea90902bc707d,89abe1dbec0e4e8b20aecb973d0621482676b4d37bc314290c56470b17497f71,dup_89abe1dbec0e4e8b,1,True
nazario5_002868_4d2f85915d80,389e259aef60ea51096b59fa13fbf5cc396ff6a7b5256642f500b4d02fd52076,682aa2030209f70877fb73185b0852c43f883e82a38dc73bb0ee110767672905,dup_682aa2030209f708,1,True
nazario5_002869_8dddae212539,dca45589a0de4533bd9e9f0aa0c3065a88e85a1635ce96deccbd7dee76e00ff1,2d59a658ac79c5e800f3d8c6a5aec775c723931ee6491e60b6d6ccac094e0c4d,dup_2d59a658ac79c5e8,1,True
nazario5_002870_90f3e85d7d5e,349d0b976661e2abb7b3c03d3e96e3aac413d8457ada175caf029ac33ab7b1f7,65b85b2987473e51710aea99b96c6404f783361c8fc4a47a35b103d388280435,dup_65b85b2987473e51,1,True
nazario5_002871_ddf0bb1855c1,c53bf6ce4cf4a119fdc90c29f5e37dab3d527156cb1650b7c868b6f31472c132,be720ffc1309f77dc3c28350290ed3b7fd1551cd501607e2e4e6aab403e95a9d,dup_be720ffc1309f77d,1,True
nazario5_002872_7081d91622fa,21132bbeb4c8aa38385d4937c38fe12915c622e7aa73d3b2d39cf1a288a656e2,956f5f940a5e96cf83a9bf6e5df04ac11c66288aa91f28401e5342321764b2db,dup_956f5f940a5e96cf,1,True
nazario5_002873_0ec9d7b52ca2,91d3f0ddb62f502ecfff5e0f9d646c6cf2c4da64959e70be52a7629734d646d6,7d909d90f0621ddec08f8d8797d5ecd3a4938ea0783bd8684ea09b5819a47056,dup_7d909d90f0621dde,1,True
nazario5_002874_506c7b3737a5,5d11b839f5dfe19833f861d7b687a8f20840a8bd88c0b4333e2e591004e6a05b,05e486bd3c22dc3d859221997e04549401ab58a9050c20a0f43d3ab2cf6f4806,dup_05e486bd3c22dc3d,1,True
nazario5_002875_6cce5e20a66e,3e5d8cacd780e31e0675fa014cddb12b03a152419b5fe89e44357eed31d3a7c1,731f15ed948a9e52f6c627aac6e52a96ad60c210271b9a95b4d19f89972c7eb6,dup_731f15ed948a9e52,1,True
nazario5_002876_6fadb60fa9b5,0ad4891eca12e58fbb643989e9db3373326c81e704de5eba46089279fb727579,3c1426102658ce6bd7b8fd3dd567d51db66926e62077f4f4cd01bdb0655be232,dup_3c1426102658ce6b,1,True
nazario5_002877_4708acb5ece8,f8a3bfaf0792fe880c7c56bf579f85bc77d2235261dc469b7a368b76752fcbde,9a073b73075593f4e63bc8a8d1be511a2ec2c1df26c6afaa34f45a06baf79c48,dup_9a073b73075593f4,1,True
nazario5_002878_613bc1972f98,e052b690de7dbb0d7e68f4ea85e0d85864c9c006a9a546b65e68e480cdba5cf3,e0f4adf8f2066b24459ac87873b483c50e36bb268522fb8855f7297d6bb5d7df,dup_e0f4adf8f2066b24,1,True
nazario5_002879_8936386c2721,9dd442cd1b90515397d0367a09a4f24e2520b96e7d6a318bd2e3dbac2386ba5e,30392b2d360b56b9839d135d0a10b95533bc98bb82216d0a8dad2ad662df8e6b,dup_30392b2d360b56b9,1,True
nazario5_002880_d9d03cf37936,b97defd75a5fb501ea2b75b510773e74d83805326cf3cc86ac14ad004d732c22,260bee0dcfe2f94738f3aa578d3fa3d2f607bb47db9791584561e6d362a3ae57,dup_260bee0dcfe2f947,1,True
nazario5_002881_90a37214047a,603adcc54962ccd5278d7aad19fe8fc59630b5f37e04c7cb5790c8fecb5264da,7cadf134cdab9593667ae54ce97c8ff84af729a21442f8bf4519e39a6d1d41bc,dup_7cadf134cdab9593,1,True
nazario5_002882_a8b699c387ed,af36ca0cd9d7d8aa89a9f588722dd67e3facd7b552ccce4deaebb37c71392a19,0040347b7edc8222951e1d868cc9992c64f53cdd8e54d8484e4acda0193d0b19,dup_0040347b7edc8222,1,True
nazario5_002883_0449765efae2,4a9a4c91bd8756049dc40c4f2c6514c66818ba37ed2b1d7ed2ddeee90101c85f,b573308854fd96cb0ac1a2fd347d818294f4636acbac3f2650bce181ad6659bd,dup_b573308854fd96cb,1,True
nazario5_002884_118880f8fbb8,37eb192ca8ae18ef56853b2308bf23fe7896506d5d58d1702daf3219d319e617,3dc70357c54fe561b3778daa377c834904bdb014937062514ea548f8621b2d03,dup_3dc70357c54fe561,1,True
nazario5_002885_249b31534395,d6ce0e54c456401b21e605d432be1c75b693232c44dc60e7494a65dd7f711151,cce0d66b123f12e4a9bf51eb648eace36d786953c88c971eb57a67eb4cebeeab,dup_cce0d66b123f12e4,1,True
nazario5_002886_976b3f68783f,06036e5132701c0b0929b4c753c768103fd8ba7e9f52e280d8ab1765640ebf79,0c9732eed121cb1f9bae5b8449ad774989544257a43f6bd66861654ed7abf28f,dup_0c9732eed121cb1f,1,True
nazario5_002887_a23508ff7b35,36db98afd1b860ce51a0a032b9d72c986606b596458cfa656787444c39f1d025,519d1604f622a9f04eb0e80c4c372e9beaa86e3f8818d7cd1db4a1e0ec41a79f,dup_519d1604f622a9f0,1,True
nazario5_002888_6f459e5aa8c4,e725f11b2c920ff55fa5541dec74b750110617ac7d3384e384a795afc3a8a425,8d8b011256a0f24a37a374a15be32fe44331cf1b3bb1822131bfdaaebbeae7e2,dup_8d8b011256a0f24a,1,True
nazario5_002889_e2e255ad440f,6280b8fc240411af77e665af397293284471113a8996067876039ed3522bad23,420f11b61508ada0b32d93c1e38d01a7326b9bfaafd5c66d867cc5a10902693c,dup_420f11b61508ada0,1,True
nazario5_002890_46dc5257cff7,f5973cf3a57a9ef1f13dcf4f794c9235b23bc651406d4be1534b3f3c87a40530,110cee6015616e7c6b25f651b0b93982795c34cad1c935507d22109c27245469,dup_110cee6015616e7c,1,True
nazario5_002891_9effe46c8d32,48e18fcb0897f46b1c20648c2c2c8a9131741bbdddbbe87adc13f69489c0d60e,5bc5718f07770678ca1903adc30d843ecf9d8626867fd1c9db07c54751a8d48b,dup_5bc5718f07770678,1,True
nazario5_002892_b002551d84da,39044522910e5006ed65db364ee35d10ab4910ef230af05f3d0b42536863d0dd,67086d38203051dc58d9463cd5275d74df25b6ea0bc416577bba18bea8208f3a,dup_67086d38203051dc,1,True
nazario5_002893_873921c8f732,989d4e2dc4f19471ad8edc7829beeb05635c2c03e641f540757492e1f869e59c,19fc15edae0d6d4a6e9a784e0f327014ec80f1781fa74a0ac84c951dcf54cac3,dup_19fc15edae0d6d4a,1,True
nazario5_002894_80273524e806,6b842fd9911ec479415edf48c23903f354679d83790fc8e0fa75455a7ee1f038,aaf1776dd205ec5263460db2ec022ca61fd0996e616d33becf994faf3971b56e,dup_aaf1776dd205ec52,1,True
nazario5_002895_f484ad3305fd,dba4fbb26e3f0a4ab93d67dc292fa8fed90c68d446417599e6c33f701fdf1ba4,fdbe9d8c3a3d16befd43d9bccaf2e2ad8b3de403b02e7efb80d3c6368c09c3aa,dup_fdbe9d8c3a3d16be,1,True
nazario5_002896_b9e3a5fc42b5,ec65489069c56e04c3865b84f551c4c4fd612b4d27f4115f219edfa86e276a88,16cb427a1e737c311bd13b15d5cd38e2d929c2f866b325587b5bd6bc8d6ac5e1,dup_16cb427a1e737c31,1,True
nazario5_002897_b09e8f5893a8,cf1bfff5c7eaa1b4d9e222084ef57bcfd880f2ff61c445965b64ee59e36bb6df,097adb18a4c32d2917963110af985d37c5f92668efd96c1a41c9fa590a50e741,dup_097adb18a4c32d29,1,True
nazario5_002898_9dbb5e5620fb,b1321ca465fbfeba051be140def958f608e4daa8e314215346576443d7ecc6b6,76b780185b5502088c9fd662671ae9f0c6902dc7f3ec309f45dfe4fca9ad3afe,dup_76b780185b550208,1,True
nazario5_002899_413833278d80,657ecc8caae9a538335c7f4446e1ff698ac1e40d8b52e86821c0a7213d54df45,97da969b7de50b113349998290801829bcd35dd9602db0b38bd2c9d887822195,dup_97da969b7de50b11,1,True
nazario5_002900_861e3b58e604,f1ee4a6024894f11099154a10d743ee6c129a2283762bb3f299698293242bd6a,d74f6793f1d21230a304fea1157ea42c815dfeae08d0331d5c819cd8c82073f8,dup_d74f6793f1d21230,1,True
nazario5_002901_778d41f137fb,a15fd7cf7e1ee38cc4474f88baf8e924a6ba11b3dcdd31fb92595226253caefc,4286d76af3f8bf69dde90b217345708ee19a2a44cd7f7531db6001b285c5390b,dup_4286d76af3f8bf69,1,True
nazario5_002902_a308cc9e3e79,a5a7c4abc7604a9d3cc8f7893949e9e3ab7e32baccc354a75842d84b5dffac66,8a0cfff0f9be567ce3cb2073f648cfec86da92d6c52686928e8f8951df9125c5,dup_8a0cfff0f9be567c,1,True
nazario5_002903_74a3aa0e94d0,14fdb9de419d7d0ce99b13c4f71e216d3c200e180d9337e110536eef58c807ad,054e3bc7b0e5ce25baa3ff486b90f62593c4f5be708dbd80f1c96d73b82e319b,dup_054e3bc7b0e5ce25,1,True
nazario5_002904_289bf8c399ba,63ddd3fecd4341c36c8835387d47e48265d92906ea87305e763e72449ce0a5eb,d5da6c121d6268643aa920e0d566b45a1f1acc21d4910aaaa300c201e3f822d7,dup_d5da6c121d626864,1,True
nazario5_002905_14d0ab644d17,f1c79f9923a66324954b1d7f786a9f47d312249c85dbe636a5771d7bf5d48d0c,8540bf1f1bb7ba30b8d05277a9cf0fc1679b3cddeac24be08baef06b502f9b92,dup_8540bf1f1bb7ba30,1,True
nazario5_002906_2aed4e4231a8,214555a043d90c943b1867aa25862deecbf59d1e322fb60ad05e4f7d7850c6c5,d1c23dec773af5b91f3d43f3249bb5367fa5185d71589e3018e8ddf31c2e79e0,dup_d1c23dec773af5b9,1,True
nazario5_002907_db14b5981dd3,0e9716e116a1b17ac3fec47cc3c9ed7dbce8346823fb2b5fbe3f549abe73f9af,a69873be834bdef7af59c4a81f1cb4af8e7c479052b65613b21a124d1590e749,dup_a69873be834bdef7,1,True
nazario5_002908_981e4d06d337,ca8b59a359d43c7ef6a31182f336c161d30673fbb5175ee4d214833bf52cb1a5,5474ea67dcc3b53129b738b9ca24711e1b5fea8e43d938ecd5da0b296cd5f0a9,dup_5474ea67dcc3b531,1,True
nazario5_002909_7d5b1d48b089,d037b436958b47a7e20b7e01b93d6e0c04661d8c77e43ca004f19753402c493a,d037b436958b47a7e20b7e01b93d6e0c04661d8c77e43ca004f19753402c493a,dup_d037b436958b47a7,1,True
nazario5_002910_9a99fb5a756d,a8ff2605c9ffc8b47fd558d0607349f294e0983038efd29409867cdf3e13d27f,1e7992737ec33959dff95cca65864d496b4173df128e904f7091c25c47f5c117,dup_1e7992737ec33959,1,True
nazario5_002911_a71c44e52b0a,b7ff2b38fe2b963227a25149d06c98b3f74f6248e531c7cfb222177eada60a14,d7fd0dd18b7dd758804eab985e839d0b100d6bd4eee4b05ae02b02027c0c8c27,dup_d7fd0dd18b7dd758,1,True
nazario5_002912_052f3ff5ae1c,f7adee1617ce074f41a4e9ed38611abe2e7ea2f4a97fb3d2032fd1232f4237eb,85389ebd5120e5e8b099f75608496dbd1ec50aad19491d59b2b76992a0f4f14d,dup_85389ebd5120e5e8,1,True
nazario5_002913_96f0827db5df,d0756ce831677d22b656768950d7f5a2e3753e7191504a95ea06857e2013f5e0,cd929e7eca949f3b41dd80f65bbd3ee8f85cfe03ccd77e1cabca7e292acf6415,dup_cd929e7eca949f3b,1,True
nazario5_002914_2ae89eb5e297,33a972e9351191114a2c7b2bf2349c00e41049b0d499463c5efabbba57ad166b,cd0b92d7af795349185f368f4b48c3465d3ea01ff90b196c93f26e86a4dc770d,dup_cd0b92d7af795349,1,True
nazario5_002915_4ec676c2710e,14f3340ab3fe223d2f4cd90a82bfd311cfbcabb004739fc5acf562bb5afc9cf7,608efe0feca4247d9126d409156224c503bb8c821b888a12b9457d52428918d0,dup_608efe0feca4247d,1,True
nazario5_002916_80d1893c16c5,33788a551d7626f53b33a97efa742d44d85af64512d07f91be28edefb696c633,8600585a687aa5dea8fbf6d68383bd975fc5e746f98283967be4561e56d12678,dup_8600585a687aa5de,1,True
nazario5_002917_51fd36e54e10,4b61ab5ec8c75edc1155cca1fbd5b096198b0fcbc00fa112f6c49370d684fc55,64d80c669bb7b22e41be98d109c04e4394b1785daec797ffe1a2244146e9b6c5,dup_64d80c669bb7b22e,1,True
nazario5_002918_c645dd7a16eb,49f952382098ee1195458747a13deefb22a3832340afff52e3f16d52cd4a6ca2,0ca4d83da27413530958f52450450474779ed76d4ffb9f5505374f4f8e63c81e,dup_0ca4d83da2741353,1,True
nazario5_002919_9a49dafeff88,a6a22f6ccbb118003c748a00d43dd62b4d8d6cf966baebe885078aadbf452838,4fea70632c46bb47b7e6e07e6e1db91440bad5529f5500d464816625e7d05025,dup_4fea70632c46bb47,1,True
nazario5_002920_aed801d3e278,fbeec04990bd087d0900685e75bf2ee66238446c58f54e5466a00d5344c7f0b1,8150a804362329db91015067e9276499039975cfed05cbb3dab2d12072b10fca,dup_8150a804362329db,1,True
nazario5_002921_ad49828a343d,a9ac524de967477ed88928e5f80280dca416603cbeb640fa787e00e8f0a15e5f,d0b119bdfbb7055e39afbc7d9444e57d891dafd96ff908e4f56c0d3a7532efb0,dup_d0b119bdfbb7055e,1,True
nazario5_002922_9a7cdb51619f,dcb1dcc36100cf268c40a31e1bedf71c323c6c547466783c602d90ff1556bb01,0d5898ad996a3bd022ff44becc3b849b06efe492e7801e139f4aaa56c425edcc,dup_0d5898ad996a3bd0,1,True
nazario5_002923_c9a578387200,9170467c7c408278fcb3f0be85ef36b9ef995b37481ac2a6e2bc80723eeb3a95,76096047cbb948c71dbd5204f8e6e4cb37e4aa55a8736d2b903ac2968311fbf3,dup_76096047cbb948c7,1,True
nazario5_002924_18a448435219,074b78c2863cd684a538dfe58c14a1a486653f7e220aab75f89071a53e611883,4e56ac5062680ca996f0c13636938ad65cea8534ad7b60883e9c7f12b9a3cfd0,dup_4e56ac5062680ca9,1,True
nazario5_002925_d1f71b9f5307,c536bb324795f06dc7a79c453e6996ad0cce0d9ec5f375acae4ef84fb2b1ac4c,4e69d92311e97f669b7be5dbe4e2561a79b80ed811c84c13be06254ba12b2a87,dup_4e69d92311e97f66,1,True
nazario5_002926_c2bc670290cb,7c6f8288e37dfa087af4d83f12f099151c6012e7185eed5ac57166b466323ce5,a1cd5f79fc31a8992715bff726ac4a3e95b2774791066e354e26e012db4a77eb,dup_a1cd5f79fc31a899,1,True
nazario5_002927_70e88a96051c,69a9c4aef25c815be5201418d09d5894b071c77f0926dece4cc3291c02ec166c,8c25cdb8a9af3aba50bd7b92f9c653db12e0a0bcb8c6e4cd90548acf68ad923e,dup_8c25cdb8a9af3aba,1,True
nazario5_002928_e71eb9120d81,9f4011c5ec796f54256e27e6a1c06b1aa2883774b4e4b438ad274f892e46ad52,bf7d0236c3ca5811cffe1023931e1483aef5933dad83b905ea1d3c1d21d4690e,dup_bf7d0236c3ca5811,1,True
nazario5_002929_0c4623d0f966,061fd881a81c94ad6f73564233eacf815de2e2340dbc97fb49b27cb7ab1c396c,7b85dfbd878833d10cba724c65a236469bc61bff90e5bc2ecc96746f58ab8d88,dup_7b85dfbd878833d1,1,True
nazario5_002930_7325a4e48185,c88bada479a242c8bd9d89c3882f14e9005cfef2c24631c96d08a71fa142a52c,99bf04f8e8fe989540bc60e24e00d45acd3a4d40d5e369d2a39aa763a5f2d7d2,dup_99bf04f8e8fe9895,1,True
nazario5_002931_1440f286745b,adb713916d6237252573139abf4c43f4451597aaaec507f39cee830a8c4f6ef5,8d86498900d525ddb1b11f22433b8718796df5d561c201ad0db0d8cd41b2cdcc,dup_8d86498900d525dd,1,True
nazario5_002932_c07b67411ec9,8e2558d608e6411c70d5b4efbbe7ee9928059db2441370c0f667c51c8306e76a,44a09a18955399735b6fa028b11efb05ef595890ec315e8314bf53a5344c6e8c,dup_44a09a1895539973,1,True
nazario5_002933_10083174cf16,f60616f77dfbfd3f4498a2420655413a2e1bcb74651321516eb77abddc8943cf,8847a1b86141ffca3ae3d3ec74c1fb9201baa1167e3ca088782c16e50eedb3ab,dup_8847a1b86141ffca,1,True
nazario5_002934_44cdec09d99d,ac23f703c8984e7b92b95718a2be60c52bcfd0f0a06b58f4059ba5faca46b1a5,8a85213b2a3d9bcb4e72217aa4a0a59e486c2e89d4a3a082845bbc199e0026fd,dup_8a85213b2a3d9bcb,1,True
nazario5_002935_e2b2906a51be,7dd85a1c0271172f2f3f2ead582847fc0f7623a4b915689c212b87fdf40174af,51cdcdde9bccb4e419be01ed052f4658f1398af4365af5ec12555902440ec680,dup_51cdcdde9bccb4e4,1,True
nazario5_002936_e00cf7dd3d66,0dcc636abe43fe29434325b4ee24c433bc4c8fc1dd4c6726ac8aa1751c1c4287,44e4bea182aa4dbc3e797f1aa9ed136d6e81889bb05b7f1237335dcde2a83823,dup_44e4bea182aa4dbc,1,True
nazario5_002937_f4ff39c6e1aa,7400ea235160124753e1197c48b70aa5dfd85c6ff2cbe00bdf4410402a373613,c5a24eed1087c4a3a98726b02be93af830979508d58f9d61371a0263398e30c6,dup_c5a24eed1087c4a3,1,True
nazario5_002938_596008d32d79,e031dc3abf9e1e6be77628f983b24bd92fedf4267c3c4f8266daef98607ca2ff,906ceb5904d0c9d101e77c3fd2c2e6d645ac9d37cc3cb0f6fbf175b08642db2f,dup_906ceb5904d0c9d1,1,True
nazario5_002939_541edf1a6ab0,e43fb7d1752837d8b9b48134c6444441477bccfa807afd97f75d188c1b6b37bc,050480705e6ea569e2ba25979ebfa3704ee9474143bf954b86b61c5855e61a30,dup_050480705e6ea569,1,True
nazario5_002940_319913dca9c7,e04ddbc2e36ad7c15c6e48767c6ac523beb012caf287f8712d910d98cead43fa,7409ac4c3e0b2ef08ca6b1a41c4cc557c2e0120afaf59ebc94d9504bd9ddd8c1,dup_7409ac4c3e0b2ef0,1,True
nazario5_002941_59a73aec3f6a,5947f93fb3604a3dc670030fa755fa4afcafdf7ca932f651c6db7b88498365d7,5947f93fb3604a3dc670030fa755fa4afcafdf7ca932f651c6db7b88498365d7,dup_5947f93fb3604a3d,1,True
nazario5_002942_dc1eea5f206c,869e71536190cedd5263b412dd94558057725aae1558b691698b0dbc1d7a34a5,8365dd529340cbecbc4dad47c5f9a99a3ee56fab76ee74ac56e4d442a5d5ed39,dup_8365dd529340cbec,1,True
nazario5_002943_c41a5eff83c9,340b16efc18a897d57d9950fadd17ab940bf07c73504ae6c489b1142edf5997c,627d3db3f6d850267337c38ae5b6d0731387378d04052c4ed96629da3b8e7908,dup_627d3db3f6d85026,1,True
nazario5_002944_118cc8080198,1719564a32b1be515add7f20e44326930ae0f49cd4e877f529f11c9bc6ea5688,0fe9a908e8c51924b3ee54e278edfa7ef4e3a17cfbfc993435333c4c1797fbc5,dup_0fe9a908e8c51924,1,True
nazario5_002945_2e2e94a1206a,588e2faefe4a28571949f7c768cb7d53993aace58a565e25e8727b712ad3f69e,99d0412a650f7f8e36b71b30f6ae277da4c97216290e3fe3a76fa7253ffe846a,dup_99d0412a650f7f8e,1,True
nazario5_002946_c2d627d18066,764559aa64892f19039f79040cf7822f3c4c99637d3f06e91aa6b5297a21f905,49ef37d9f2f82e7a97f87f352c98322b084ce9a82e05594e54612869c3358da3,dup_49ef37d9f2f82e7a,1,True
nazario5_002947_b772fac9ceb2,f13c137892f35a0203c7a430b50385e3d25b6a15477e56f673970bab74eb831c,f13c137892f35a0203c7a430b50385e3d25b6a15477e56f673970bab74eb831c,dup_f13c137892f35a02,1,True
nazario5_002948_66b6b075b061,8b34c56a9bcb57052dd6ab0d329069514264c6b2f14bb79054ddb45a8ffef6c5,8b34c56a9bcb57052dd6ab0d329069514264c6b2f14bb79054ddb45a8ffef6c5,dup_8b34c56a9bcb5705,1,True
nazario5_002949_9889aed87bc7,abf39961646c4a688cd59f4e9c3a11d08c3feb8973c403497a2dc52a547b251e,abf39961646c4a688cd59f4e9c3a11d08c3feb8973c403497a2dc52a547b251e,dup_abf39961646c4a68,1,True
nazario5_002950_fd72819ed049,b53811d89a83653d1dd13d04a9bb2cd4b3219e0debcc4b88cb6c0a72510dcf60,da62bbb0d5b37dc64459ecf3a4c56be8a756df1535d061866b6b6ecb8098682c,dup_da62bbb0d5b37dc6,1,True
nazario5_002951_507243055092,e9daeeac2098a17dc8ca881c4ddf852651c526fe9ae09d8789d9c32811a7cd16,5a3acfebbe9b3ed297d84d685bbcad2178cb06305ccddd7902b0574b4b815383,dup_5a3acfebbe9b3ed2,1,True
nazario5_002952_33e6dff15796,b0b46ed474c295f16878018906d7846974d0b7333560fb845d0eb547d9907fb2,26c18db8698fcbd7ba576e543a3221b7e2412de2897e7bf9901a0dcb9e72b483,dup_26c18db8698fcbd7,1,True
nazario5_002953_1e8f0b1b2657,eb1f80343016bb915acf3fa3dd9e540d0877ff8bcbbad2b3985453313d22536e,8fe0c3bdb99f9e9fbff3c4ccbda525eb6427e41f78be4d8ce392aa658894d6d6,dup_8fe0c3bdb99f9e9f,1,True
nazario5_002954_332d832c805a,4bd04e538f9e6ff11364b590aa1cf169be664bb3956e898e85804a8df06f37be,5e17a52d3600905f84f9d7681dfdafcb47074b3da5e5fc9f55f8f9cb756d0c5c,dup_5e17a52d3600905f,1,True
nazario5_002955_5afbaf4cd218,8c3dadabfa1cadda0b9195f29f6dfe274b4e2f02ba838e8815c038944903cdb5,ba819964bbb6adf3efcc359487789821a9a54059ef1bad1e79a8c67e4a03a8be,dup_ba819964bbb6adf3,1,True
nazario5_002956_feef907fc5cf,b5453c54b0562c3f44f5f724519cb89fd8590ffc78278b9ae8b6f33f0c9308d1,9fd669ac2b1bd8d38ee1b9b483b5ffe5e8194a13bc7c5f4a4bdf0f2a9aec6f38,dup_9fd669ac2b1bd8d3,1,True
nazario5_002957_15fa8d36ad7e,c3c1d642539cd2be0b67dd6a032d51d34e5a325af952332a9881a781ff8ace20,cac62db5ec3706c806984c38bd7528e5caa0404317d84ea725e87d00f4bdc9dc,dup_cac62db5ec3706c8,1,True
nazario5_002958_014786109a73,2a89501fc8f7c3f7754a270c52956d5710ad2b0dca95e630ae8e7607085355e3,6f9db1116db0276b8adfc758e00106e12eb176f3c6d0b1d73ab7218859bc9a35,dup_6f9db1116db0276b,1,True
nazario5_002959_db1bff52a5eb,36105af380bf872955827f8cc12905b94b133f74a2e0884cbf889650510e4c44,067c0f1fe14998c5d99bfb80f745d4df2a9b9c5838a855622a435d1b63a4d976,dup_067c0f1fe14998c5,1,True
nazario5_002960_6c5f34a19f57,097bece7d591ef9619387717a8777efb1e188086cfa91032e722227174ae4ab5,cd6ed794e6fac2fd162bd254706b9623623b4bdd28ed47e0e5329ae2beeb7d69,dup_cd6ed794e6fac2fd,1,True
nazario5_002961_8d20dc8271f3,2d336492e79bb50441ee06fa2a5c7977adc9a670ae480977349f6a6b96574780,18206a1e819adbca72921d89a831990f5eee6e7678fca51183e22474d32f05a4,dup_18206a1e819adbca,1,True
nazario5_002962_f1868bf197c3,ce0e44a66992d471e6e8b1d7c6f696b722eea2e448849079568fb6ef4ef78cec,bb54256ccf87d7f0748a14736e14013ac38563a7d96cf416555fa98e29825ed1,dup_bb54256ccf87d7f0,1,True
nazario5_002963_706624cf6fdd,a8ecb5b37c9fab7a37aa71d303aa5913b90c2d8c1356b05e7bb534f48ffcfef3,dc42c429fe21e91b7ed98f9ecf7850f987626a34ba3e61e2c6584891c9ae5987,dup_dc42c429fe21e91b,2,True
nazario5_002964_f630b7cedc28,d086a0c09662dec60a112985d9f0e2afd4d0a55e8d2e0ea6764ddeb7ebe177c5,9b268536d08fbb6dd36f1bd609a1c6dc04cc28b529bb8ba4b4dd7270b89fb545,dup_9b268536d08fbb6d,1,True
nazario5_002965_e2b02d5c347c,b14dc6ca26b401486830371ca85a7cf2112f94bc9b93eedcb9bd312d1957989c,8b58c9f6dea5d483eefb3fb9a40e3ef015d42aee2e7f3f5bc5e2ed429a694256,dup_8b58c9f6dea5d483,1,True
nazario5_002966_81bd97324795,965b0efb0498b13da382444e5aeb6bfca8747c89c3964b68c2e8c75d830fe6e2,965b0efb0498b13da382444e5aeb6bfca8747c89c3964b68c2e8c75d830fe6e2,dup_965b0efb0498b13d,1,True
nazario5_002967_570173936768,1211939066784402f96bde7c78bfd14e5b675b7fe4cda94d2f749e2248433330,ea25bf0afd9f60cef93a5007ca720c3b9f3859d633294127879a84e5755e234c,dup_ea25bf0afd9f60ce,1,True
nazario5_002968_dc2c2aaba758,0a0ca5ec649f60a5b5f0669b57655115dc386b16adb9658356564dfd1aca0f05,0a0ca5ec649f60a5b5f0669b57655115dc386b16adb9658356564dfd1aca0f05,dup_0a0ca5ec649f60a5,1,True
nazario5_002969_668af1dcb913,895b4ceee1bd81849d2815cf15e4aeb31a8b61955e606cbbf5c92592c51c761b,701f8ce4163f44c2ed88ab9768349c1391dbbbd4a3897da7b0d9ae4f9addbb0d,dup_701f8ce4163f44c2,1,True
nazario5_002970_67e1c8744d3e,202aa764c977fa63eb4bacf60b36be8b2d508c3192fc66824e12c83dd36ab8eb,202aa764c977fa63eb4bacf60b36be8b2d508c3192fc66824e12c83dd36ab8eb,dup_202aa764c977fa63,1,True
nazario5_002971_77bf742eefbb,d5d8636e7cf754f7728fdad813ecc526a946cfd7afe7f3dabf749b11bcb992f0,110ab068d3726b9bc5a2967aeadb76be86351b37ae8e975176e84027eeb38030,dup_110ab068d3726b9b,1,True
nazario5_002972_8941c5197cd0,7027d1639f19c85c4a10a1e22e45ce0b40df8bee56c6388ed1711e79680d29e0,4acefac94e85219954e93a5a61a6a2d64969b53907a9af629eb347e62ffb0165,dup_4acefac94e852199,1,True
nazario5_002973_6bf3a4ffd9a7,82e90bcdf9aa7133ebd2c94ff2ad338670ef8975cd347f4c60fb497ef140758c,dc42c429fe21e91b7ed98f9ecf7850f987626a34ba3e61e2c6584891c9ae5987,dup_dc42c429fe21e91b,2,True
nazario5_002974_a9a051bf4ac5,586a8cb41f5cb95b38533edfdec67624a055f8896cbb0012af2daa9f6f0eb9f9,ee928e820330d5c7357df96afd74b612da18a1975a96770257fffcde20b01463,dup_ee928e820330d5c7,1,True
nazario5_002975_b4dd2e653be2,33447382859d371abedc7b0f62a0436058271c7b1835c420f7a31ad9d5b03552,a23b3faabb9e89e7b1476f3b5eeafec6780419997cf7f39f9817ff3f8da32779,dup_a23b3faabb9e89e7,1,True
nazario5_002976_c148b82edd4f,bf6edd0bd0375f37b660903a6d5b30bed0c41655c37d2c9fe86d3efe58819c4d,12474ebfea06a976bb5cf9922b3d23d25e8c775f445c11a88f18c5adf07f5e69,dup_12474ebfea06a976,1,True
nazario5_002977_de0bb7965d06,2c5a1f8675529060cb6a8042eff157a384142194cd9926b0be58eacd85bacf53,211823dffcb023641944d54a89326ddfe7f3f0825c7ed66008e43af7970df283,dup_211823dffcb02364,1,True
nazario5_002978_a475e420ec6f,fbde7247c64b64d34e7a3be588790a4488ce0ab5498a4fb93adf20d83b2ca889,ba435b3c7e4502bd22bba197c69e404062b83a8d0bf6bd604598c4ea535790bc,dup_ba435b3c7e4502bd,1,True
nazario5_002979_cd6777c3b753,bd7483efd1becb3945900f2a4bbcd307d1b19d0e3122deb88c5a06230ab30856,6d8a0b0478dfbf6fba9e7180d2976a77bf4046dd5839ab666a0c7349a93f78b2,dup_6d8a0b0478dfbf6f,1,True
nazario5_002980_fa5e0b7f9d4f,99ddd2967ed4fd4bf126d19293c5713d623fd88c1b18f6bc33945a0f67f363eb,499ae78407ffb1d1ca066e014c273edc941782ee77616e7eb7e57f9be40bff42,dup_499ae78407ffb1d1,1,True
nazario5_002981_ef2b55b2870c,a444ff628e027280598417fba88603163f3c3071367685b4bfacb2f40ef97dbc,a444ff628e027280598417fba88603163f3c3071367685b4bfacb2f40ef97dbc,dup_a444ff628e027280,1,True
nazario5_002982_a9008ec92b20,cc143aa536d99f802fdd6919bf95dbe4bcfa4b1e1cc6f11ece1f15c3ffdad5b6,4f8eb089d4d49e6f9f843c3bd7635c435ce0845ca15d3a66b86616912b099313,dup_4f8eb089d4d49e6f,1,True
nazario5_002983_3ccb94c44d3a,a713ccb4421f071f97ed792b896939f49e602fa86160d047cc6072c798fd7493,a713ccb4421f071f97ed792b896939f49e602fa86160d047cc6072c798fd7493,dup_a713ccb4421f071f,1,True
nazario5_002984_c319904bc676,f5e15a432b81a554d160ba1c1b64cd23490773fd59fccdf2f6de741d3a782c67,f5e15a432b81a554d160ba1c1b64cd23490773fd59fccdf2f6de741d3a782c67,dup_f5e15a432b81a554,1,True
nazario5_002985_499493386f37,869387864f06b7d93a08a8462cae6a30cb83e06bea6c20f982a45b2a24d5f705,919cdfa3f58d8b0f9a7f60c5ca62c454b6a1be773f7bb90836ba8c67576e6fc6,dup_919cdfa3f58d8b0f,1,True
nazario5_002986_8315bb65a749,b110c020fb47032e08500db450b45ecffb8ce44971314fc48d4c481905113c48,a997fc1a25bbaefb365903bd3ff5198d5c4318c4339ad50d6b10d9c30305f2cf,dup_a997fc1a25bbaefb,1,True
nazario5_002987_f9f6e5dc083c,aa585f34b3e70c16a0a22dfcbfc2f4611149734d075675a2754631ea8e562f5b,a731110b13bc66580bcfa877d69374a002dda9d81d351fa7b40ad794fb0b2891,dup_a731110b13bc6658,1,True
nazario5_002988_ab107b141af0,36fd27a8d631af680e63619aa4c4b3656bdd7914088af9a96b6dfc7e1af555ba,2f3be1479c55961cee66f5b449edd481ccdbd1f706f0f55bc4819129d99f6e75,dup_2f3be1479c55961c,1,True
nazario5_002989_9d013c330b14,7e94990e872702d3e42a1e65ed42fd280f68a37bd26d082b664cdc159c412202,39edaadc95a428a6cf5e9b5ef2c651b6d9f4a9cd40af2a482f61158de46f70c2,dup_39edaadc95a428a6,1,True
nazario5_002990_2eb2232a4f7f,085f0057eec5229b0d2d46157de952a7af84b781aacb9a20e426ec674fe7ae21,490cc27e1a3bb36ca0bc3a55df5c13fbbbf067e46645a7a1469915b2bb08e2ea,dup_490cc27e1a3bb36c,1,True
nazario5_002991_91f61fd77a89,53e30679fd6de8f872b578d9bcc93068a1b0ee6ce2daf33d5c03357e0d134bcc,52b9fa23ac06080376db14474c41b05cc881757766784e3ea25e247213d3c44d,dup_52b9fa23ac060803,1,True
nazario5_002992_4ce17a200439,fc4c03ac8ea82fd726f1925476880a4b99300e8e5c1dc13826220b17ae5d677e,c2a1d4352ad78b304b838529c737673ebf6d8fea2547e735323cf7f79dd255d1,dup_c2a1d4352ad78b30,1,True
nazario5_002993_2e31a6f19b7f,fc7fcdf7140bf2c598b2490e3bd800db4ab3136e9d8ca27b54e13f0d1c490a23,a93a5127b9be0e027ef8e5ca1a95cc5eca27a37aad728437f64556e40912b376,dup_a93a5127b9be0e02,1,True
nazario5_002994_a10feadda98e,61c54555f8b7cb9688f6482547249e98b21df194f64f22fbf33dbbbc33186908,0c0b7373f623d7e61672f0b0737f0e5744a5f8dca2cc94e3a7637c43cffe298d,dup_0c0b7373f623d7e6,2,True
nazario5_002995_74f09ee1625d,6109ed99a96403977cacfd618809309ecd350ce4cf7b48a466ee88efc7fa93d4,0c0b7373f623d7e61672f0b0737f0e5744a5f8dca2cc94e3a7637c43cffe298d,dup_0c0b7373f623d7e6,2,True
nazario5_002996_827b53738e79,0203c22d8d050bc88ce1e71497d7a29ba33a520a1d9e74b968ff0762bf600ead,470ba0a74b9d083ad362bf9bd1b86a3036dbfd83725e8b2faa33fcba258afef0,dup_470ba0a74b9d083a,1,True
nazario5_002997_88876612234f,fa9760b848483da2a0d75d47101b46528797564727267be684bd7604276f28f7,b0f310867064e50b88002730dca621e1202c9d7b285c817feba2468df9bacddc,dup_b0f310867064e50b,1,True
nazario5_002998_f4d89a4f4883,398bbfccf68f4320b5a47d927bdcdb8a55048f5c83b306f6b34971afba95e9d9,7e03d420a5f9d277fad8422b8341701a4f362dcb0f5086ad95be3cb8bcfc4207,dup_7e03d420a5f9d277,1,True
nazario5_002999_a84fe892b1e8,4742ce34d7457a8e836401a293a0f116d0688ccf831ceb1034c54db802688136,9d80ee0b1f0ed7e5ace29cd6128230f8f20124b294bb165a83eaabd0a55c76a7,dup_9d80ee0b1f0ed7e5,1,True
nazario5_003000_0d5bf36da561,31ece259c1a126e6787552c5496c859ef6c55ea0b4d8a1b789932a9ee11d3f7d,fc259b441044105ff52d545c50d82e2dac99a3567417a9cb7908c188b472ee23,dup_fc259b441044105f,1,True
nazario5_003001_362cc6020956,9df10df8e5f9b7b4df7c64a9b9b92e70e17ba0a58d2565b9583632233d765c89,536685f7bee61a96b2d3c3e1c8d2ef9fabe13d9bbbd4513251ec7540d71eb4f6,dup_536685f7bee61a96,1,True
nazario5_003002_78db03b3bfec,5fc3ae533058a9bd0a9c82b644a0c0ef4d3a68ec7cc1dca5d662d588885359db,2fc62dfb5e020a8b235bd6ba858fe2c9dfd13f6b9f5c5946777c29028dbe66fa,dup_2fc62dfb5e020a8b,1,True
nazario5_003003_3adbbc58f68d,ab5fdb0d51440a57621ceda9f8f60795dcac64f1e717ea8c35166a8900a4f327,ec160f2d05d992a893c53ac125cd81cd72825c1b96caf7dd0286e72bd44cdd29,dup_ec160f2d05d992a8,1,True
nazario5_003004_a6d1aa04e45e,5452dcaaf7913e9a7693db5432ca2af959c5a6be9165b82128fdef2f107ba2dc,561c659a34b031641fe05f6a6b0ffbbb34dd5cab7d246aa5b9b6883d7a5daa67,dup_561c659a34b03164,1,True
nazario5_003005_5242c208dfeb,3a8ff54a9aefb54c7bcbd865f7d5815bcf0243a7b89fe15199d47337adfb9735,242f87bbd91543b41eee09c9c3d7ca3032b9ce878eeb1bdc9c31cf3aa4097df0,dup_242f87bbd91543b4,1,True
nazario5_003006_92407f029a5b,f4b2f9f6172c4036bb18f723ec7bd45cea143451525a21d54550a8c049640fd3,7dbf8434b9b530d9b358f9e376d67baf2985892a715fa5d778ef2e3a94d5ff03,dup_7dbf8434b9b530d9,1,True
nazario5_003007_c0546be453cd,4892835fa8124a177da0fa180c8ff7747036a20d05494d6c507c95e5b36f005b,9230c62d486502166d31cbdd7fcba88bb0bf5130f9f1beb9f2e57b26657f9d65,dup_9230c62d48650216,1,True
nazario5_003008_785a80d5d743,ecf266fd10831a70e546c401b4c6429c8f20288ee14393889f5b0cb0637ea3f8,dd939ec01d01154496c2a1f4f7dd8f4de00eb91302bb9bdb89cdd86fa3a38c1f,dup_dd939ec01d011544,1,True
nazario5_003009_cac48dcdbe0c,bd277dd31e61e08f553877a4a717da6434d6756c4e6b4999949957fd7ed21de8,ae568a9dcb87714e52d9027b259e29a000552bffd3bd716d2b363f5ae16520ec,dup_ae568a9dcb87714e,1,True
nazario5_003010_4c593d81e9a8,10eb14ba8aa7ef9991886fd177af7f8bb604ef6c982f5303c140f5223cef5445,32f8775c8a2012471885330255d7b26a4370d848034c92656684bf1819f217b7,dup_32f8775c8a201247,1,True
nazario5_003011_2448e43e4caf,461196f99c72113cce4755667c255f79b5b009351a3a059ef77aa35b58e32f1b,a5bec775bcd45915a16ecabed0287f2ed99c1f2dcea03629834e8a40fae28460,dup_a5bec775bcd45915,1,True
nazario5_003012_8ba42eff4f01,cb43cf4e1cf234e030d7e7890b4cfa98e1acb3882d6a50af54145d4c197ce1f6,6d6b399b6af9bc40b9c8085ca39351b77abb6660cf53513e61fffe50daa7bd43,dup_6d6b399b6af9bc40,1,True
nazario5_003013_127319d75847,af5bfbafb3727adf4955fff2a1ac93b9cf35fdf7cf37e84148655c720f007a50,3a9740ae07f4e6b32e143970898abae0ebdd917f7850e0e0ce3d58be4d5b9c0b,dup_3a9740ae07f4e6b3,1,True
nazario5_003014_039163285d3d,806dc8947eb25f05d3d5b1b2cad8924ff48756ef26baf9cb8daf939384dd2844,f3ad7dec3fa777d21d14c4e9634e8f6a4686f97cad3813f099df36f9888f34a9,dup_f3ad7dec3fa777d2,1,True
nazario5_003015_c4374cb24b00,90d9a2a0fb7f2161c14339b21619c44332f55b3674710f828d6bc2e8bba451d5,d3da71867ba820750f053324e7c777041599eca2cbd5e704d9ca0df72a0fd439,dup_d3da71867ba82075,1,True
nazario5_003016_1891292698ed,0a704f19ef6485fe109c6f213ba3fc316bdc62d749d980ade4eb2d92bce2de16,634491a4254c55fc8efcdfa3a364e489d75ee0e9940ae2de3a7f7f1b71a9b29b,dup_634491a4254c55fc,1,True
nazario5_003017_91d32e3c6342,665418f001134b5bc8aabe49d0cf7792878b1090d59bdbbbc3b1d6c97311973a,6f96d1aa38eef599cc7b3438d29b6736f8c670c54593e4704237e59646fa8d2a,dup_6f96d1aa38eef599,1,True
nazario5_003018_04f234f0753c,402d25af7489d2034519ef8fb40084c0716d1e4e42747f4922e10df3dd9185d7,99a90f133457f62f82b0920486a731233d3a4061d80c4f11a1f0d2c10b610dcd,dup_99a90f133457f62f,1,True
nazario5_003019_67d966adbe78,99dde10061c6b7968c2256d6dc9c9081221bf834d14fff130e21fe20843563f2,376f32ab8f3e0756def9a4e4586bb3252e23f0a3c1f10a2a28cf0248d3fa4433,dup_376f32ab8f3e0756,1,True
nazario5_003020_8722730c7b05,165e18607e90cab2cc53148bf2b4b71fe7d0446d7576988862a22704017b6802,a93cfd692c47da05b5dd05b85f731991bc00fc66394bfe6fdeae1b90a19e551f,dup_a93cfd692c47da05,1,True
nazario5_003021_e42ca02b36e6,0e54dcca0b7e39c01d761284df1c87456c3394ae8408d68f2796dac0dad78387,0e54dcca0b7e39c01d761284df1c87456c3394ae8408d68f2796dac0dad78387,dup_0e54dcca0b7e39c0,1,True
nazario5_003022_ce3843d46abe,388a2fc0bfefcb623e627087c9c55f30a37fb06362fe707f71519ef39952f32b,363139048b2b172c565600f25e7dbd7b29f78b4b5daa7681773cf225b6ed3957,dup_363139048b2b172c,1,True
nazario5_003023_bedf10053c9d,b6ce84ed0721f21fa3bd416a783647fa0dcaeb39c3406acab72f2f9056a243da,99ce8fa8bc5dd6468afe2259b9406e1f73e4dffeac56bb52992bd970bce6ed12,dup_99ce8fa8bc5dd646,1,True
nazario5_003024_b3040f895aa8,20317fcd2f83b223ee184b60261f2a62cb81b776345a31857b9c1da6b90389fd,518726bcdf0f080eb4f5cc4b89b26c5be68bb1756284fb25e7470dc8ee1194b1,dup_518726bcdf0f080e,1,True
nazario5_003025_b82260fe03a9,f792351a9ffa965882d78cb5baf9017a85434ca7a8216fcae34bdfb53bec1ef2,f792351a9ffa965882d78cb5baf9017a85434ca7a8216fcae34bdfb53bec1ef2,dup_f792351a9ffa9658,1,True
nazario5_003026_be929f5a8c9c,ed7f063fdb2b0c05d7991c82f1f7b5c36f9b127bb6749ccf914cb207bfd70384,d34b78dbaf0dd264b1c8322df3226150702e68c7fdeafb5dd4b743f986932486,dup_d34b78dbaf0dd264,1,True
nazario5_003027_66025885b392,90ffa69c97267d1697ffdf9452e9fc232cd1cc41d56206d3830cf0c5bea07414,90ffa69c97267d1697ffdf9452e9fc232cd1cc41d56206d3830cf0c5bea07414,dup_90ffa69c97267d16,1,True
nazario5_003028_9739c0c3d913,f523237006860b1e497e6a0026ee8a175f73949633ebee8d525f23dcddcb82f9,c89a85ceda5a4a11115fc6ad83c4b45fd6f5bd206f644bcb62300eb970cca1fa,dup_c89a85ceda5a4a11,1,True
nazario5_003029_7f3d50d8154e,d3d830a761a84bea11a32ffb36ca559d26e37e28f541d896f524d9e40b97e515,d3d830a761a84bea11a32ffb36ca559d26e37e28f541d896f524d9e40b97e515,dup_d3d830a761a84bea,1,True
nazario5_003030_4f219fe2b5e9,10778ac79c248db6e0ce686ca44da4671cd756652224aa3a7b68ac2a6b4b25f5,5a00349472b8973a4c29b5baad974bda2b9249d046a88df4e5675becdcf6b35a,dup_5a00349472b8973a,1,True
nazario5_003031_2db041a654d1,4f2d5e0350d7633bb51445516c3d3dcc0e0bcc8c53d8ae3b532794b596105b9e,a713ea22f17c8686e27dd410026fc387cf1f0ea8d09ce16d47dc09e8590feb04,dup_a713ea22f17c8686,1,True
nazario5_003032_614e30ce212a,fa7bf5f5dad3f4b7b99c19f0f591ca6c981e7439b69cb1190d10c135e2098a75,06f5aab9d5c4c179eb1041c616063fe867fc16d7b5e644f39eab77bedd5362fa,dup_06f5aab9d5c4c179,1,True
nazario5_003033_05fc151fa8ef,60b79be29b3fa3d45567d6a0bd09e08aa05bfd3e03c20b2ef50043ee1bc98e44,a1e875f7e53fb11083598be1ab700d66189f9a5afacaf6d191b8d2cf4cd23f0d,dup_a1e875f7e53fb110,1,True
nazario5_003034_6dfdb51915b6,a16b034b2ab7fa403df078b6c46426fe76edb3c4a401eb81786a9737edb211c6,8331858fe6b1766ee3f59bea3047ea8bf44dd951dfecaedca01c9ff75b3239a1,dup_8331858fe6b1766e,1,True
nazario5_003035_c2f142418da5,1e4ead110601f646c1f035d82d4e957aa7bf5fb9712dfcf401f95472633ba9fd,e287371f4a892592e568259f55309ad40c711b508cec15b1751d08482ea7b344,dup_e287371f4a892592,1,True
nazario5_003036_b4bb7c60f353,2588b9810b389600a0abc0d057d96876a11057369b4cb9b0637a01fa5bed2a82,daa1fb726c264dff4a156b378586873124e83b8d579f7c97163689e0c02fe6fd,dup_daa1fb726c264dff,1,True
nazario5_003037_be6d98bccacb,4ac62a8fa1e31879594a9284b97baca3e0b29d063da8ca9040b470e5cd5643f3,452704a157c5ca3449d459eaf76bf13012bd61065d452584508909aca7cb20ec,dup_452704a157c5ca34,1,True
nazario5_003038_9b0a94f589a2,c77963a5f0a749e7f3f3901fa35a42140659fa5f6356a8f72e1aa58adeeba66f,8b0c7b620af07a85ba5161433fc73813673152ad8d6a30b979e5c6c1b4cad231,dup_8b0c7b620af07a85,1,True
nazario5_003039_e91b04c44804,404fa387cc9f33672296dfb463794b9c578baf2a3089cfa99ce7d1bbf81f6389,2f55f79718944d832d7628c638a8b723bdf007ca22963192f30aad86f02606f0,dup_2f55f79718944d83,1,True
nazario5_003040_d2561f8da08e,c51b84bb6a07c1ba75133896aada94064a8a4fdf7af5e0390952d0e147a40249,b7451a45e931ba92c8324b893fb539b38e25ab98ac07fdb5c792b1cbd6e625f2,dup_b7451a45e931ba92,1,True
nazario5_003041_aba6cbd68eb7,da6b200c3e39cff9a434c2e57287db42bacc6a72236b2f553ac0c3fba68d30ba,aecca4bff556818c935f46a9b5ce677e4e52c200d1d02e778d72d0c686a4c73c,dup_aecca4bff556818c,1,True
nazario5_003042_6f78639475a2,9f28c246885680b459dd1a63db73e9454e82abccbe3b773b88285cc93e3dd3f8,9f28c246885680b459dd1a63db73e9454e82abccbe3b773b88285cc93e3dd3f8,dup_9f28c246885680b4,1,True
nazario5_003043_8b4c5047a466,001f54c57410cecf2c6510679f6a771add321eadb6f44e2679d642de57570412,aedff618219533ec30af1ddfe200bf12aa04b843c3280ddab7ebfdb4d74f290e,dup_aedff618219533ec,1,True
nazario5_003044_15fed8609df5,049e58146026d845aecc4ba7a97036452edbaea8fbd8e2907a80d27f0d2fddf5,16fa10a2a09bc770c62c2154ab53a5bae04d66c182dfec17da20cc7619f6b0ba,dup_16fa10a2a09bc770,1,True
nazario5_003045_5530d2fc782b,4597f3e937e86697fcd691d18817f29e600a943fcf1ab5f6953539cc72c18dff,230f7b20670a2910074323058969f42742619913265e96b1e53b591e2e4124a6,dup_230f7b20670a2910,1,True
nazario5_003046_44a921519d5d,cd4f64e75450b9510f90d41e6ea045bb183c91fea6924d547df77c21faa0880f,5afea577c5d9d877cb5ffd18c04a629bb9a01dca06eebc52fa14fb4cd26153c9,dup_5afea577c5d9d877,1,True
nazario5_003047_9e950b741405,63b4727cd58659801ae3ff3e79556f797b49f55caad194f8344f6cb5f4f37033,be647ae174528f8d50b18e44b8d86bc66dfbc144368bdb1c6210148daf3a236f,dup_be647ae174528f8d,1,True
nazario5_003048_6e3acf1e2e08,ded41bbd7bc332d07addc0ecbc6569b8b20d882936d3c0ebef2cc18fe0e3c349,c68d76e433222ad502447fa789e851fd9b2be9702e2a52a4d0bb0155758076cf,dup_c68d76e433222ad5,1,True
nazario5_003049_4f637d9275d4,a54002e415da285ac85d3cdd0ca63027b33fd300e1882e1ce60925be99db70d3,2d3196bc161f1e202bbff424c040dffd4affe4f5c68933f17e055aa307001222,dup_2d3196bc161f1e20,1,True
nazario5_003050_3acacfd6ee57,b0e1ad2fee7dcda701f6a2af0e11d9e6fb2734f076db350881eaad7c8bffd2bd,a4a80c8fba0da68273f48f760696a7a9c2bf47bf7b7dc66754386b714ec8592f,dup_a4a80c8fba0da682,1,True
nazario5_003051_2fb7e2c84da1,ec93fbfcef63886f7373a1f8faa198997e9b5f2f93c915ece655c12fff944b89,1d1f5b60231ece5bcbea8994adf4b11fe3fe3f232326594254c72de18d4da0aa,dup_1d1f5b60231ece5b,1,True
nazario5_003052_273b3f39dcc7,d4adb9d43fb7ba9c191c6c14c6e680336da77bbc81113829b7e51f97e898b94e,9dbf55fe323582c025d88bb8c45267af91b142d698fbd1f615a929786f4ab068,dup_9dbf55fe323582c0,1,True
nazario5_003053_30a2635ffc83,bdb652b4940c33f1ffc9f31e96037f2dbec965f130b83a329c3669b0d840f205,3fffc671b31eb2eb82b82e7e28a7d314812235d72f462b9ee7c1dfee1f46a926,dup_3fffc671b31eb2eb,1,True
nazario5_003054_7f149f8385a8,bd8e22656a0303413a44800e2a134c14bb5f475d3806857b69596594e2222c72,55049ebc117e1ea3893e1658c0552e3650dfaa92377250bf68257d6f4de5de75,dup_55049ebc117e1ea3,1,True
nazario5_003055_b4074490afb1,e76cf50ea8d9acca09b07bf408e0a96cc574b24324a49b42225aac1eb98f07b9,7bcdc73c3c5e1e998a38bd40ef4d20de218b80c00c3fb9db83b2731f75056e09,dup_7bcdc73c3c5e1e99,1,True
nazario5_003056_b45aab2dfa4f,1615830e027d3c5509e37ef28fcd713a59d6872d46e6eb6da70c5fdec5c19e74,26964aab63bf78d3f36d924086282a6ad8ab860e871becc8a5f2ca4643c9991f,dup_26964aab63bf78d3,1,True
nazario5_003057_d71ad788ac8f,2ed7788d02e8c1335893d6eabe2c10b20e730643f6a088d773c5fb566576a6ab,e2010d25d1ff0c32187f1e295793aac1c2ece89fc783f73cd3e89e2147845735,dup_e2010d25d1ff0c32,1,True
nazario5_003058_a005d34129c1,c1cc1f6b4b3c10346a45d1718d1336860bb1d539a95c75b87545e60901531b83,b8ea4ab938eafb101321141a29be0704be37bf7b9f155e6b4696e273c4b3b2d5,dup_b8ea4ab938eafb10,1,True
nazario5_003059_407018e2bb1a,502ce63f528f0037ddb33c4d823f5c8dc71ec6766973748cb1840341a5d5e53f,a66efb130069f749047e4c14b7adb3c57d4cfc864910ed1e866a81f8656ab572,dup_a66efb130069f749,1,True
nazario5_003060_032dd1f95baf,bd7580e70c8652ad968a45beeb4ecfffe0285c45ac747eb8ab6976f06df91d3c,3d48d3d36fd2904bca224ee6ebb01793805e7873a11b06aa17eb06ba3d05b065,dup_3d48d3d36fd2904b,1,True
nazario5_003061_ee22ef198499,9a71417bc79f56f4bf47e6fed2bdfea84a946ffa7e33b891eb669fa9c2e752d0,5dc73b9a72242046687ba167b26f882e4c5723fe3de99b52e28d4a27a4fb4225,dup_5dc73b9a72242046,1,True
nazario5_003062_0da3115bc9c1,c219c29552d5b857f888112856b458168759093a6a6bbf1f303caddcece353bc,4f8bea0bd723c71e6eefc1bf1337b4580d662cdb9979781676fd2d632f90ce3f,dup_4f8bea0bd723c71e,1,True
nazario5_003063_79255ef82dc4,93628f3050fd3b0a5104b7af07de0846194c45186db2722e5c11bfbf8a32f28b,5bccc58ca1428d251c317356bcddd900e78e0685dcaa9b74ff5db30c3fd4511e,dup_5bccc58ca1428d25,1,True
nazario5_003064_3eea5515fe3e,9b053487ff9e1e01ec5b524b083269235c8a2b5348bc78ebbd521137a3dbc28d,c3a1709a60d34c6cff4a70d58479b6c75135b1829f4745615c65cee873833ab8,dup_c3a1709a60d34c6c,1,True
nazario5_003065_a92a21134b3e,7f0cf5e54083f970994bcb0fb814b12b060e36ae94820516dceedeafb9ff5131,87dcd17a374ed1d38944124d493e61b56e874b4e1dbff5eab96aae0c0311c1b2,dup_87dcd17a374ed1d3,1,True
