email_id,template_group_id,template_signature_hash,template_group_size,template_grouping_version
nazario5_000001_50b36f4bdf88,tpl_9145ef5b0f9dbf0b,f20b66f3eee2692d0056bcf235bd07c4106edb23f1442498b14af8796136dd17,1,1.0
nazario5_000002_42a5d0fa9de4,tpl_6795eb9f61a87c64,de034920a1bbef73272d7d439701d0f83b31fa28b7e73a06bc2031ff8300bc7e,1,1.0
nazario5_000003_762f8779c452,tpl_c02e1d392212f574,545dde94b12547e7fadf4f540c9659ae33334a983946b1548afb9f90d42e5e16,1,1.0
nazario5_000004_636596ccfb34,tpl_1e5573f86ee7bb05,911a9be1e4ba77beb45a63d3708495d69b48dce97b41943be1755f746f6ab3e0,1,1.0
nazario5_000005_9ef6465b5cd4,tpl_1687f7b858ad7bad,e9964041b21d609a7bf6e63e08e34cc98e29c93b533dde12c511cd5b4bbdd02c,1,1.0
nazario5_000006_cce0d1f92015,tpl_e098cdf9a825672e,e879ff92058cffcc40512c1f8bb37193a301cfc11471eec042918775f497ac43,1,1.0
nazario5_000007_602f0a619728,tpl_35b26871fe33cedd,3a74e4da1a519c00161ff032a25199751b2d53be98679b97f8a25c3e5f5bcdf9,1,1.0
nazario5_000008_df5ea7b67cd2,tpl_56bf2e3d3d58399c,f1316770175ef9c7c2ff7a4f7e328af096f03a723c325b9a627a09dfb44cf462,1,1.0
nazario5_000009_ce42bade8bc8,tpl_1c26e8092f695d77,a57869950891208d286c128599331c6abbb1714ededd2fc4355a63bdad27f165,1,1.0
nazario5_000010_3889dbd2785e,tpl_47fe58ea9e1c436b,9b8618251457ba67c988000418f8884bc96a13f13e7cd911fd2614396b80023a,1,1.0
nazario5_000011_fd135025c657,tpl_0bc60220cf9691f7,56d62a379f5d362a35f252cde6daef4d0645630b0510918dc853e1536577d39a,1,1.0
nazario5_000012_0a1759370397,tpl_7bc2a9137ceae8c7,8793d59f66763fb03b4a16ace61eea8a44907923100ce3c626b52bd9ba0986e8,1,1.0
nazario5_000013_69eb0ef5ba4c,tpl_08160fdbc8f4deea,9a2b82a981d3d2cca0a6c5384b86f634b94398c5c8f9ff6895b61b6892d85771,1,1.0
nazario5_000014_7292ff5cef6b,tpl_e7b6d4d078f16822,ba9bd45ed0347936a32bf8b0d8f8b7f81d5ae7d039ab0bbe9d110d2f99a1da35,1,1.0
nazario5_000015_3c553406e0e0,tpl_0e7d2583e032053e,0a2da53cfa434b3251775e85c920c9820ff174fe4f9e2740e1eec684e4814700,1,1.0
nazario5_000016_7a55b14d6325,tpl_af10a69c5b95144b,37ad77b0041f3f72c4b88f7b974ff01314d1846092e001a0d6ba6cc37eefb2fd,1,1.0
nazario5_000017_a93006b2a993,tpl_64db259c140def3e,d285e0e05c945dcf91fd06c1565f97d2e039b180ed58b41e602d7de23cc75092,1,1.0
nazario5_000018_0ae70db23512,tpl_57c2e85b0e8f9ab2,6fed87ce5d2c90087eb1024d93eab453cd193c01219f10715df509d46bfa71b2,1,1.0
nazario5_000019_abe9fb5ccb6e,tpl_b0998de51ca6c4f6,0947348431e122799750804e2e155755e73b8318bd77733d690a122a2d73ada9,1,1.0
nazario5_000020_3dd7222f8144,tpl_e456b2aaf445509d,acd1ad999172793e728e900b9e112ed88d9efbebcb86cc09a3cc9b8b1791b6a1,1,1.0
nazario5_000021_5119db6379b0,tpl_f10ec50019526afe,cd954709c2571cee8c965a1081f9e86b99e75aad581a68779934e5cc4e8319db,1,1.0
nazario5_000022_60b49a7bdf99,tpl_3f24900bda474a5e,4df053a06e3c482eb1840ce3a2bd16c32a2fc281e9d4fef14dee8a1d93e94ee9,1,1.0
nazario5_000023_9d4b1cb9c37c,tpl_9fcb398e3dac5a18,b4788581634c09442019c132fee8871889098b1ece84b71cfbc5a9ac9e8bf261,1,1.0
nazario5_000024_f8e8f086ac0a,tpl_7ebf1735020466e1,87945bf6113f51dc284a8322972ebe4c261efe5b39fa670713d6de44fde91f53,1,1.0
nazario5_000025_54f51cd2851c,tpl_83eca1654de67b23,d0702c75448372bfdb04de8b39123d8c54180a601ff4cf4225cbed69d2b2b10e,1,1.0
nazario5_000026_60ad65e3f13e,tpl_fa2212bcf816a887,6922916e019e13a1d4b62611f80fae7481e5ea1d099e1f74524ed048dd2ccbab,1,1.0
nazario5_000027_7d3d48a972ef,tpl_ae5719f4801595ae,2af617fe6a18a2ac47420ac3e3879acddbb2fd18810f24a4a25d1370817954bb,1,1.0
nazario5_000028_0cf69d24ea50,tpl_1e0471549783f6de,a15e9f97f6683a905cb19eef26fe0bc94439e54d7e97c6999f1433606e84313e,1,1.0
nazario5_000029_938610cee149,tpl_2a39e81cc35d61c9,6642114ec9e906797307ddebdd83848e2422e87f9db4bd699db00e6a63a7516f,1,1.0
nazario5_000030_df80403de389,tpl_14ee9c3b61186283,0a38f92c307301826d4c3b58ded30d4bbe84419bb2c758ee860a4f074998b840,1,1.0
nazario5_000031_71ad2cfb637d,tpl_4778e97d01a9a832,a74db1003f17d6785164b171f90709d46aae8823d85eb77d5932daeb204374a9,1,1.0
nazario5_000032_90f6e6f881ba,tpl_8860af9abb09398a,b5e00ba0455d9601e1026be7a1245b9785e29a65acae03b26f36e2b3999a6ee7,1,1.0
nazario5_000033_bf62a0afcf66,tpl_5c1b267468162993,aec444e5f32750aa2f569de6d431b6af365994e25af8bffffc0c329f1e191707,1,1.0
nazario5_000034_c40de79f0bf7,tpl_7c5c52de9dafa2e6,b3ab96c9475669b2b4eeaf86ce74e2e58a3675d13d6d0eeb1b4a8efb4d9a49a5,1,1.0
nazario5_000035_c6c5d6139493,tpl_761e1a0723119733,f9c2428b918b4482056bb7d31dcf38d3d370bbdd792b66c9d4618f74de0a1969,1,1.0
nazario5_000036_52f09da068c4,tpl_1a04562a0ecd7dae,343b03b6ef863c383f9908cc32f13e00ba0a8bd7cb48e92e694c032b937f520d,1,1.0
nazario5_000037_504e091ffe40,tpl_ade00c153cf97eed,3af90e6e5c600f4210f7ff292d3328ddda0bebdd2dd8b8caa14d8431322ba401,1,1.0
nazario5_000038_2931cea7bec5,tpl_f866461ead48aa93,d03f3e25c4f19367eab0a67de861c16d267c8b93347250a9e911647049b45827,1,1.0
nazario5_000039_cf2c6def6c88,tpl_52421b70d6aac389,866f74525e4c20108bba3ef3c6df6e66139ec3a3625330b3a0a901086a64c2f4,1,1.0
nazario5_000040_eafe8fb4f72e,tpl_b86c4f83c0cdc39d,9f5e48dea8f27b252ef6ee2f808701bb698b3c31c9799229685302f7596e1688,1,1.0
nazario5_000041_bbd9a998eeaf,tpl_5a2fe04527a7848e,e39c09f8e341a0e7d494077414d26913090f83f8e40263894e5ae540a65761a5,1,1.0
nazario5_000042_f709f8f32b71,tpl_ee92c6b1f72c62b2,f19e901b37f6386261c19462fdae313b6618a860b56a605618a1b9e3f546a301,1,1.0
nazario5_000043_78c2a2e8cf27,tpl_9ba1a88a27f4cc7b,c08d0ab93e4d097a8dab0da6368dddea1bb184768532314c0d31db819fddd0e6,1,1.0
nazario5_000044_a2be3cfe9d49,tpl_a7b3b0fde3d9cee3,d30f8d8cc9b74d59f6748745cddcdc275ca9e5c9676bb6e0910d8e60e85b7886,1,1.0
nazario5_000045_f25876618fc7,tpl_9f2a8e2085b64be7,45c299f221a2f6a859aaf48c795f6b7bf6fd821ed4c63ca45d0e636b3f070dab,1,1.0
nazario5_000046_71e635cbb223,tpl_f0d8b28e9dda09f3,ed1214cbd49806daa8d7621e53e7ef1a7b0d6cca2beca64bfd026cd5a00eebae,1,1.0
nazario5_000047_91aa6b910ede,tpl_6596ecb0fc711224,197bd3086540269d671ac3b1be711a27fa062d4933fe55a5d9dde73b05efcb4b,1,1.0
nazario5_000048_c5c318362cd0,tpl_0f4f8859afdc2f73,57df1926825bda058224008fbd7baef0d7383f08e7e0bf2f03386b06afaba152,1,1.0
nazario5_000049_d0bbbadb2a60,tpl_af98b93f1fffdaf9,a9363027765df2838225bbc0d532337cd2a7c8bed6af28d077e488649ce95c11,59,1.0
nazario5_000050_dc264e95604c,tpl_c036205e249ed403,5d1b10da35c148eb4816cb6fffe96ae17ed07d4cd000fe13b7a6e09064bb85c5,1,1.0
nazario5_000051_d77b84c4a629,tpl_5e69f665fc747889,a843bf07e56a283327379807cfc68d344a51297b5792a349d75daed7ebd9b685,1,1.0
nazario5_000052_ffd1f360c4b8,tpl_af98b93f1fffdaf9,4234e77e38cbb9f74fa454bc665383f5f8df17e285cb81418e1dc2e837ab71bf,59,1.0
nazario5_000053_9876d7ba1637,tpl_5e5a488a35127076,5eeed554421722d44a19d0418b11d2c83822277e74fb5f8da8ddbcc7604f8a5e,1,1.0
nazario5_000054_105db353c328,tpl_e1d0ed9e3d2c142c,91632afcc38be9fa43903ff85c9b50ca87c9f24f0bc1f26fa1a1c930dbbf4471,1,1.0
nazario5_000055_a2b609b2f390,tpl_2b31d7058533f2a8,38c22ca8176f42724e6121a493c50cba326e99c069d7877f1bb24757bee160af,1,1.0
nazario5_000056_6668a3f844f3,tpl_faba59b02ccdd435,5e27f3cceba4e4550f1ecad9e21b70f212defa18cfaa6da5a651cc5a9cb08b00,27,1.0
nazario5_000057_822c51493bdf,tpl_e94a61f7f53c16f8,2fec0e12d78c81e574ef11832b447b162ec982a1d7363ce8949b8c5ebb808b19,3,1.0
nazario5_000058_899c44093446,tpl_9c086733e2e13c0b,a690c675c9d5f1b2b0d8dfccfce7c7a18cea783b7c1afd3f2d89f1bff497f2ad,1,1.0
nazario5_000059_1dc75ee486b3,tpl_bd66a5035ad28918,6bcaf82a702f40a2f948e5cf153bee3e4e4b28c025081833e5733bb74ac4494d,1,1.0
nazario5_000060_e5963a2c0ee2,tpl_e1d32363e29df7e7,21f0d81272df4e1252947fad655aac8ac39afc92672872b5921c44fa8f68b3b5,1,1.0
nazario5_000061_e361200d5023,tpl_ccff876bbdb7ee6c,a0e831111bf569c36ad94ddb427fbfc5a4146521eb373c510fbadbd670783fe8,1,1.0
nazario5_000062_709238d9687f,tpl_af98b93f1fffdaf9,e2c5ac80e7f4fb0d8a1cfefb6061be4716653c5c1fac92dc000610666842bfb9,59,1.0
nazario5_000063_56da5cf00028,tpl_a7755df5ad58a317,81394fef57a2bd4197f4a984c6a2312deeee96800098d17e0de632b27d729eb0,1,1.0
nazario5_000064_1e99c2c54d50,tpl_af98b93f1fffdaf9,9d92ce0f68058252a6a36ae3bb84a1243dd67d6ba9ec277f4bcb0255259166a5,59,1.0
nazario5_000065_0142a49a6222,tpl_e94a61f7f53c16f8,7cc329950b5ad3925810d1734139e3add2f719f637a1c4274d1488c01d11c2f3,3,1.0
nazario5_000066_976271582274,tpl_af98b93f1fffdaf9,1053af162f561364186e52ee15c13f6c0275829d63d803787c50d85971b6f81b,59,1.0
nazario5_000067_39cf5deeb467,tpl_17c87e3b3d2790d1,4a2805a19141450b8fff8e637dcdc29ca3edd1346e9f320b68b056bca2060015,1,1.0
nazario5_000068_097d3dc69887,tpl_78199ab15ab0ec43,89df4b38fd7b92df4bf887c8aba666829a141346b83e4e9198e972b9d0ccc134,1,1.0
nazario5_000069_6acdea7ff24c,tpl_154c59029140eecd,27e5a01aad3a63800ce94a9907b6a402b4d13cca3ab9e6c2112bf8ac92deb4a1,1,1.0
nazario5_000070_4140a2250d08,tpl_fdad03c99845ffa8,000a939458fc9392b808b478475cd5b4f28e971457cdbdeadb8336051ac2f33a,1,1.0
nazario5_000071_21710dcdc351,tpl_af98b93f1fffdaf9,21a3527a3d55cdf032de479b067f4077e2c96a4e9d3d95cab4841db644b052fa,59,1.0
nazario5_000072_2c20d5e92a43,tpl_bfd74c73a9f4ca02,88dd5c4c1a28e72b93e2083bda821d4b7c2bc624aa5ead5bfb5ad5ecee061eb8,1,1.0
nazario5_000073_b7b4e224a18a,tpl_96a5c4cc5c5551dd,1fad6d65c26b548828e5727507234c6873915ffe6cf6f76bd58734c5b29a5f7e,1,1.0
nazario5_000074_cddf46564b8e,tpl_1cdd2a1271570d71,c487e057d0b9c7b06092d11dc98cf3a26c494bc8a2ccd1b49a0285e68d314f88,1,1.0
nazario5_000075_9ac927347af0,tpl_9708f06f6fc05848,ae1726113775247c56b8b75c712274338a1dc284406772db6e88866c9bde6c6b,1,1.0
nazario5_000076_3e8823d6f7d5,tpl_faba59b02ccdd435,950cd41cf1c70ebfeb96969b6724d0e2a8c4fa6f4ef06826476fb078ac6e56aa,27,1.0
nazario5_000077_89f1ce92ce0a,tpl_8d8574ca5c5f91e8,efc76fcd188d51987ae26b784ab016799066eb500b3112e51cdf3c9ed6d9378f,1,1.0
nazario5_000078_56bca518a0e0,tpl_c8e6435cdb2f697d,df8ae3b8ced88fed5fd22871a0d63819a0a17b5a82891a638e2f53a7b7c7f110,1,1.0
nazario5_000079_6aaf50cfe3b8,tpl_ab57d7d43c3f5a54,f4ee149a85643fc94dfaeb6ce22ead4b7b2abb8404d6273543e9dd62dda3227b,2,1.0
nazario5_000080_006c70dc3fa6,tpl_a0f7e74feedbe100,56de6a785ae4b4ab87c2dbab35e01c52bf369355a6face1ee08ac1cc35b098be,1,1.0
nazario5_000081_976b4c0415a9,tpl_28d9c09df0477f65,63716ea787177a9ad559b2e3dfcca9bacd30192c98b70b70e77473f8c43ca6ad,1,1.0
nazario5_000082_c23a2155a307,tpl_ab55a497f026d360,43377a6a0899d2006643539c12799039a6a4e7b7ce2de1bc4780a47d8e4c16aa,2,1.0
nazario5_000083_9a6f028c80b5,tpl_d01a8b55151a6293,55ac1f63e618beac9c4849fdf75677034f8944e9a64092c44e4a5ac3a75fd7de,1,1.0
nazario5_000084_07ddfa93d82d,tpl_ab55a497f026d360,399467ca83ff87f5029e84faab27dc21b0b8ecb1b40bc41a707e48351fb6d9f1,2,1.0
nazario5_000085_7799ce2b4971,tpl_9a8e18c06fbe61c1,d2423cb1ac961278e6090e9d520eb80028170b81f47de54044f1352770452f3a,1,1.0
nazario5_000086_d34c0ce1df2e,tpl_7cf3abfe5c5bb49d,1295c7ba697ba5f238be5bfe7598536c0cbb6c6a8eb6ed0ff8dd94d7b7e90710,1,1.0
nazario5_000087_85015231c66a,tpl_af98b93f1fffdaf9,68ec1aa6cb3632d5450d3d021391cceec65e6e811bcc0fc77ee6671823f66b61,59,1.0
nazario5_000088_8caf1c458f1e,tpl_2a3339937a75ff57,c2b2ce9b4c9fe8bff8ad9ece44eddd27cf0f4cce28ed91ad2ef1fadfec3e73c0,1,1.0
nazario5_000089_b6c53130c381,tpl_30d83d58252d1d3a,7932d2a35373aad310f3e6dcf76a59ebd8468adb3b7c196f9c2f1e037de44645,1,1.0
nazario5_000090_1b65ec9e078f,tpl_e0515cff33cc2a7a,04744c230197b573b4beec5f8a3d06e1633553fd504023b3e5765ea1c59c60b1,1,1.0
nazario5_000091_77a0366afb8e,tpl_858251d9ccfa0c17,ac47f65c208f838fb490330d50034ffbf131f45915642b5be9044a97494e7d78,1,1.0
nazario5_000092_7c70b5da8119,tpl_3908745d20b8c0fc,513a8a95cf995d2e1a6949f2d1baa8167eef32d51af538f10d89391911923844,1,1.0
nazario5_000093_a1e4b9648f27,tpl_faba59b02ccdd435,0d76fc468dcc9fd296198c31c90f95eca645aa53c1895ca396a0bf48fb1c4ffe,27,1.0
nazario5_000094_649b71ce4ab5,tpl_9dad96d9b6be3d97,9cbe9f3f658a267fd18076a38b7882e5527f144c7b86e674f866b95a9ec6cc35,1,1.0
nazario5_000095_06bb10224e5d,tpl_b9b3aa7431e70a62,b600766d01e99cca85eb9347362037abaacf2caf0d71eb3e7456c5734a64798a,2,1.0
nazario5_000096_741e33ab657b,tpl_0900bb352012da50,8c1043499e2b4ca0204267ff2332529a8d388e20f4319dd2f06d97ac2856e15f,1,1.0
nazario5_000097_d9a12b650873,tpl_4116980b4ed3b29f,b7927f9907e7a00afb1ab2b3b7bd18cfc84fd9b3f3420e3151638b849b039e19,1,1.0
nazario5_000098_9bc1334014ab,tpl_cabb05ac5fd394e7,84cb75c380475b06815bf5a2c5db5fc80fe6d2840e40bcf5fa814a86a49eb0a0,1,1.0
nazario5_000099_fb2fb37dde14,tpl_2f73db5cc421816c,a1547811ec5428f616f92f4009bac08763f2cbeb51d0084bbd9a96cc038e9bf2,1,1.0
nazario5_000100_55f77b59397a,tpl_e94a61f7f53c16f8,7d686cf8e7d45bbc2f31a704224680bc41bb1ad13e53eaacc77d41cbd8fa2f1e,3,1.0
nazario5_000101_c064514ad7f9,tpl_da3eadc411572d5e,e517b44f5835d1e4396f6a0515d9263bcc98ff18804760b9000bb83069a116a5,1,1.0
nazario5_000102_a9ed6fdd2696,tpl_2eff03a930988e10,0bc94b48cdd28ed8b44c7b3ecf9d895ede3f9f5e4e3808972fa53150c1d51c15,1,1.0
nazario5_000103_b713493ea5be,tpl_cea0eb135e423001,01b3dcf87ecfb0cca4958867f5ae4ae2b7cedc320c19b38bcad25944eb9e7595,1,1.0
nazario5_000104_a612e1125619,tpl_3cbc63bf0e8f8a36,5e7b341ba42b7aa8d4b4e327cc069fd7365e89db6ffc2a52ba26fbb3b2d63ee8,1,1.0
nazario5_000105_272574846ca7,tpl_54d9ef179033277a,36386f95717fc356564fa6c510309dcdb3ea6e2eb60fac87e3dd6e89dd181601,1,1.0
nazario5_000106_f897e18ec99e,tpl_f19058f9ba4c1caf,d5b44f468ae082989f6cf2a8ecc5e430824f2a719086857d31390ac5c6b469ff,1,1.0
nazario5_000107_a58dffdf2c3e,tpl_05fba719ca9495ff,00cd0bb26bfab45a21e826598c0ecbeb4b689d9f1eb594e28842924cb7f6424e,1,1.0
nazario5_000108_8c7e754ad314,tpl_8b9918f11bb2cc6f,e890b5d3779edc7504d874fef62e0c92e84c10cb2c9eaf72fdbd105e5a8c4ec7,1,1.0
nazario5_000109_6bb4cf0cf72d,tpl_155eb47d3fcff8f4,3246e33cba815f180bc22f8ccef0584e01c1bdaf7eb87edb5f0c102ac1731c75,1,1.0
nazario5_000110_dae6d4753982,tpl_abb72883c676f8b8,41fab0b00bf2ca230ece8fa16b5e13af27861d95016bcb35066a8c2ae75a1d9c,1,1.0
nazario5_000111_150e02b4dd21,tpl_7ee95cc1640dc403,49d3f780f92306317b6a2542ac2c5ba9c44a96cceb02a3089997db026b9ab4c3,1,1.0
nazario5_000112_631896d45f7a,tpl_d06c0741aecd499f,5aece02fa586502f603e37c5ce8cb8366d50a140034981a8e221766a4e5d1250,1,1.0
nazario5_000113_0be16a374f75,tpl_265a84220dc67a7d,2fdedbdc20addba7546027b26c5aa97e1a291059238c64847ad53308c41c9fca,1,1.0
nazario5_000114_0efdb3161eac,tpl_91622c2a29e85843,3b9790464d3bcc1b03ea8bfa51e0cc1a48d818dbd0ff19f0fa4267160043167b,1,1.0
nazario5_000115_008fe27f6da9,tpl_a9daa1e67f701ca8,377dfe95a6924a67f0e6f73175333ac62b35bba85611f4eb9d10dcb31d571db8,1,1.0
nazario5_000116_ebf50c73ec06,tpl_6b626f3a33091012,91b54cea1316c9b806e71f015e312561a0d399052c30feaf835bbc433436eb11,1,1.0
nazario5_000117_a095b05b6e42,tpl_ab57d7d43c3f5a54,61825df9b7791392ef203e0ba8b955f3f9476efc2a202b60a0f7f8a6bba49140,2,1.0
nazario5_000118_611397be1aa2,tpl_23589d72d755f072,04896074303a0c89af74cac0c380169c526401b2ae1e6e7bda471ae3642acce4,1,1.0
nazario5_000119_ce1363ee490b,tpl_30d55f2c8dbe56a0,cbaa58d1cd08cdc0a438627df1aede4c58be2c170ce0fab253aee600185c04a5,1,1.0
nazario5_000120_d260515abe2b,tpl_a2b6f7daa01e347c,191196af3a870e24d3a5faad8129c73cd9996da8870fbb4f4c0f6232bde8d2c6,1,1.0
nazario5_000121_363e7089e322,tpl_9a495fa32e96da67,aaa81231352d1befd8445041686c08edc14c6da1f4daff17af7f57d3d18fcc3f,1,1.0
nazario5_000122_99ac6b4ace4b,tpl_9b1ca9d0cc7783ed,7dc9ed9df70654bb4ae2825cfffd3fee16dc3ab1622ced17c6811bf41028ff6a,1,1.0
nazario5_000123_433a1671388f,tpl_896bdc78b8c7e55a,20486604db173b2e1fcf8c8b79c744ac9a211d5f2059c7ab2ee251bf3f89bf43,1,1.0
nazario5_000124_dd6b421c764e,tpl_c4bf923f048d79c6,864ff8d27bd6ab2d0932e6da025c29610312da7ea7dbff2d95de2e118802e0b8,1,1.0
nazario5_000125_fc43f0afd09a,tpl_85892c8062708df6,2fef0984b063fc28bf589fc152d40a43d2809cba06951cb215ef1cb10d310e1e,1,1.0
nazario5_000126_d135c61a7712,tpl_6921bb893fdcd00d,61020d1ada6247ab3fcc583eebb51637624c7ce1b0e4b5bfe96d1d0b8d62ddc1,1,1.0
nazario5_000127_1720d61b1de1,tpl_93f39558d5382cfa,605a629761c1e79c384c2b6a82e95a44fc66c8e42c1bf91fdb2741a5dd55b308,1,1.0
nazario5_000128_b465fba67660,tpl_57401af71ae4ff50,5effe04ff3e1a9bae385f89aaf20e5a00891826fe0b1ca7bad8f8c57776b17c2,1,1.0
nazario5_000129_3af40e25ccc5,tpl_3ef6304d98b99fb6,ad161e94a3bf7cb05d1b0f9a46c1fe80b4f9303eaad3af110c5c2fed58c4ee3a,1,1.0
nazario5_000130_7cc11a6ad32a,tpl_211b4592cfd21dcc,cebff35199c12ed0e89ac04f17b3cb2b81a355be4c1b5387175b9171289e30b3,1,1.0
nazario5_000131_06da1e5c4f1a,tpl_f31a9b4cbdd2cdf3,c453c54194b2cf99c353eb6f8a1a314b708828aa6ca8aa062d5b0542a9a27661,1,1.0
nazario5_000132_4ce2f97c1b64,tpl_da0d04c5a9823104,a7a13e851547c3b4f498203b070cc148d3d9ca57aa8dddbf4352ce51b1071f5b,1,1.0
nazario5_000133_d672fedce7b1,tpl_187a67cd4f7603f0,40859048d233c8381923d6ffb4b97b1f0fa46fe74e6adf383912621dd1fadc68,1,1.0
nazario5_000134_5614eb835e63,tpl_febb262f0b03f452,40e6eaff7bb2e6a55f9089ef7ca9903286ad21392bdc0178e8c32dda4a0c0569,1,1.0
nazario5_000135_1d9927133ba1,tpl_9f66deb255fc71f2,85dc5b5f0d68dc2b3c411c8fc5f459e5cda08bce60214c29cc7495554c70ef5b,1,1.0
nazario5_000136_d44f2f216fd5,tpl_99f10e2b039c8d21,7e8a79807733749dbca89dcfe16a589e1e4687af355c030adf5d9b63a447b69b,1,1.0
nazario5_000137_c64f34bc457f,tpl_32eda2111dbfc69d,b9538bc5e2cbbb8a9017bc0a27376ab6c79d09d8c53791f23fa6451c78529507,1,1.0
nazario5_000138_8dad5a676eb1,tpl_219e97446fc87fb6,87ded195e06dc3202b250cc48420aec671a87fca4775ea9e324bd93f0fec1b01,1,1.0
nazario5_000139_580739d4a6c2,tpl_9a152d30c8789b46,9bd108945bbd665302a4a62b2822c051f4d40bb19105c7e3dec8417c7dc6e569,1,1.0
nazario5_000140_14d6713d3ed3,tpl_c63f68791ef6c783,cd34df6e4b55f824e9d453d90e760cb310cfdb31376b818a1c3c0c12cd3ba86c,1,1.0
nazario5_000141_29816ff45512,tpl_40fc93435989c1bd,7cbf2d3e6bb90861bdfff2849869a36442180ec3b79506e14a08994c9bf0ce40,2,1.0
nazario5_000142_b1508338ea36,tpl_40fc93435989c1bd,355242eca6b0c5af7e7a52368cf5db2644b18a54afdf9447e06b919dacdc75a5,2,1.0
nazario5_000143_86f0320a8eda,tpl_0a0202a5ffbf856e,16b53d17724d3af02be1efed7b79cb24815b1320c16927e1348b5828f5b61968,1,1.0
nazario5_000144_0add9964b514,tpl_cb8f34a71da82b6f,ee4f0ae85cb81ae0795aaaa467e8273e7744ab920d8f4b01446a501396138dc1,1,1.0
nazario5_000145_e93f696b5ec7,tpl_a3cc874722a51a2b,3bbf6ed3720dad857c8a62cee28e04985310fbb1dcf962272a810a921838c75d,1,1.0
nazario5_000146_8fb4ce013df9,tpl_014a87d7c5421155,3afd13f656a4f98367066310103ae828c2caf501526c644af377c1e5d54bdf0a,1,1.0
nazario5_000147_1bac9a557858,tpl_9c0aa341aa7410f5,b565551bbbe5233a2b0dc5505d1e8d2900b2d4296be868ad8d84be3e38fa03e8,1,1.0
nazario5_000148_1bcef0ddd962,tpl_06c30b8d6fdb0e5f,37dfad16c8e7edae3957910bd0e5bb7694504f6154f2e22c88cc60c02ecb874c,2,1.0
nazario5_000149_4f544303d86a,tpl_908f212f3aad6b4f,6092009dbd399c2f0a35c39d7f701593c55c23c79fe32a1a58e4083ec0ec41ed,1,1.0
nazario5_000150_91b954225e39,tpl_86966b8193b67c1c,06a9a6d6851b1c8d09b8e804d405830c5e04b0e54cd146f394bac3d19f3c933f,1,1.0
nazario5_000151_68755deb33be,tpl_06c30b8d6fdb0e5f,d42a7170263e908cf5e0adb45ffa9c8093a0c3855399d74ef13cd15c650414e3,2,1.0
nazario5_000152_a4f7175353ca,tpl_3341effe6503284f,96af52512fb3ddd3b4cb24d268d52fc2dfc7d525a49e0f0745e3f9f4fbdbc58a,1,1.0
nazario5_000153_342273d79f0c,tpl_55c9896589a5b233,5b2fc8e7167a8565726b3e7c17e051f1dc199502a1a2b926a9930aac4aeb46e7,1,1.0
nazario5_000154_453d985b97eb,tpl_f11439d9597d7bbe,861936582e3d3d9f6f1d5489ef64b972be6bb7bc9e61647bb4100afb8ab17bc3,1,1.0
nazario5_000155_e5e462519d95,tpl_a58be0c98d0f0caf,ef772eb7343dbaea7aedce32aad6106e6173c0e4b44656ef4c73635bdb85ba8b,1,1.0
nazario5_000156_6c27f7d968df,tpl_91578efd1562d65f,b611d4462b14eae41a1e118fd4fa9a0a580f378acc34ad63b1e46a1e0e162eed,2,1.0
nazario5_000157_f6be30ca6bf1,tpl_91578efd1562d65f,90693ab37679ff5095cc30c68e89734b58d9a3e5cd4d88c41256b27b4cb92b8a,2,1.0
nazario5_000158_1a6d4b1956b4,tpl_780bc7cd82216262,d136398c30109193511ec0f948d1854c7cf514e0d7f2174bff1cb72552d39247,1,1.0
nazario5_000159_a9c058d97031,tpl_43d2a83a90034e23,3328441b07cb1d658d563f2d720dcbe6b3b9aa28094cb1e1e6b1b9f9176eeab2,1,1.0
nazario5_000160_971462d1bdc1,tpl_8a490611eaca7c9c,6cb8c4e65598499f2be3bddb1ce4882b1ad76ab48c970752bb23e68cae4c91e4,1,1.0
nazario5_000161_d3f38bf61a0e,tpl_d92547ebea01c8f7,860a1c7f9009a742c9fb505476508f1d27b2a340eb94c16521da1a34acfcc8ed,1,1.0
nazario5_000162_77339a1ee24c,tpl_6750878c428f92eb,96d1b6840b1a036a6abde9039592cd972cb78ae8fcc292d1f470b86950e2e802,1,1.0
nazario5_000163_db39af9fde54,tpl_436e7732c889a601,f21fb56df3198bbaf4c7b61f46c13191f49046de8e84203f75b8a9d3956962f0,1,1.0
nazario5_000164_fe2b32f16286,tpl_faba59b02ccdd435,f7e7dba8a99fa309ef93feff1d14ccd6424b44bfe7558b4e5f31b310176b1efc,27,1.0
nazario5_000165_a2c16bfaf645,tpl_ea5e4cdc5546e394,bbbc5244e63e8134640edb200a5f7b22cb1c7cdca2b96acf6f305e6f70b01311,1,1.0
nazario5_000166_d7ae6dec183d,tpl_a13307f17a845ed1,95c408b858aff6c6811bac1b30341f1f8b885bd6ab71045fc99a00561b4a2e3b,1,1.0
nazario5_000167_8a93340531f3,tpl_64e1552610668f5e,43eb8d98c544a73c6f55953ceab66200588c51f909c9424b5834f2c849ab523f,1,1.0
nazario5_000168_3c3f9c8b4efd,tpl_a78426bf2eee098d,e9bb1d38de7e59cb078e6e47110d6f27bcad4c2e2b7dcbd9bae568729dc918d3,1,1.0
nazario5_000169_46b3472747a4,tpl_56091efaacd635bb,91b24f93613103432f8945c4a5823b068c845e155076e32b39b06d6dc0547217,1,1.0
nazario5_000170_6bf16fe0a771,tpl_bf47520135e27d96,c4693dade8d4d1bfbf9332a00ca904e4f634ccdb9a04639dad4c5ffd6f3af856,1,1.0
nazario5_000171_1c7b7ca65ae9,tpl_8d0cfe6cc2661753,32b42dccaead4c13c65915e3450aa7270072a880da1f1bffb8056546bf9a5f3b,1,1.0
nazario5_000172_97dad7f46c71,tpl_05b7585b7f8c7181,ec19f159ceffb8dea430232ed0c314ab17ddf56353d19221fb3147811cd58fbc,2,1.0
nazario5_000173_73b963e57068,tpl_5934073ea41d5fd9,e788dd1cf63af6b09607e15c12c969782550a030cf36c38037c235e01d963e7e,1,1.0
nazario5_000174_ac761fcefe27,tpl_f95e4f2a32ebe98d,b379babec5082e46b7e5bf797f31fc6b5c5d326be0c2be71cdc3b2f35f06d95a,1,1.0
nazario5_000175_e053a905c374,tpl_dd7b8b16d05cb36f,6b61dbc81f40b3734b6e6b7eceb3906c56067104131f932a7c610c0c36cab135,1,1.0
nazario5_000176_a37ca8c54308,tpl_ab38a0ec2c8bb5e9,d9edc38e39428ffba4b2781573d18fe967e2e8e511841687a8dd8d74e439dd91,1,1.0
nazario5_000177_7e516e9b411f,tpl_f85a3aeea85ffb5a,6c94b6138a2cd0a474234393363415edf72ca755d6f8db8b70ea8b4269767745,1,1.0
nazario5_000178_dbe8a57a1989,tpl_bd593eb334075580,8f3bf71534b1c337e85c47efb4d1bd7f1bb5a58a51599cdfc4cb79f543be5e23,1,1.0
nazario5_000179_987aab73d7f3,tpl_1cd1b855ee60acdb,036e07465d634f7e53459121169cc8972ebea5f203904c2143ee1a6d7a54b865,1,1.0
nazario5_000180_5150ba895d87,tpl_fd0c1166c8c39a79,ad2684093345b686ff3226621e24247aef7e2933faaf09e6ff7ae65817fea4c2,1,1.0
nazario5_000181_caba0a35a259,tpl_bf038afe7f74bce8,c546b720ae6c0a498dd8a1fe09d67d5eb02fafd652359ed03fdf3639cd6e2d61,1,1.0
nazario5_000182_bef0b67fbfc6,tpl_b9b3aa7431e70a62,2d6c49b8513d6dfc5103292ddca34c1c725a9017b2fe3cfefc354771aa7a2c2b,2,1.0
nazario5_000183_c69167871e33,tpl_4b1892edbf846410,dccca9a02a2cc0463e6e5957f96b31f8fbfdb34ba2b1b71bfc68f97390c114e9,1,1.0
nazario5_000184_a53394aaeb9a,tpl_5154e06175c5e889,c4127394bc58075ac008f9555a2545ef1d0a5ae92f1edfdd63e4355c71d8ad3f,1,1.0
nazario5_000185_14c36f495503,tpl_35caaff0adb3cf62,53fabb98e837ccc176f07e1f38567366f1961891b05a9756b064cc1ecae6b50a,1,1.0
nazario5_000186_3e5da7648c09,tpl_a4bbf0608f8a4a0e,9e94ad71f9dd65cac59afa3aadbbc3a70181bdef0b7a118790725cc7874e7f37,1,1.0
nazario5_000187_e30ce5ee67b6,tpl_b0faa0fe1763b761,bc705bebf122be2af9b5bde7833de58835c4f0068facc8305292cc9c4124e06d,1,1.0
nazario5_000188_0993a3cc97a2,tpl_9dc69627ddd743b5,943d02a8d0b1df79d3e7b9b1c502d5f0d30718d20653e8b11c282decb47de66a,1,1.0
nazario5_000189_472138c74c6b,tpl_7782e143a8d8ead0,8b2b43072ed64292005c778d07b6cf1fa9b2e633f9ac631090bd18ba97e718ba,1,1.0
nazario5_000190_06b61082c015,tpl_411349873e78a540,d8bb7774f0ca3a6b0bca33967801c29621959d539b7f40c43179e569cbd2a69b,1,1.0
nazario5_000191_6e1f41fb897f,tpl_372da393cbbe0e9a,4b0e2bdcc322684500948307c4e3eb63c54509bdad3da2dbc8d3bd1352a84670,1,1.0
nazario5_000192_6effc7059264,tpl_bb8e2ad8576060ff,688445a4f9d4474cb300394dfdd95985314d320b0718b2756c4ae20a7d3b14ae,1,1.0
nazario5_000193_9134f80422ba,tpl_0c8956686caed966,1abb61f5906661fe1c2042d26b1dd1f129a0214cb6c02ea31fb95ed892cf96eb,1,1.0
nazario5_000194_75aab938d0fc,tpl_af865c783c7068bc,6351bae31c799e2ffca6299e5f356f89dd47eec5fd92125804918c1ea0d5f844,1,1.0
nazario5_000195_e8f44b2283b4,tpl_2e74ce4a405ad662,f029deb8fe318cbb6aa0ba1f23815786f9db1323721387e30ad5dbcfee21ca7a,1,1.0
nazario5_000196_c482952a5390,tpl_12ea46acf972e506,64c00cb4169b8fd64234d4179c3fde0f9786c9f9adffce32728e3ae27dede0c0,1,1.0
nazario5_000197_3ebb103d2dea,tpl_af98b93f1fffdaf9,8a6848afab997abafbe9d860052ef8e797be04b9ae617bef1033051bf65c1def,59,1.0
nazario5_000198_be6c1cb45139,tpl_016b1c1853368adc,35984600f81fbeca3695e7f53cf532c0d114a6cf56391d0478bcf877e97e6b5f,2,1.0
nazario5_000199_fab21b02e646,tpl_e7aeeef081c54ffe,84b67559467cb801fa9fe5b50c854a701971b9051c89683bac944e31db0e95c0,1,1.0
nazario5_000200_8f997a406cb3,tpl_f231f7197d31ac5e,592bea5781ec36db22b39af8f12681a475b36886126a516cb583170e1e7e0129,1,1.0
nazario5_000201_b1c434d2f2a6,tpl_b2e4ce9262501511,9bb9762c9ed8623aefb9dfae012817c0db62cd1576c832666edd0219fe347077,1,1.0
nazario5_000202_9cce503d6565,tpl_c81d6b1355e30d46,37cb4ff4fc404840057a5f7a309b227e53e3d9653746673ec16f12128aecb686,1,1.0
nazario5_000203_7ed85aee4c8a,tpl_5206dd1f703cc976,ce66900851b3cf61ea49e79f3b51284033cc06a4205e221164e5e10c4c42ff4e,1,1.0
nazario5_000204_37a3ec70e036,tpl_af98b93f1fffdaf9,47b1e54ed039c2aee4eedcdc000faad258a5c1121277645a252c737e2cf941f2,59,1.0
nazario5_000205_df2999188c97,tpl_913ccba5f88961a5,ca6c670537e7ea680e94d79828bb1b8289d73d340b6e838b895be021f33435ee,1,1.0
nazario5_000206_e01469989daf,tpl_22c72c7b8e55fce4,4aa25a4f23eba569591800696e0e7860451fda3d55ef2603bddd776b41a40359,1,1.0
nazario5_000207_5a003ca6979c,tpl_7ddfa17ba033adcc,4d101e8cbfe8c27a03cd9344d8d19824fecc84c8b08ac45ecf79b3e5740f9642,1,1.0
nazario5_000208_2b55a4d164d2,tpl_710d84416ec9513f,2a5ee32b7d78fc0ca3012b3e984bf1353a8a4118c9d1b9342b57caff71071882,1,1.0
nazario5_000209_789803c7a139,tpl_4aeeb1f224bfd35f,8e1842e9dd1814ddd89bd548b5c85639d1988a9e5dc700272af4095fc2004f80,1,1.0
nazario5_000210_441e7786eb62,tpl_740f9ac3f5ac33da,7f37c2e78df5759018530906c3a46f65849b0f6f2be18f3cb02c5ece1082bc1b,1,1.0
nazario5_000211_ae1b11796ebd,tpl_e3a5bcfb5657b401,81bc46020815a94353bddb5d88b163a3f61448ee0d47869b80367589905f8b97,1,1.0
nazario5_000212_20a9360fe5ee,tpl_b7971422669140a1,dd9b18f86138bb1ffed125e53dc054f1dfa492773f8d3a7aea6b50a35ef2b67a,1,1.0
nazario5_000213_05ff2d0eaa47,tpl_8e2a2b6acc1ed5b1,e96e3603ad83a19dbb550fa25d20d3b79cc9abc5e3d68e721ecbfcf6cd8c7a92,1,1.0
nazario5_000214_7ef1ca71e476,tpl_31e43d262c5def99,c85b65e40622343d9077290ac51bf9bd1f1c39464aeb0564b0f709b4e59fcd2e,1,1.0
nazario5_000215_a0a0917a7ce1,tpl_c3fb7e211946d92b,59f42f42fdaa6e927fae07377ad8434a4b86e73744aa8a8de9975e359ed6a4ae,1,1.0
nazario5_000216_9203c333f82f,tpl_2bc3f2dc840c4ee5,e57a90795193e9651311d06601fea7361ac5a39a7271f3c6c33cc16475244bc4,1,1.0
nazario5_000217_c1cf5a6d696b,tpl_17191b1680eab3d8,dc232d74019985d58c813bbaaffea9a81a5b5aa233e2cd19a36dbaddd0addac4,1,1.0
nazario5_000218_7adba4a76334,tpl_60f3e793dcdbe360,ba7860a5c00cf78e1401025235ff81f1d5ec7f46a34b806218ae6dd8baff824f,1,1.0
nazario5_000219_a02e8d744fca,tpl_52ead43ffe0575a2,070db7b82a8c8a2584b6ad28fa4501cb90977ca17d1680ebfbc0010238ddc1cf,1,1.0
nazario5_000220_220f7682f951,tpl_ed767efe2a252064,ce0490be2976f8ba38054c7a2f6873f20e47fb12c163b275918b25b5046c9f4d,1,1.0
nazario5_000221_3cfe6f3aa62d,tpl_02c3eb7d8b2de2c9,1f5b5334466743c77f20c8afec2e1131df3be43ce1d4afbf4e195be1f1226486,1,1.0
nazario5_000222_13aed61e3c24,tpl_af98b93f1fffdaf9,860b97fbfc2c84cbb2c04765bfe65d2c2c2fd1996605546a9271781bee17ba64,59,1.0
nazario5_000223_9934b34c25ef,tpl_c638c402a87ee505,be96b13f6963a491daa5c1b084477020f500427d735cf17603313440231bdaf6,1,1.0
nazario5_000224_491892ad0dd2,tpl_e16404421fb43331,4ae3c42b3a3454f455cab32cb39f6f1637001b9fad8da1b348b8f4a97944ffb0,1,1.0
nazario5_000225_5cf1eb232faf,tpl_6d111fbdb3bfd222,21ce649ecc39380cae66180bf1193e6c8c70ec952d4568b4e98e9b2d78e052f4,1,1.0
nazario5_000226_0b000506d13a,tpl_69b83f4cb2ee802d,f3b0f847cd677b52aa182ea7310798120f42deee173e944dcc3efe1537f98051,1,1.0
nazario5_000227_291a64ca7712,tpl_41eaa15f0c8685fc,8e62b6cebea9102fe14f7c1d5ce0612a5a8b72a3b44026fe9e42ffc8727f4e85,1,1.0
nazario5_000228_2997146f78a3,tpl_4ca1e714e290bd5f,75fbb45e4d37a8edfd04e1de48ddd86f3b71dbfd3e5421b7e56dd3ed650592fd,1,1.0
nazario5_000229_4b6ac46705ca,tpl_0bdfe83db0817ef0,cb3985fc2300f50a21bd20dfa3248eb058d91646a9183bf8565c852bdef898d9,1,1.0
nazario5_000230_35a5c537f38b,tpl_e78c20cb6b69ab0c,27e8f8e60aab32fc9ec9ebb5eac0afcecd40cebb107567d4bf70720b6643f421,1,1.0
nazario5_000231_da741cdd3ede,tpl_b4798bd6542305da,0d0f925d78a9097bf4d83c86f0d0b0d002d050d25fa9a67d0f5ca7a58a85a47a,2,1.0
nazario5_000232_505e3209431b,tpl_789e4a09798c3528,d0cf7a8fdfe4ab4d6ccbed377b2ae333b57e5f6517de8a29cc3b0118a68ea81c,1,1.0
nazario5_000233_3247b72bbdbe,tpl_a20e3940a9e5a3a3,fcb89d13a2e3bdebc2ccbea79ec1595640af56250ffd2a3a3edfca7ea6819b4a,1,1.0
nazario5_000234_30e931b6a7b8,tpl_0f42ee27138d5289,9bc9f278de65f232d48ae3111150ffa5e225381bd05df1e00ea02517309cbf69,1,1.0
nazario5_000235_3968ef5791aa,tpl_83273621262ccdc0,b60dd6d49b5e172f18ac3af3296e0adb02f611a8d9bab6006e4beb695948da1c,1,1.0
nazario5_000236_465b7c305bd5,tpl_30776d664081b2e0,7f09d1bfe9b1c6daf3e025675e47a6b642e98f2613cbc3f09a3abdaeeafcfac2,1,1.0
nazario5_000237_db2cd1bfe4c1,tpl_a05a5280833e1c6e,8791eac93726a62a3a2d47cd92a1853d43948203c6e5a8824b6d22ca83173d26,1,1.0
nazario5_000238_f36462243d72,tpl_276aac65abc07543,ca6738136a881b2617119ebc4a48e524097969756627b3c67fb480b1b1010637,1,1.0
nazario5_000239_15d8242f9177,tpl_e4e8cf608c73fee2,0ae0717ac7a47b1aa454650b9629dcc81b3f7cb07fad20d0e2539d04125825ec,1,1.0
nazario5_000240_8c717aff7617,tpl_bd6ca5467b0ef5bb,f75a8e7438ee77062f176d3b93ac1f5e63cf2b071ed711be8beace91d4bbda22,1,1.0
nazario5_000241_54c7bf457d10,tpl_837f8bd392237b8d,abd96f074f2d84fea291d2e77db028f7576826b5badbd89f09486b4fd3ef4ec0,2,1.0
nazario5_000242_633bc67f6150,tpl_05b7585b7f8c7181,2eac45f9acde151144ee2fecc586548dc5d36e6399db169e939d2bae85f4dbde,2,1.0
nazario5_000243_c902e0d28ed7,tpl_b6b63bf76f7ee38e,a86c203ba901a27d77863fcf2a991de91d424dc0964206c9bddb3723c4f72362,1,1.0
nazario5_000244_9acdfb7a5d2b,tpl_f6f2f9281d5b5f4d,f141b442b70fcb5f818a59018ff1e71290acb0ca34bf5b93f3064459b7292fee,1,1.0
nazario5_000245_c0d53344d13c,tpl_d5e93451020da05b,ca0494c57e8d1e61b066408d35d14fa87865155dc96fc800f607e62bab7f7446,1,1.0
nazario5_000246_d58b423d33d1,tpl_88bb9316572bb68d,222d384a60669358e4209f4d6d49e1df930f13e7d3245f281724c4b654d96d2b,1,1.0
nazario5_000247_390e96c94f90,tpl_67e5d8d5fa401341,60ee6dc463a11bae4dd3b0618ffe585e3e90082065974285fb6230d0d1538597,1,1.0
nazario5_000248_c1a1191dad94,tpl_09a8f349e4b85929,087a671161ea30707ea5f5df41dd1a09529c0b1ff338f7fab97dbadadaa736ad,1,1.0
nazario5_000249_e4a4072f97e0,tpl_ba26aaafe3747907,2f5b197d3c8eb833470b89a0e26cb3a267e21df56b035be8ab493c0570baefdb,1,1.0
nazario5_000250_19006e8dbed6,tpl_78b99047191deb4c,d3195fa231f473f13c9b1b249afb4b4aed5e60894e85b9baa86676407486ce9e,1,1.0
nazario5_000251_22a85c1ec3a2,tpl_dece0f8ff60a5b11,e57fffead66f7170887ccf7dfe2d0a9f653be4a0786423c8564d9fed50399c37,1,1.0
nazario5_000252_1b6fec55a22b,tpl_cec2351a93ebb66d,26a459a4ceef74079e4426cc43ce93495d72929020f972a1f0c9365611b24f8d,1,1.0
nazario5_000253_b0f8c5ca2048,tpl_cd0dfc695576f176,2b56242d7c8a2a0b7ab318ab288442568c90e498bc7fd6eaf9ad4003ee2eeb64,1,1.0
nazario5_000254_cd5459112a76,tpl_3a3a20eb39e66b88,3ec846f7842b1eb9ede64170a69abdfe7129aa28d0e82a3344b6b48cce1ca21a,1,1.0
nazario5_000255_1ba40767e1d3,tpl_530f0bc97f710586,975d4dede9cf3001a786ebf0ad8b745affcaa88fafdae047dba5e1855e57ddb1,1,1.0
nazario5_000256_7c37b939825e,tpl_b5639d3415717998,6d758081df323474b499bb26e0b59d9c6e9883fc929e1ec238bca6ad3481b06d,1,1.0
nazario5_000257_86c5a003e311,tpl_5143649b69901443,32c49c66a0c7a7c8a443237b90b90cb5d4e6142ca2ac45a78cb9ac0361c7d357,1,1.0
nazario5_000258_b61ffede6156,tpl_45e460bd8ee78ee6,7e34497d43047d0626987a302d50797ed1442a15dd71f22a9de7c90cca65faac,2,1.0
nazario5_000259_b3fe398381e9,tpl_b5dca72a960b93cf,5c945d77ce344b5fd77a44ea64204fa31b28a1aabb939bd94db95062b4ea4bd0,1,1.0
nazario5_000260_b7e3a51fd0ca,tpl_1399ec67518666e0,931ba05ed65e6344ff78adc990fdf8344c8556bb1530297117303629f44a66fd,1,1.0
nazario5_000261_4ffca76de570,tpl_7e035aa12f55e34f,0819e5d092f3ca9da5344b406cd46a105d436db8d480f4645d22467296d15da5,1,1.0
nazario5_000262_6e43a3d64c4a,tpl_faba59b02ccdd435,663748cb47fc32e1722bb2a4f8400cf3d1941e2930e0ee6de3663ee0d26b1617,27,1.0
nazario5_000263_36f640d09d15,tpl_45e460bd8ee78ee6,a1a1ec8819cdc8a103cef68847c9fb63cb16c9d8736e890f0274370b8480c821,2,1.0
nazario5_000264_e0f30f050c74,tpl_0bf73cd0b54fdcdf,13281e8125f21a49abac1b72edd50b6f317248d322dc9fd4d903b76cfe8c8e75,1,1.0
nazario5_000265_bedb1cadab5a,tpl_374b7f4528de2dc6,d2707c50782f5df724426b182327c4cf845e38bedcb3b61e033ca0e6b0ee31ed,1,1.0
nazario5_000266_c668dbf156b9,tpl_cf844806adfba935,bfd08e980e571d0c1fabce1f6d76d4f47f99cbb8b4e643cafdc8a364fd6ebb0d,1,1.0
nazario5_000267_7173122fa2a9,tpl_228295a7210d8578,65fa938ba5c9f695569411072bd39f87ba2b6b80461c189e36a5fa6fd43bd606,1,1.0
nazario5_000268_fb27866f75aa,tpl_9ea673b1bafaf194,16784938797f04fc72890b3c9cc4daacc900403edbde4b127efed833e5679841,1,1.0
nazario5_000269_2da2106d401a,tpl_15868924c15eb460,de84b953e4a9c26aea681d894f42ce5e0d6d4cd67899d88d2d20f3a682e2a9d2,1,1.0
nazario5_000270_856a46069869,tpl_ea98ecbc8f83a806,65a640bb0c08e892d986afc0b87873863fff38d8d877dfc79d94d9d00e88900e,1,1.0
nazario5_000271_485a6913e91c,tpl_3dec3bd43f98d6fa,3adac984d2c347c1a3eab319613af5f7d18b5665d2c59a36c9133139a2f0ce52,1,1.0
nazario5_000272_a728a1bb312b,tpl_49c638cf88a5b830,1d8035ca1384f85e5e0dedad067eb39f3ab205018f8159764c395dbddf03c82f,1,1.0
nazario5_000273_5ab896d40dbd,tpl_3513f47f6034e6ab,afb61fbab2917ec4b532e538ad19ea7f4fb530c7d2e8061f434abdb221311765,1,1.0
nazario5_000274_9ec8a0142741,tpl_6224989c1b5af071,d53a5389b794d7fc5030fb84844553fee9b4b93110e50d8a251a0430e0b4a578,1,1.0
nazario5_000275_e9c8970fef69,tpl_5f950b08dff350f4,13f30e82e8ba10046fbd6c547e915ed446092d375f33155f4b8b0b7cceee7c13,1,1.0
nazario5_000276_930f94464b9a,tpl_d93e98658b7c27fa,bb5df001e4a7915a3415fbe39421ebf447499a6c946ac8202e1fad5d02ecf1f3,1,1.0
nazario5_000277_829d415247df,tpl_70b8b9b9d6d287ea,e2a3640420ebd6ef7a6b38f6f596fd8953087dcad44efecf1d0924259da4d660,1,1.0
nazario5_000278_c57ce89571d2,tpl_6e50aa13b80a361c,ab14811db3f1e449200279d2214bff7955686d76b88bcfe124167dfd1468d84c,1,1.0
nazario5_000279_79ea196f363e,tpl_48505aa30a1c4d99,4147ccf99bd6f518961b568dca50bf9f267745493b1e0895f23ba2fd67777bfa,1,1.0
nazario5_000280_33c934b8eb9a,tpl_0133dc184a4ccb05,cd8b993190477b1936b5f5435298348169bab033755e1c41a1645d7c130793ae,1,1.0
nazario5_000281_8d8b72907ff1,tpl_4e010a4502a58d49,352906a8196dcdbbc65f74db147a8ed3788aee587063a256b3fb56d786b40115,1,1.0
nazario5_000282_59e8b17fcc2a,tpl_a9e718facbf08475,f4c2c6fa2c23ff262e975b34760cf27a1454e6e24ca0ddc6308690dd518fab2e,1,1.0
nazario5_000283_fece046769fc,tpl_060bfd7cd97b8c93,2ce4364951c4fd2970f8a48957fb901b8ed8a4e12c0e14ef5e029693351ff721,1,1.0
nazario5_000284_c977d85ea080,tpl_7c10e60d1c21a5e4,92371f05b16240c8e69c91dbafb4ea9da77161831a3e57e12e978cf892e28721,1,1.0
nazario5_000285_b2bcd37266b5,tpl_016b1c1853368adc,f34cd238daf8ed14ece03b33a171328e6b6d67b1c7ac05bc70bfb3447475a386,2,1.0
nazario5_000286_c50e61a4ad81,tpl_376ca948621b78d0,26bfcc2e1f2f24e7e9d7b55c8c7f522612ae4b84e2239c046b10f34f8148115c,1,1.0
nazario5_000287_9defab92a432,tpl_9fbbe60407e883b5,d531c8d6c8a13396d971ca4ad0fbe6914dbf986365b1f1cdd935cf9ce95261ce,1,1.0
nazario5_000288_0b1229519540,tpl_c95252d40ae9551b,ca4f10e4a2986322057c11c6e5d5d199ca7e49bb001dee32d1f56d697f672319,1,1.0
nazario5_000289_47f6e69f128d,tpl_7caa01cdb2d2fb5a,7799f3ed4024611060ae1f1a6913bdb7ff9c66384a7bb37765fac8a22806850d,1,1.0
nazario5_000290_5da3efb8fe2e,tpl_837f8bd392237b8d,e2870872984378e9215a14ad8ec58ba38071d6edbfcb014f8b4c2187df7bede0,2,1.0
nazario5_000291_79b13e27e39c,tpl_40dd390279ae9c18,5582c1ca4140f30d3fa4f745786664ea60388ad412ae33c9fe863c7d8c20c2b5,1,1.0
nazario5_000292_3312f81ca079,tpl_5764195c950536e7,37ee775154bd83e43bb68399df2b097306661ff38a8d6099eaf5a880134b6166,1,1.0
nazario5_000293_d402a4fc25e5,tpl_55add3bdcd196027,7535b447aa6f112b6f9bb1319e4eef96fd1c32862716188b5bea65fef73bf7cd,1,1.0
nazario5_000294_2d72cc008ffa,tpl_d2f26bdbfaa7068b,5c7ee0e84d93db3cf57960e78b4755fbc76554461b3f12ea196fe81452d178d4,1,1.0
nazario5_000295_da4b13e3c209,tpl_69cf5f1b6cda5919,70b153ad74f5b48ab01e963ec8bc224582dd329b676dd17c2c35e7bb1144eb8c,1,1.0
nazario5_000296_b7fa360f6399,tpl_15cd607d46fdd187,fa9c93bd66147a3f784efb338b11970ad7b1b17bdd2c570a025a9e4eeefdc4c2,1,1.0
nazario5_000297_621f382fee3f,tpl_4a889c17aa2fc50d,51ac1d70b2581d1595c3fa235e93a8affe8730234b768a23cb8b76ddb93698dc,1,1.0
nazario5_000298_118683eaf111,tpl_54baf38e790a633e,57ecb4cc36f178c12fb762a758692b24a545bf1817e8825acc29ba801ec4f37b,1,1.0
nazario5_000299_131923eded76,tpl_5770f397b83a84aa,90f5d7c53d61f74f11d477ae9eea0d4846075bbb2de7c63c6183873e99a0a6fd,1,1.0
nazario5_000300_3ce863ec48b5,tpl_046a43adcab4d2d8,0e0ce931bec390543c2a10e8c6429376d1998faa1b8ec545cf200bf03946caea,1,1.0
nazario5_000301_ad804aa7b2b7,tpl_ec792ff41151aaa7,095c550ecddfb652b7a9e09a12f4e0a544aaf80a7faf610e3d4e7bc02bce222a,1,1.0
nazario5_000302_f16ca8ed6de7,tpl_01a669b21fa986e0,a72cc7aabab4a73fe6363d0e5132e1f6bc028f5d42825de513619c2cbcdebe20,1,1.0
nazario5_000303_36b11b2c3d11,tpl_870c67990854e347,7d75269f1926bccb4d70c5b1f9d2d2f0e3a79272d0bf797ba231f308030312d1,1,1.0
nazario5_000304_8d81a3266cab,tpl_04b7c1b35d865b8d,65935c6142c6abf818daefc78e184e685d060b720a30c1fc1fd320be0367783b,1,1.0
nazario5_000305_c6bfd16173a0,tpl_cc0406c2c9fb0740,ee7aa749a2d1353e1fedd45bdd4cb7a93f59861172f6bf03e252347f86268063,1,1.0
nazario5_000306_5f7f2bebaf60,tpl_2c50eca1eab37a90,63602c94965a2123740fe8d6788c081806a13ed946b7ed258b381d2c4700d315,1,1.0
nazario5_000307_ed54844bfee2,tpl_2fd4deba69657189,1a348ca7417ed9a6efbf00a2c984481050d9a1607876480b0f27d83cc01b3e98,1,1.0
nazario5_000308_696ad0575a19,tpl_ec4bc50e3f01e5d6,031f8b911de04f68c585789a2d048837a1c85c5a0af14311e65bb0902e46223b,1,1.0
nazario5_000309_de3ade0e9f56,tpl_e3cf3d98b995fed2,edb554206a5c5afc7dc27a3f7a91d5f62c3d7ebb466dcb4a14f1aef4873ed0f5,1,1.0
nazario5_000310_d4cfd5f9a4c0,tpl_dc6dda0da2e6fa73,67d0bd3fd4358a3d47ac332bb433ee01500884c75b5ac32eefc70016197d93d6,1,1.0
nazario5_000311_97e8ef03c071,tpl_e4627192439b36e9,b0a383ef5820c6296400b2c1466d91662725554784c801b975eb5556481da5ba,1,1.0
nazario5_000312_d481656db42e,tpl_69c880f4e0f574b9,20668081d2135bf17a88e311403537255708eb8c307c92fcbad7ccea79cdf065,1,1.0
nazario5_000313_1186b3f4ec39,tpl_f6317fcc3c61c0b2,7fe947a92f096e5d3674ab97ebead78b0edc72f4e3945529c233e10563c68474,1,1.0
nazario5_000314_f5162c07b45a,tpl_77d1b2a38ee57858,1e6dc6eebf0f62bdb4e546f7cc26403781c89fb91da3a19cc785d9f978d390f8,1,1.0
nazario5_000315_3dc8fbf8ed9c,tpl_a0e0b584ae340530,de753483673a9857e8071c24b112e95630c21912336add1aebc59823aa39969a,1,1.0
nazario5_000316_f5a7b10a53f7,tpl_3fbf50f0a3dc2ea8,2da14520b0f7785aea60ef6fc649bb7e19020b2d7b43e5d683e568cca7dfe52e,1,1.0
nazario5_000317_769a707cb238,tpl_60b12f2c6a3c16b8,ced7552f3d4acb1f6f8ac25721054ffa7226496988eda331b1c5372fbe18f387,1,1.0
nazario5_000318_e78b127ce37c,tpl_04a5d13225c0f33b,726590417a38a496babd5bbd5e0c7e9651f78d4c2914dc9dc0a8bb0a19d59a8c,1,1.0
nazario5_000319_17cfe6c46fe7,tpl_d37c6cd1fca18a42,9c8fdcf693d3a535c78e30dc9e2d9a755a368f1cf8d9ea335cf4f9d1261c0288,1,1.0
nazario5_000320_4c686865abfe,tpl_28b28735b7200962,5d5ecc40a52ec7c1166a20e648590a10b564cddea04563100a146c59fa18d923,1,1.0
nazario5_000321_479e1c86e224,tpl_6cb5e4ad41e78e99,36449515a541cf7f65d48201b01e5f590aa778b75715a07c32bc056037048105,1,1.0
nazario5_000322_811158dfc905,tpl_1175f23e7cc0112a,b5a8eb53d24d253a8213ab5f97f0d7d31a5d739c1c7c6aeed2d56b922c1e6170,1,1.0
nazario5_000323_bc366135f964,tpl_e4431225a179fff0,472508eb61495372fe4ddb7f2194080a367d6950997ef28f405a5692de356829,1,1.0
nazario5_000324_9cedbbe21c99,tpl_3c4cd14dc206b951,7b5b2492c896c98ee8aa344d55c9e9a1b0abad3b534df5824105a7da11faf236,1,1.0
nazario5_000325_2113216f7f31,tpl_591d037095c7b5cf,ab260b5c75f2b59e2dd0f2bcef48652fc24ca2a47c34ee036cd16a8a15a22033,1,1.0
nazario5_000326_dc9aa61300ba,tpl_935c7c2fc7d09b96,a340e72ab17ee7849c7c0dfc1a19e122e40211b3cb088756312cd09fee135746,1,1.0
nazario5_000327_b07b7b40aba1,tpl_2c17987f7aedde36,c052a58878b642583cd3bb8886364ff2fce8f85c14af1a3206fe169b37dc01c9,1,1.0
nazario5_000328_ccbe4de982b6,tpl_dc54430ac3063ad6,cb9b424725cf2eb3297bc828fc7a8dd94f976db29bd571edbfd4773f2d7c4023,1,1.0
nazario5_000329_a8002996439d,tpl_f07aa6b5b173460a,1274a6e290e026acc008729f6327aa1ec9a4221aada6c9364409ca23181bae2a,1,1.0
nazario5_000330_0faeffeb89b8,tpl_ef61a39b847b6739,43470039de34040ae638ec098adb71d7f76899129a6ca6c5342469e5d91bcefd,1,1.0
nazario5_000331_7dafc6e14133,tpl_ef5fb8b1d9a4371e,b4269091013f8f6175d0cff9f9c19b6d27afc312781b6619ad13a9280847a8ed,1,1.0
nazario5_000332_366733705b35,tpl_3b223ca4923dc4f7,b990327e60c884206c9c92210bbe7e4e01967600685294931558dd7d28c3b9c6,1,1.0
nazario5_000333_1d7135c7a20f,tpl_80aba024c6369d83,cb6f5862309f5024dac17a7f0df86609dd49ceba5ac488981631d0b95b9f0547,1,1.0
nazario5_000334_909c099a1a98,tpl_f83afbc8f281ea9b,41e74606764c4c81eec537ae06d035207565e12600df9412799eccbe0e9a0aab,1,1.0
nazario5_000335_ce2c1b94b7da,tpl_1eefcf3d47b12173,7695521f770da5c96bf4491d2e8443708634434fcbed47a48df54f1366082fa3,1,1.0
nazario5_000336_7db541605e05,tpl_239e924b8644de82,a6bfc1810ec1403c924bcceace53e5dd06d8cdc780853d106964dbc8213d3cdf,1,1.0
nazario5_000337_837b35afa928,tpl_f5c0dcb3e1e8e6e7,ea69c535cdc96ab4d23a4f1e82776077f0ed91ae4420b0d2c016e4a785eba4dd,1,1.0
nazario5_000338_827eaf747212,tpl_dbeb407932b90a41,4ee8372c67051a0d913f2203cb0279b14220d2c3438fef3055316c1dd2d6bd56,1,1.0
nazario5_000339_e73393e74196,tpl_faba59b02ccdd435,46fea224520c57028c0cb107b4e7dfb0b74ab4a8a45200ce4a818e0dcb831644,27,1.0
nazario5_000340_c9efea6bcbad,tpl_02ac162a7af267df,9384e0ea0c098e4c766deb8a65d95d00deca3095ddd6b76b1e0219a2a10e19fc,1,1.0
nazario5_000341_71ffe0f53112,tpl_6828e5a4cdd0cea8,55722066783ff71404b889506ac2881081cb4ae53100d32c69c6656b52c90731,1,1.0
nazario5_000342_8abf6139c993,tpl_f6e3e23b930a5b9e,03913dbcf296ea21a438791cddfd8a82788a1925d744824aaef7464ec6d6b245,1,1.0
nazario5_000343_6a51dbb013d7,tpl_559cb45e3a2c49ac,c8ddb06435c5f0cb1d43310ae96a72575f10bc7fa41eea43a686d54f3f7ecfff,1,1.0
nazario5_000344_368f9be60ff7,tpl_1b2594a87c45ca79,be44bb61d2c8d09fd8a13774f31519e9b60eb0a688b0a0d9ddc9aea74d5f953b,1,1.0
nazario5_000345_b7b6d7812b82,tpl_4bcd2b88cec441cb,0f30218b1386ea1c31823c2c679caf02354a3d0ec2e7ad5ce7331a31d0a8bc5a,1,1.0
nazario5_000346_26bf62156148,tpl_14c8ec6a5bb6804b,83c29a7d8fb5e59b1d758baed6df80a199b38e576c27aabce83f771727f38def,1,1.0
nazario5_000347_fb5b1387230e,tpl_673177432188150a,c7fe56dc2b59b479b8b7baf3046cdf86c5c90927c5ff252ffe75b5870012c38e,1,1.0
nazario5_000348_c3e8c9ae40e0,tpl_e22f5ced82da1af3,7dd0872ec1ceceb5b39f99ef5e72e0b2a05af1230ebfe3fa89b47f5fec4d31c3,1,1.0
nazario5_000349_767a93215e8d,tpl_7e0bf214b2784efd,06bb0e73c38dd17e1597c85a7f2eb8f0dd5d6d7c6ede3263ef69eb66a5aa337c,1,1.0
nazario5_000350_4788d35fc2c3,tpl_626a08ab738e9c85,eb878ab5978855b3db16ebee558612033366e987354978acb9706c984a6982ba,1,1.0
nazario5_000351_02a6add144dd,tpl_3292253a8395a637,afac2cad0333563e20e09dba14c652b72f079c5810cd5821eae521c1db561a14,1,1.0
nazario5_000352_ba4c320cb85c,tpl_0054719348ea50ee,659c9286c46271f87e3dc567216ba45eae77e1f7e34f8f287d72dfe01ab37968,1,1.0
nazario5_000353_b22e11ca84e1,tpl_943a0ec7f3f94c0d,61cd8577e162bf5d51853b421eaaff46bd43384dca83a9e810b75cf81908240f,1,1.0
nazario5_000354_37a15650a96a,tpl_71b3e13654d81721,f6d763512866fced78eb7adb3b43eff12a96b9050012ff5719061d5a45cab5c5,1,1.0
nazario5_000355_e4a766c5daa1,tpl_7490118b271725bd,6b0d32b30ee035d271d4256b6fe173c4c08a60e786a3c326153fe32d8562107a,1,1.0
nazario5_000356_4cabb8a04c73,tpl_496eb0ae9dbf014a,9fd830ce51497df5753967937ba21dd606b2e8563fcde2b3e977ce2f2d86fbcf,1,1.0
nazario5_000357_6b50c6830d12,tpl_0201dd2cb8fa3d7c,1dc00d3b72dd0af126a3a14aba22a37716c929a7ac2e2c2adc1f717e68ebf401,1,1.0
nazario5_000358_0d992bb17205,tpl_7a3bc18eddf2f44f,5b0eb1dd4127cdde22d129183dc874bc8c3760e85a9e25c990ff2c14710b3d0b,2,1.0
nazario5_000359_2bce0de9e309,tpl_d32d7ac85c339061,8cb33e39e8a026750bc10477afecc1712ee72605a1fb65cff18a42f9221f5401,1,1.0
nazario5_000360_b48abcb16c05,tpl_7a3bc18eddf2f44f,cfc367d9245102c53b01e3bf52ce35d421482bec1cc35bb9a3508aea308eb8d4,2,1.0
nazario5_000361_4d5984274b8a,tpl_701160cc93c4b9e8,850f2ffab85860ab53e60c49053b1ee7665aa081e41273f04f0f3a0f2297a661,1,1.0
nazario5_000362_3f1cbe7c1bb8,tpl_6218e5d5a73d121a,00aeaf79d937989b9b2dc29476843dd94c5d9a2f6d46c7633ee2a362c9232319,1,1.0
nazario5_000363_f5a024611605,tpl_2e0a77e3efbe7523,0b037612529eb691045f8f7d8c329f9ecde5ea6cf9118b0ae5bb24742f8b722d,1,1.0
nazario5_000364_6f04c276d2c8,tpl_35d147220d97d9ed,e0e75345500416fb910654ec70e4e527c3f664b381d90cebd1094f4fc87dbdca,1,1.0
nazario5_000365_62ad605b1c08,tpl_faba59b02ccdd435,85f38b124d97528f18bbede0f0d93b181d77baea15d9c7afb4e09d3f78da038f,27,1.0
nazario5_000366_da306c3c33bf,tpl_faba59b02ccdd435,fed09752bc5113ad1b1b4198fcfa7449e47e494244baf1a4cd52f87aa36d096f,27,1.0
nazario5_000367_f0aa7f9ebcb5,tpl_894805aabfc7f7dd,de4e7b79f04f61cddf18204ed7933dbdf6dd8250d573748b1be0f4b37da709f1,1,1.0
nazario5_000368_3ffe0afefef0,tpl_faba59b02ccdd435,a21dcd9b9772e64c223cb200e02bdb7b7630fb61e36a6e06e3c13ab22b6da74f,27,1.0
nazario5_000369_ff5020f10a37,tpl_545a24d84f68e851,309d169469eb39cb3185834f5d250737105bebb7670d5db77c8d4cdcfd94c0c4,1,1.0
nazario5_000370_3985a267ce57,tpl_165ff7856165e3f9,31cee338f84df23c8629a285d9daedb346fd2607696b1b81888d045de9fac827,1,1.0
nazario5_000371_5a06ad4151c5,tpl_705127f429050f38,c5e8976aa4e038b0dd35776b03746d8a1aad398abf739b7d8533ee5ead60cd9c,1,1.0
nazario5_000372_9bee71de7033,tpl_acba5641f155d67d,f37bef822d3c233433b6b6f1c78c11e64587172d2be1ea23db22ecd807ae67f6,1,1.0
nazario5_000373_0482827f0c3f,tpl_74e80c00da302d7c,7fac409b1818b94453e81ce5c414e8e29f28bd5ba3e188f618d88a124bc27d21,1,1.0
nazario5_000374_249840ee488a,tpl_72fcd0c389bfd441,fe91633f8d3b2a295044b494b8c66ac4e5544b231bf62e6c71fdc8f80cb3bfa9,1,1.0
nazario5_000375_ca97bbb66188,tpl_545cc42be8e7d52e,3d5142b4634e49da02580cb6b06bcf6d2094d29c54219d73ae349495474785c8,1,1.0
nazario5_000376_2736854ebd34,tpl_1e172f55fd5a4a1e,60ea434d37af1bb97137c9e9008117916b3d94ce2bf048cf0d4b15b7d0d8a511,1,1.0
nazario5_000377_eebbbeba0f15,tpl_7a0ca960653356e3,19797cecde7aaab5752f141bb5b22b9cdbce4a798b8dfde7a98a81cc67fdf21b,1,1.0
nazario5_000378_0b41cb4f2c4c,tpl_61bf74e3a4733e9e,7402b43e9204bc7d4f8833fd8f1a57eac56c1fbca814eb612b5938fdced4f81c,1,1.0
nazario5_000379_3e2bfafb49ac,tpl_9623f013e0bae6a7,6b4ef4af837957eb1f36221fdad6be91c9e8bea6d44bb443fb12589d319b3250,1,1.0
nazario5_000380_a237ecd999a4,tpl_4a7102ed1197332c,79feca2a9b434759d7c627c5680a2bb3d1c688c7fbf9e80ebe050a6109e089ce,1,1.0
nazario5_000381_2152a7076625,tpl_e00c7108a16fdc5b,703e38b09b262eb98345dea80eb0e4514f2701120d1f5231f4699c3e0c14b3ef,1,1.0
nazario5_000382_13b1da07f9b1,tpl_dae670dbe5fe4344,2121be04a320d89816f206c4cb79ae2cb0ede7c7ceeb48b000edf13b682e3351,1,1.0
nazario5_000383_fb3ff8fac6fe,tpl_0c695da9f12d93ee,3b1df36fe7956848fda0275f8f138d6f396013b4bc0242b6ffec910b9750299f,1,1.0
nazario5_000384_fdff1accd0a1,tpl_6b7be2bfa61a3ce0,a250061fa1d490ef8e251ccf3e7a07de316c7ef1a95e64df2fb5f6dc4679cbd0,1,1.0
nazario5_000385_300025945f19,tpl_8268112ca92bd409,badd9ade51766a5499543bf0cc7e42e6e1877b953e9c1d88458d027e7ab8aabf,1,1.0
nazario5_000386_4f94b69e0d15,tpl_afc402ac436dc548,8cccf6d556575a4881543628bca9bc58f27acb2f42411dbd7481a3c409c4b7fa,1,1.0
nazario5_000387_eef922f53e35,tpl_efdd7c37b6d09c93,a5aa3fb9cd2f40c1f5cb2df5d13b2a74be7ef09be398fc4866694cb436f3b6a3,1,1.0
nazario5_000388_7a92e7795470,tpl_200ece26d2434c1b,749196c398ea2ff096a0dccd883433857fd60d9e5b7ae33c0df48f68926acb00,1,1.0
nazario5_000389_53b9afc7e9f7,tpl_c02749a9f2b84ed3,f80ec28e563be432f9e7186edc7a0aafc1249ea6f3a6df32f94b99c2aeae0401,2,1.0
nazario5_000390_6b2392b92bea,tpl_95e1fe814d275b15,0ae794d74661fc05fdf1b65c28cf51b13bd6bff8818006e6ab74aa0cb51e9961,1,1.0
nazario5_000391_0297eff281f4,tpl_c02749a9f2b84ed3,f80ec28e563be432f9e7186edc7a0aafc1249ea6f3a6df32f94b99c2aeae0401,2,1.0
nazario5_000392_b84029d485d7,tpl_fb5755021e255708,02cba4d79da87604306f2ec4ae441b7d640749648bdf7c6b6547e9d492ef1423,1,1.0
nazario5_000393_26f7ecd3b3a6,tpl_1779ca6df90bb97b,094ef689b25b62f6e69a579d733651384bd0384759827867e31a20cfa316b5d8,1,1.0
nazario5_000394_29f1ac77ce81,tpl_3caf25b655cb5fff,923beec9302f3cdb4745b83a30bc4ccb1aadae3f65ca183d593db10cea11da91,1,1.0
nazario5_000395_4f561d5fb43e,tpl_6af27aefdb1249d9,64a2bf883b86e8b4270b2aca89b2904039eb241630bb0feea61a6d02f6d9a4bc,1,1.0
nazario5_000396_fa706ee8eb2f,tpl_66de6b1494162f6c,76a7a47429517d8fd9f3ae0e901060fe772f29913a2b66ccf2a4138bfa63f7bf,1,1.0
nazario5_000397_bc9db56051e6,tpl_334063d591b4aa1b,59bf5ae261c8e3ad605a3c5b0a3b605d1779428ca8c46abb9a8484d8fcefbaaf,1,1.0
nazario5_000398_fc1207711a5d,tpl_e90e3340dd3ddd5f,04a67da59f247a2f9ab0fc45a19d847fdb8a21a1dfe023e3ab260357abe539d3,1,1.0
nazario5_000399_eae9a0b647b6,tpl_7fa651bac0cfa4a7,61cbc5590cbe7f6de8aa6f737204a1e0c96deee09bf649953f9a94c8827aa4d8,1,1.0
nazario5_000400_4201890893d5,tpl_8ed9dc8ca73e4b45,034251477a9f5f38d5f717f9fc862dd28e72112111de89dcf00f6419d41fdf45,1,1.0
nazario5_000401_5848600dd768,tpl_f48d0a5172e9d8f1,39374c49966eb6d0f25d0867af1e80fdf5b9321aef4d81bc2444d170acf0aeea,1,1.0
nazario5_000402_f42307531f0b,tpl_e4997d9cd0b32b48,94e0901c8ddc2a7320c7be98425985d65ac3abaf704b9f02c67330d6038c3023,1,1.0
nazario5_000403_1484329c8577,tpl_3b49775b38e8f681,5fae526c4fef2298e2c75bf0afd8a043f9d3858b1e91747bb032bb92599ed1ef,1,1.0
nazario5_000404_668c80cf51e9,tpl_f310d3a8670d0588,d6f832a21825f2aee7002829795657b3b03633be71e17871e1c0d37a62740627,1,1.0
nazario5_000405_65434222130a,tpl_d6b1419d0931223b,170a8aaacaaf398bcb2624e7ea95c98830b402bd67b8ddca97e1acb2ac38a99f,1,1.0
nazario5_000406_083e3b43cff6,tpl_2fa5e2d202373b63,385e083baa1cefb979811d4673ce984821ed9b0210f71273b8288a48335d53d1,1,1.0
nazario5_000407_7d23857979ef,tpl_2042c4ac56ca3532,7b631bb1788861e1e63f5578d0bc1e4d5466297f57d74550e4a2ad1068bbaf63,1,1.0
nazario5_000408_d5711141fc4b,tpl_146b2c9d50ac9b30,49b13e9c428a069acd9429a9e13ae665a5ed35aa65f864dc6f50e6083c074892,1,1.0
nazario5_000409_13b0488bfbbc,tpl_699dae1e723b6647,1cb19a42acb1cb7dedd3512f3c79f37859513994eb6d5d2fa57526a5dab07625,1,1.0
nazario5_000410_dfce528e8f2d,tpl_58a5d9a21c2215ad,432e9cbf13ffd07b689597aa6ff2fe9eb22ecc998ce86c5dc39e892ba47fdc88,1,1.0
nazario5_000411_60e8971f677c,tpl_eeb9715705972ebc,92a4c60bc6b101faf3f12ec50069ae3ebe6fd1b6e1452370ebf582317e221be7,1,1.0
nazario5_000412_7e844bd56550,tpl_dabf4f15c4f5c5fc,1310d02627997a2d75c0db61e9b9be21e72c556dec559072bedf4b8925c2c35e,1,1.0
nazario5_000413_80f15220c5c2,tpl_839c3f3f752621ab,29e75170c6c1174c720d33581e5e03df4edcb7289b2270506ad0cb63d1cf2d90,1,1.0
nazario5_000414_41f77faf6f72,tpl_d07e2e02a65eaa29,5f7791cdbcebb75569b2c7623a6030ce8a0fb869615d21623be7c1299ee5836e,1,1.0
nazario5_000415_09d4ca885e65,tpl_5744d7fa446a42b0,ab32b6772bf1082349e6df0b12aa406bff64eabe6d2b056f88d89eff87461142,1,1.0
nazario5_000416_096c63d795fa,tpl_d640faa1ec2ef1a8,8b5f60212280912a3270cda72f8c9cfd3b26b090052fbe878392a3fd4374e95e,1,1.0
nazario5_000417_06174d061393,tpl_3885397ad949f1ee,88836fb115ef4694edc83a47a4f58b2a9179ac1524f742cff46e104b5241c50d,1,1.0
nazario5_000418_248689b12c95,tpl_621890253316e167,e32581da5be36dddbe563bedc6c79529d0fe05845445d699d6c5b4a7f5e079b6,1,1.0
nazario5_000419_a10f859686e6,tpl_7601d00fa9d7c1a0,4518c1a2e0c4792fda8cf1d62699b3197631d75776f544f982259e89026bab54,1,1.0
nazario5_000420_a542dfa81840,tpl_898787e38bb04986,4cb7ae26f36db0c9c9488748360b756c8fce06a3dfc49a7dd34106ad8be5e345,1,1.0
nazario5_000421_878dfa8f3643,tpl_bc7349292b4c68ee,4fb521f3b6384e33e0e3c0f896144900b1a06a94071997d9c88ee4ea834d1e70,1,1.0
nazario5_000422_c9603ef18505,tpl_c04d7119caf714a4,73c5bb5d1019e3373518008cded512bd5efaba5b1ff53ee3b43e2788c94dc1c9,2,1.0
nazario5_000423_d70478a33a30,tpl_24110fba0ee93542,5be37919aebd882416a6e04aa7aa19a9e6947e36d8510e7d9324da41cb85c12a,1,1.0
nazario5_000424_dcb7aa0746ad,tpl_735c53e60beced59,25c1930521b61be24b2a6a7f15eb21311b7c2a76ef041ce5310778c6e780d84f,1,1.0
nazario5_000425_3d4e3ebac43b,tpl_0a025b94a864b277,d72395a3d344c494ce0b2840824fc43b26c462903fd9b38d613ac7440d971219,1,1.0
nazario5_000426_a26bde6b9b1c,tpl_df475764efb2846a,061dcc8b71e0f403df8d0edb7d2f3b09a1738c0a67df61cc7ea12c7181ede755,1,1.0
nazario5_000427_6359ae1c401a,tpl_f2e46e9c44d2d1c6,d2da508fa995af774dcee6d97b9f63075faf02e5d467c4777e687a045f09dfd2,1,1.0
nazario5_000428_67b0d8bce448,tpl_9b0dc3e06b9a310f,3278bf72b202b3867a1586ef4a73a029b737506ed289ccca2876a166e11b1153,1,1.0
nazario5_000429_3b0327fe69c2,tpl_c04d7119caf714a4,73c5bb5d1019e3373518008cded512bd5efaba5b1ff53ee3b43e2788c94dc1c9,2,1.0
nazario5_000430_92a782142599,tpl_405ba72e88cb783d,2b4ac79ca8e6b45b74052dbdcb65eebfa04d5a56c9c0f64c1c1ffe000e3e3bf4,1,1.0
nazario5_000431_50e4c6dbb9fb,tpl_9e35ab01fefcccbc,6b8266ac5ae657412c230e30cd695a27352c96f3657b67acee13b8ca92bfa917,1,1.0
nazario5_000432_73357f026b24,tpl_a101ac66dd991917,9e778f66e8af27d5616ba2bb932383cefe0e560098a67128b92dae562b671d8d,1,1.0
nazario5_000433_5723e8458b19,tpl_af98b93f1fffdaf9,e6293c31c422496883e7df8b756fbc750f6e460502b90a4a049a93cc63b3cc7c,59,1.0
nazario5_000434_5b5be68ddc06,tpl_5ab48f00033d050d,e5bb3f17424c094b2e34302d5751a4f0fe4e1587b310afcbbef7cafcdb5222c6,1,1.0
nazario5_000435_dc8bc1bce9ae,tpl_1d9fde52d175911e,52a59d7cc8e42bf070220faa374cb192cfec11a7b01303f2b941520d483a1803,1,1.0
nazario5_000436_10903b65ae22,tpl_6dd8b21733003af9,1f0004672d0fddd0a40a6fdb3b0cfca41a31b79432251b44dae0dc704702d2da,1,1.0
nazario5_000437_173d543a574d,tpl_a7d0a2f70a9c4995,c1fd44f8df3370da86e6a04e29df8116a17a4101d28a68d5f774c3dc5949e0a0,1,1.0
nazario5_000438_a54fe009362b,tpl_5140419b0ec863c7,acfb46c4ff330095a97da44c49464417a3670cabfe9a9f7293c3c445afffc873,1,1.0
nazario5_000439_a6d68ce23819,tpl_2fc0805fcced5ac4,6385663fecca8f1d8ff584176c98f9cb852d83686664963651b998de29364427,1,1.0
nazario5_000440_eca879581747,tpl_3f42d54a42cba5b1,02601956983382525c13d8c45c287ef9c3a08c95a55b90a15955f17355b56341,1,1.0
nazario5_000441_72c60f9f2d4d,tpl_45dc4bf69f03757f,881a5bc6f8a5dee8e601f343eb01c3c2db95f75733b3c1157bc9b7607f5757d4,1,1.0
nazario5_000442_42971dc17c41,tpl_f9849b633ac38e6b,a3c9565214ae1fac7f312a11b130aaac002927c52e4b9d5f45bcf8db7b9ce219,1,1.0
nazario5_000443_2ab57a7ec60e,tpl_cd0f996e08b3898c,153aee213a4f1e1e4d6107186631b9162aa41622464fc1850b9b3dce99e9eb44,1,1.0
nazario5_000444_ee4995d44fd5,tpl_d4cbef68048474cf,eb64fcfb85e123f56f5fe023ec7a4091a4c52fd425e550f4ec8c5fe9e3a7cfd0,1,1.0
nazario5_000445_dbf08cf315e6,tpl_1fbbf401d043d51e,30fa4f9b88b2479817029146480830663ca7cfadd87cd4e14275f64918765ba3,1,1.0
nazario5_000446_060f5fc1da73,tpl_316b2ba52b1398e3,50e0176168ed9dd88c5e2f9ce491f0b9325a607ba27cdbc024f34008d860491c,1,1.0
nazario5_000447_71f5248b41d8,tpl_cb9883a862afdd55,93cb054c9f7dc02ec71cb7664d322e31e26cdb87f1896fe9efa3f8cab87f21e8,1,1.0
nazario5_000448_f2e3e4fd40f0,tpl_0533f0a46ff199af,e640ffecd624a6b3bde4f42df1cb2f7bbff095c6bfae2ef07d3f10869c3fd057,1,1.0
nazario5_000449_617996d8c1c1,tpl_cfa1f134ff119055,97bec8bca34514b9e11fd92f8a40af94bf04015f20b040ee46b6abdb4d71e4b0,1,1.0
nazario5_000450_60956b7f4fc2,tpl_c88f7c7d3f67d8e3,a1574bbcb1d30e10d0ef57e8ff1f9e51002e49f226c995d266d15c7ad4c3981d,1,1.0
nazario5_000451_3470d2792ea7,tpl_27f95fc55f9cde6f,a6fe373000ec3df7826542ef3281a800f09f6984fc1d93cb630052672d012e40,1,1.0
nazario5_000452_644630e395a2,tpl_6239b6f4586a372e,19cf02cfc35230cccef1a67b02dcfac1c36051f1bf8b7645b34eacf45d767922,1,1.0
nazario5_000453_8cd850cfc091,tpl_f5d3e6633d06dec3,28cc6bfbd79ceb89373f7ae2ad5e03d4475fe31084212967cddf018cbf2239b1,1,1.0
nazario5_000454_a7384a5de760,tpl_3f4c13003e46ccad,e07e6d0406632b3134becec152175a0103ac9dd68378a477c693a68c31e40575,1,1.0
nazario5_000455_df2b818c625d,tpl_480d789dd0a92b43,9c5f8d45ad60f72a6640565e4b087a0cac695c3d9d65c977b5cb7cf58bb26c56,1,1.0
nazario5_000456_532638fc23a5,tpl_f97f4c65378c8244,ea89684ba936b0026a2d29802ee4bc7ab82047952b613bcda561244c70051bdc,1,1.0
nazario5_000457_7c5e5731ac9b,tpl_ee271fc474956f4f,39b3aa2b42bb48ac9d40697ee61e1e4bfc1bd288abe79b5a1453e84f9353c946,1,1.0
nazario5_000458_8b4a23af31fe,tpl_7fa8f26a5c0d5eba,f9f2d42a950383ff8819e983c8fb1e25827438e49fc049b96b32a71fe7aaf20e,1,1.0
nazario5_000459_51db330e74c0,tpl_2522b4508bb2dee4,b9c1b809c031196cdb5cdbd4cc285c3f8a2b26e363fb0d1aa84f93b649dd1191,1,1.0
nazario5_000460_cde10152bbd7,tpl_66c1eaa42a4444b4,ef86262fc66a73732d69bbb776630d757e557e565be0445ac5d873e0948bebbc,1,1.0
nazario5_000461_69b0009fc3c1,tpl_7bc67c11f2a2cd94,f44664c0bab7329c54217d7270a80ffa8162496ff0cf1cb3c400d1f4d1c915da,1,1.0
nazario5_000462_1c720d3ffe5e,tpl_80cfa76ee91125de,cf7bbbecca6bcfd669b252c90a06261fa24a9b36e322453a97877963b9ae8aed,1,1.0
nazario5_000463_37737362bfd0,tpl_a7f7009aa7b21ec0,44f0c2c837f4e703a26ab8e6281fadd050ad84cc39d80d3f0e2393ed1815e925,1,1.0
nazario5_000464_f9bf8b5aa388,tpl_9789093b15566473,ea6dfce3e69337bfcfda37465988125e5f7d6aceffd88b167226765f20b8db16,1,1.0
nazario5_000465_b4b8c5fb3e71,tpl_b1335969754bf76a,c9b3e259a4fbb5ccd85c74a3bbd7ea5f6a7570d5d25fdc24427b83cc364a1ee1,1,1.0
nazario5_000466_b2110d5f6022,tpl_4dbb6caa9ddf049f,1ea1f577a45c4b78c64dbd8fef73c5645efb80174d4fd06e4b6f4dbede0a939c,1,1.0
nazario5_000467_bfb9eca97561,tpl_1de6451782263fd8,0c6e16b5c927db3a27a21479d698a276e264e73781d995efbbc96e23d9133ee5,1,1.0
nazario5_000468_4762a0a46d2c,tpl_af98b93f1fffdaf9,b86879b2d60b096d2618f08977276acd12fcba800a515702595ddd422a3956d3,59,1.0
nazario5_000469_282da2fe1dfe,tpl_1ef063935759de73,a6eb295e90ae2796f979024d86033ff5ed6d7fbb2c4208a12d4633686a06b4b4,1,1.0
nazario5_000470_150445956ec9,tpl_b6350db0ce97be26,cc05f7843984c0fba67cc24d85ed2a6e9bde515822dc59c12984c2c1013f1cc0,1,1.0
nazario5_000471_b2d5bfde3e17,tpl_b3f35ebf84ab4721,6ca2a9a5c854945e2736159afe249e107be802a9f0a71fdf4b4214417ba09cbf,1,1.0
nazario5_000472_9ee6c6cdf63a,tpl_a8e8f21f406c9a71,f0376636879c7a602bbf26c185b84c77d1f8266e77e3258fc7fddfb1806f48b4,1,1.0
nazario5_000473_65e2570f2f17,tpl_bc71ad1b96853e06,33f58cf985a131a54dc9fd92467221526b335d285b7e65eb9ddbe3e7e7943df8,1,1.0
nazario5_000474_7a6500113e44,tpl_bb4f1231718df8d4,1b16e34425625146fab0d438f4d13ab5ee0d95c7a95297a9a554db9adc4fef49,1,1.0
nazario5_000475_5b5819bf8b6e,tpl_196dd9a3ca25a4bc,bcfcfd1d56aab4f5d1f9f196018f93d66ed813f4e21853b65f78e09a9e076140,1,1.0
nazario5_000476_d3093a76755d,tpl_21e5f502d19d3cf6,269a88ad7f07217b822613cdec12a50260dee2f94800b9f11ad40bd6ee6d1fd6,1,1.0
nazario5_000477_8af01f3e2c46,tpl_f9ae498767444b21,83b82724b49d52902e80c3717f2f68302454965d0da9cd2c8090722766afeef6,1,1.0
nazario5_000478_98d6ac3d127e,tpl_d6b1f69ad75f7a3c,1c2112b0179d334c53b5a1bc43783b6c159598c0d0ca576dcd159d3acbcb8d4c,1,1.0
nazario5_000479_3afab9b3ef90,tpl_4ecd15308894db5f,e6f216333de80ea39e1e73d1aadeabd04b625a3a22d1293ebd4f71c0278011de,1,1.0
nazario5_000480_5a01a954ef26,tpl_d93db630aa23065d,8add0df8c390b29b959a7ae73d889acb8b92d4203aab3b82f83e54bdb0ae9def,1,1.0
nazario5_000481_832842a84b65,tpl_49b7ca1fd49a7ad5,c83a23559e76d44350311f15fc057f5acba957d019899c7d51dc5c7f108a8ee7,1,1.0
nazario5_000482_28809fc5beeb,tpl_6f5ed302f0174ba6,5eb9d23e0a45b533c06a69b4c8d80e6c6e7d88cac1f5b446f75c80e4587b8615,1,1.0
nazario5_000483_aa4222e8bcb2,tpl_463b93f3706fb752,9ca40f57393ac94954b68a5e09bf36513b776d788f86b77fae544a85cf7ca3bb,1,1.0
nazario5_000484_52ecacb60b12,tpl_e9706f0e4136a645,55759ea11d84039f695d95e4f29a9056751456e3e4795ff2a0daa04239970464,1,1.0
nazario5_000485_d4d058d03a03,tpl_dc6d9c7a36dfe8fe,2023d74031072caeaa1d6279c03fc76d495dfe4c291c3220f5c7d8e6c8fc5748,1,1.0
nazario5_000486_04c91d2cc7ce,tpl_1b0b4c0cf43adc80,bfe9c24da3c34d5147221d0155ea50aa72a86b26741df97d83e02871324d34df,1,1.0
nazario5_000487_91e26941fd7b,tpl_e1a970602326e894,930e250c51c9640d920c7d53c9a1e7b43a082bdd531f517ab74e93800b09b9a4,1,1.0
nazario5_000488_99d8d14bf46e,tpl_8e7eced2bfde9527,3b1ee70927b70d47f8574ae4017d3820ca0467ebe202197e3086e6565b0d370f,1,1.0
nazario5_000489_59e9ef9cb3a7,tpl_304487417a48f0fb,924e00221bf1efdfadedffcc9d667c3b02dc56a2047ed5ed2feaf8ff6bc6d62d,1,1.0
nazario5_000490_4d986ff49b0d,tpl_8abc789d3fe1b42e,bf05a3cdc0c07e7a1b5bc4ad8f7ea92083134a7eb1188a2d322592fac97b773b,1,1.0
nazario5_000491_e9fb961e6045,tpl_13a361cc89b79bfd,5441309c0d9db951e8cd407422d6abb16f912f47841beaf6aac234bf889e8ea7,1,1.0
nazario5_000492_b2a3a567b473,tpl_7d16b2164e7874f8,abe7e8adccaff3e0f9471ed6bc2a09da65636e91defa8acec8fcac128877e75b,1,1.0
nazario5_000493_8246be7c6744,tpl_a4dce47f2415b1bb,96dbda0cf475758455b122abbf34b49fd5cff09482f59a4be3132b9d5bf3e418,1,1.0
nazario5_000494_3c416fd4a8bf,tpl_1e44a5719ab482c0,674706eb7385a9d115749e6550df0c53af2ff5438df0dfa3542e945dc7c7c442,1,1.0
nazario5_000495_96b085b6beff,tpl_615f23fd53ff465a,855f634a770a1ea53ed94c9106797a9e3f601860a874d471482629c81c45c031,1,1.0
nazario5_000496_b2a8ca4f7de1,tpl_b8e953ee2f3c0bfd,faa38d0073bd698412d820ad33cf5de41e42ded9b78186494cc53920e1215232,1,1.0
nazario5_000497_7754379a168d,tpl_fc9b8107af5afb29,4c9866e91a34e58f2c17f9d4ecfb3fdae51adb63aea968ffddbbcbc2e8c64c7f,1,1.0
nazario5_000498_64de96f2355c,tpl_047626cef8deba86,069ccebc9e10e5d13347968d1b6b06e98ad4ab5edf3f498b2a4e0f5b7e7d5b04,1,1.0
nazario5_000499_45d2750154ea,tpl_7a945d115d9ee155,c28a1b9f3981df9c77bcbd94d5e431ff66e7c336ef43f9ef3143e422f360c6ea,1,1.0
nazario5_000500_31fef46f776e,tpl_63c215f4ffddeb3e,e1bf3243786d2b3589d9628f5c4691d48472deb8ea3e2da4d6e6fbf031ac9da3,1,1.0
nazario5_000501_0f4028627986,tpl_acd05b348a616fda,61d3b438f6045751894d8cb210d2847e93b53a5e0a312d9bb3517573868da0b3,1,1.0
nazario5_000502_491568216d95,tpl_ff3dde7e23953af6,4284b527987633022fca17f74bb203ec35708f5c6dc562ca619945cb4680b3d1,1,1.0
nazario5_000503_549bdedabbb9,tpl_1f030a56b9e67f8c,5d6095c51ba8ada99ff95a135c3da4fccc974c83885e5294427943c987fd5add,1,1.0
nazario5_000504_868a7a8eae80,tpl_c780b48af6ec0cee,6a8c76705812d1acb2892dfb8688b9a97d9542c674489bb6acdcb772b6079967,1,1.0
nazario5_000505_b08bb71088cd,tpl_c249dea95d02317d,26173a9076502661810cdb9671df7e79ea7f1ff88f57866450d284c22f550c9f,1,1.0
nazario5_000506_3c3c7bae4190,tpl_6412f7c8694b80fb,d61161a0fd7f32ecea10c024951c870fcb2db639c2d759de216e2dc06a2411f2,1,1.0
nazario5_000507_213b8b384581,tpl_034ba57a6d3552a6,459c8b4f865e04a9bfa345dd0842f5a834a7ef1a97ee37d928f11ad72b22116f,1,1.0
nazario5_000508_425a40e784aa,tpl_7c603e7173bbebd1,f23efeafc6be41efebb94d45e25c0e5aae204e1b549f75dfe7da67397aad53e8,1,1.0
nazario5_000509_81cca027f78d,tpl_018ea0fea670ea34,439d2ffa6de0c119077b9ff0595e21168d87dd519471edbf9ce5ce57e193a9ca,1,1.0
nazario5_000510_3378e5cf725b,tpl_e89aa1351abc971f,37dbb3168277f46ea70a4a9b66ebdeef72c0383403041a5903cef61b4b71abfc,1,1.0
nazario5_000511_f5a25494b5e8,tpl_b3173a426b416761,e12f01dc5fc3103531a46c617db2d1ce7377f2dff9fa8e0d37dc2d0c10862b10,1,1.0
nazario5_000512_c07de2f29da2,tpl_879a10803e845745,4cee202fcdef21cd5db58c681a09e238a4825b209df0a6f617cd14877524f761,1,1.0
nazario5_000513_c010e904cf1c,tpl_268070b7d6099a1f,8505d7eed429758e0b74eeb1e5b86aefcdb55fff5968736f44ee139f015bdbb7,1,1.0
nazario5_000514_9695cad537be,tpl_a076c3eaf0be9316,e0073293aca4eb55f6dcf3a0bab4c124014275054175ffe3ac580182884ec550,1,1.0
nazario5_000515_cf196ab1d650,tpl_87a7a04009b2004c,e5b2315e86d7243156cbb2a121370d8f07b568856330219c0c703756448846c9,1,1.0
nazario5_000516_5f8683487e2f,tpl_301e38f191e0923d,9a93e77a4e7fd4583466e3a6702e54eaca6c4a06fb72c3c402d543aa8fe1c063,1,1.0
nazario5_000517_7fcdef2d1f24,tpl_0d0b650de514ea06,e420b9240b3c3bf67174fbee057dd03cf421bc98bc95867ce34c85746c6787f3,1,1.0
nazario5_000518_9d10979a7dd4,tpl_cf7c1fdc485cb759,fef857910a35e4e97db2ab007c1b7c19e9d0187eb5fcd685f859a770cec74a72,1,1.0
nazario5_000519_fdf4236c1dac,tpl_8718868d599e821a,c608c71bed7bba980c0f42842145adf60eb371791b24a4a215b9bc7f2ec9c7b3,1,1.0
nazario5_000520_ed7f5ac8cb40,tpl_4edc321aedb92813,960f19da21a475abf62bb94b9ecc7861c2aef5eeebea6d3880b373d4af2ef03b,1,1.0
nazario5_000521_824bcb417372,tpl_0f42b714e33513f8,f1035c4b16fe00b16c0638100a2f801fa3d667ace1e7486bf9e2d265e89500b9,1,1.0
nazario5_000522_df81ab2e823e,tpl_24be40ed1639741e,254e687a166f76deccb5ad56c719b21b0ff40338c8d0c6a45c1f9a77056fd0a1,1,1.0
nazario5_000523_04361a35b6c7,tpl_8a5b9932d5792481,51f7b584b22333f50363eb36469a5afd0dddb3bca054de8db9cbb22767bc9ac8,1,1.0
nazario5_000524_a7293e5b6f6c,tpl_754382630c2000ca,e723e58ef28e5f0259bd473eda33b1c03b673258191b991d3bf3b75f2821d9a1,1,1.0
nazario5_000525_79ca383fd050,tpl_0bdf681a8564efb3,a9398e704a6441a00f707933bf5edd01b327ccc62076e7d99b623bf4bb042ea1,1,1.0
nazario5_000526_052791a7d71a,tpl_1b8009d191895adf,de9e17dd124c7ea021c9dd7d9c854f07a7af4a87bc23852b2a2f08e0d504b36b,1,1.0
nazario5_000527_e191861bfab1,tpl_30195697e9596c21,f94b13348b908e0571a657572f6224dc3e729d02b22739305996a69a33bfdd2f,1,1.0
nazario5_000528_8c633f1af536,tpl_2eb9707ed05157ee,7734245570aac1233c47189d2df532761ca6a08a4a3968b0815a01af28f09253,1,1.0
nazario5_000529_8bf3d3b5af6b,tpl_c86e1f1f7775514b,7eb0773137fb67071637a8c0f004c4859de6d29aead1b06fa9b0da68f875ea6c,1,1.0
nazario5_000530_50c857933c92,tpl_5ae301528a2d22ad,30fb36baac031f67e75e16252de47030b1fcdecbc8e028d9d6a3e199dd2cf1d6,1,1.0
nazario5_000531_cead1422ac5f,tpl_af98b93f1fffdaf9,d87fb99d3841fa4f2fc3b26ed660306b9aa3ea6bd5772946580b4aef132c58ce,59,1.0
nazario5_000532_fb16a1c99df1,tpl_a6b7687304fa9e00,b184a1d8608b183f4d4feb124a41241d9de89093530cef2424fa4ed1165a094c,1,1.0
nazario5_000533_7c1c711e49ec,tpl_4a5298234eb621ee,e7bbdf1431a74e43ac1d6bcca38b127eaeb9b9f11fdd7b321e54246158a7faad,1,1.0
nazario5_000534_408556e3df9e,tpl_58841e122b54458a,bd72043dc0ed3251b23714df9c066179eeed28090a5cc2aaa398730d560c4bec,1,1.0
nazario5_000535_2f54a0f76042,tpl_8d0f347edfaea579,d9fdc686a3107fc618ba13f7ca2df92d14f0669a642e1bb54e8ea82ec0ebcd1f,1,1.0
nazario5_000536_cfa588d00e20,tpl_e6dbec05f5c9ea6d,75a6228d6eeb577c3274df40bf156ef75fd57e1d07a420c1f88f4ba0c30b4578,1,1.0
nazario5_000537_ea717f397045,tpl_b4f2cee39be0680c,e9dfb8d7d25e8a0ae07fb82dfda27ba2aa4f09bc6d1d4b5ce2725f934e814945,1,1.0
nazario5_000538_b83799c1c6c8,tpl_3b2033aeb76b1612,4bdfea44219a2f3d759636bd88b1500c26d395465ec6cf59f20bdc7398b4041c,1,1.0
nazario5_000539_b544e84530cc,tpl_dbf39c759cc90f97,bc2118c7f69078ac7854adf91f066a29855f6c49c5e3cd1860401aa65df74f24,1,1.0
nazario5_000540_e5d53e503b88,tpl_46e46f9d47560d89,dccceb908a4fee398ac34b7f357c7148e26be114fb081250baed1c9815950ee1,1,1.0
nazario5_000541_f4c36ef456af,tpl_fb125ecd19396e01,565ea808d4532c49213b5bfb3e88070b2c7238d4ac7f04c2eb04374c75b0549d,1,1.0
nazario5_000542_10364db0535d,tpl_4b37e10c1a6829ae,182b2795d1047a7aa15a6b5482e4c757995d2f2c7d8d2351507578c3e973deaf,1,1.0
nazario5_000543_d8a4fdf701d9,tpl_718aef9a75b30ede,9e9211d9be09cdeaa057a5710d1d3dbf1195bed83a60533b620b25efe969a862,1,1.0
nazario5_000544_f8de63d4a529,tpl_82a5c453461e6a32,82b2bda24b6c98616f9699b36a514c1e04016d3e0a723497911b2aa671ec4b13,1,1.0
nazario5_000545_c554ff85dd35,tpl_343924ed6decb422,af1b8c2dfed135a8cad7a7609e36fb758ae058dc06942bf7382f603526525cfd,1,1.0
nazario5_000546_8a7c8a3e2bc6,tpl_8c065ac1787b4914,30e7bfd6643663a1db470e2f142d687a5437165fffe5b5f733c3993c2cb21785,1,1.0
nazario5_000547_3f18e45c9342,tpl_7b9e1ab2560df0ca,36b572013ec6300d80684cf98351aaedb6012d9cc2f8330c23f5e584c6f45589,1,1.0
nazario5_000548_0992219b4cd6,tpl_5fa0e73859716c6e,2d4b6aa32e1054bc114ca6008a20d26b640e1fbe996fe5dc7a197a5b923c965c,1,1.0
nazario5_000549_f4ed2b1dab20,tpl_0857750e9907f3fe,a8c390fd18140dbad886756581a14215099e384083f464cc89e133ee5b687c3e,1,1.0
nazario5_000550_ed452d9e09d9,tpl_db729612f8872497,d33c2f4f89dc664a7d12856e999aa7c406d63cf0127c52e5ed9946fab0bcf017,1,1.0
nazario5_000551_c04506ed4fba,tpl_6d68ab90433b83bd,f6faf6ba88681f1c109acf11bbbded35d6369f994f6ed33ccd3387bccd8c47d8,1,1.0
nazario5_000552_a1404eef4559,tpl_5bfd7f6d88793dea,e721dd8c144b8c2f1f34420b02e859dd277777da778fec81b2cd279849960000,1,1.0
nazario5_000553_a78965134f21,tpl_4abc06457e038ca5,52541579b592f678e7d60d49767c62fb60eae8c0a832ffd33a82b0281876f109,1,1.0
nazario5_000554_2912f0b9519f,tpl_a0a3c8cebc7e00fe,520790c28304ab961952fd867daf95dbefdc9f451b07284fb1d41ece7857237d,1,1.0
nazario5_000555_46c55479b00b,tpl_09453d5b4fa12aac,07f3f04121b9e6b12ad47efa29e6e096e0ee3f3a8dfaae7151525338ef6e8723,1,1.0
nazario5_000556_d67b6b466300,tpl_9410be1dd13f7b5e,483eb9e65d939bd2351ea5155a6b78aa66c638f8380029be14a246e5b6ea98d4,1,1.0
nazario5_000557_2c257c682b3e,tpl_f2449a45a7e398ee,8a864e321748399a552f35827278e411508f63aec29ef9f5ca59d025b49da18c,1,1.0
nazario5_000558_af7453fe5871,tpl_a1daa475abb12d05,1aaf574839866d67ce34f221637d2326e5f458f20d4d9f17f652b7b2b787268a,1,1.0
nazario5_000559_edabe7106530,tpl_f0fc3f66c18339b8,732bd52dcbd3aee9008c48151de05c826298d1ff1591e0dd45d215b83d2059b1,1,1.0
nazario5_000560_1efe3cfa81ba,tpl_a8d97a5c1c1b803a,a8edf864aa563eb21305926ef1a0ea5cbb4d27f8d881284fe56bf4770110dae5,1,1.0
nazario5_000561_9e7321151517,tpl_f8baef29a253f06a,b412fbd5f41d85e12bcf707645f58a4f15023d16abfb1d53fd71dad655a7b582,1,1.0
nazario5_000562_c46f0d4cbe5a,tpl_87d183cae3e20160,f3c09c895ce7d22123b72dcd6731ab8122cc92af301b9e0526327cb2113b040e,1,1.0
nazario5_000563_bb7851dacbef,tpl_0cbca475bd41c2b5,169a92862fef768253de234a27669ccff9c70f2551477ebf691e5cae62547476,1,1.0
nazario5_000564_2f5d8f0a8024,tpl_0b59b3c45b8d691d,b0c1155fca004a84ddcc835be44ee7041432d341641f73cdfff9796842fc8dca,1,1.0
nazario5_000565_3fa48c7f696e,tpl_d035f9ccdb176a0b,0a1e63a987105745befaaabe4d905662e772fabfb8c3f6473fc3c9164244bee6,5,1.0
nazario5_000566_57e8d64dfc7a,tpl_1a14630042094c9c,b7d1f548cbe27d61e78712f0365aeb54c9e9379da401822c5b1cca2db8d80192,1,1.0
nazario5_000567_9cf2228ef9b0,tpl_7fa9125fc054238b,305f81f714e9108e238f875cd1cf961d2967086f3e05c1c8f0e8bdb06cf55912,1,1.0
nazario5_000568_dc3b2b372f73,tpl_825d9c5743c8e14e,6f67d46f68361254bc03cd13f622b39678ab92e628e7de5312dfc7abfe692611,1,1.0
nazario5_000569_9774c0b10b46,tpl_6331e3f1be76a00f,3c243a30fed99337b2b35d887a322cc7c9cda57da2a88e248d5d7ec2932d6c8e,1,1.0
nazario5_000570_96c0028f902d,tpl_35c9fc00e4b152bf,2a58758cf6a28dbbc29e6639dd0f665b2f7252a3613514d1383ea2dadebc9f37,1,1.0
nazario5_000571_cc8fa93a87aa,tpl_2b227423399c575a,af0ebb070308c1b3730d069296966073a402b5520f9adc9a2cafbf7755665ba8,1,1.0
nazario5_000572_e8e8257c14c6,tpl_2e0e5ceb390a53d6,244803a466aecf333f8e588d23f87a1a456cee77a02366adab958e2bb6e2b9f8,1,1.0
nazario5_000573_ec4e91c49d34,tpl_ac9d74ead7a580d4,0851ca376d8f448ad498684f2dca4b7fc427b04faf5ffc9b4e8f4da0031686b9,1,1.0
nazario5_000574_f91ab4b593aa,tpl_1908af4bb3cdd1a4,5a9567c832e6faee2568631013c147ea287492792d349bacfd59d95859838922,1,1.0
nazario5_000575_79b02d6401c8,tpl_d0d77dbf5db6a89f,7f2973515c292d902abcd02605baebc860d7d8c7713688c2c277b22260bace6e,1,1.0
nazario5_000576_d86fb09a3e1d,tpl_1602f50fa98bf754,55973e748f4b6908e400e8fad523b8eba60ed50485ab9cc5fb57252747547be1,1,1.0
nazario5_000577_1b50a294850d,tpl_01d11b7b34f68529,1ac0c6765fcdb902122cfa10ff95b6b4bfa45644f3bcc037a6a60af951f084c3,1,1.0
nazario5_000578_7dc0f5b6c63e,tpl_d4ecef88fd3df135,1f4c3505a68879a0dcbaa69e4826a7efc063e5df8b80168f4f4a193259c6e77c,1,1.0
nazario5_000579_0b1b6fc914c6,tpl_c68071806c45f50f,4a171e70c9516ed6ed3f89f972f3e9ae157f042eab0acec09332bdb2c13787e8,1,1.0
nazario5_000580_8c2c9739b2e7,tpl_4a2490cd7fb8d54a,9be0e3f1d3e7f4e383f4e41ca61b72960759ea91c5a9b8d011f4c7643f65637f,1,1.0
nazario5_000581_aa52b2ae5e0b,tpl_da0c9055348b9c0d,700986f58986521801042d01a3d59b077ce42e7e0d47c78ef381850eccade8ea,1,1.0
nazario5_000582_e7f6b1485a13,tpl_5e0b0f6c1d470ae2,b8c2c4c0384a6b40c1b3cb94cd07da8a82622b7a56bde11474b49779a9c14bd2,1,1.0
nazario5_000583_e88e45279d7e,tpl_82856ffc4bb0208a,665ff5a329446f53b1db1083b6f9e606382006fc22405d53d582d9f7dddfa94e,1,1.0
nazario5_000584_d1a3b1671ecc,tpl_5a7539eedf2e0df9,26b3daa0c6d5418446dddfd12d2ee25bbdc32c51b7f8777a80e1227a380f5b6a,1,1.0
nazario5_000585_78192d23ad79,tpl_5ad5164128500e1d,af1c0456610e48fa6b5d04ee827d21cb23b54da7e6f57fdb43da26715af3f8a6,1,1.0
nazario5_000586_6260dc175ab3,tpl_a65c3dc07e4ceac8,9311400f8a91f35921a5f404bf3b2e953732a326562ca28f95ef671cb3c30b58,1,1.0
nazario5_000587_da75c39900be,tpl_c0a1ee11685b0fae,12ebf0aa8737c9b5864f8ad823bd81feb7aa05d526f95fca3314a2e1c69767d7,1,1.0
nazario5_000588_66f7c1d28616,tpl_66248dd4317f07e3,2974946874baa1fd92a49fc8887c505191946ec65481cbc28db5dcb28c31e507,1,1.0
nazario5_000589_c43cb8095be0,tpl_cfe2f47b63c9dd4c,1b03469f487a1ca78b00f814eea6da427e13d9cda778362d7eae7cfe0980f47a,1,1.0
nazario5_000590_1f00fb4d3882,tpl_edee54772ed3c41e,ed7743c7e57b8886a011429ed2c03edc13bc1b0474208a947ce9474290fb8be4,1,1.0
nazario5_000591_0e006c61b97c,tpl_faba59b02ccdd435,695ce895a0e6d669c1a37c9efdc323f6b7ffaee5862079e7b8dd7c0cb5baf75d,27,1.0
nazario5_000592_35ab94aa152e,tpl_d6ee4741e82755e9,920bd512dd8d93ea4bba35f5e8b0cd686bcdbef2042c514e4fc49c5d8f557bbb,1,1.0
nazario5_000593_0d1419d21499,tpl_9efc9190bf03af41,75a72a040e42b9e9618041bb313924b7de63bb976e270766a186c6aade65c8ab,1,1.0
nazario5_000594_634861c3add8,tpl_728ff60de4199755,ad51ba3674afb9af925d61121c9662cb6ed7176a0457e1b29054ef1a2219584e,1,1.0
nazario5_000595_bc21e076f350,tpl_3ee9e94a51646fca,10a613e9d9ac9f8ff713dabbab0cb0b71faaae194dd39f3129d4863d5c01205b,1,1.0
nazario5_000596_675c1e218b50,tpl_6868d19010b5d16e,b53732b8336591ae684728ec6427057cb24023f42922150f344c50bd66fdb2b8,1,1.0
nazario5_000597_6d79703d271b,tpl_a2155796bdca812b,a70ca10945596bde43e6588315f139fcbb26f08c415b7cfb894e337c455a3a0b,1,1.0
nazario5_000598_832ca2400d73,tpl_82ffd3369cf7f82c,a165685002e3b145346105cbd53c4d9761766e316db99467046ac6a4df10cb71,1,1.0
nazario5_000599_41dc0cd82a0c,tpl_ecf3a6972d3583b6,044056d089693af4461a9519f36572917d3a12ca38b80a2af978e9942a9c7fdd,1,1.0
nazario5_000600_53cf3838070e,tpl_23d5ab937fa9c7c5,ac960edb59e9e74fb84a822d106a9b0ce4be80823a598fcae0f2eadacdf10f8a,1,1.0
nazario5_000601_bf318228f633,tpl_930b6a4aa23d6cd6,6ccedf240aa07e4645ed9eca3c81ba032b114d450d94017eae8ccd30acaba62d,1,1.0
nazario5_000602_5a860fa4aaf3,tpl_b7d722e73f54ef2c,d1f6d06868a45b1348aa5006c7329ae259daa748056233ca5c5edef5a8701d60,1,1.0
nazario5_000603_0e4bc38de9ba,tpl_efea0f1bca1c3596,e708cdc2b28800fc0ffd16c50c31fcdb3604ae3005487497df64ce9b11a3c652,1,1.0
nazario5_000604_9cee870cc315,tpl_0431f759fd87867b,dbae7ca16233ccb13faaa4f8142221dde397fc7c9e1c91735309acbd347f758f,1,1.0
nazario5_000605_91f9d2770e56,tpl_438da4a4662cf692,0533702b82d642beb963a82a1bb9f6ffd2d37fe4dedd72fd37dc08e0656ef245,1,1.0
nazario5_000606_b220bee223b5,tpl_0f73c17c046c814c,0bb6a58117fd6df066b86393ad9298b59cd42873c5fbf82f5c0fdef053b32ccc,1,1.0
nazario5_000607_b8dde0d8cdb0,tpl_64a9755f7e81e05a,e188590cf9ff5bcb007ff71f492524ba1fd841f748eddd0c8d37d6f74aa2c3bb,1,1.0
nazario5_000608_7c9e2d010d02,tpl_93a869c00665243c,880e0c20ae0d89f3b4997f95d18ca26cc4bcd01b4e02aa3a620e1c3451ac95cf,2,1.0
nazario5_000609_49976f8b6c6e,tpl_d0341b0bb0556865,39d0b83c37f8a273ead171de3c1d54acee43b130bf894c875582ebf205546f66,1,1.0
nazario5_000610_e3ef8dc3ec0b,tpl_694f24e2428a651b,0899e33259127272520c6e5ad76be242dfd56faec0060546aa4f9047c700535c,1,1.0
nazario5_000611_fe296c223ef9,tpl_84ac76fc21587d5b,6d02187aeed18054291a7b66d15ea61da0d3db8af72684dca5cfbc623412c12a,1,1.0
nazario5_000612_006269f61d67,tpl_e33b4882728fda75,c7bcfa0b7bbbe9807006818ddbf62b9ee0c23d046dcf818b70cecd4422cec03d,1,1.0
nazario5_000613_64963101573f,tpl_d9bd2117b8bbaea5,8859099d5333280791ed58f50ec3658e7ca7f357de807b15f9483fe63bc9023e,1,1.0
nazario5_000614_9af3cd43984a,tpl_45d0aa9227381484,d82c8e6a213c9a86e78fbf69134561ade8c304fe9e9283d55a368f0138d68d1e,1,1.0
nazario5_000615_4686ba5a1c7b,tpl_7857c17946a9d0d7,e9ebc9815c4759da9f072550ec6365528ede6437c998ace101ec3f80cc57297d,1,1.0
nazario5_000616_cb7a74b04e6c,tpl_c891a695ccc9b1c2,63b5ec9c1c36f816c80a12b40e181230d25c2034792b1e016e3b77b6b62c173d,1,1.0
nazario5_000617_9ee2fb35eabc,tpl_259793f25248f574,bc71eec536d6d5d456b80e6679c811e474e688ee64fce3530f240f3e379d2db1,1,1.0
nazario5_000618_4bbdccff9a1e,tpl_a796eb9e85c0c3ef,599729650d8eca560b747902aaa371b6c1419cf6613b4a37c9a1a25911387b2b,1,1.0
nazario5_000619_a42367c2c543,tpl_dd088924f57888b8,4f0e0a52eacbdd55629aeb994ec21963226b9ac400c87201ec192263e1f76589,1,1.0
nazario5_000620_a9d12e430602,tpl_a7aa7f4679dab77b,63a5bc2e4a48a410352b873720d3e17fe2eacc46975eaddc748f98380a6bb365,1,1.0
nazario5_000621_066fdb56fcac,tpl_3513da7f5a2b6cac,a4ec52ae21d47a0803759f11e2ece31088c79641485d61d0ba31447001b3fb81,2,1.0
nazario5_000622_997a068883ac,tpl_b96c95bc931ef327,83e3f97f104c9cdc1fd0cfc0cf66b2573cca27137bc777c618be77a1df3c9021,1,1.0
nazario5_000623_32c98d4269f9,tpl_d14cbfebf6b010ed,13d6f93c5ffe4d8a3a20ac5e034d697b7f1f581b73db94676cf1c0c824ff4fe7,1,1.0
nazario5_000624_4c9206c7ac55,tpl_229d341d11f08fec,dce719e8b0ec9445b19de25000bf05a3c9be94c1dd39a9bb26cb48226d3b1c36,1,1.0
nazario5_000625_fb66d21b2532,tpl_bed2c03fb3dac952,6f821d5331dbd0df31ce04b2a154d114fbba34218682d431abdc6cecac8192b2,1,1.0
nazario5_000626_e2b52399dd21,tpl_12989c811bb578a4,c29a3535b521628d8386e002e59605f08870ab5ac356c6a8f555042bd1aa0f95,1,1.0
nazario5_000627_ebf6b6593ea1,tpl_90080b0bc8dc0bee,6aa1db311d4cc18154caeecb2912a4754840c5c3a0ff6165ab7b1ae0b59ccbee,1,1.0
nazario5_000628_00230b968043,tpl_a6560cbc4f7d79cc,b3027d38f28bd4421467c32e07500694f58521309342e64732758a7c38efff60,1,1.0
nazario5_000629_b3575ea0a432,tpl_85f981e9d3ba9f38,b4d06ef126b9cfc270ddbe848bbad091d5e2401f604c436d74cff3e5d9737761,1,1.0
nazario5_000630_03e9ac6522e8,tpl_1189c52fe30bbf49,3a7003ea29c10556c728ce9ce09f7731a326bc9ae6be4a84096556cfee286b2f,2,1.0
nazario5_000631_29da2dd85bf9,tpl_6864da92c8b34bed,ab2658bccd52a3785c5a04fd154519c051f60f12d4e0f89335469c1b31cfe2cb,5,1.0
nazario5_000632_c4339cff3b0a,tpl_10d0eb9260ea0d95,595d432eb927509da05fb76b81c14a6744e2d21c627ff4cfbb15d202bf7bf861,1,1.0
nazario5_000633_e07b6936b53b,tpl_984dbb19225a8595,2fcddb090f8f95988c3c73356c98c0aa813bc675ceed71cd0a3166cd2e5d57be,4,1.0
nazario5_000634_414e66e6175f,tpl_988c0a434b0f12da,f49236c71e4946229dda1bd137c68baf4584b18e53c807df419e3310abaad36f,1,1.0
nazario5_000635_8c77672b8f69,tpl_412a0079e12f557e,b4d968ab87bdc434492ba1a73e15591df4b90d8fe37dc291222290f4a5116144,1,1.0
nazario5_000636_8c7299a15917,tpl_ca4d666b533dea9b,2db6714e9735e808884a2c28221167550a810213a9d4fb6c628a9170269ef71a,2,1.0
nazario5_000637_462ecaf157c1,tpl_a1adf2608d1f93af,e9622f268193854ac5e22e58cc403e1ca0a3550f4dc29f76facb31975b5bca36,1,1.0
nazario5_000638_061df43502b5,tpl_e445a35ce1acc9c1,7a9f45f1188298005eef0a982280824c844f7dba4e10189e51d915066fe33c48,1,1.0
nazario5_000639_6c4b3bf17a02,tpl_e6ae390a110596ac,6e7134d9211384402e5710d42ef0cef6510102444fd5a0180ed4437a589d510b,1,1.0
nazario5_000640_c2c18882163c,tpl_5b60f7558de310d8,4ddcdfe5f09553ad2e174ba1ab2eb689bd7b6a0f8ecaa25b10b84937cd9933ab,1,1.0
nazario5_000641_2f6fa7a49e41,tpl_b49b46dd14a53cbd,b754bb72b4792393a28d7748348226286395048c73dab9c05f7fdce88d3db548,1,1.0
nazario5_000642_2096c0be67f6,tpl_95ee5eed44a149be,ccf69889926e9967b145c9498a2ddc8e5e691e2051096cbaee065c6afc8088d6,1,1.0
nazario5_000643_cb4431660ba7,tpl_afd6cac5caed670a,6fe2e0209ee985772676e5bc3911fc140aa5bf9e11ae2a5ea58610672924ec42,1,1.0
nazario5_000644_46020bd9c69c,tpl_cfb16270f24da0c5,c80b587fb12eeea0a8edfbc2ee71fc25466cd480df792d1ad197c12291aef88d,2,1.0
nazario5_000645_f41585f3c290,tpl_a6b97ba60a662fa4,be7da81440ccb0c75ded32e3350a28d585bc7fa7307dbf19cb3889eb16f82392,1,1.0
nazario5_000646_b1a57bb6cef3,tpl_32c61e6e40bb0cdc,e2f6a134c74cfd2b8eb87f9b3998556505dc02a1c48858cc88e04041e71753a2,1,1.0
nazario5_000647_b4eb04efc379,tpl_ac544415eaf47e1e,0c873153464a6401d93760052d89d9da295d874b6a49d056f5c4a38f68aab9b9,1,1.0
nazario5_000648_058fcbd70992,tpl_81020836a4e7f169,d7cad787094cc23aeca225f5fda343b48a81c1bf694e1999862d4cd7d7d0cd2d,1,1.0
nazario5_000649_2ad8db3f8541,tpl_65d0a02d6ee0f9da,4edc9f178e59cd3da15df9b867afa764eff31c405715abd2c95ba292c91ff757,1,1.0
nazario5_000650_89d5cc0bb458,tpl_657e8623c58adaa4,e513283499861d364f10554f4abde1b475aee73dd9a549fdd8f484fd1aadb5a9,1,1.0
nazario5_000651_680304339c99,tpl_f585f228b8d79268,eb31a4f461b6d6cead59dda18aacea631fac3ad2a66d6ed65fdde9d2e610d967,1,1.0
nazario5_000652_78a3eaa18bc6,tpl_262430099152a69e,6c484aefabdca9db4ea8867cd601d41fc595438e106967477034d5e47ef4ed38,1,1.0
nazario5_000653_e26a2bfcf5b7,tpl_dde9d094532ed69d,3625adb59489495a8682a48fcadb918a8b4b9ce3320ffd804db163d606330e21,1,1.0
nazario5_000654_b751c9b30b95,tpl_88aefd3742f2692e,93d9ce482cee12fcb0340b6940020f3e78a994f21392beac716899bdab124c49,1,1.0
nazario5_000655_112a3f594ea7,tpl_1c6cc06992625496,33bdccaabf2c6e5541f37f022c0a4021f1ecef77d8460b400b9cdd8b08eacf26,1,1.0
nazario5_000656_efe1251619d1,tpl_136db5fe24cae093,828890e05fdadae53229430d115b138aa290e2e26134ffee1ab624f30daf8d0c,1,1.0
nazario5_000657_79f808d3aab6,tpl_49252e3fa15fb724,7fb862ce0a6faf759c945c1489809a3f9d484f5116d10d9876960fc059c2684c,1,1.0
nazario5_000658_e3e6a9f3c611,tpl_93a869c00665243c,943f8ac76feb4b42cdc1b9a04643162867664917049a75c96aa6f99b46538cb1,2,1.0
nazario5_000659_582e66c251a8,tpl_2933e1bb86175858,50b2c41f27302070b4457a53420593277359410e5ff03924f595753bf1ccc52f,1,1.0
nazario5_000660_2b554099db80,tpl_af98b93f1fffdaf9,880dc1529c7449dce7cb71955d20253d6cb15d5d9ddbfa91f3396e59e228d86a,59,1.0
nazario5_000661_3d9c7731a109,tpl_af7bb9c6e1fefd22,496fbc10c0fd5d95ac02b56036e80b4f38b9982c4ccdfc8077aa45d6ae6c3589,1,1.0
nazario5_000662_f6ded65c20a0,tpl_2840acfe98ac5287,db8902f7e4336e8e1438200425862de1af9585317f3d3f1f07b833f8f49b49e9,1,1.0
nazario5_000663_79e937ba2ad1,tpl_f3e789d442b28e68,226256acbc789ef6540d408b58aeba366ccab9323e7e5974aef68383144aa671,1,1.0
nazario5_000664_8d783d7c5d9b,tpl_fd199227718fa6f2,d44f666bedaa17acc688df4bea27a233da369050659b96bd5276283457c4ca99,1,1.0
nazario5_000665_6e2e0ac287da,tpl_345ee112f5a748a3,d40ef95edc629bd3ae7ac809e4591e8ed552b6b9f00afb7541c2f976ae4681c1,1,1.0
nazario5_000666_76398d44f5c6,tpl_369ea22d09bd15d6,13e302b62e516e40234794f2b95ea9388de472bcf2412438588addf7b20ca35e,1,1.0
nazario5_000667_279845739081,tpl_faba59b02ccdd435,84bafd5d97aae0d0c3b437767c873ab6a8f85d60c5e6e7297c646417ef1a25eb,27,1.0
nazario5_000668_30a518b84b19,tpl_7e1c0012c6a500fd,106c1e85721c8633ef91726551d03671f9abae0221a596e18b06f824238f5ada,1,1.0
nazario5_000669_407fada3b604,tpl_e6cdeaeaacfa14f7,5959e6580b6cadcea1c8748eb017b724aa80dd62e73e07a6200581c5885330d7,1,1.0
nazario5_000670_4a2439b946e2,tpl_aba92c271bf961b2,2e6586ae909b2867fd28cc7d17de29cc986d0d1b3fea3a57faf5d59834f0e55d,1,1.0
nazario5_000671_653beb13a70f,tpl_d3ac5e5b03d99c6a,d057d8b7a9db9ece2e561d39a2204e17e80ea16ab155929f471ba7d11cff93c5,1,1.0
nazario5_000672_b7f185dfe11f,tpl_4a0704e8a1e057dc,710144a1473629c63e6f0bc14293dd54f2a5a234c94c1e24a95675f7894a6a19,1,1.0
nazario5_000673_9e4dde548b85,tpl_57f92d81b5f70ed4,0c65525de01cf0cfd876e10bc0a5f5cccfa6b0de661fdd42b7c5ce351a0b659c,1,1.0
nazario5_000674_d017fedc15cc,tpl_094d27ff5c41d40a,6ce2e5efb3d7dba7bf3ad7877b9c6a4883ee980067723d78a67bba361be9f45e,1,1.0
nazario5_000675_101be4b45109,tpl_a03017c536fb472f,f4c9c25324fc823977b6d2d3a0c8ec4d2e04224703028829d7f8822a9b688b71,1,1.0
nazario5_000676_72a653d20698,tpl_8e29021ead43a50e,3cc1050780f30a204c503519176a9725cd2ce4c3594b8cee786596cd14151ce4,1,1.0
nazario5_000677_9e88a109f25f,tpl_9db969f92fd01603,275ed572104c539a0ce09eaf6d2493243947eaa50afd3e1e9d5fcf30a5b4e82e,1,1.0
nazario5_000678_b2015e5c1ff0,tpl_33e236cdbd015b9f,206c9c823f1794a393a5b546a8536bfff00bc57bad8d62909fdd52ad0409b571,1,1.0
nazario5_000679_2a4e869e4bd0,tpl_131d84e738a4ff1f,69bf2e22e913a452037081ca87be4cca96335a8492fe66010adacb07392e374b,1,1.0
nazario5_000680_076f5ecd18fe,tpl_763a3da8510bda9e,d4befffbe518d7927752fcecca22919b3efce82c17e5abac58d526f908e11af2,1,1.0
nazario5_000681_52e520fd6dbd,tpl_844f165b937f7525,2bc384d4768b59ace67841c598b89ea091e6a9bc758f418f3ada098a48947635,1,1.0
nazario5_000682_482561142e6a,tpl_187e4625716cab58,f9c3c62611d7d2c812aac1f8d69095c188998007c7b68c6c9864b01f7b9c992f,1,1.0
nazario5_000683_33e157fa4c03,tpl_affdc8f00f88b0e1,288d43f3b1e03e332d16752fbc2552019cc6df23b102d1cd338aa56fb32f0346,1,1.0
nazario5_000684_156b19c64cf8,tpl_1d49ad55b9853bef,7309abb1c30c87ff6fa15de4b23319f2feb9446f8053bebecb6fcfdf634a731d,1,1.0
nazario5_000685_e3fcc9121066,tpl_b54bf3f6b4ef6369,beccc8f424b967dc9e670aba0fa889724ca135a7f7fa5b464fdf57bfa95b970b,1,1.0
nazario5_000686_29a81bf1e3ca,tpl_0762e3dcc859416c,4ef73f99251b01ef7f4c49850e07c0f79e94d05236b460cd95d03bd1acd202a7,1,1.0
nazario5_000687_eb6d5352d85f,tpl_1189c52fe30bbf49,11d5f833bababc6461119e44f80d178101973308165911c88580d152e2a71671,2,1.0
nazario5_000688_971b78e7f037,tpl_5a0ca11eeb6c99f9,2a205f40b135afd43ff3cc47444c31b5375dedf0d2cca253e2a47677899c0be9,1,1.0
nazario5_000689_1cc46c27ead4,tpl_49fde315b2dc0eca,0284c20a4d5ea74906b3cf9e238858fb5c33bec7e52d70f9e0e10db84257b653,1,1.0
nazario5_000690_bf2339414b8a,tpl_a0731c09ea7ae54a,200b3b90c1aa3344b1ca5befffc8e2a686061e769659203ef5463f8f328ac30c,1,1.0
nazario5_000691_8ff847b075dc,tpl_ef207be234d81de4,bb2481a1b2c0f5c8c5d4c54beec678bb3724470c26ee1183d6fe853b96d3e92f,1,1.0
nazario5_000692_4e756b70e516,tpl_141eff4f08932a6f,4011ffc5419a0daa3e8ca322bd9397abcc4e3490f5a509c3f5ba9db53ae9d7e5,1,1.0
nazario5_000693_dcf9729c6299,tpl_44824809d4da2f6c,d08a0767877538579ddc0b9701aaefa95eb1cde39dae236efa2f83156e46ce85,1,1.0
nazario5_000694_bd6dc83cda2d,tpl_448205ee3aa03aca,01e80cbffe38d8fc9c9b11f3d7afae651a7320ee4b0ce23391875fa7f18336eb,1,1.0
nazario5_000695_fe6d7e9a2f87,tpl_79e0d9f60a93b148,64fcb016db346afac13fefb7f92b6f37e52b72eed9002dd1da9b7a5c183c61ff,1,1.0
nazario5_000696_5d5689a7281f,tpl_e6d8461a05f76db1,e2cb0a86c2d229242466038d8e3ca500e041a43c741eb78fa53a2e6a10107741,1,1.0
nazario5_000697_89a785409415,tpl_fb04c00a93784c24,1a4a7e109a924052a67b976ed6c52011a4996e5025c3285fe9fd501adfc4f5ee,1,1.0
nazario5_000698_9e5fdd639f88,tpl_582eec6cb030fe2e,90e82af315fb3821a0fe72a95d6fcdac923d321697c6b329f1d53b28138f4922,1,1.0
nazario5_000699_2bef147936f9,tpl_311814df802c39dd,07027ff0c9079d1193b800d772cb6af452f9aa94e0a0878d946b6eb38e14dbb0,1,1.0
nazario5_000700_9586f321bf72,tpl_7d56c2e39d81cc20,0adcadafb62d2481408571b72c76fc66eb4829d7fa24f9df7abbd6b724c643e6,1,1.0
nazario5_000701_300be237231d,tpl_1b2e57f95cba2cd7,e1d37b9d4f4228904eae3b36becc30b8532a1456a4cbac3f2d9250a52f46d007,1,1.0
nazario5_000702_8cc551457683,tpl_43aed3b021970f47,25796c0cf9b8d7876c65f06b863a7132b59e752711ad9c291ebc9fa02f37e2a7,1,1.0
nazario5_000703_eeb9c58ef881,tpl_f0af33207d0b48d8,553200921878061f8db0dd5641bb63326539c01070ddc382fa79b577c8cf0d7a,1,1.0
nazario5_000704_349eca81c69d,tpl_01bae32ded6ea1a1,68f621f585bd38c5484c12cdc13c7ad6dc54c2ee00604678438dd8b1c753c903,2,1.0
nazario5_000705_86e5123fbbc3,tpl_88001e79de08f42b,9e529a8d40f1091b510edcc25fef40cec086bfe340384298e684ce1f1e5b3b6f,1,1.0
nazario5_000706_f98bd67bac89,tpl_eed22c537e0f483d,9b6095177b1ff1f02809aa4e37a109566da2744743bd2b3bcd0c2f02079464b3,1,1.0
nazario5_000707_51e985e7ec9f,tpl_3d14cfe0875a245d,e2295fda47919b88e8832bb02b471fc1a3b77929f664ee459aa85597755cf069,1,1.0
nazario5_000708_7051110fec6b,tpl_205ce15f373a0c69,02329e7537d0286610e6b1a90845c416b66d988a197e460de1081794906fdca4,1,1.0
nazario5_000709_a9dfd7314538,tpl_7c4edd1fb85a7b80,69b7de215c244e557c010023e417b5b52c975ad691caa9e2bbcf7fb5a335e4a6,1,1.0
nazario5_000710_0dec104e6325,tpl_af65a1195c57f38f,a1f0f9c3e000ebeef96c7885ca3516e6e543841192d8b764011419f2f1caccd1,1,1.0
nazario5_000711_b396ca984959,tpl_6864da92c8b34bed,b584113312368420a647927315d4df305f56e105dc24d30335a1f2d4594e9888,5,1.0
nazario5_000712_45080aade331,tpl_2e1b9102b6853af3,65de93f129bbe0523a907b1b21911fa49cc7c5e7e717bbb032aed87d6925c4ca,1,1.0
nazario5_000713_05420706a553,tpl_56a7fad40becb7f1,cebfc5c6f0f2dac22ec7cf686fbe79452b7adb6cfd4cdd577a7aac52aebbdd25,1,1.0
nazario5_000714_59b6026c0a25,tpl_71055c4745b6abc3,4c895942387888f8279907b5cca1fefee683c138a025cf8d472b3569718e3d0d,1,1.0
nazario5_000715_dc2c3a35a090,tpl_6968becb5fddaed6,b119497cc27d1d8401d02300def233a0742bcfb9f33fdfed1efab1ec7f4c514f,1,1.0
nazario5_000716_db834d3c9d1e,tpl_730286f8658dfb4f,554c8db46d2dbb9356f6aad8d7c07ea39081312be535942ba169a40d6ad3fea6,1,1.0
nazario5_000717_916449b56790,tpl_caa93453088efd08,ef991e57841e81c4cb4bc83fbd1c3771e3c4d3d54f11e3341540af42cb15975d,1,1.0
nazario5_000718_251162098272,tpl_8b6c9dbc3b566feb,adf9788ff7807168db27270bcb7d54ffab0d70d7688154fff03f780e369e0045,1,1.0
nazario5_000719_9a56066062bb,tpl_83056c6b50d9d6f5,5e57febec06176cb1905e8a3ac159536385e27352fc3dae0efcc1679ff4bbb50,1,1.0
nazario5_000720_f0fccc5bc83f,tpl_f795f5aeb88b0273,652615d1bdade9708cebf8f10ccbd2318b4bc840e28895a02fe9db06026f58f5,1,1.0
nazario5_000721_6380301efe69,tpl_a5e05a651d6c200d,ea8f744d6ada0cdb1e84af1f760c95ab72bef9ac8638ca08f0d988fd0492e835,1,1.0
nazario5_000722_2232b84a9a8c,tpl_0414da64a8d37cd2,f357c996c2e824106aed6921609e68dac4c477c93c86fa15accdcbfd2c97d6b9,1,1.0
nazario5_000723_1076a61e0645,tpl_39cb0e715879a67f,95fd0cbcb22dc0fffe31db9a6358c343e41c9fef9341ba44a00c2595505795c5,1,1.0
nazario5_000724_459b0ab56e48,tpl_da96d43f5ee9e676,1f60ecedfbf69715e629b5f65a70927e96c6619582a87d6b62668f343e00e789,1,1.0
nazario5_000725_0c4cff384b41,tpl_fe4c0a472ce77eba,c9a282f99d3214ee301b1a44296c96b2bc5fb9a21cb854adb9c1496f3cfd4aba,1,1.0
nazario5_000726_2d9ae1c6ecd2,tpl_56d5d46a2e4c2a32,d3a7d625d5010bbcf57ea8874e39e552fb71f8e021c57efc0ae74f002e66b752,1,1.0
nazario5_000727_f9957e86d59c,tpl_e870d5225ba1d980,b9865cdb715289fae27c80f8fe3505a5038e33ef907bf7ae0b86a86d873a777e,1,1.0
nazario5_000728_346939d3dc69,tpl_90eb9ad404b0e07b,9b0b57358b6d2d39e9550f300a4ae51342243bdff1f76834dc7689bff85e8f27,2,1.0
nazario5_000729_08afa383898b,tpl_3fef084a66f6668d,8a7cf431fa30892257b80b3328cdf513971b78046b5b4a5802a4ab0163b3b95a,1,1.0
nazario5_000730_a597a08538dc,tpl_ac89f2ae4257e780,4167f60e0136e5008fbc237b5c7bdb72f8851080a03fd9835ea87cc85adc69d6,1,1.0
nazario5_000731_a5d2907cd44c,tpl_2267f851008bb90e,11e61272bef127be0e4d7a71a1fcb0390c52881ec91121871ef84704689098e6,1,1.0
nazario5_000732_eda673e410f2,tpl_df0ad8b37e052e8e,0d849a9a1f080b148b583d75f6d2c2f54ee2446bb5334b01927a27164f10cc00,1,1.0
nazario5_000733_99622aed5503,tpl_00f5cf17be406c77,c4087b926ba81ba85b6aba51ac7ba103a8dc12af32fa78e97e13fe9af8aeb424,1,1.0
nazario5_000734_1724d6c5418d,tpl_764b0827f791103f,4d92b696ca4bba162e37547011623b87ed7b08309c8a2ab1a892e0525fa742b8,1,1.0
nazario5_000735_9f651e3ef204,tpl_8ca0eabd4902d49a,fa0ca9c2037a1ef1f90b3ac5680f443836f784ba43077a8a27f1f9949b176a4c,1,1.0
nazario5_000736_77530ead973e,tpl_2061d7ffa2afb4e5,38740fe8ea1db6c8aaf98f747a2dea5064cfd86292fb0c8bc5b2a925dd4f31ea,1,1.0
nazario5_000737_3c0ca366c584,tpl_b052bb434ecec220,0a0200fdade03070cb6de1c226223effa53a8118e0eded2fa05c5366c29e3314,1,1.0
nazario5_000738_650f1d005e59,tpl_ff14d65291761582,700faf2a9ee024538ac78f273c77af4b220cc45253e31e69c0fbf2e9db879e83,1,1.0
nazario5_000739_53cd46b96b9e,tpl_46f5f6f3073da844,302fbd627199560b2b66b121f86690755a044fc191bf803f43b1f4da9338170a,1,1.0
nazario5_000740_ce57e8588fa9,tpl_90eb9ad404b0e07b,e373c2426013536e0c461304ff2056a3c27dc7ef0ed8353d73d5482abfac7430,2,1.0
nazario5_000741_3344b78f9638,tpl_129c9af23f979212,4bbe78611fc82604812ef4906dd53af0e93c7c36bd5f46752ec5d35faa5d8d6e,1,1.0
nazario5_000742_cff49fc5cdd2,tpl_6029c118e20bcdf3,8eca280d887c14ea3ad00b59575a1edc9fb9543638afe2cd7d9035af1b1d6291,1,1.0
nazario5_000743_e1a0de57d26b,tpl_9b8b1632cac530ef,dc796d0b7d53592300e0f20a730eec4d9005887e334b633186ea5ccaf2de04b2,1,1.0
nazario5_000744_645a53affda5,tpl_d7ef1eb9a78b20e5,a3ff857d7f8a7971d9efd0bb6dc6b9dfdee3ed282c55986eea5becc16feee655,1,1.0
nazario5_000745_965dac409610,tpl_b365c3795e165bb0,eba0f495da9e39888675295a88651bf38c1b0ac478e2f626ea02cc5daf5faaab,1,1.0
nazario5_000746_f942d349b6c1,tpl_18acef122d1235e1,d5274a40cc9f13b583b3996ade804b0c05c39eb20c675fd7ee6699da35708c6a,1,1.0
nazario5_000747_e9340524bf48,tpl_6864da92c8b34bed,96ffe18df3e19bd4c568a38644062ef6aa9fc87a91d8f07c1b487715088080aa,5,1.0
nazario5_000748_88b2b143404a,tpl_5f6ba35f3ec59084,2f6eaeacdd83d8b98ab81aa2fa8eda9763bc1f0c23253bf385415529c8d918d3,1,1.0
nazario5_000749_408a98ef6412,tpl_6cf508562972b883,d488d73dd680257365151152aef222987266ce1d593651dc100bc26bd354dd02,1,1.0
nazario5_000750_ce143fd24d5b,tpl_40ad63796e3329f4,9969797596ee4df536fe7750f14bfedceef8308f97848baaeac40dd5db5c941c,1,1.0
nazario5_000751_962619bcfde2,tpl_d19b310121fea637,d6949183ab1b24ebbc97c6ca37d4659e25093215a2ac76478edb5ebfb105618f,1,1.0
nazario5_000752_869772db4447,tpl_1ebf8fcc32fb156c,52b98c80ee968fd7c0e11d2d1cdeef82de3aef5f8a6169c1fadc30c782a29396,1,1.0
nazario5_000753_ae5b41cc6da0,tpl_ac662ca4baaa59d5,d9f0fab6bb6955865c06d05e8df90c94360a74b18e3551764272802723db19e9,1,1.0
nazario5_000754_4d47cdff8ae3,tpl_9a933caa3acd4036,214df42c7e4e846db174c1f4a018e90516799b135bf17e3badc6785af015d166,1,1.0
nazario5_000755_bdd2fab41e56,tpl_33c658b412df124c,f24fee2f76315d5718170b29e88a7b8c940623dfd3931cf61c725d7bdf33a26b,1,1.0
nazario5_000756_3e4d8a26313d,tpl_4bda347480041b8d,4b664d891ec6f237d056bcaa5f2343474201052661f04b499c3b5c94b79d4209,1,1.0
nazario5_000757_7b9ea6dce9ce,tpl_ba235e698723629a,cf5955abb820c1099f796cfdcbfaca8ea4a5dc173b553938442127de13c5555b,1,1.0
nazario5_000758_db264b59159a,tpl_900426be69a39370,146befee9eae3f1c63ecda973f8a7dbd9a18200e0fe328a04dfe36282ca52016,1,1.0
nazario5_000759_2a9a2cd10f12,tpl_9f5062d7a126676d,432d5abafb76ce74b0896c0f1771ef8a169c976f3d98fd89c67747cee83ed188,1,1.0
nazario5_000760_4c3d0723d5b3,tpl_e038fc63b9eb3faa,c186ca37c9622132c0c2295373dbcb103a7a4ae4c616555b4f59369423c76a6b,1,1.0
nazario5_000761_6dfacd181e05,tpl_c5b20f30eb8337a7,f77d20019647e690fc3267b6d000f36c48fbce1183ac21bf9b58690f8d949b55,1,1.0
nazario5_000762_fc8eabaad6ce,tpl_7d05c6cc932b0cdf,31c34dff29ea13a730488638c5d8c1fb2373ffe1ba2447d4684bd90c6ecf3139,1,1.0
nazario5_000763_c82bab7095e7,tpl_be4f4d14b3462e29,80f37ab3db7faf8a37732cf46afcdab9fa0068ebe546b29aa4c90a1a14896a89,1,1.0
nazario5_000764_3b898e98ea48,tpl_d03b85c60a12f0e7,b4c92954d314caaa1156319f685a5b9c121c743ce0262991092a34d6adee94b2,1,1.0
nazario5_000765_9c0bf3c86217,tpl_27ae3343189a1f4d,b5e34191045e4e40f61e57d1224ece420488e51ce20a472c50b1a07ed00277ce,1,1.0
nazario5_000766_6d0ece30ec00,tpl_61b4a47aac0f4c61,5c383c04235876c760e25c94cc8a3713168d06cccd5605f9a442cd7561b59442,1,1.0
nazario5_000767_ae31629555c1,tpl_4725a8f091e0cd0f,d39a14634d5b901f1ef2eca1a245500b54eeff8b14b3ad3a2b1f91195896affa,1,1.0
nazario5_000768_288eb673b58f,tpl_fe53a07d7b16c774,11bb721e34b6d7e10bfe25de7375daf73c48095ffafa44cbec2f5491816126ac,1,1.0
nazario5_000769_e3d608ccdcfc,tpl_d796617baf642b94,428b0a0b9a4b5449beb7c0506e3fb1c4483926f19f1b3b6e0f2c01b987abf756,1,1.0
nazario5_000770_1208a3b118fa,tpl_adf18401f026edba,3f7f536f944c208bd6ff30d0d57019f4949905540ad9f1d39dcc64c8418bb736,1,1.0
nazario5_000771_20452ab17a76,tpl_c77e31e2256cb125,f1d84fa4d62846dfd88c88acb7bb3b536982e457956b383dc46146a1ff0b8967,1,1.0
nazario5_000772_421cc2a31c05,tpl_bc9595624556bbe9,6fde5df7f0b512241a830db40264fd8a73372f8765b037010a21370d7690128c,1,1.0
nazario5_000773_4eff8c114dfa,tpl_eec1ae364ab366cc,5eed11408768fe6e8c1fa0d5d86725fc0148fcf3f2fc6808506e23d4ca7ee16e,1,1.0
nazario5_000774_6251c004c890,tpl_d39e558979fa09ac,2f30d74a7a87f78f7a4fcb3e65b7237702a0f670fb51aab283269ef3c0208021,1,1.0
nazario5_000775_c214c5ee91cc,tpl_8d48cfd2829cccad,00be92c9d4cb199f8d6a9767e1b9121aca55f37d10e70abe099fb0f6cecf05fb,1,1.0
nazario5_000776_010366e237e5,tpl_b1823186a7263bca,834b643409617fb354b17cf4ca84bc997b12148a85b81fbbd0cdd13fde2cc04d,1,1.0
nazario5_000777_452989980af3,tpl_784c0bdcf80e9f77,6f788b3f64a0f5bf83cd7a8fb579999cf2765fcba69ec0ffc871c768ccbaac6f,2,1.0
nazario5_000778_d20f82c9a351,tpl_2898a367bea7b51b,ac582b6ae3a479dc2875ac0662602ca86ef8c8b7a959490d8ddd4989cf573f13,10,1.0
nazario5_000779_95d890e90374,tpl_a413d5967ce27062,8e01943d22ecfdd9a8954752b454f3e0e791c7fc9f0fc43ef9add29750c077c1,1,1.0
nazario5_000780_8cca0e4f86ee,tpl_3513da7f5a2b6cac,deed92344ec3eb49cd4a067df9f50fc4d38d55222d9c0ebf872f25037fafa2c0,2,1.0
nazario5_000781_c8597a3cf15d,tpl_779318b9b9952758,c9d276f72cc760daf28e5f5e37fb2125de423513c7211752f840492325a7058b,1,1.0
nazario5_000782_0e7001d13378,tpl_c4ba2e035d797e52,04880f40b61e66afadd7f00f3d3277ea6b4dc8d333f96e0557517ac66139d712,1,1.0
nazario5_000783_94bbbfc43942,tpl_051c4d0bded1b905,69c6adf050bc6c11b7c7eb0bf6f1ebeb7b6a676fab2efdc8a42bbbd331dccda6,1,1.0
nazario5_000784_57d7d130e83d,tpl_6864da92c8b34bed,4c05c4384f53047abcbd445228e88bc017dfd9925847b0e8638f100c56b24d75,5,1.0
nazario5_000785_f6aa9aafefbc,tpl_784c0bdcf80e9f77,37d9cac6cbe6309a1d830c1cbdb96883d2faca001ff6caf92478b85e95ed04e7,2,1.0
nazario5_000786_32dd46a0f54d,tpl_a34d7f28a21f7768,8b06fa619e6ddfa4e58308d00bc712457318d6dae6267c67b6f214bae27b98c2,1,1.0
nazario5_000787_d6b0ef6d2f08,tpl_18eb5f417dfc6e9a,aae081632306ce7bfe180bd3519665c87d5aeee68923735c307bfb35bf8277f7,1,1.0
nazario5_000788_6ff905fddfc8,tpl_984dbb19225a8595,4eebc5fa48012d43ef6c016c245befe3db6e541d37555591cefd07ab74097e8a,4,1.0
nazario5_000789_ab2b0c0c33e1,tpl_50ca6cea03089db4,36adb9f102d035555f1859d37b39f740d2a271846cc48d68e0fd0ad365000521,1,1.0
nazario5_000790_9e55c91c9340,tpl_d1de94de80214a56,87cc96aa1dfed41b377c654c81d352fa250309cdc1479e9c0aac7b3606d6f5b0,1,1.0
nazario5_000791_72c81fd58497,tpl_c9c92976b36239d1,c15684c1fc2405d4553f6b30b2a19f71918a73ae903b47c83b982590875938a8,1,1.0
nazario5_000792_a6fe24f5e002,tpl_32f4d97adcc48ccc,d86fbf0aa270950f6827f5b954a96d1e77bec3f51644b2d535920c0d387d5f18,1,1.0
nazario5_000793_ebcf68fcbf52,tpl_5e21bade3d3e766d,574869dbcfff703dcdc9a01d831f1a2017caefef01d63d54a8d28b328059d48a,1,1.0
nazario5_000794_4c64d12e527e,tpl_464be238182bce1d,4ab2e831ac43b0d5c36122d0a01598adc9cdd9fcf9e771eda4df9bd1d814b4fb,1,1.0
nazario5_000795_947c296b8161,tpl_c04d851c95766093,d4a4a52ebb2f3f665f7d86b2886173a09b1a1589ab29704e2fecc9323d6f0234,1,1.0
nazario5_000796_ceb4e81f5532,tpl_9e63d65d0f229e2c,69ca6ec78ce59733913d2e02db18f39df395cfab5ebf655a94e61ecdfa74b522,1,1.0
nazario5_000797_311e0ac7981e,tpl_205e25115a09b08f,e7802bda7d0ac1a3eb786a6306754d988abc8d555c169d23d9c34fabd56478b7,1,1.0
nazario5_000798_30f38518f083,tpl_5dee00165fc97724,69298cdf8a0d63c6d790249f65d89f38a4e8c8ef1b5c4ca1dc28585e648045af,2,1.0
nazario5_000799_5e8965e202a6,tpl_3825a38b7cc2b453,7687ce053f3836e2fd18a915fc15b0c3103ec2c29048006527109a28917c6cc0,1,1.0
nazario5_000800_44dafd0aecf5,tpl_c9444d0ed964144f,24c5749814f8c9b4f58a06b192e73ca45991191f1cd615704da66ab5874371f3,1,1.0
nazario5_000801_a79008b5353d,tpl_a6d815d670f53e25,873ed64cab4e34ee6106edca7b5b612f0f836aeef5afe75ff928e2c1d9460262,1,1.0
nazario5_000802_76cc7315d5d6,tpl_ff41f49dcc03cf51,d39a72f4869fcbfc0ae4b2514dc918ccc9a657b6eb61e331df4d0bd54cbda3a8,1,1.0
nazario5_000803_b4e4f6d8174a,tpl_01bae32ded6ea1a1,4a77772476b8650f555023e5b0655e80f24119b76e5554705167ee3093d72c97,2,1.0
nazario5_000804_688a2fb50e5c,tpl_cb2da2030b535dcf,28982b9049291f59b9e7c8a9d5111c4d09d9abd1523c13445ccb792f874a12a7,1,1.0
nazario5_000805_2edb18c6496b,tpl_52358bd3c1da3750,235d4bc7c5ee96a38a14e10e02ad903cfb52e0992a7948ca10788d067103c8c8,1,1.0
nazario5_000806_346ea7aabc63,tpl_8c5590fbe57a46af,b3adb9cdd192e14e71259292d48dc7cbb7839e4692c253a121a2a9122ab30b23,1,1.0
nazario5_000807_85e575bd9445,tpl_6085faa76310b151,d9a7251d7a12c40e04bb7ee364ee01d749fc6813a885043b59f8d04209315142,1,1.0
nazario5_000808_8f327dd02f24,tpl_920a73ce0df563bb,bd04f909c063b872c40431255785df4d07cda0a633b5493e88da01a8d3fec998,1,1.0
nazario5_000809_c98d27ffdace,tpl_d81d876aaad31bbe,619a36edc984c9373a261c9824372c03e770b209e1effd5bd825a938f5b1dd21,1,1.0
nazario5_000810_ba1f46173ebf,tpl_cc5b651ea353781f,ed999e6b11d7c2d82bdef72cca1a7ce4c9e2d2bc81abe42758f818cf0df9c0bd,1,1.0
nazario5_000811_1d71ee15dc73,tpl_d4eaaaab34035bb3,b81fbee18d80d0a23e8fdbf52a70a90328c02dc28acbd3322f17e271eafc709d,1,1.0
nazario5_000812_833181f2336d,tpl_f646f754e2ae08c8,2eaf427428e56fa487c8d823b9eadae313a9635f95c6cd417f6ae96b25b05e17,1,1.0
nazario5_000813_6b23cf008886,tpl_8f86a846e675fde8,aaeaf2075470c07595a5bd812a02de42ec4a76ef839254434293fb9a2c089883,1,1.0
nazario5_000814_b65aaa547f71,tpl_93ce816d6b23b770,ad468addb6025a97932532b3de7e8a22ad31579455bf780bde7825de6071e450,1,1.0
nazario5_000815_49a5518a2041,tpl_36b9d318b83ef332,5b71081482e7f52c29759230afc8912d4b4c709241bffd61ee3b72cf30205b5d,1,1.0
nazario5_000816_781e4a43340d,tpl_ee0a3a3dc544aee3,570e85fcec8a3e8935f8db665271c0841ca8e8062de32ebcb6f6772bc1cd20d2,1,1.0
nazario5_000817_051a12833c2d,tpl_a6fd936d1c3b8665,50ab9ab4e950eed94129556950d3bafa0cdcaef0e823d865ccd3ab9a00b9fe42,1,1.0
nazario5_000818_71804d9a1b27,tpl_d1bbc6fca3e8bd58,c6a62c073bd9c0f8af489b7c5e53e880a8e3be787865eb24f9fee2dd25f911c0,1,1.0
nazario5_000819_e380dbb60d5a,tpl_9afeb0272027c770,3db705bf8552aad459d5972387c81ed76a1a1b1f603c392313e935fa35c9b9d2,1,1.0
nazario5_000820_4120e173152f,tpl_864b8e0b2724c20b,0c8ef74c8c27af3f103c023852f3434de95f495741a4225d89fd6d718c1d50ab,1,1.0
nazario5_000821_3f7c5b89df7b,tpl_7e88bf7b159c8a05,285961ec1bd2c87e92f1910195db1a475f9e9418d240d4760f4dacb4ed15d648,1,1.0
nazario5_000822_1d2a976ea4b5,tpl_95bbc3d6a7ab2de6,eddf2a8fad74a69fceeebe51b0c4624ba1b453b0e420833c87ca1333a3803948,1,1.0
nazario5_000823_9d206480fa07,tpl_ab4a1bcceca2ce1a,46e0dfe8d985f2d319569c05b5371880ed0e2dba8b2380b199da305bd1ef63cb,1,1.0
nazario5_000824_a09ec2c4d0c5,tpl_83ff19360ebca231,3cbcc7c2965b4bac7cd88e96d900c889971868dfe6a3f56a0b43350fffa79cf6,1,1.0
nazario5_000825_34c1aa6031d5,tpl_8be4ead50f80e74f,d9c4ac49aee8f2da138ee7dec4401bd666dc82338628451c21c3f078e0b8c186,1,1.0
nazario5_000826_51fe060f68b4,tpl_52b464970ed91a28,02cc5daf4bce7421990af7220af06f995f08547b26cd002a5dca1a2460fbb54e,1,1.0
nazario5_000827_5e1568b208bd,tpl_dfbd9f20819da080,6563024e44c973d0c27cdde318c8790f931f463913eb70b6ff828b0ca6dbdae2,1,1.0
nazario5_000828_31d9af5e4d39,tpl_31dc419b1e231e22,2cdaa9664c9033a7ef23603fb550d80de3595879393755ce262740027c6737fc,1,1.0
nazario5_000829_01463cf8235f,tpl_c90547f098d2f26b,29af84de1d9a34447e81bae4ad91b4a14d624ea3b5354adb96b6946a523358d0,1,1.0
nazario5_000830_66dc7f4691e3,tpl_277f2961e154cee3,6efdcfeb8ec25e3585093799aae57332eb3d09ff7e7de2386ad6c1c29a9696ea,1,1.0
nazario5_000831_b0fd24c6f25c,tpl_948706f27c24424f,ed438ee0c420d4735c0027269794b8fde7fbf98a35831b004d3a843b21602fc5,1,1.0
nazario5_000832_ae079165ac44,tpl_02f9d29787baa239,89570c4ca68407b12f01536fa2bf00f73dad12626b9bf5e8179bffbc02240745,1,1.0
nazario5_000833_808629c20033,tpl_3a934a34cecde723,858e6289588403257f0256a16bdb2fb2ec56b4688029b3ff577ca445420ae9f1,1,1.0
nazario5_000834_f007a4cc7cf9,tpl_6a0fdacf45190360,2e3a83a91894cbdd3813ca0ed7d2f1ebcbe42645a9b1349211a57ccad916f097,1,1.0
nazario5_000835_073fdc20cdaf,tpl_9d418146cc718827,c7b4465c27d7108a3c52a693b9d7a32435cb977a906ab0f18e6fec6e1b702cca,1,1.0
nazario5_000836_1a4a1f50e3b3,tpl_53f1cd5ac9f2d320,fd7d3d6009de361050ade323a8260b611f21bac729c0cb30594b9fa6f8c3c4d5,1,1.0
nazario5_000837_c72cd4b05dd3,tpl_c989407cf57a9d06,ac6c720b3e4f58050d4b4840caf9a4022fc6fad46c5b3fa14f49093e1357a63b,1,1.0
nazario5_000838_32aaac3f2267,tpl_3bc121a2ba96ae07,d18568de2e8e1fb2f94ced535800250fd275ca6b57548f3781b5b8debafe72d4,1,1.0
nazario5_000839_25c124ee0462,tpl_2ee601820815a58b,184b50ad293aae6e0fca5d5dd70a1a803b85cf201d51b5b0a8dce92057c1824a,1,1.0
nazario5_000840_63887d37a036,tpl_256c264751778ecd,1050fd683d7a224ea27106cbe2d81dc520a633b3934f52fb3c8f2b899f543e86,1,1.0
nazario5_000841_0aa14886f926,tpl_56991f2250213be2,3a46c530dedbcc03bcd91557c78fb342953fd7fe3d4b1f6e5d25017b6c3b03de,1,1.0
nazario5_000842_36e67a689cf6,tpl_06fa6e48ea8422d5,54b4579297ef53c47dad5671a3515dfc2b54e17ffd02d1cbf251613b22ce3e0a,1,1.0
nazario5_000843_2bcf443a295e,tpl_5bcebf7db6c6a021,5998b96422117599bb939e72f4d9dae9c4d94eefed6ab10b494bba1c7fb8be55,1,1.0
nazario5_000844_77fac1c4cdbd,tpl_878935184bc124c5,35adaf1cb1d016394e6dba1f60acbf4a5676394ea49f4369afc8ee96e691769b,1,1.0
nazario5_000845_eeb44b9e81b9,tpl_a37ab52011bf771f,75f8b079c6e41071baa67fda9fedac26b3bdd5becc10b3d1913140986eee7008,1,1.0
nazario5_000846_7d8eeecdbe09,tpl_11be327050ce2cd3,c5afc217fbfe75253fd0d0e46eb03d843655a61867f4caac7c57c56eb9873e5e,1,1.0
nazario5_000847_919ea074f4ed,tpl_5be0541b9d87eb19,633374db527fa6a15838078a7b8eabfe12a06bfa73d29d796f2208f9611442e0,1,1.0
nazario5_000848_257d754843c8,tpl_091e3d350c8c2ee5,93c4225ceeb2ae80bb415870279607775e174f15e23aea951acf69bf55dfe571,1,1.0
nazario5_000849_2f9a0a6580d1,tpl_42f2a480ebd471fc,2c01152897fac3164515782703258518e7b23382dd84441d3f39bb6d7d87a677,1,1.0
nazario5_000850_0dd84a3affd9,tpl_f9fa39cd2656fb83,05998e09bc2dda2e402239c68c9e775d79d4b18b45c5b4c0cd5aebda74a72844,1,1.0
nazario5_000851_5c44acb76712,tpl_d0ced70500075b88,f4b146f32692b01f0039bdffc575136fe3d4b35bb511855640d759ce85cbf601,1,1.0
nazario5_000852_b9a183c05e47,tpl_d53d04ce5b6fcfde,1ec27a0e7d7354503173e91befe1398b24c116e3d0c684eb98d886f0b426f6a2,1,1.0
nazario5_000853_697d71bbb8ac,tpl_cfb16270f24da0c5,92d73df63c994f20b99c935500525db236a6fc7ad37acddc473a313659d1689f,2,1.0
nazario5_000854_a21b20229691,tpl_fe6c0c2df7d7bb0a,986b1866f8fdc70968cca52ecec6ddc21d10b0629452579824688e994058fe73,1,1.0
nazario5_000855_b13f52d0d32a,tpl_af1dcfa80e110cf2,10bbdf48594621eca92ae211a400dea3de2f65e12dc1586d818ba128c0bb8ab4,1,1.0
nazario5_000856_033bdc30a08d,tpl_a862db6ce492baa1,f805904e8bc467e4cbaa163a32580f51baa304fc4c0bd901b2d8c7f80448ec2f,1,1.0
nazario5_000857_624b53789467,tpl_5dee00165fc97724,bebb677c9bf56d908c5276d34a193cdc7653fb691bed84adc07904852fdcb1db,2,1.0
nazario5_000858_5aa38d4c04b7,tpl_a4b3ae33cbb23cfb,62e04d38f8999e59197fa219221e3174873e23a66353fa42dde331e29c921c89,1,1.0
nazario5_000859_1fffb7e1013f,tpl_f7c972dd23b4f2ed,5f8163ee0f50a814d6ec0ec3a5ac5e70fb5d2bd563e9e2e76be5d82aecfa2cfe,1,1.0
nazario5_000860_5bb2c91f05dd,tpl_ff3a6347afa13612,638eb1119f2f255787bced26f11d742ef531f289804facbf23db982f55640255,1,1.0
nazario5_000861_34c7f3e6322f,tpl_984dbb19225a8595,de3f86a37696d3ce4d79857b39f11064c518b895f7322faab2ecbdcd6f72fa24,4,1.0
nazario5_000862_9c487e36a627,tpl_984dbb19225a8595,0511952ec1d73d26b7d127cc4d05e7bd2e8a89f0b953af330d73162fdb6a3e49,4,1.0
nazario5_000863_675248fdf816,tpl_1677d6da0946651f,46830eb7c46cd42b3578f49170685b37ffb9d447c53cb1fed4cf89d347cf84f0,1,1.0
nazario5_000864_1e6e743057ca,tpl_e9c3fc04abe040db,a409034f1b6dee2bb807acd8de052c6aaab674080f92faf736111b212d43dbae,1,1.0
nazario5_000865_30985e523432,tpl_6aa2297deb225df0,a38c77c898785a0dc987640f8c423512b626f35b951167cc38a5a01ae8d2d8de,1,1.0
nazario5_000866_809231be4236,tpl_d3a25b42dfd8456d,a36bd7b2e07cffce7247bffce7228bbb8d9d7176b085d8db04cc0b6566932f7a,1,1.0
nazario5_000867_6447655cbdd0,tpl_b56ab74809633a39,e26908fc0c433cd28538f19299db9e045274afda51745f67296817282b06c139,1,1.0
nazario5_000868_deaeed188335,tpl_0588f30fbeeab07a,e69355882caee756bec99877e0b248f41691a309ce4349e084de3cfe80a42b34,1,1.0
nazario5_000869_bf3cf892fe7d,tpl_026f123d0b76d4a1,b09f8e71ac8fa609be8aca14718ff9dbc4a10fd7a28750062d1ae667aaeb1b45,1,1.0
nazario5_000870_d4ec80c0dd5f,tpl_c48b540b00d69eb0,e7a3f0248245952c956c5145e7304a456640bc5865733f14f688f3b677376b5e,1,1.0
nazario5_000871_e112983fd19e,tpl_f007b2f7faef283e,0e18a48be33825f54702810ae979c7e7a10e7d2bf670bfd3fbf9eebe75e670e3,1,1.0
nazario5_000872_7c385a7bb5e6,tpl_f4af421dda119ea0,45d2539a2a778bd5ad2b33a50ad1b077d8f3b6891b46a8676a22512bb8ef0753,1,1.0
nazario5_000873_582f83653bbf,tpl_b972791f515f9834,57bf4c9fd1e778bea39cd57c69bdc8ee10bdeeaa0fa81dfa9f23eb2bf069fff9,2,1.0
nazario5_000874_cc91dcd99fbf,tpl_6864da92c8b34bed,4c052352c79360e10d5c1eb42eb7137cb94a28484d959b081c97cb40c058002f,5,1.0
nazario5_000875_77b96a2093d5,tpl_40b33216d2fb5fcb,99075a0374cd7622490d405a20ab44ab2cbd060410dd094022523948a92c6cef,1,1.0
nazario5_000876_3dbaa0c45f87,tpl_cd5a02738ab2a740,c0bcc66f84905e7d33d157adec86a6e41b48b40fa0b598d10ae4c7eb460b3488,1,1.0
nazario5_000877_4a692b17e90c,tpl_ca4d666b533dea9b,e24c9b18b0cb8be121301d06179b5b33a3f167bef1efbbfc520b9239d6f21e22,2,1.0
nazario5_000878_0ce8efaa3c2b,tpl_ee1649194a72e84b,c674d319c43350f7e8be56cde4b30eacc72d4651c1a423f3ed7f6d1ee34333f3,1,1.0
nazario5_000879_34d6eaa1b5a6,tpl_71580859551f3cf1,e884e4917a3b3a866bb8d7e2dda2c8202645a914bd0b5f74e31af8764e498cf4,1,1.0
nazario5_000880_0bff3af77270,tpl_b972791f515f9834,e495e9f6dc39f0b2040ad05b634123d7399bd33d41d9be09a0634ccda56b7b37,2,1.0
nazario5_000881_60df738793b6,tpl_b58d72f022a779cb,d30555cb6e18c54acdaa0183ca0cf9b05f748f20077039ed7a2bed8c11bd17b9,1,1.0
nazario5_000882_351142856200,tpl_5bb483602f81592a,f8ac75b5fd5d3ab765b60330ee28154a34cfc10052c2d51a1c311c1bd4b2a6f0,1,1.0
nazario5_000883_bf9dd7fef2d7,tpl_a16162a133ac55b1,bebfdfd556b5a8578a8caf4de29199c045640e1aac542da7e35bfbf0d2af4884,1,1.0
nazario5_000884_9b63d8c08dd2,tpl_c83450cfdeab4c6d,38ba4edb4bc98640f2767ad7c5e2759bfa7535baef5e57fb5c6ab82d60a953dd,1,1.0
nazario5_000885_517bd61e8217,tpl_73d10baaed7e7451,ed4b25cccc599a8f1a4ede1e9c88d63d0241fd81f8648e5e00946beeab6ad317,1,1.0
nazario5_000886_262f79e57259,tpl_a2f7481e9236f78d,f54e0000534bf339bb3d1f4cffa01733b24d1fcc6ccb2164af42346d0bf47402,1,1.0
nazario5_000887_9bf2227e40f9,tpl_73284d0195014957,faeca7bd332dc9daca92cdbe3e31033f253e68fc13f909ca0b45511dc6bd28f2,1,1.0
nazario5_000888_3a9c1c767498,tpl_d965301f6fbbb0bd,59efd931923f4b046b82b42535c88c5d22c54659de24850076d60c711e6dd886,1,1.0
nazario5_000889_fb30cc434638,tpl_5f86efa8bf684c19,9a56be33e086448e5b221a0da6d41cfacfd0db2ed95de12ad2e8cd09a3674497,1,1.0
nazario5_000890_152d67670ff6,tpl_d4990a01241f5532,0ca071721a6f6fd944eeda20dfc938a8b2d6c7d4d9bb35e74b653aa4b0b34fe4,1,1.0
nazario5_000891_da5a017e9195,tpl_41b483d781a1c044,2ba8c2d6d2ab53e18a62df18e7488d9b3166d10962fa6e639be807f3307ed7b5,2,1.0
nazario5_000892_d30252cc8840,tpl_41b483d781a1c044,2b58b67151feb426dd65ffa064448228bd30ee9d8b9a4380f54f582b3fc4b3f8,2,1.0
nazario5_000893_291a76ea2531,tpl_8c8e6f554d4d7ced,3b81ccb2eeac30543f8762f6d96a47413b4d0234f54ceeadd36e0633efb71f76,1,1.0
nazario5_000894_5b1d9341abdb,tpl_c147e805a5c9b94c,a65879ffd4779591109211d9b0e322b14671767596c3a68560eb78bf917539f0,1,1.0
nazario5_000895_f44eca4a7885,tpl_7858c9d1127aeb7a,c6309f08ce2d281614823cf5823d02ba08bd3844ef67806e7a786c96005a54e2,1,1.0
nazario5_000896_0d5bed0b8af8,tpl_6536c66dde1a4bfe,e2e989307d071644338c19224cfff3503668fed1318e4613c00df8ce7e437326,1,1.0
nazario5_000897_3138aa341764,tpl_5de2632ae6ee2887,c1588e53cef7f431fd67000ed6e40e901441bdd6b6cb64343db1f89f6ea74e87,1,1.0
nazario5_000898_c84937d62c1d,tpl_0018e4824b541c9c,e1415436d6464858361fdf5a1afd2056f0e69995e56ddf97415a557a222e5b2b,1,1.0
nazario5_000899_6ebd1f9e3237,tpl_80dc0efa87fef0d8,607c2ff92775245f05a7800b473d4a983882bde86362091d6cac311b3922c6d2,1,1.0
nazario5_000900_fccc8224966d,tpl_574210ad72df5ac3,b83c144284a677d670ed79aedf0d62d1220d323ef01069ce932cb47b06acb262,1,1.0
nazario5_000901_2c52cc683981,tpl_091a175aeea90425,ae53e35e97968b4624ad037c80710bfbceca7cd5ee51731d1b68d497993879b0,1,1.0
nazario5_000902_0632b29b975c,tpl_af98b93f1fffdaf9,5849467a37fd4746dcfcb4c9cf5a22e2c43b72e28be752e3ce7fd8436a3b7014,59,1.0
nazario5_000903_213f66d44b4b,tpl_662cca3832bd07c4,e8381e8fc16ed818bc15477b93a88fbc97a3b915a99fb9c3d5f61b575730cf57,1,1.0
nazario5_000904_d944a63cd112,tpl_0ee1a93d50997b61,6c25d855d72238e550ea04db4cc57c447ecf25d5495a9c937f47b664f82ba00a,1,1.0
nazario5_000905_4ddb7e66dbe6,tpl_1b8e424c59b483a5,766159ba019c473ca5b7be1ddd9d1ca57704b6fa577fdcb82a0d399a3dce5b9e,1,1.0
nazario5_000906_97d408422082,tpl_d59460fd72faaf38,ee3c2a6f1ad2acf9f01b8b890b5f937acfab8c56c2fd2e9429684708107588ac,1,1.0
nazario5_000907_64433ad81105,tpl_a7a9fab0ea5bebca,6cc19312804a12e7df75ffb5709f634ce80f6df7a0e3cc6587668c81f7838856,1,1.0
nazario5_000908_e152e3493586,tpl_eab2e79ddd8dd069,a3e40238b623a8c35c6eff122a1f1ccbb3cf01dd3220bdf8527212e3feb826c2,1,1.0
nazario5_000909_6de95f008ce4,tpl_082c46b9d969fcf3,d6a3101ee5181b58da17f9f100919d664258ca4dc321845af027f09bb6357df3,1,1.0
nazario5_000910_9a81610bd7f5,tpl_2ef9bcf7a391ecdf,421fd721b907cddf113c92f9d2be9862737e39a533e3d2fc4b244d53cf5ccd35,1,1.0
nazario5_000911_741fc116b80c,tpl_11b459a9abe21d47,0156263a557dfcab22a92712fb387b261ed2ecec7ff37774ad8453e89a1188dc,1,1.0
nazario5_000912_be31ad0a5bf4,tpl_3d88e7af4fb8a86c,5fefd27622953d8958cc87719a8ba82c7b3ef358e48a3bd9874898b35857743d,1,1.0
nazario5_000913_ff19504b2bf8,tpl_9d3782613ba4dc54,a5a54802fb3bfcec178d4e2ee38fa9ee2e0ab64f12e4b5cb525bf67f448f9ac8,1,1.0
nazario5_000914_e5488afdb1af,tpl_ab9ddba88a7280ec,1062bf3113bdf693bb31799fbfe0a3d4dbd826d907c548633f6fef7d2b17e559,1,1.0
nazario5_000915_9bb3db59ea37,tpl_8d39f75e2ae7f76b,d64730072e9c65d45f349ddfe0b7abe2f65332158d41f95d91cfd4fccb8e1546,1,1.0
nazario5_000916_dbe434fbc0e5,tpl_fc7f1660dda80ab7,b2c51d98f715a9cabcf17e5b52dc5c8fc23d3fdf216f2b63d5e3a60ede257b16,1,1.0
nazario5_000917_6518c6e9894c,tpl_ea69e1cdc8ea4419,7b2bd08d74417b672cdaa80466bb718c23eaf7cb8d0b09aafad168066cb33189,1,1.0
nazario5_000918_651accf859c4,tpl_6fd931dcfc0b557e,25a10abad70f26ff4a4c0e789fce4996c5ea0bd78454fbddac8a5d5a2fae8f32,1,1.0
nazario5_000919_5537f7697f81,tpl_0e7ee2871b5edc37,5ab98eb2477a5fc5a14750ecb766f23681315e85160637a58cd327e1193437df,1,1.0
nazario5_000920_b660b8fdc7cf,tpl_637c16e359f8a4cb,23581873a5f268e311808bc2f929993cabae940057b60c401541ffee5bae11f6,1,1.0
nazario5_000921_24dc6c21971a,tpl_43cbefb6ad200009,8f391c182a0001ada3cbd10cb16660c4f17372d4af7c2ca496d1799183e69d77,1,1.0
nazario5_000922_2a8257d2996e,tpl_636c38e8220d571f,3d1c227bc700c5f2ee8ed4701d6ad18cbdfcd7f2674c0e27835f73cc57be5edf,1,1.0
nazario5_000923_0b2b05be65cb,tpl_81095e28fe6eda06,074e5c7a093051c37f1c9011e71edab2100496db47e24fd3ef19153723c24df1,1,1.0
nazario5_000924_0fa3a8e0620f,tpl_2209e865ee060e92,dc627240d3a1e10a23be1f9f7a63563303b03971e0ee4666182ac684207786a0,1,1.0
nazario5_000925_0ff07b737766,tpl_7d72eb78e61cdbd7,2ca0301d815c7112ba212d831b2e2f5d8aa9e25e997fd4d656144f08d781d85c,1,1.0
nazario5_000926_285e6a5785ed,tpl_9dace1124a285082,bf27128d7992c899f3adf6f1a97d47b087d58d011143149b96a06ef2ad670023,1,1.0
nazario5_000927_4a4b25cbd1da,tpl_df083a92fd2ffac8,f2c83be501d693440867652941feb79a9f52752702b130a915d0f15947e91cc3,1,1.0
nazario5_000928_397132d759c0,tpl_d00d80e1b5294d7a,58b9015a4e77bff676aeffd9d2bb870a3e15d9892319416074feaaba32262655,1,1.0
nazario5_000929_d0ce9c8ec539,tpl_210c3ae987692dee,eba348638d91820d47b4ebe1d72e51d8a03f4d0ab9ebc6e14ef0a8f684388299,1,1.0
nazario5_000930_09e16338a078,tpl_f4419b272ebbc95c,dd87d74f84c6a4bc478f6b40d517c74bf4ce6c99733906d1ddbb92172ab6e518,1,1.0
nazario5_000931_dc41105fcb82,tpl_73c75ae97f09e535,8298f0c4692dbcdc638acb9e54974c9595fa5351b51ffa9a91e88e0972bffa02,2,1.0
nazario5_000932_f8ad2bd7df9f,tpl_8c1a802a2f9a023f,7ab407f8b1bd21833f8dbc4caffd8f02d2c89639a71690524bc6fdd87dfe6e20,1,1.0
nazario5_000933_e72825317bfd,tpl_32106436a6323bf5,6484a19752c14c2583221fd86a03285a788432915be298a9f74747d23dc5b248,1,1.0
nazario5_000934_c0d7982c032b,tpl_73dce50d5b47e958,43ff1de1691173798f47baf2290a7373ef5f35a448f094143d53a2d9a31ea7a2,1,1.0
nazario5_000935_d8a94e95ad09,tpl_47cd0ea2f28d3d6f,c0e05ffd70534f336f2d924a5a79d1a58fa360886c591f3b42c870c3206bedf4,1,1.0
nazario5_000936_74e221267dd6,tpl_47bd979d5485be02,ce47c108a3cc132327bd506450caf33445caf349b9036c9b7d84227d6fb64b8b,1,1.0
nazario5_000937_c30705e49402,tpl_0e3ea9eaabae33c5,4ae0f3fa019bf7c895decefcaad8b6f074765d95e8787244f1be724b485ca8fa,1,1.0
nazario5_000938_09cb34c697c2,tpl_80498b2af8237ff6,b9041c85f6d968d0a7c0602697dc0bc9106327f26933e731d9aab0231f49e97d,1,1.0
nazario5_000939_81ab13ae096d,tpl_81687371f8d39c04,76e3796b221793359e968575b1b8aceff243f48d8412607f5842c16bba436ad0,1,1.0
nazario5_000940_088726e39ef2,tpl_3c0a0336e8fdfb31,874b36d47b089889b824a1405d8771c4b8da9363402351db2d290cc37fd10b98,1,1.0
nazario5_000941_b1b696093efa,tpl_8e1ccbb237880ebd,03250c05969b6fa8776f10dd65d5e1e4926cd833135a7ae6fca776040d91ebb9,1,1.0
nazario5_000942_e2f32c7fae6e,tpl_3a064d258ac1aaf4,10afefaf77244b2013c1c817ee795aea29c0642c4ce447440b7564c9add7fc39,1,1.0
nazario5_000943_ca6a601a01ac,tpl_58c89a04b5f96f65,31323a532d1dc8692813bad16d51c160c63ac9e7c7d70a9f9df24f01fc8d209b,1,1.0
nazario5_000944_530cff5eaab6,tpl_8345ab5f23f26ea4,949ad90997445e2c049e2452894a5cd5e413b27aebb650a5660af84f34a549fa,1,1.0
nazario5_000945_dc1af3f7a7b2,tpl_37dfe0cd3a2f7287,62d3369a2dd7e55e75c358834c7297400b950b50ca68751f3c810742ecd2e59c,1,1.0
nazario5_000946_02cd551b26be,tpl_4b4b31b1dd5bad95,ebac9001dfda798bc68962b1740edc9ffca58f32e7896a0e29d8c2c1477a59a8,1,1.0
nazario5_000947_675f47719ac0,tpl_491b8445ae48a76e,f43bd8b6f588a7160fd8368dcef41b1ad2b4995efd939dceaf46eda6c1e23975,1,1.0
nazario5_000948_fe7322e8bde4,tpl_d1e5ea202378dc63,37e904795f50b78bd25e785a7e68121bfeb52ef22a57ec46285691da59f15744,1,1.0
nazario5_000949_b82668bd4602,tpl_3e535dceb6bc9fb3,103fdfec0a38f71b8a52d415ba6836e51c3747587ffc68518701b94180437a31,1,1.0
nazario5_000950_053e42aa1f0e,tpl_1d12149d93833238,6a3a91d4a5913e929db92b5a85de2ce378afedfd019f31e8923d7bbff23b5186,1,1.0
nazario5_000951_72c24e8c6f32,tpl_d435e9ef96421a82,61c1776953076be68942e2d756e16a8beea27a6587eff41631cb05d276463570,1,1.0
nazario5_000952_35fad572fa82,tpl_221b7b83b7899312,d16483a863b4bc22a150f93222b9dfa6c228a6ec36db97311a4c8a53b453edf4,1,1.0
nazario5_000953_b095b1917cdd,tpl_5a38d2076ae0d446,a3b57cdd2186131c162d990e355cc5b3a053457d7500efdc210c1ee15e49d6af,1,1.0
nazario5_000954_5adda4120712,tpl_a175cb0dbd7d16bb,6aa00fd273896a3fda95699dff503e5f3efdf459409424964d0d16ed5efa9a6e,1,1.0
nazario5_000955_8d7eb3862572,tpl_59a507891b9e9388,a556eaf45176eaf70283f59c86675addf1112f493796639e654aa8decb59d391,1,1.0
nazario5_000956_34842dd9bc6b,tpl_936ff73c617d8882,54a428441714d565decb434ecdd4d422b3291ecd4205d55cc0bff18b366daadd,1,1.0
nazario5_000957_b4aafbf0aa45,tpl_a84c5bd426d9a100,02ea3681a56733cdaa67697de01808e066a9a203c19e989045a34538f5d6cd2e,15,1.0
nazario5_000958_c8c95562a69a,tpl_e1890d643ce90f4c,83298fdbc6468faf1008115d2980eaed135b66bed959d2d34be054a4f665ef8e,1,1.0
nazario5_000959_66283eac513d,tpl_4b33b71f3837eaa1,60199bac3fa20a030b290f63ae8ad52548b2db108233768dbbccb70e3c863818,1,1.0
nazario5_000960_6a98cfbb2c5c,tpl_d31ce30f4bca3765,4e139783a8968727cca74405415f6e45779d8c8e5d45aeb5c5d5e04c7bf3f338,1,1.0
nazario5_000961_9e801ae33855,tpl_a3a7a5f75c50373f,ae7d559c8f0de4f5dbe3ce1ea1cc396c93a08c529cc5624ca85e543f94f8d823,1,1.0
nazario5_000962_9501f29888a4,tpl_3deec9b06317168a,9cc1dddc22dbaf6d2390601cbb9e6365bc738526348abe82316ef5ab39daead2,1,1.0
nazario5_000963_728c5ebbd996,tpl_c2319fa98cbcd361,289d65e3dd84b65a299fd85389c6b5e06ce8c3305e1cc72cc729c814d2f90c99,1,1.0
nazario5_000964_a184a7ea139f,tpl_853629cb707eb87e,dac7ff759bbd5990e95081f626ec0901ec32a02a704700bfa898d6a8d078587f,1,1.0
nazario5_000965_ab53365a4c78,tpl_f7c953a4de7e5f1f,764425004fcfa086ce3edc8c3c35def9722d48a6ee262ecb30d68e9215b3f4cd,1,1.0
nazario5_000966_0111d2db4c42,tpl_a84c5bd426d9a100,4c44df90d4bfd65560ac1b239b464bdb2c4e511478e86c93816d8299bca985d8,15,1.0
nazario5_000967_0084215e98e9,tpl_37ad319b5c58d4ca,46ad8c624479e45de14de2fe0211253a2704c2f5c1292d04531c2009a4c6f2d2,1,1.0
nazario5_000968_6d0fbca8b943,tpl_73d2b59163b93920,a7e7ef2280e8d622182aa2e12f0f3bdb4c5ed2435796b8a3932e8e1b6875dc99,1,1.0
nazario5_000969_cb5cb321482e,tpl_0f2289d3ea3dfa01,61d8cca736ff6058ef1b9b50442d00bc85d030deeac45e458695df1e41258b57,1,1.0
nazario5_000970_3c74aba7889f,tpl_de4834713fe2db26,d13672b2f1c07f714735023a712122f4d333d9f9e78be3926225ee1e9932aaa9,1,1.0
nazario5_000971_1d8ab229cd67,tpl_c57e90faf5558bf8,58e359169e4c5d3e4ca19ac7b34aad72ddac1f28c04caf8cf7a31aee7df84fef,1,1.0
nazario5_000972_91b33dd78ea4,tpl_aafbea3094feb836,fef36e02b9e3ae3178527596e2b01c1557a37364b1aefe1d1081fa10f5d2b99c,1,1.0
nazario5_000973_6d217aba6aa6,tpl_a84c5bd426d9a100,ab32e8da9015887829561ca44215ca09955f239ae3348d2fbced164189e11778,15,1.0
nazario5_000974_a609ddbbac3c,tpl_9c51225167c962c2,08acd286d93b89eb01a3ca3b9c2c0f682fd29d78a0eb41a8cb7cb48474c412de,1,1.0
nazario5_000975_0f27f15d7b6f,tpl_e2e45fbf11ca911a,e6cdb7f4528adc00d9e0abeefbcae34adf3588563fa23f4b289c819d2e207f00,1,1.0
nazario5_000976_ca62c358d014,tpl_a84c5bd426d9a100,51979085d386acbb7a969829c417cfffbc20332acbc5bec190297f02f404975b,15,1.0
nazario5_000977_a673ffa4ccdc,tpl_a84c5bd426d9a100,1463c4c239509bfa5b032af5b4bac7fbcf2a01e136d951f3ee2ebbc47cc02bb8,15,1.0
nazario5_000978_b50faa8b3e13,tpl_d2a9eb225edcfe2d,c0705e8697f3ef7cdf0785791d333a2792b21afd4237a459540d03b4a9f225fa,1,1.0
nazario5_000979_bcb33bc2bd61,tpl_41d93adcd86b1a95,a6ff25e481b77ce2e77fd198427a86410bd51fd07eba50d6fd2e1a6bf4e4e43a,1,1.0
nazario5_000980_44af7fbb7479,tpl_3afdc51937a87acb,4b398432175e570e2a9dee140b7073aa6c97b7cd5cc296d61fa578cdae043f85,1,1.0
nazario5_000981_e7d2ffeccae9,tpl_7efc9f6381c67b54,2d7e6039a1d6128df5bf0ad23fc693c2a30af7441619e8dd5a3296bb98fe437e,1,1.0
nazario5_000982_9be80f4d2a30,tpl_51093dd3f0066495,34d17a904d2d2329f2002db26ad75071165f312f76d8b3c99a6659cfc70472f5,2,1.0
nazario5_000983_4c6751be60f1,tpl_bc7dc4753efcf5ba,ccbf0d5eabe0fe9b79c46795e22f5b1c01c8d10b8e423c93282baa9ad1cebf68,1,1.0
nazario5_000984_a4279a421a34,tpl_48094b29e5ad72bb,3978ea8301c368d16486c88f3dea01d3701a46b6c1597367406343404b18d10f,1,1.0
nazario5_000985_55c72ebd3258,tpl_a84c5bd426d9a100,4ea28cb5aa55b7f7a7e9e8ef436265a893c10e99366e1891947375ba62cf169f,15,1.0
nazario5_000986_b2401372d3c6,tpl_a6dd93d4c5a8da51,5dbabf3dba5c3cdf46c5d27027dea5add5516f67ef252d6557e0ca048b5ce5f5,1,1.0
nazario5_000987_081712c1ccd6,tpl_23fdd0c0c607c307,d6b8340480213749eb22d3a7b981508484047e804e9238c3392211c8f90060f6,1,1.0
nazario5_000988_554637aef26a,tpl_bfb4c38f610eee67,f468e92493c14c465a112b3a0cdbc9465e3cad01b8564b8eaaba8ae643fb2dcd,1,1.0
nazario5_000989_71fceebf3e07,tpl_1bc3f93caee547c1,9b921c5b3098b597312c35ad045241a9b4e95c951a6b3624ebfa3881303acafe,1,1.0
nazario5_000990_fc42a125529c,tpl_73c75ae97f09e535,3d05cb4d753c944aeb6d58e8cc8971a9a1443f2f78dae24b931eda11efcf90ac,2,1.0
nazario5_000991_02546688b0eb,tpl_79e8699a8742e351,98f30b43e596cc5ce2bc291ff2cf464fa42068a017004f41137926e0c9abc372,1,1.0
nazario5_000992_65358dd251e9,tpl_63439a7f248a2fad,f20236d87d4cfec1432037bdebc112a17f4aaa1560f353e107b04cf4d8335658,1,1.0
nazario5_000993_c7cee85fccfd,tpl_a84c5bd426d9a100,58c7e7867239e326389c620a0b0a72e4c4f62bf14979d3ba0a5265ad604b5527,15,1.0
nazario5_000994_e42b09b95709,tpl_5fd8a00534f583c3,d01a18b06d462b1396ae5d01de7aa4f31c79c488cf1aa91c7e649db47ed95733,1,1.0
nazario5_000995_80034ae209cf,tpl_5c0976b459f27316,9cbdff2980786002c56260dd681f6dc21daa11dde1d2f39b8c301a9761d78ec8,1,1.0
nazario5_000996_e4bd1dbf4b70,tpl_5f93130c52e350de,242f9a4e6d436d13ad5bb93256fcb61b7c830d59f53b691408ffd908038675bd,1,1.0
nazario5_000997_21ea476806c4,tpl_c4b7051de5a3817e,c525f3b9d9d082d86d1f89fff66126b45a0caafa28f23f9ddb125ca11f0766f5,1,1.0
nazario5_000998_87c1db17f224,tpl_f81e5a94ae6f74e8,00aeebba7f17df882e3b18f691b8a2758b9aea04fe8f89412d2e1823c7197fc9,1,1.0
nazario5_000999_48a35f4e3923,tpl_12e07106370c18b5,3580c72610f465527f18843f41884f25539eac155165fba94294c41d3df02622,1,1.0
nazario5_001000_987d25d8ebfc,tpl_af98b93f1fffdaf9,3d63ccceea10dbe4c6dcbd9efc1a78b423a51888885afee87082999e4f71e231,59,1.0
nazario5_001001_6bc1e345dacc,tpl_51093dd3f0066495,b8822aa279dd5189b23f7d6789181e14dff1b5a573c7b68c65659d6c4c3ea73a,2,1.0
nazario5_001002_eefb20d4c1fc,tpl_a84c5bd426d9a100,767acaa7c1d94e31b8f4b8d0eef546ad4506a450251ad64f65f2ecba1bc8c14c,15,1.0
nazario5_001003_882240554568,tpl_734309284df76ee3,1c77cb282f11f012ec50a4f83aab462ea827547c933156869414ae245bd1d14d,1,1.0
nazario5_001004_190cbca1e394,tpl_371aa2d77a964c01,daae8bc4d5b8d07cd6365a621b1e2e4fb2fe926104b915b34c32f1067c294fc7,1,1.0
nazario5_001005_2fde8059cfb4,tpl_38d87fab25d6e35c,77a29a4649da0c42b7279497504557255d05612e0faa330528eb1977b6603eaf,1,1.0
nazario5_001006_88172f30d42c,tpl_2392a3f44295b502,e2dcbec0b091b08af15043958218a0f529a285255f4ce6e2b84a3d48c9b79df5,2,1.0
nazario5_001007_8e6a0381808d,tpl_d5b30ebbefcf7448,51ed771ffc94c22a37271e564d9e1850a42ddec0b3a3f8a12fe9df93e2947c48,1,1.0
nazario5_001008_5322236c4d14,tpl_fa72bd8d5290cb98,52183b91918b07d661a5912dd8dad043661a2f8b9370eca3ddcf84b0badc5c79,1,1.0
nazario5_001009_bc61f1a3962d,tpl_a84c5bd426d9a100,7e6f2d61d9e0173ef3c124e5aeccfdb41de753bd18591486229de0a0c7282fa2,15,1.0
nazario5_001010_7171597d6239,tpl_28a2834dda3137bf,d26b890d68b6c8d24a4a24d58f6f4b5aee1052f132235fc426c5a5759eb4393d,1,1.0
nazario5_001011_dedd4f7ae273,tpl_2392a3f44295b502,43bade6f4d3a7c6511b34d09f29536019d6718bccb20925e60ac9189cd2d0034,2,1.0
nazario5_001012_dfebf523e1e4,tpl_e08371af0827fccb,805994ed58fe12865db26500161ef66b460488f949921c12d2a8bb8710d3a828,1,1.0
nazario5_001013_302c5ec70244,tpl_3f2026136eaed7b6,72a5ab3138ea9a957a9b3d66741615974a5154153ae0a57e37fa14c1bd664563,1,1.0
nazario5_001014_bf775892edff,tpl_50aa6fa70edb3977,820e1a4f7630b22fccd368382590db815eba36590646b99d5e065daf711c0248,1,1.0
nazario5_001015_7fd428c657a9,tpl_284e27e3ad02a4ee,ba42654237857714880f864c3f8f962774f80244271340ad985cbb66a2ab305a,1,1.0
nazario5_001016_11a7483d84e4,tpl_01841bd019dae93a,f99853bcf59d74b4b1194077c7b212816e016a8cfab35879476bd2808032f336,1,1.0
nazario5_001017_762593a809fc,tpl_8e9cc7f6bd89ee66,a7e3dead06865e380f7b9d79f63e841be6878847b8de7cb908b44190aca466b7,2,1.0
nazario5_001018_9c26d7e8e5dd,tpl_8100bd91fe3a784e,eadd01f54663d134d07f4439a6a99d3fe8e25b11d14584d6db205053cf3a9b18,1,1.0
nazario5_001019_f895fcd25a6e,tpl_132f4b5541227193,f6bfafd57f84c20d1c011f748d05044e23d68cddbd0207e3115184c801435c2f,1,1.0
nazario5_001020_1bc15c0880c2,tpl_717328808add62b9,8654efc6cf839c852eaad5c617894dc85cfe6998957bb24ed4aa02dca9093649,1,1.0
nazario5_001021_47af3cb78952,tpl_a84c5bd426d9a100,d55060405ba47c9ab41a760a23d876081524b900a1f6114e8135d6412eacbf34,15,1.0
nazario5_001022_5a071590e2ee,tpl_58ed5e5488b26b9c,cc267ceff41b761235383b58d9f2852b2761aaa386566962818a8027492ebcb9,1,1.0
nazario5_001023_cbb23b349e48,tpl_c06977b0fcef7229,49ac726d663bb3719260044fd73e2d49ba0cea4c41d1cd521cd96c7d9b14cd40,1,1.0
nazario5_001024_2ea564e66c5d,tpl_1a65559e6a82a824,0b8eb4b1d56b3996b99d24bccf1ee95bc2b9f6df42cb531165e4e9efcd1e2bdd,1,1.0
nazario5_001025_8e0442952b22,tpl_2b53105e57f83c8d,21010833654bb4fe4d1963f5eaeb3b61183401327e5e346cb67609c059b2285f,1,1.0
nazario5_001026_076b8d0254c1,tpl_16d454df0082dbdc,4e4b80dd10e466b78bf8e06acb9d40fe34f7a5825d9ecbc10262e0f43340a7db,1,1.0
nazario5_001027_ba9ba07a386f,tpl_21c5f5e34b1499d7,94d0c06663bd6f93ab815be2fa4dd3daa0a08a8024dc0154d22a63d13eb99e33,1,1.0
nazario5_001028_fb4910c5cfb9,tpl_b4e61dd80459fd53,350c6954d9903be2e133c9888e2d552189ed0fd19663e8d7eaaa587f248be422,1,1.0
nazario5_001029_10cfc132c759,tpl_ad44dfacb1ef2ce8,0d100f4e753f8daff44863a77da8caa60e96c029ea7c639cd934b2fb4f3bc712,1,1.0
nazario5_001030_6a3012be890a,tpl_6f1aad3957b06955,d9454df256e2ca4c8284e9f439de17067547a8b8f3a0d85f36015cf020791dbd,1,1.0
nazario5_001031_c334015e908c,tpl_3f8fce9b24dcde34,28d166876b1f0e175b62ff73e53df27e1173d62e21139ee57ad3ae7ef30875b0,1,1.0
nazario5_001032_9a8e275b0ec8,tpl_c7ed5ad865a69d08,c8650e0cf9dda820f66a570b312a1de62b0796ea80d5a174e956753f7458de98,1,1.0
nazario5_001033_a5bf9e484a26,tpl_abd367f0ad177989,5841b55f9ac4c188385f4050b7f39f0137e1af4872482687f8396512773f5420,1,1.0
nazario5_001034_49c16dcf41d6,tpl_51d4500064e13573,a37a95f240b16f243e828d9bd209d3752dd5687f92ddc71b0bcc9b0fa4dd269c,1,1.0
nazario5_001035_9994ee02df44,tpl_8c392c047efd2af2,092e611c5849e5012a81463beedffbcb9a52f5949d160002f9554cb5071f9d74,1,1.0
nazario5_001036_d86b30f410f1,tpl_4e885639fc8b50cc,c9f741fe66d5f37037ae5f680e17b4591292494a7315c2f939a2a63bf976bfa4,1,1.0
nazario5_001037_be2663351a05,tpl_c708f62c9d3f31d1,5e07d585b1b29961ea29a094e34def8360b4ec991f2f26e14386dbe135252343,1,1.0
nazario5_001038_83d40f33d9be,tpl_8e1784e42f2eba11,ff81eb03ea26145f3d7fc2685f740a6767473ca0ab5d3fce37482283fa7c8da0,1,1.0
nazario5_001039_50b171c4f489,tpl_2a95f68a2623f865,69074811b331bf6f582457abb5808f77b55254f7706ba3ae4c78e78afb94257a,1,1.0
nazario5_001040_b02c5722f078,tpl_f0d163bb49b70ddb,241d924ec06f8351e510a138d7ed8058e5f4977b9c5bb02462a9e907a593a497,1,1.0
nazario5_001041_bdcb902a54a7,tpl_1acfa46a0a94087b,59472dc5648340989eefcc03620268f29ba35b043e6581684e1b26726a5d5bda,2,1.0
nazario5_001042_f95aab665224,tpl_fb624ed7774b56cf,7f3c79f416cc5c3dd5fe707ac8111f58585b591a882f03afbf217299c2847dc1,1,1.0
nazario5_001043_fdcd31f60f94,tpl_7ef301ad3cd35ce0,94f004c8695097d3326b04dec005f9d1b926aed168c0d7f3133157f836625c03,1,1.0
nazario5_001044_5f1bc7122ed4,tpl_1cbb6ead867f3cbe,ae1faa9e00df2f0a7dba4d9f12cac5b33944cbeaa98e2ac920e613eb73b35ad5,1,1.0
nazario5_001045_e062d471f6bd,tpl_dfb317e9a3a7d5f4,4ed73b1978ae06d96f7cb541e6c5eee3ea70c7bc8401b1f55095e416b9475d9a,1,1.0
nazario5_001046_f6a600255889,tpl_c959c8c33f97e80a,bbeb9243fc9fd24699833e0f76a2483312c534b738bfb1802ead8233555c53e8,1,1.0
nazario5_001047_49fdd0e16217,tpl_6610dc28f16b395a,564f53c7d7b2945ee4e6b54b1588ef10ff3a831f060d4550aafe10368de0b5c1,1,1.0
nazario5_001048_e501f2b31f65,tpl_392827a90e2769c0,19bdb7f43599a96094f356c3898831ad91e7f74723410d9d1bc3f731c8ad8b0a,1,1.0
nazario5_001049_25dc6c16391e,tpl_f464b153b87d9285,4230db5201365224f42d6c2e1b286298bbe73cb84a7b4e6360a308fc9d5a42f1,1,1.0
nazario5_001050_23fcc5d43404,tpl_9066d7bb508b7c07,71707fd4de82db4dc98520ebf2bc3e6a50b405d161cbf93cb51ced06940cd85c,1,1.0
nazario5_001051_b9fbbf22cce6,tpl_d035f9ccdb176a0b,e6d2a81cb6b680eedbfd8841c34b94f52722f9bad57ac202a60b951e1ad65efe,5,1.0
nazario5_001052_c251fcf2d1cc,tpl_12f4e6b6f656de57,42091b7676e4f15044cbd92da51dd8e2777271b9072649063a4246eb476fa457,1,1.0
nazario5_001053_fb59c1bc1242,tpl_d035f9ccdb176a0b,d4432765a8d0a5647a43d94aa8d787b79c16779a0f195c06a0b8dd46b9a3cc77,5,1.0
nazario5_001054_ce451a9bcb95,tpl_d07f2a573c808dc4,fbd7f8cacfb29a0b9f31522527bd514a4d9d5d342017c14dc1acb045e8a801cf,1,1.0
nazario5_001055_2bf2027e87b5,tpl_27756f2ea67aa751,54ecc842a061fcb23fc9bf3f4ff2df20f61c3ea7c1d4829d2e6db82d1f1a2ba8,1,1.0
nazario5_001056_2d7d376a3f87,tpl_2745b2c5533a0600,beac9546690a1235ab634eff4a96bbd2f2031ff05a34a86b2232bde0a3fc2a37,1,1.0
nazario5_001057_2204596f6d75,tpl_810e8dfa63f6aca6,4528b79cd699a92375665bfa73a22410d794359a95852999d1459ac7dd2d90e2,1,1.0
nazario5_001058_05fd67b968c8,tpl_58c79aa1fd1795d2,972c491171415873439c95f7a9101b90b448fa0d5564e0cb08ad7a950fa6dd1e,1,1.0
nazario5_001059_4f240b547082,tpl_d7019db25642ceb9,4a55ffc8fef7aa724d319d6b72ccabba97c11331cd1869d4b7cb34abc51a9aef,1,1.0
nazario5_001060_76df59d73df7,tpl_99f7a36f41e85caa,6987888645e8c6011244f5552f92dc3c4d970ab753b4ba1cf5e3ed0530137c23,1,1.0
nazario5_001061_c373aec9ce32,tpl_55c17ad8c9d0c04c,e7de3481b77a4108126fa0cd196f6ba08bd77415a6088c7f40554974b28fe3cd,1,1.0
nazario5_001062_d5ebb3ab5f6c,tpl_fc370f2decffe599,6890b954c33aba07230c7acc01fcbe2347357e6c84ff4b6b95d7ea5d2c71ac06,1,1.0
nazario5_001063_3c33baeefb36,tpl_eb56aa2a7e150e45,6c5739dad210ee4787e37c98c99ee3ec44e04e995c746af9bc061da96ffe825c,1,1.0
nazario5_001064_20fd255ad93d,tpl_7f24afa3a0b385de,f87459eb0b3579800e48d5138efdd7dcd19a3cdf5e382c369a82e19707173140,1,1.0
nazario5_001065_f28ab01fa1c5,tpl_cc1071b3235b13e3,a900c2d7b924bfabb4502d9576f731b748eaaaa9f202a47bd79a911b7673df6b,1,1.0
nazario5_001066_8e2a488a3255,tpl_0dfa1a91872be76d,d3752f869f2fce456ee748d3644ecfc34792bb84cd58cce6da5cbf9135625c33,1,1.0
nazario5_001067_071b43c268d5,tpl_e5a04b6c3a866706,cf01eef4c535d39a06ab559530019cee735810da4ba7ee003dfa7f598b6f4dd4,1,1.0
nazario5_001068_2d23044ad53d,tpl_21e7d66c81fe5ed1,e78863ea1147a0732c191b1755c3c41170deac05ba7beef7f3b95e08df921d45,1,1.0
nazario5_001069_679f7cafee4f,tpl_32c939e77db43255,fe2a542e1cd9ae5b86689433200c8beaa166cb88866f4b242a1c00b239516074,1,1.0
nazario5_001070_e0d5299c9809,tpl_252846d36ea3e45f,a2a6e25d301b97c5f7bf059c4707deffca1d8c6f3e80fb25d6e334160a2850d1,1,1.0
nazario5_001071_4619b59c3cc1,tpl_16bbadb79534b82a,e5a805c42a7bd5325613e706ed75f3322564221ce6a8eec2e8cd69dd9c11ca86,1,1.0
nazario5_001072_3caa4e7944a2,tpl_3acd12db21d4ab0f,9f2df614371a0bded951d28e83607b58a7757daa4170f369ca991501eee33aa2,1,1.0
nazario5_001073_88f7d848973b,tpl_6a9930a308c0f3c2,cd7c8a67242e1eafe6a399b3b705db586b0afd9ae2a4409baa8dc4e71fab386c,1,1.0
nazario5_001074_d8c85abb0666,tpl_68bc91eb21ae33ba,c3cb1d70488837ffa46c3ac67c4e2575a4740d0c040b250f4e0470acac7d3643,1,1.0
nazario5_001075_57fa5a6a0de2,tpl_f95929fb5b427ca1,bd2b89159ebbc5c4aaeb730234b213e5946bd26bf488e4301edfef8a6550c074,1,1.0
nazario5_001076_6defe8f2b2aa,tpl_99aceea6b6ff2039,52959bd95c251e1ef5d8bb4a09cd050568483923b967da97e0b4b0234f2396da,1,1.0
nazario5_001077_72c71dc2827f,tpl_284e48a0525f71c8,88833f68d9e4e00f9e88c8ac7353cacfe31bb2ae105b1a4783f19b6e7b71dba1,1,1.0
nazario5_001078_b8c402dee23e,tpl_98a25cf7c913209c,145205517ef0f31356a634d5977a3d7ed2f83ed2d32da0292d1841eba8ef4302,1,1.0
nazario5_001079_9934e9435b0c,tpl_6c940219ac064c36,728fe6e2fcaee5308456f865e186c56126e876f2396454ec3f3dd3265829b013,1,1.0
nazario5_001080_229455ec5891,tpl_68217c02765ba955,3a8bfd32c65ab84b9634b141283ea124fb3895a92198c1e15fa563a4a22ddcd5,2,1.0
nazario5_001081_01377f55748b,tpl_78275ed65786110b,19397188b072b4dd9219d5a788ffe92947c018553297127798fbdaf28f949d13,1,1.0
nazario5_001082_3bbc0e985e34,tpl_5f44964a9a0c7dba,0f1fdef1cffd364ffc69dfa3b8dacad6160f68aaa33fd87ee55d55584039db49,1,1.0
nazario5_001083_23331d1c596b,tpl_c4d3411e19a2ee1f,79a2603d16da732edf271c0534a8aff46d50184653d845858886b5cfb15997a9,1,1.0
nazario5_001084_2835b66731ca,tpl_68217c02765ba955,d02e885cf8a0a49af01017e196f66e3dd89015bd825f38084a66f46b517a74ae,2,1.0
nazario5_001085_c56359a6dda3,tpl_50252bffde7a3947,8efc2f910961181e62804c1dedf9f23a64e391c19896520a1ecb08f83a4dc7bf,1,1.0
nazario5_001086_0c7afcd6d467,tpl_ba23116d26c518fa,d9635edbd0d9d7de9f339ef12fdd204f231c918bdf802d9bfa69a523331bd63a,1,1.0
nazario5_001087_128ff1fd24eb,tpl_faacf375e49e4b76,78c80353c7120854e30a6a1ea4f99c8c8499b8602339adc9541973bdd794549a,1,1.0
nazario5_001088_a39c90222b91,tpl_3034d877d7ea9944,58f0c0828a57881c5395ed017979dc53c57f3912755a6a2da7b8c0026c55d896,1,1.0
nazario5_001089_2da84bd9f1c9,tpl_024a622fa3f0118f,36f8cdd9b4e1977c34d7c3f4c0d47a4704ded49af263933db8cf23b4860e6f26,1,1.0
nazario5_001090_dcee3c5a013a,tpl_4d04272af7b75786,5654536f1bd5f7497ace8b401902718f287c4779051ab6135e33602b9cc2f21b,1,1.0
nazario5_001091_4b83dc1b039c,tpl_6d35da48a5e17de9,e62992ef9092663704fb400caef36ba053366a72ab7664a6570283b84a358936,1,1.0
nazario5_001092_52e8b2b85f07,tpl_cb09bf5cfa1d60ce,69b349e71c1944c2b52bcc2024202ff600bd692f780d5e95f95fd284aad100ff,1,1.0
nazario5_001093_f4d3f5700bbc,tpl_af98b93f1fffdaf9,6f3675ded1f31155f97020e3693c7fb5bc86d93655257d9a9cf9080bcc15effd,59,1.0
nazario5_001094_5c7483408072,tpl_f6773952fac5ad9f,334d9362626b5a6e69a6add119d94c8d080f63332623498f616c3f0a92784d47,1,1.0
nazario5_001095_1f3da60ba1c0,tpl_d035f9ccdb176a0b,3d1c1615c2f8bcf74478ea7056c74ea4537f5fc7528dfa7309a991b27cd25eab,5,1.0
nazario5_001096_fcfab6a4d57d,tpl_3a5fa1933ebec83d,6ca8e3c410503113c63e7876858371f5b29c929a5824ba96bb2063a39e541a70,1,1.0
nazario5_001097_0dbc5fcdf6c2,tpl_ede7ea0a779f1fc5,1dcfe1373e9751c68e22e2937eb1fbc7bab008dd151db5f3e8b6303946f16141,1,1.0
nazario5_001098_5020f8b0e356,tpl_5c7fe8b24395fa5b,95b6ddcd0ea0ac8e94fc16693ceafcace365ba9e144bc70a09fa9ca3fa32810d,1,1.0
nazario5_001099_013ea92c5393,tpl_798fd3507e870d09,414b4ab0bc1d89e69fb01456a3f8193d59bc847cbd71878e6b88f0539ffc5482,1,1.0
nazario5_001100_bc2bfd1cd89b,tpl_4f1f4fa9c9c03a43,43d6ae096e08d4fa2831eb4f9532e240503f45f279bec0e658a7a6b07e4f5037,1,1.0
nazario5_001101_b648cde51534,tpl_d5aa976825bb8818,2c2fb48837f6e30c0d23e5c887bca32a1f9ca7b7b7fca6d3a1708ad60d7c1bef,1,1.0
nazario5_001102_2aa27e5b7d84,tpl_c774293914a8d068,202ab0f295603dadb60b38dcab742c73d99d408f20b3067bab9ed7cb9d40b0d9,1,1.0
nazario5_001103_f34aa39bdd40,tpl_8ad309826ec0e850,dfe1ede19cf634a97bd7e95a72182735789e28a13b4055e2e96e8b68d2d43697,1,1.0
nazario5_001104_87a3deb86dd4,tpl_72f0909e5a34ea70,122314b658ee9b2df02c18255a8d188c262f6ca64510e104ce3bdaefe865f094,1,1.0
nazario5_001105_5f0852b89937,tpl_4f20b11ba5aed133,278b79a2ccf4bf981988659613db423fc1593b2833364f4ea66b2cb9b88ad9ef,1,1.0
nazario5_001106_e88c6c7d6888,tpl_f163d9208c602add,8edff0de389bcdd1b838fdba3f55f557914eb0ee48df20414106f84e20b09df9,1,1.0
nazario5_001107_25aaf3fe02cd,tpl_48ea779fb6756a75,2dfc8e8030dc9abd32ae2870372d0f96c9f81f781506e4a987a131affb5929a0,1,1.0
nazario5_001108_d281a844f281,tpl_b2d61ab1dca72317,0dc1df8d52ecee27a6386cf40cde280220588123b2b90b29a74ef1b31970cbcc,1,1.0
nazario5_001109_081527895385,tpl_1cae27eb7acfbd86,e84d8736257f631dc8cead4e0ffcdce6624074e6286f8343bb4092130666e4ea,1,1.0
nazario5_001110_69dbbb71ba91,tpl_2898a367bea7b51b,37a323ba299a10f6cf7402b5026da69d6625eb3e6fd00799460175c4b97cfee1,10,1.0
nazario5_001111_e95840e4aeb7,tpl_f54a85c6266f5ada,c1f9fd77a5b3121e19de8245a1b2b35462d48c1815ed74bf3c0b0e1aca6e5819,1,1.0
nazario5_001112_c3449052f78e,tpl_3c5b6601a5c622bb,8ed3c19fe75b685eab0731b1bc7b8a1b736f39adb22249d81688cc77911960ed,1,1.0
nazario5_001113_5a8611be6c87,tpl_bd6e1e98ba93f62d,7052373bc904d20cd35fa78d257422a1f954f03d1b3622c4d7b7dccec6eac136,1,1.0
nazario5_001114_a961f7ceacef,tpl_09009277a263d181,4bfb83fbfa06d2913ce10d035e4f1d097adfdd7600e2db799278f1112f8a1436,1,1.0
nazario5_001115_111b483c82db,tpl_31afe5342242e7fa,e36e18ac4b8991d71bfb2e9d600e05290dc7b39692b8b74dfa7a2c3ddbcd5c78,1,1.0
nazario5_001116_5f2c4d9bb423,tpl_92a19f9b663bffef,1c21143d8debf0eb62fb19e879ad65c9928ac34783b5d4642648736103b3057d,1,1.0
nazario5_001117_67b57fc61985,tpl_2b4ea088b4b5021e,d9f2ec34d8db56e9e40fc6a5807cf5ef5a9cada3fb2f07fc8a8458bbf6f6bed8,1,1.0
nazario5_001118_76089db6e00a,tpl_7eeb0daeffc0399e,508c08bfbdb4f5efda95dcf3a19fcdc87de5b14b46756022be8b97f45abe1e8d,1,1.0
nazario5_001119_763edb3f38ae,tpl_ce1af41296edf9d9,5fcdc2a0535db0c3a72eb100e8228f36b157cff48b00577484ba3f738089122c,1,1.0
nazario5_001120_60cc4bb36047,tpl_1c1f3e482b051330,2b705dfe23edf56c1a886b2ba1cf7c55308dd514eabcc39ee3e388807d0dca7b,1,1.0
nazario5_001121_a3339b7cbe1e,tpl_5462220c77ab142b,743b71a5cc2e15a7f53aadf11df9dde18c593c2383d03fddb1c2941265b2b7ac,1,1.0
nazario5_001122_ede31e736098,tpl_2d00400faf10c237,b13b02a2bb8cfed55eef7b6be303e9966e0a0d6d2d9873ec7bb6d2aa01cb1c6c,1,1.0
nazario5_001123_c804200ffe7c,tpl_1f050996e64e766d,9228a4c4c174b30176264cd44c50ca7b1f8b46656b2573152094927faced160f,1,1.0
nazario5_001124_c479e10fd96b,tpl_89d04e73fddd4a8c,9d179917261a7a13869165952497ea5eaf2071ed80985d216fd3a916698d844c,1,1.0
nazario5_001125_5dc898f278b2,tpl_12041e03341d113e,10b56c0081fba9dabc5a09b4963f36ceeb242d525e17bd2298f847fd0538f48a,1,1.0
nazario5_001126_14e0ef277289,tpl_05390d1fba285fd8,95c01c31f48ac5480c6bc8ce3e9453f9416486ebf7d473942fa21cecb7bbd0dc,1,1.0
nazario5_001127_5b49be96ac5e,tpl_5dd7a8decd152812,f04285dc7f3b92631c06f1fe1ddb51af1cdec927edc3d01f6e9578dda96cb039,1,1.0
nazario5_001128_239ac019d189,tpl_5e71d26487866b99,2cf63de863f21c8b8fd6840d213470eaa57dd0ee91541630db49c2d322027fef,1,1.0
nazario5_001129_50e68bbbf414,tpl_5a722ce39b320f2f,721d5c5867c3281afcf7d152684e41c0337a03bfe3d411d7ff35f7218ede0ea1,1,1.0
nazario5_001130_722a98cd7e82,tpl_d7bc416d022807b7,0a0d415e8a3b24a3ddb5a5ef7d4c66f119c35e733ba4cc003e3711b02546ceef,1,1.0
nazario5_001131_7e7911c50630,tpl_27751ba479d1db61,3f8fc90083c16833312d9454b9a33614afa288462541fb376b372b495fd17499,1,1.0
nazario5_001132_2902173163c9,tpl_af98b93f1fffdaf9,461e0e45813c6ea56424416ec9fc998717d4667f5cdf5d3a150ba255a95ba090,59,1.0
nazario5_001133_b60da9a57529,tpl_9edffad1607160bb,b2c44083c881cabc0291ccbe9b2019f12c61f5fe76894070e8991e30232ef00f,1,1.0
nazario5_001134_cc178749eb72,tpl_219bf8053b718d92,75dcfee19b4970fafa097e90fabb924ad1f43017b12fa8f6eb9be96aab3d44a7,1,1.0
nazario5_001135_3d411eee1d60,tpl_72233e3274c28b09,1c9e08957316ca8dd2872c8817ac651c59600169a64f26199772c2a68354dcf4,1,1.0
nazario5_001136_8db89470e6b7,tpl_134bebb46c1398ce,9262e844ce4e314837f6f295221343c80d6afcf24f5a65e1099aee660becb665,1,1.0
nazario5_001137_ea7c79bbcd88,tpl_9e4cd0d0e08293dc,8bc586ecd926b99cd1f8cd5a84f7f14d819b37df58b4605455094dc4271f188e,1,1.0
nazario5_001138_ed4917f7e341,tpl_b03f98bbcf3ff1a6,77cd9cb4059dbee7c9815c6388b4b1f771491414ead20ed3022a453a93702e6c,1,1.0
nazario5_001139_5189bee9f224,tpl_079ab428e84b8978,b5f18e797009b667355584e830b08ac1f6ac23d1cedad0fe00008310085f49fc,1,1.0
nazario5_001140_fca4465cc104,tpl_92e295325f52d549,7d71593ee0607538f16804343e1d2b8117b9b6358900dfd8cace435f9951f7ca,1,1.0
nazario5_001141_92bb9751bc3b,tpl_cf13184a9adb03e6,5d3e7cfbf2835f996c4388379972286fa0ff3d070786a4b217c48fa8e00d165f,1,1.0
nazario5_001142_d74366d032e7,tpl_e6a67eff8d8d6066,a69899cf40da9ee74cb913784badc76dd32561a02414c3428d772fdfc4a1db9a,1,1.0
nazario5_001143_1905a0c40ec3,tpl_5825476997f90922,addcf3326c7c4d5f24a2c7ea87d623d75c4560086f248258593ab1b294bb8bfa,1,1.0
nazario5_001144_1380dafebce7,tpl_d696a93831fbb6b7,deee9c741ff56c6df7bccae9e25823f0f2147440c78f503817cf72a42ec84994,1,1.0
nazario5_001145_5b15a69aa319,tpl_4dbf8a88b495f6d4,e667d9ff80394997878ac6ce9826c6f5354983093faa7c67dd21188e443f0407,1,1.0
nazario5_001146_af9383b7de10,tpl_89b2e505c92c5e25,0eb7537a9f2880233b5d1593562e30702bd3f3d506cac20ff12e39fe098e9c93,1,1.0
nazario5_001147_ec07039dd32e,tpl_151629fc290f69f5,6ec386d194907d8741e2e199da98fd78f7e2fc0518956924c749b71be5ad0eb8,1,1.0
nazario5_001148_a1f3667a3a7f,tpl_a1d021ac658c3ee5,7a4f3f41f2fbef81fc478bacf0c638b981f69bfa1ece15820007e7c163e623c0,1,1.0
nazario5_001149_2a00bce003f8,tpl_af98b93f1fffdaf9,69b68c4e89c0cf391c26d0dd4eb589551d518dfbb12d8f3b6f2e8131139812bf,59,1.0
nazario5_001150_7b97671e4ef9,tpl_09ce7ee4a122f8d9,55f32bbd51d8c94e8c82dff73715e8995bf7e9838939a71ddaa3ba6860156aea,1,1.0
nazario5_001151_e2374441c585,tpl_289afd2e5a48c138,0f77e32bf2a832332dfd3be17eedd39d325783a3b1235061e3f3d8e2763596c5,1,1.0
nazario5_001152_3aef6157da6d,tpl_dfb7594dd1fe087d,046743ab3be77cd99a0861a5be4c1a52d26629d301cbddfe716b39028676bfa9,1,1.0
nazario5_001153_47dfe4f98fae,tpl_602a56672790e197,071bdb0dda3cc9486f913d80842de4051cb39d188271be16bba816f779609d98,1,1.0
nazario5_001154_fa544b4ee900,tpl_a7f17779cac263de,5ed95764c85fceaf5cacb9808fe664fbdd9abb02bca7ca141d8a56c9ee31ac09,1,1.0
nazario5_001155_cf26bfd43741,tpl_593765a9d954a2b8,cfcd8faaa6f99035e23e4650bc358b65524e5df63277c05dabaf6d2a3d792bcf,1,1.0
nazario5_001156_cfac60bf32f0,tpl_c3c61eedb8d063e8,640fec17c936d8286de4ae04f3569a2e96098f560e6f141a251f0e489f57754a,1,1.0
nazario5_001157_dc17baf06076,tpl_2898a367bea7b51b,3897d4ada6c2b57783f50c80f53ca0e9c035e5c6413400cb6204507736c88100,10,1.0
nazario5_001158_a557d997690d,tpl_2e88e116dc0adced,a813657f3755000d6a6f518ef2964188376086717de7bae0808e70f05387d8e8,1,1.0
nazario5_001159_64e408eb2cf2,tpl_651d91b2aeeb50d4,1c54da78a1a9e728409eb7c1f256e2470526d61f06ed3ecd231aac4678135cdc,1,1.0
nazario5_001160_96dc4f4ee51d,tpl_e18743e77e7189fe,7c9332d783f40a77583dc452f59d78669d5e1fdf529e098024181acc0fc078ee,1,1.0
nazario5_001161_80ee7cceef07,tpl_41721d87ade2c793,196ae59c538fef9496e2d12bb4837badf95212162a93b6931572417f9ddb26ab,1,1.0
nazario5_001162_16e140c63a89,tpl_2b82e0089c50e546,9498ef335af5092eda26fbb5b3bf7002b3abe7324ff20b0314ef9c92641ab82f,1,1.0
nazario5_001163_658a6e50b3d9,tpl_200aae50840a3af2,38a2f132df1adacf8d6db5a14a5aaa5d2723c9a648b4b15845a0cb980cce90c7,1,1.0
nazario5_001164_11cd976a3084,tpl_e16d8367ee130043,0a8a77c0603b120b138ba5cb41343c75c548958f9d832dca412d5c2055e4cdb4,1,1.0
nazario5_001165_e483ca19d964,tpl_a8f5d4fad2d7de52,5666559973aeb79bcd5625f59735e56d5e3ed9478b84604028d186fa80692d00,1,1.0
nazario5_001166_31c25ab04a95,tpl_a4f2c35710f4bb7d,e745209140c8146af0a21ed39feb851576e7006f9e339566ae79fe7bfafada4c,1,1.0
nazario5_001167_296064f7575b,tpl_d63bf05f84330edc,f1a52297b1ca97192e8cc7d3559aa322aaecf6175d75d46a3b7122431b631ad6,1,1.0
nazario5_001168_3232c72b4f15,tpl_9c2e4a65d453915b,7a30c93d57ffedc47b3ee04a16cc253563ebbc456a061c07a1a72a65da41851a,1,1.0
nazario5_001169_af24c20fe559,tpl_d271fb1e7feb31d1,7a62aead766d9790f6da5dcfe5382cd5af37802155516ed90ee5e82dfec04ec1,1,1.0
nazario5_001170_bf7459271cab,tpl_ffd6149b6765cd86,00d8bf209ff10b4c822ed108c24196e498117f1efd310673a83e57f664b2f65e,1,1.0
nazario5_001171_700b8601d4cb,tpl_8e9cc7f6bd89ee66,0aebb742f3815caefe9512030192fa78d0d9d1aff7f3fe34fb7c3ffa1b77352c,2,1.0
nazario5_001172_6b221789c002,tpl_d5707cb879cacc41,12ab9afb917caab17650d920dadbb061278544c6f02216bd45ec60f10a6b3948,1,1.0
nazario5_001173_ca828691a417,tpl_e9f80f2ad356921a,c6a7b1759cf938cdfc3f24b223dcf402a1ceaa3a4395b80e6df934e3b2337f4c,1,1.0
nazario5_001174_b0790fd76b32,tpl_7b435f746b363b89,1ee302f290abd788ab4b5dfed4abd8ea17d4003b30837dc8abbe8a34a6e19151,1,1.0
nazario5_001175_773766ec7d3f,tpl_2e8d1d3ee76ec3c2,45fd71e71bd8bb2aa997a65183f6e1cebf1574adc7e11723ea989b270b229276,1,1.0
nazario5_001176_68617adfe044,tpl_8a72361fbb1c81a1,1008aba31d2173c186fd66d14691d66d9b6eb3f550efc83f501b0d4221824250,1,1.0
nazario5_001177_67ddfdf4f18e,tpl_c830fb00ae233b2b,072848f9f7317f9f53629d9e1240a8b7e859a787dce14f13d0d9611a9d4519b3,1,1.0
nazario5_001178_1b08431a200e,tpl_f775e462f3561afb,9e092dd126073ed53843379eafed884e82ac9612ca23e3cb17ac1c61011d96ff,1,1.0
nazario5_001179_2725356eb004,tpl_2ecb7908c6091431,212ac707161f78bd78708c4a32882775fef895805d03c6bae1ab855c3561a814,1,1.0
nazario5_001180_0f22c1d95409,tpl_a84c5bd426d9a100,38043fc0b0f5f01421c2171c1bc403bee5274189d179daf3d29990404d80a669,15,1.0
nazario5_001181_77d64e264fdd,tpl_dbde269972e1a5c4,ce84bc8a02eeb6841cc985c52588aa0bc9e31e3b856657fa6ea343bed4f5a680,1,1.0
nazario5_001182_9002162f7558,tpl_e656fffce24c0186,78b4779b68d0ace6145f3fcaf257793ea28e71c92e95467d460830d2e6fe3ee9,1,1.0
nazario5_001183_6216361f366a,tpl_a84c5bd426d9a100,c2dfedb2d5a12fe97bfb9ee45acbabc85362023417b2827fa76645ece526514f,15,1.0
nazario5_001184_8cfebd00d19e,tpl_75870754083a24f7,426675988d0746b71b1fb79336ac2e480f6acba3d75c2e6f9623875f536f412d,1,1.0
nazario5_001185_357ec5d7db29,tpl_1acfa46a0a94087b,5e1b213570875ea2a1475aa881db0452a0c2d54ab5b9e2703dcd7c1c71f69756,2,1.0
nazario5_001186_07cdec9064d3,tpl_f8a415c3eb0f3334,cae7ca4cdd95c3319b532d4809bdc51efcc4ae56e543d0cd436cf9aa17d3ac44,1,1.0
nazario5_001187_36c48a546046,tpl_83ff6182a9ebe272,33452d014ea989e9999b6dc41ce75d556e66a67b2f0825a5db53fbc5a6deb00c,1,1.0
nazario5_001188_c01a82adaae4,tpl_9221e2a806f26150,fa27190809111f1cb161907313fcb4ed3a6f7bcf4853a12a7fc7ae4c47f8625f,1,1.0
nazario5_001189_fcab8ac9f205,tpl_a84c5bd426d9a100,f2e3b696557117071257cef91a4f37274fd845c023f0c5678a324a7a4524e230,15,1.0
nazario5_001190_96437e3cff3e,tpl_a2c37c0b0687210c,640955d0f88f2869e8a766b63d80fe45e042de7769d953a5b947ed7bd7ea0a17,1,1.0
nazario5_001191_5da219e2c17b,tpl_a84c5bd426d9a100,32ebc7ed4a075e0abe9e7e79593b241c486e7d11da4f40dc493c54a08d3bd756,15,1.0
nazario5_001192_f46db133ac2b,tpl_4fcf8f995604d523,a36260d5dab7bb1dffa7ee3b0eaeff94c2025a778aa3a158b02221cfd2f8b0aa,1,1.0
nazario5_001193_5ba208192740,tpl_f8e02a381edaece0,33d42b853cacb1768a70f5301ab7599a3a6677de160bdec9553c1c581fae2dee,1,1.0
nazario5_001194_3d376537b986,tpl_3f29b07e64b7caab,e8cff2a2a5ef0ce07bf660ed0bee8ccc5074ee04d04a61ae13ca4e1044435713,1,1.0
nazario5_001195_6b29a363c1e9,tpl_9932a7e36e3d35aa,cd9d0559d0a7ce095664d9d7fa353982881030f0b982067812b934759855c4c6,1,1.0
nazario5_001196_3dc243d074d1,tpl_77718c915d26c30b,51efa0d17e447ca0861f367f36b0d2717f65be213d2cde5bf55f90c512d0b557,1,1.0
nazario5_001197_a6cb26a0c8b4,tpl_1caf7fcefd7ab399,7af677df1b0bcfbdf5609b648fbe045731c55f7e3346f241040c9c42baed850c,1,1.0
nazario5_001198_ae99f52485d0,tpl_a84c5bd426d9a100,e10fc5fb0afed7a0e8d6ce6f2870ec6a1228463a36ea39db49c63e61e6726c33,15,1.0
nazario5_001199_a8185f339347,tpl_4b56a966ff8752f4,4fba4afeaa898098cd22c9cb603a5230c887470b3b44e75da3ee58f46a280e5a,1,1.0
nazario5_001200_ff68cc379c93,tpl_05d3dd099dcbebe6,e86abf39585635ac967b92cc3ad29c638701076ff55581b7bba1fb38b3cdf71d,1,1.0
nazario5_001201_d833781c8011,tpl_9d379ba35904a833,58e4e87ffc8f7c630cc09cd1a7745b5ba4852cf586e8b95564fd69e6605331d7,1,1.0
nazario5_001202_08762a07bd3a,tpl_af98b93f1fffdaf9,46dfcc906f1eeeb327a3c53ff6573aaea4c3aea3a2eedf380c5a41759a4fcd56,59,1.0
nazario5_001203_2adfdcb659af,tpl_edacc9556275521b,c72f2a36196ecf2d0b7767c1080f92c32b9f456b0da129e101b07071715d7b46,1,1.0
nazario5_001204_7ad7ab800463,tpl_8dac0b130f55b356,bdf503f25a990db4926386635ab4ab823622fdbec7b0c3059e36cc63aacb1dcc,1,1.0
nazario5_001205_c8192a2d5de1,tpl_af98b93f1fffdaf9,c7d3e7c0a347739f166e7aeca2e1d555c769f37e7dbb77ca5aabc60ddb4026b6,59,1.0
nazario5_001206_563421534ce0,tpl_af98b93f1fffdaf9,04f2a6c1d9eed8be32602a6d585a9d59d4fa8214a4fe39494df525fbca9cf8d0,59,1.0
nazario5_001207_9ab2a51085f3,tpl_e4cc3c3fbd04686d,1d91e772291b5afdacafd12ef6169748506aedb6b85820d578fc0799fa01a8b5,1,1.0
nazario5_001208_ce57d45dea60,tpl_af98b93f1fffdaf9,c0b43bf9272239f4ae953e6d4bf12cfc8f1059f2a7c8f9a627e50ed5d8c54f53,59,1.0
nazario5_001209_e29f2fc3873e,tpl_fb2e86eaebfc1662,d7ed01a1b073c1afc715628e475e7707167359d44d13c1463f979340900d9b65,1,1.0
nazario5_001210_915efd1bd7aa,tpl_e96ce1f7bf4100ee,3bffb0e62da4fc755273a3fd171570cc35b4ffaa8ca8edd1f216cfb2648be149,1,1.0
nazario5_001211_469514745fee,tpl_e8f731928d05d1fa,b4238a0868503e8492a9fe93bbef5da73a7d4bfd45523f7bd4502bb6f50e5839,1,1.0
nazario5_001212_43a59cd743a1,tpl_9f7753698d828528,fec24545da5ecea8fc7c0663363b357c7c1e2635582373ad1793997ed96de3a8,1,1.0
nazario5_001213_c4d9dda4a40f,tpl_beb576d573931d35,d9fa54aca3dc09e32a93a374e8e59178f8bf5e0d2dc4b940affe912979d007cb,1,1.0
nazario5_001214_8874402bf9fc,tpl_ee4195b087b56020,48b7aa3927f015897d693361ce9677975e2c0f810bb57d79af6a666fa49396f2,1,1.0
nazario5_001215_396607e89040,tpl_54a0350cf93ab577,566683d58e250b1a50cf23eedbe99910b0cf6c2203399f873ae0dff4f71ff031,1,1.0
nazario5_001216_59c545e469f4,tpl_6cb7f9abf884dbf3,dc8ac97281eb168266d378eebfadb0f90d627e94257705b654b3e38f520f65b4,1,1.0
nazario5_001217_d2dbbb2ad2c1,tpl_05906c14a90cc387,c3f5239bfba55f6e6ccadbc7ecf08665aada50488a03db66fd1d2d0ca1a732a2,1,1.0
nazario5_001218_2645dd270802,tpl_ba700240e88d62ec,c5f9af6c708fd388d90df92910489f7227722d5747302dbab73bd25c26161e04,1,1.0
nazario5_001219_95fe482cbc23,tpl_af98b93f1fffdaf9,3f323822c620d2badfe2d4cb43596fbd43e606b997bbfc9327ecd19e42d8786e,59,1.0
nazario5_001220_1d10c6b003eb,tpl_af3f67a11e9e4ff5,8d039d23159526dc555e987c3c378cf0d8eb1187a06694404e397308bb7a776d,1,1.0
nazario5_001221_e0ab9b2e3222,tpl_af98b93f1fffdaf9,cbfc3eb40887d53f26caed40d3ecddfabc2bf57c0dc3e00d08b4fb3e73b204eb,59,1.0
nazario5_001222_b3ab5313dbca,tpl_ffe4e2e16ccb678b,5bcab3ea5222615626bef9e13de3ab907ddb2bf51f16f4756439389c581107a9,1,1.0
nazario5_001223_45ec231ecf5c,tpl_b870f13bf401d9de,8fcc042f18d8e994393c049fbc580a97d51ffe55d6510cf3451e2eb74b9c93e3,1,1.0
nazario5_001224_dc7deb3b9667,tpl_af98b93f1fffdaf9,3ea334eb547db2e43607e62897649022d95df8460e7b5e716e4dcbee2081bf1f,59,1.0
nazario5_001225_614997e4a98c,tpl_d10936cf06bb495a,92d7ff6d6eb0cf00de08dc429373c56fdc5c377c8bc20c6716647986d19c4233,1,1.0
nazario5_001226_488045972aec,tpl_f1d306f5cf1c5791,d3630c097f6539f67973e69f09eec8946de41b5023b76ce4eef6759dc56fe5c9,1,1.0
nazario5_001227_df0c6812bf1d,tpl_03da17f835022f65,3940886948ede3ba2a907b215a177f383edc87453c29159bbc9ba97546d1947e,1,1.0
nazario5_001228_b6226db4d68b,tpl_0790142be90f5ffa,1fc5e0b45c6c151e5f219ea57ade072582045fa2223173f7e83a31e89758593c,1,1.0
nazario5_001229_d44a3bc0fb2c,tpl_d507973b21c99d27,1657cdb07ecdfcb8568d212af40dec5adbe88b749dc02e150f072bc9a6fd5a3f,1,1.0
nazario5_001230_86bd04f7b1e6,tpl_57aadca1a9e21c91,aa6b5d8fb16f6d05695e2fcc76e20d52181e6506f4840a98dac72c719683d185,1,1.0
nazario5_001231_5105db727334,tpl_b54f956dcf3c56b8,54dd4dffca3a0abc10bcc98ef866729eacecba22dd171d13f65c40665da90c6a,1,1.0
nazario5_001232_a31da942f0e5,tpl_af98b93f1fffdaf9,17fbdcc8db54d1302b28bd12c4c480e2c4f339bc44c684b086257b075288042a,59,1.0
nazario5_001233_0d0e70373969,tpl_30f41fbfd820d227,5de53e1e44eed6d2750693bd543792c36c1766e8f0c13f18e58675b631d103f2,1,1.0
nazario5_001234_acd390dbe806,tpl_0f20731e88929352,45b0be1b39c112c49e6f6001142173cdab5d1cbca0e291e2ae4e2cb01b6062cb,1,1.0
nazario5_001235_ce55b96e63a4,tpl_8270fefc63a45fc7,a149922ac7878ef03001224f20e02e99a31c76102dc13ed04ed36e0383bac6d6,1,1.0
nazario5_001236_3cd70092b05f,tpl_7bdf927eef5d8f72,d8cdc6bde01e50a36cc5f51fd84d3d106ac53c41ed2f4453d80cb9edde6913d3,1,1.0
nazario5_001237_c9c215ab1952,tpl_ea8d15fcf9ce13c5,309a07b19713cc28a04f5798658bf3721ebfcdd41b690c230d94e38330e9ca8c,1,1.0
nazario5_001238_ae7cb34f84d1,tpl_e5d6a8e4e2a9e6ee,5ca44b694c2b102f5ac6be2e52fafb6c599910a54a728e1ced1fa36a34c9a167,1,1.0
nazario5_001239_a93905666285,tpl_7596d3fcff04b6ef,e38dafb397ae8750c8c5fbe34f4f7795f62d3c5c3a87152abaf096c560e1bd53,1,1.0
nazario5_001240_fa029780b042,tpl_7aacf681233ac764,d65718746179774bb02242f1c594fbd6837b9eb211f313272ebd16bed66ca135,1,1.0
nazario5_001241_27da8e9d028b,tpl_c28462c5de04cda1,67e4bb4a7e856905ef31cba33d0eedf2f6c7468f724cd997746158e5a9470041,1,1.0
nazario5_001242_bd8761517d9a,tpl_e22bfb066aa43b5e,eb9901495f67e1246c0f3e00a193472df638c6108640ad8d0e1a131c5cc9ab3b,1,1.0
nazario5_001243_5128f29bb417,tpl_2d3d462df3197cf0,ffbd42c5863f9abb7f7578f17d9dfec194c8da89098c31940ccca7d86ca31ab0,1,1.0
nazario5_001244_1d09a3efb5e6,tpl_af98b93f1fffdaf9,d04b0a8f1c1760e914f8d56958f8b5c0c0890f1a9ee3d238d111c1af720cf4a2,59,1.0
nazario5_001245_80aa07e086de,tpl_4ed30f8f6b53beb3,5a42ddb7152ee92c9a763d08686cd867020ae0d1db2353b77a9e17f461b1f80a,1,1.0
nazario5_001246_00003ff48d20,tpl_469caeb87e453906,6a773f0926f7442c1d518360f531a878b75e2a4e16dccc08cc1c6361f3c2fa75,1,1.0
nazario5_001247_71b2400bdcf1,tpl_c090e7b421182381,e0cb88fa4847734ad90f0eba65b323dacd576a1d27690bd0d991cae44248c522,1,1.0
nazario5_001248_6f86d49c3a7e,tpl_645eb3942e9efb26,71a1edfe139b8ad40c19ec0f4d6eb6ae576865ab53f35fa8c38e28ed8d79ff23,1,1.0
nazario5_001249_854bfd1136e0,tpl_dac367fbc0062032,21083c72582374ac5a3e4707234c707d76c241af6b0b1c215acbc2279cd5a05f,1,1.0
nazario5_001250_ae52cd0226cd,tpl_432a26b9cbd2933a,52bca3382f159cd52dadeb576e436d8ebe3cfccf1851808ed5ef9c205601c0a7,1,1.0
nazario5_001251_33921d2ace72,tpl_26752f8712b990be,2af9173672f47b440a02721034c605419cc9b66c9d798ab7657f877624346b57,1,1.0
nazario5_001252_d4d90e5ed120,tpl_e8a8b83cd55e007e,2eb184a70b5d9fd8598489c35f5ecc0f690d9c83cf93cb1ee352a30498f61b4f,1,1.0
nazario5_001253_3c9c9e1cdb80,tpl_246e791b89b3a5f5,2f31e5949b4f143d601c728ce717aaf815f8a393a6bcca6a274553d333bc43e6,1,1.0
nazario5_001254_fb5179677deb,tpl_da98cba3baeffb96,585ec29873546deebe81901c9e6d6c1ce652dcb24c39c4df18e68b370451ca40,1,1.0
nazario5_001255_ab13b4d1c7de,tpl_2898a367bea7b51b,56eb4cd2d209cef58bbf91715d0128e5abd4413dd933268851d8b7bb90f93acf,10,1.0
nazario5_001256_df03df77c1d4,tpl_af98b93f1fffdaf9,6e33ad217f1fbeb33c54e9d90b1432c238121a82f592257f84e053d4a3441f22,59,1.0
nazario5_001257_0abd4789638a,tpl_8cdbcfa0def337b4,3f85a394fce76201e9d572bd24a441e71ddd800980c3422b52aef3be8f9ad04e,1,1.0
nazario5_001258_437d4070efcd,tpl_cc7f8f0afd2624a9,168c42e71ec0e8f87ac82248a8fbff7e2946d23026cb023daa49a7555844ace9,1,1.0
nazario5_001259_f18c35d66f56,tpl_fc9327993f706296,63c54f1851ad98b7090cdeaef2e50b63585281084d4df7c6fbaefeccf4d7b430,1,1.0
nazario5_001260_39ba725b88e7,tpl_d12dc6c60ce51ce6,1a0eedd33210086fe917eba22333082082b6561b467832a0c7952a419d227c46,2,1.0
nazario5_001261_b7a30de1630c,tpl_4f58c4732aa7c692,93a8d21702b57e3c792eab00c9cba7ecc9b0bac19f993aa86311993bff03a05b,1,1.0
nazario5_001262_6dc18c024b86,tpl_ae53b089a8a32dff,3beecb01bc7e1fe8287c287a190ea61467f08318f9f5c39c5941659ae9bd37fc,1,1.0
nazario5_001263_4d49cdb80472,tpl_e24e5831eeabeb59,88a4f40a8ffa819b9b2fd8907b3dc214d40b5eddc8279c4f0835ae696e616c52,1,1.0
nazario5_001264_42a0579da9ae,tpl_38669574e08467b2,3066fee1be7c83afff3ac3101ee3a82f968f6ea9241847dc02b980159160467a,1,1.0
nazario5_001265_8911ec35a65c,tpl_c8be2eb51b4bf6ec,b49eb910dbc3776f6bfeb18ab6025802d75d794c74f9191b979d236bd17d4824,1,1.0
nazario5_001266_af1edd83ba8c,tpl_d3983ca428141abc,182e450fec762ae48d36c8f756f09a6b3c1d5f03710afbf6e5f7858b1ff4397e,1,1.0
nazario5_001267_69abe8e1f4ba,tpl_0870c82fd2f6f346,6d0afa99d34cebd85faf51912a31c468e7b23d5462d4cbb10b1ffd1fca7c121b,1,1.0
nazario5_001268_36353505c59a,tpl_d0a70408f9ae789e,4347e48b6650e219455e6ae4efdf63fbb751eb29e20d381669f06e475eba2d46,1,1.0
nazario5_001269_3a3854809553,tpl_095e37659cdb3b1a,bb8635d208fa3cb6597354f6dbc554b6734aae0f9f772302ba04764dbc3214d8,1,1.0
nazario5_001270_e0e82e7c97f4,tpl_72a19f9e941cc4d9,b43fd56ddb4a38be300d2cc8437700ecfa84e26ae341707e920d9be7ebfb1d98,1,1.0
nazario5_001271_4aafd438d497,tpl_5b4189a4fdd6c63c,e40291b800579cf14f40f9b92d04a7bacd5e866706b5262f9c592a84ca650d67,1,1.0
nazario5_001272_4a2bd3bdb35d,tpl_fd137978ce74d301,b57a21daf8efb79e8c7e784c8c7dc1b49860ec1cb0266aaae2ecceb00687821b,1,1.0
nazario5_001273_8a7d97ba3a37,tpl_757d4852d27c9cc5,cdd8051d6a836ffbfaa45b8767d241842e670e65f3bb234d131e85629b1c6d8a,1,1.0
nazario5_001274_5b61a96f90bd,tpl_fc5e2faac32c3b3b,fec918ead9d517d0f39008751c44afad050f3ae1fbf3a516c7fcb24c0f58a3ae,1,1.0
nazario5_001275_ca0d45873078,tpl_2a10a237886ab721,5f1a42f1f3cdc14b2d4c0fa132932c0029ef7484f23993819e86ac6806da175d,1,1.0
nazario5_001276_0a490447577a,tpl_f5446eb6267519b2,d3a0e6cdfe6e6712b38aadd29dc8cc25623511f9fa23d78f49808893b870d4df,1,1.0
nazario5_001277_c6e1bbb11d9c,tpl_79af7d2270e9b88a,ccca7b704409d66edde15d0526296da66fe28ea6bf6a097cfe45ad16b9fa84ab,1,1.0
nazario5_001278_99d5a71a0b5a,tpl_3fbec6d39e207991,f8680ca4ce396f1ee10a8c0bba314f97dd85933cd8929ee1aadb98d0cd6568ee,1,1.0
nazario5_001279_0915b71549a8,tpl_74bf20f0d3f0af68,adab0585902edcb911040f831fca83dbcf2304e180dac2e4e053c87f818e7f22,1,1.0
nazario5_001280_3da169d4eef1,tpl_4882b8e12899eb1c,a27a2f97b32ed068eb94f020a989fdf0ee22915cec9479bcc6a977cf4500fc63,1,1.0
nazario5_001281_1f915c0e2258,tpl_e987fbbb482f5a66,a49561d799973bd26da71ae14dd7534c709d8ee91e9f82f8e6314ce2ca7d0d8c,1,1.0
nazario5_001282_def5ce661c2a,tpl_c7403df57a70047a,f265685dda6854477896c7ee913ad9af1d777a9131530224a75d8e00cd92aa64,1,1.0
nazario5_001283_5862166a1ac1,tpl_f93f5db2a86324ab,bdc7ce553aedd62b1a2b6729021b6258544130b3e6156454aae39e210d45feaa,1,1.0
nazario5_001284_aea1596a9c7d,tpl_b1a3a8aa60f79963,ed8e6e93ba8e1f0d52548b1332cfafd2c155a0edf240b0e529a341cd725d6e5e,1,1.0
nazario5_001285_9061bdd3e796,tpl_e9eb26e9644707ab,a26dfadbd69c49203b3241395426d062d2407487e0aded76b6a70c8733676258,1,1.0
nazario5_001286_809c641d9a70,tpl_0bcefd86d632eb66,2950794e62b66eefa5f8da82375ca07a160aa9e9c992b3783869ab83775fbac5,1,1.0
nazario5_001287_39483e6afce9,tpl_38b35d69e3e00371,675989c33961ea5cdfb46619b16688cbc5441b4b78b5fda37c23b00fd4861f04,1,1.0
nazario5_001288_91ad719aa348,tpl_dd0177d4c2323e09,ca3a121acd88b0dbd21a16de3cc74e0002a7e418cb40b43edfed03414e556b71,1,1.0
nazario5_001289_3031d991bf63,tpl_a23d5f24a212da01,dba8e9d7f6e5acf873a62b3e3e75c5c52daca6923a58a1a0c06c8d7c258fde38,1,1.0
nazario5_001290_dd13d9b0f287,tpl_b2a9bf612e5391bb,c8c28509463172b8890683af10e01ad193d46479f9505cf3417d9f6dc0067754,1,1.0
nazario5_001291_e28205a65207,tpl_9b4531e0e16c18e7,a7aadef768a6d2af474c9997f86f1b26b236890d2b57a2bf2270ee1fd967b9a5,1,1.0
nazario5_001292_f25a761515a0,tpl_1638d70ce199980f,17cccb8b9b45eec71835603cadd0cc688f78bffeae8824c0768e190407b7e462,1,1.0
nazario5_001293_6a393af3efd8,tpl_b2e8ff2430aeb8a7,10ba1e777a0fb5400279e4c5c25647e5ad10f102b6cf6e2786a6ef3e512ffbd1,1,1.0
nazario5_001294_b5b57b61c0e2,tpl_56f9449b496ee68d,dbfe3011d5ce9115887f9fd3dfed5dc4d1e1b4f6c844719e6f1a28ecd327c607,1,1.0
nazario5_001295_686fcee62fc3,tpl_92430b5b73b2c99e,6b9754678c711a3dc76fef3e1787308c6e2a59aecc96f9a343b0a997f1cd8162,1,1.0
nazario5_001296_15828a0ab77a,tpl_ae77801389abc3e3,42ccbee264ef5513616dba12da5a06441bc9aaac501539442f30d4ddde59e16b,1,1.0
nazario5_001297_01b59c8d3cf6,tpl_f3f744c967a40b91,5ef48bb67f8bd2c656070056b8b60dbd8292782de643edffd95bfabe558605fa,1,1.0
nazario5_001298_c39ec834733d,tpl_2acb1cf28709914e,3708250582012c9a6ca059c48a7882a346e98469e832613766e1fce5457d7844,1,1.0
nazario5_001299_87603d59b7bb,tpl_a93a32cab199f2f4,cd48b5dcccf68455685a68bb368f0f6b62e071800b75b6995e4a0e0d2b5f7f3f,1,1.0
nazario5_001300_a976f1118a61,tpl_75f89f4b8fd65733,edce78e5d0649190fa0b0dfdbd6da7b06e86eb72ade28b9ddf8a99deaef3dd15,1,1.0
nazario5_001301_7eb6fa683443,tpl_cbc25afe3a172463,174fa34ab27976b5be8b7822a7ac4944ebd01126ec9bfb07549b607812a7cf6b,1,1.0
nazario5_001302_f967fe0d8368,tpl_91fa9a128f9fb94f,cd8621d9f39004fa398e231af4bfc318d4995c02c9ee406c43ba34bcf8227ba5,1,1.0
nazario5_001303_33617987815d,tpl_b505adfd2af55b50,22423a9467041d27f277ac49c042ec9aa308cc31bc7379a25e822fd7b100300a,1,1.0
nazario5_001304_7f7cb49e373e,tpl_55bc1d445ef395c4,97197469271abddf03970bbc3a404550576e8de0e5dc1fc2d5e21dcb81126c75,1,1.0
nazario5_001305_3a1c7f120dfc,tpl_1001840247327c2b,d45a47f6487f0da53587a9a1de199b8ad10d19eb1efc197663aa307dab88b064,1,1.0
nazario5_001306_0b687ea80217,tpl_dcbbb5a8913f031e,4f646f7495e83c0434e81c61ae5301f2030d7a9ef8013a99fb7c78ff88e9d969,1,1.0
nazario5_001307_d3647e0e152d,tpl_5f688ff4ee9b8383,df19b11a84b7ba37a9905ca9cc8ec87c14a65a6d8a6339d0096698a511a43dc6,1,1.0
nazario5_001308_65f82b456bfc,tpl_05445b223b99d271,b40381fbb6ea6f8befb818a7f07c73e2a19b1ab7ee97a56fc687007e7e002dbb,1,1.0
nazario5_001309_093c68797de5,tpl_063eba4e02e4b957,f7a4211250fac0e52a7382ab96621b6caf1314fd5e589775974cec424567723a,1,1.0
nazario5_001310_f10c3ae46e87,tpl_820dbbcba795a1ba,e84b3dd8b68400a10a5df9eccac88f2cc25da9584e8b1cd95fe9a626f6fa82ef,1,1.0
nazario5_001311_6353ec725a8f,tpl_4508f5907005df32,da674e49ba94ca386fc2a0b2ef7d0e981f7a8effce60289e17f0ba0df0615e56,1,1.0
nazario5_001312_febf8d5738f8,tpl_e08098e4f4a396f1,707fff66e1bc779d7eb3ac314230fc6ad22d5981c3a89e9b559c2186d3be6641,1,1.0
nazario5_001313_9bd706b9539a,tpl_649afed7145c35ed,f0cfba9198bdb633e47b8c159915349cf4259983ee1ef3ebec0c51abab82e150,1,1.0
nazario5_001314_230bc0c16fd0,tpl_93911ab5e096aa8e,74136ef8e4e4e092b2fe8b5681dc4d8f77a29522dfb39ffc7971f7759137854c,3,1.0
nazario5_001315_f1e4613c72e9,tpl_93911ab5e096aa8e,0811af9df5658c425866b55b8298f8b9efc8fd8e932641627a730e3d6bcf2815,3,1.0
nazario5_001316_8e941c52ea55,tpl_af98b93f1fffdaf9,a6fb1189c8731e9101b19eee7dbb369c737b0ffc92a468f0776ae26e44087dc7,59,1.0
nazario5_001317_41aba4e2ff0d,tpl_a29fe78b40e47ab8,a4717b3601e579d5bb8203ca416a13121e80fa1cc2940abdb1c4a341f1796eda,1,1.0
nazario5_001318_047aa8c8da0b,tpl_93911ab5e096aa8e,d9e95f8ef92803eed4a2e5ff156b505fd57a7495caea8b7498c9276a36490a8e,3,1.0
nazario5_001319_ab11f6a0d402,tpl_4732c6fd4df0c987,530e42b54b0340f486302a1aa2256f99f2e675d459e373138145f18f30309601,1,1.0
nazario5_001320_d327ca8c8da6,tpl_af98b93f1fffdaf9,689abb4ea45d098455721e8a7aa69a5b683bd808ba9494c77e0a7d27b192f203,59,1.0
nazario5_001321_5b1b5c05881c,tpl_af98b93f1fffdaf9,eecf36ac0b2c43ff9ec869b34568077d7bab330594fedd3f97daacf034c322c8,59,1.0
nazario5_001322_b217dc348726,tpl_af98b93f1fffdaf9,abd7601d759160343962b48e131a8b07230da5d777e7c5cda82c4f7eac4ba516,59,1.0
nazario5_001323_5ae125394b4f,tpl_af98b93f1fffdaf9,daff7cbff3034573796674f047d6b920ef93c8ee84877b6898cdd5fae0e1158f,59,1.0
nazario5_001324_a97e4150c6dc,tpl_af98b93f1fffdaf9,52d79f935ee9621aa14fcdd85c7a90d8bc635afe6a20f310d965b183c50e58e0,59,1.0
nazario5_001325_2cd6f401aab0,tpl_83f076ff2f2a43d1,c6be535ee05c9624e7dea4ac20b9b88a258353012cb1b8470ef1b4feab98954c,1,1.0
nazario5_001326_e3b8ce58f0e0,tpl_700f05299a380cad,5843519341e6115ee87ce79e43caa5265bcde1f527240bb12ed7667de8cf4e8a,1,1.0
nazario5_001327_cfb809338d5c,tpl_af98b93f1fffdaf9,a164f000ba0e6b2d64b7b0032bb823b231cc68177df62a6fbbeef2506d7f4080,59,1.0
nazario5_001328_54fc6716d67a,tpl_4dff5ad0540b849b,2463d3c6009452a385ea9820e512def732e38f89d85dd5d8dabd4650d5f17bb8,1,1.0
nazario5_001329_5c90d5105636,tpl_d12dc6c60ce51ce6,4b4ab1029206c6dcfdcf995db4c1a300d68a8713c02d8b4e5aa84b01d7715c9b,2,1.0
nazario5_001330_2d0b5babfc12,tpl_af98b93f1fffdaf9,2abf0b11c98147d276fbf32f4fa7bcbd7a37392bcff539cb9e4c7b9168b72286,59,1.0
nazario5_001331_6231284534cb,tpl_86c12a975a31aae2,bad94e6a0db1916abce8125581f77d6572274479373edbc2a0d750a5cbdcf65a,1,1.0
nazario5_001332_d2a213dbc426,tpl_30ec36768b29020f,6c614f119e227f9a71b3557ce442c67840dd6199a9d11d4d4283ff659dcea5a4,1,1.0
nazario5_001333_9aef5165cfde,tpl_27b06e578826a499,4fdacd349e8169f35e2fb1cf7b16fc8d3a390de6870ec21e774c58ec440ebb71,1,1.0
nazario5_001334_59c738ee85ec,tpl_af98b93f1fffdaf9,b5ed3cc76636f9e798aa4548a595020327eec092a4042ac3f3d50ca804086b00,59,1.0
nazario5_001335_a95429bad9a9,tpl_43de9107dd6314df,94d302d62d3f56295071dbee265a3caaba2befa8d8c2d660b257e20cac289a8d,1,1.0
nazario5_001336_ce1a06a91548,tpl_4460d3313e95891e,680a48846ac51848fd0914243795ca1f77faef4c6c05adbf407d31ba6a71ef63,1,1.0
nazario5_001337_7befa1adc05f,tpl_8554a37c21c66e4d,de136d7e2e6614331a6311a6f22b7b72fbd72c8fdc7974bf01520257eff416f9,1,1.0
nazario5_001338_ba8af4d4637a,tpl_a1ce7f37b31e8b02,3d47019c35b8daef2c7b971208c656c89a41a6a89d52c42b682dc4101b4caf1f,1,1.0
nazario5_001339_e7e5b84b7461,tpl_c14fcdda68ab0935,54436c3c2417724041efb609928152508a996b25708c4db1e9fe7fe509fda828,1,1.0
nazario5_001340_da37fdbc5703,tpl_6171c00d51c1f4e6,83b73066ac862517cab9497e5fd7a80aa819d4c775e839f64afe2d52cd9296bb,1,1.0
nazario5_001341_aaabddc473c4,tpl_f84472e393012a8f,a0de1a7da0b44c9450e0b42da802b5b43e3642635aaca2d5b1ddd450c8273a40,1,1.0
nazario5_001342_c7d2239ee386,tpl_fabaa441ecd6a1e7,91a4771f710f64c61d0f5997aa1174d81843426c928874e49cab5feea4480951,1,1.0
nazario5_001343_7ea784792f74,tpl_3aa97a7ae6c62fb5,f3d0ba62dbbb84f82814ded3187a5e8d871e6fdabad918ae1f6bea4e37da339a,1,1.0
nazario5_001344_aa3ab95d39ff,tpl_96fa8f4507358407,e7adb9676ea9a588361fad092622a12417ec4ed330eb3c40090c7d011098bf71,1,1.0
nazario5_001345_b8c17d9a428d,tpl_512d3996e507a9db,97655cb90d9ef19dbf1f54a84fa2bdf69a29c0b39153eae9295f151507fdc1cc,1,1.0
nazario5_001346_f5354fef67df,tpl_97cc23c00dcb3e03,082393ea00fc46dc887009ae2f0beeead740f9d23066fc8eb240d894ce36e0ea,1,1.0
nazario5_001347_06e1e6038407,tpl_02756c35a5e27cf1,3a4cc33d7ffac7d53aa65b3a642ef91dead82b93f72f08c15741b48b6bb74792,1,1.0
nazario5_001348_39d438d93369,tpl_2ca01cb37d92f02f,25b531882b936e2a33873bef7309419969925dd4da6062ed3056523748ec83df,1,1.0
nazario5_001349_c75cfafa3c5b,tpl_b880e9bd5f6641af,6801d5ab1fcfe125122804ad2b68009741ae5cd0847d96309692fdd9be7093a1,1,1.0
nazario5_001350_8bc8cb538b11,tpl_67a918d4e83d30c0,34fec5d6292f48af580a4f6943b6e77fb054f76fb81fc04e4804ff524b8d4713,1,1.0
nazario5_001351_2059afe14f16,tpl_e74f5d92682d1304,f19e4d9896d53817a97898689a0d5bcd5d36a8193a519169c4cf577856b03386,1,1.0
nazario5_001352_d81873c0cbe8,tpl_9f6ddbb129b9f118,5b38f80930185cfa3c4a0d0b1d601f56d734e16d0f7a3379bfe0a818af07e63a,1,1.0
nazario5_001353_b2edf5cce405,tpl_ce465e371b50a2b3,50820d400e644e60396dc506a060f78d2e3138fba0e21d0590d26dde3bfc9939,1,1.0
nazario5_001354_d73eb9628161,tpl_8f81cd078b843688,8de1aad404ec0ea5f38a7553f5b00c2ea93ea771a3e0705dc3b9df99ef08b0a5,1,1.0
nazario5_001355_f2acac6bc0a4,tpl_752ae14949df8a4e,4fa0196e7858e9fe24a8b32f7cddbdfc72246690386de1c55828cbffd2f90ead,1,1.0
nazario5_001356_496f51ac54f4,tpl_6ff783247d92c8fb,f3cdda28b7bba9aef63d25e2d42d58f830b351b77a933cae45867d99aafc9062,1,1.0
nazario5_001357_8727777c87a4,tpl_a45e4d501733b2c4,a2e4e1be75bac53dde487e1dd310c8ded2bfda08a7c9c7117336b3c399de56be,1,1.0
nazario5_001358_72fd5283e128,tpl_5a266e27139c54fb,ba8063162d9be8df08609b8867c906cdca5ee84ab5ed2ec0e9d802e11a5b3834,1,1.0
nazario5_001359_cb929e115834,tpl_437387298214d11c,0f740ead7ebe1753302c7c605201836819149fd793b984baa184df634f06b417,1,1.0
nazario5_001360_a370fd4afb1f,tpl_b4cacd58db4d3ccb,9310d315267e2475605f8cb05fb1306d1d4912828e368a56e3d65f9087f6d322,1,1.0
nazario5_001361_31988f983af2,tpl_f136794115c00d46,4e831bbfb62370f575c550c6718e12371de919a7f9a591c9a89328a07381217c,1,1.0
nazario5_001362_f3a28442ab7b,tpl_af98b93f1fffdaf9,f18af0f7ce37050c7ab084aaa50aca76632ed3e0e72195b0ac192aecf51001d4,59,1.0
nazario5_001363_25880f23ef1a,tpl_603e207fd6217a5e,b2affceb01893323ef7f5b2472bcfed48a73af35e1f01c39dedbbac0242c5f99,1,1.0
nazario5_001364_31b1d2d4281c,tpl_bdf7d16292f767f6,941af1045507ee689fde27b55270c01b1b6d7c1f3f50d6c216343973c95ae084,1,1.0
nazario5_001365_850d3457d75a,tpl_5be02079e7209ac7,3533c134f8519d9f65b199e2bb310b675d3fbdc29dc4e7c53f9c3315515c844a,1,1.0
nazario5_001366_778f2d1f2f5a,tpl_bb8e3e3abdee5ca8,8c7771d76e255f413a207fe9ffcdda5ddf207e498289a2e1e41312342fba4599,1,1.0
nazario5_001367_ce9b0fbd9ca2,tpl_41caecbc0d88b3ad,91442300a6f9c6a4dfd959eb9c83d4d0b90b40991989ed4c71c6e9e1f171ed72,1,1.0
nazario5_001368_5d8621e0a8eb,tpl_30a9c869987a5c9d,17d6980adf2d20e6e4cc0586f69722073f55e1fa86c834de66f6908f7e45d9cd,1,1.0
nazario5_001369_f8cfc469441b,tpl_5d21f22d5b7e86cd,c52d161146577d19792f9a52605b95a4fd8ac99fcdad934f67bfdc017c03dab2,1,1.0
nazario5_001370_18510b38a6b1,tpl_af98b93f1fffdaf9,120b044a8f2b3616c73167560a7177d44acf024acf29c2aaac7c9e342f52525f,59,1.0
nazario5_001371_24d71eae04f6,tpl_af98b93f1fffdaf9,20806049531242accbfad2399d5e1f0e08f6b692098922668785b2e2a080f0b7,59,1.0
nazario5_001372_6dd489bba6be,tpl_65a43a5b936773ad,a0a989d92b48a0ff3aeaec6b66463e02409c66e9913f469dd369a37068d9f209,2,1.0
nazario5_001373_e758eb262c7d,tpl_af98b93f1fffdaf9,b74ec5869a9cfd13499e107243df6e1fce0d4c682751f5231bce58e82aed5085,59,1.0
nazario5_001374_f43cc8e06e25,tpl_65a43a5b936773ad,0c7bc6ec0ddb980db1d64b43f3d98a5565ac726153c5076ca347812779bb7baf,2,1.0
nazario5_001375_5aaabb4ed41d,tpl_72634bba8a974d7f,017d0a10c17aa01facfcc86bae4d54a5941dbdae22da6715ad915b168d90fd58,1,1.0
nazario5_001376_11663b69278e,tpl_af98b93f1fffdaf9,6b58d6846b76bf6f0964a62888969852ca5177dc41abbaa055c55ed72181ff3e,59,1.0
nazario5_001377_0314ec737bf5,tpl_7cf6e900da3a44b7,21809493174aa3b26273f91145aaf1a5db4857bedcf2db0a874ee4435e340929,1,1.0
nazario5_001378_ace2cadb8055,tpl_5767452a2509c885,10a349410fe85c48e1191bbb45151a86a013953e72d331cde870d36de817fccc,1,1.0
nazario5_001379_8cbdba6f6a13,tpl_74e2c5eac1f65300,217ea98be63f4815dc51ae0b15a2c8b222271d17ff7fe3785160bbd1dab800f9,1,1.0
nazario5_001380_a7b7f1027533,tpl_575bf435ffc8f2a5,2a7d91b96ebe88f760faf87ccae007aa6bf45f95c54abcecf6cf3ebe35003c1a,1,1.0
nazario5_001381_46a713a9be6d,tpl_b2cd31b7aa44cbad,0944eaece5ea4704cd5a5f248e0527b042781064936382fa50a2c755d41767fa,1,1.0
nazario5_001382_80d36fe65c05,tpl_46ee755ecd7a2f89,62c526b8c91611fbce04d68f4aebe893d50708d1780e0852dbd2b63da9ce734d,1,1.0
nazario5_001383_8a90552726bf,tpl_39215f66967cfdc6,b3c6c2c5f7d2ed7757a250800343914b9a198bce24343196f384f379703e822e,1,1.0
nazario5_001384_5f72961ca3ac,tpl_71f3f36793ebbc6b,e2616927a96ace17122b64531ff5ed3647fa65cfcfd1c246a2b1c83da92a895c,1,1.0
nazario5_001385_09df2645ebea,tpl_af98b93f1fffdaf9,794b13a9f3f1d420654a2845c33d7d272fc3c47fe29dfc7f17d9091cfcb7701a,59,1.0
nazario5_001386_39ef65fd41d8,tpl_0e387289af45ab39,ffaecd33fd080d5b87d8a2fe7b5a097e25cb28f9c919719491d70b1a1b0892ec,1,1.0
nazario5_001387_f9e2b5eb3ab4,tpl_27e4a29d02351c53,ff562df2811219489ace4e642d25455f74cf717828c7ce47f4e8a64a47854408,1,1.0
nazario5_001388_ec5dcee3a6ea,tpl_936d1e0e2baf07ea,bf93d5efe2201926d074c6e4bf0e68022b51a8f825f3a53c06d0827b576f791f,1,1.0
nazario5_001389_1d47fe42ba62,tpl_892a56934c5fb77f,ecdb7cf0f80f344a7a3fdd7b680fff2c9116928ffba5b526990a684ee81de595,1,1.0
nazario5_001390_25b84d4d3a4b,tpl_f98a0cd8853db47d,f2e5a1065aa3477f48c487cea79533ba20fd50c451dc34641f5e393ea7f70843,1,1.0
nazario5_001391_8328212954b7,tpl_00c30e25f99e4bac,42d683d10ff88495f6388d5101e5df9144d2aaaafcc13070e961d25db10e8ede,1,1.0
nazario5_001392_274b279e5163,tpl_4a5b2911cfdded46,a87f5a49033883babeb1216aa1752a71d701a59c40efcc6c986172e2c803b6ff,1,1.0
nazario5_001393_52601815fcd7,tpl_c4e8f207362d3f86,500cf55a2ded7174ea63e4f36e91444f4ad8f931356845f6b57cf117e41bfa90,1,1.0
nazario5_001394_4bee7fbb1392,tpl_af98b93f1fffdaf9,e9aa3991eaa8603e64edf679c149bad50f84d962cc9ccc200e819897737e69bd,59,1.0
nazario5_001395_75a87fdadfe8,tpl_bd5010f82d9a4281,8d6d9bac11dee754acf4f6c5323af0a013c5592f97e41f77034143723a3f7eda,1,1.0
nazario5_001396_e9d75d049a99,tpl_af98b93f1fffdaf9,0d03cbade585ad81f6ed43dbaa951297084ac298585dc5de7d13c94dec6c3e36,59,1.0
nazario5_001397_a93bc8e1913c,tpl_af98b93f1fffdaf9,5d66678e95f731fd85503e2947b616b80f25b1ec9404015d4075df2874f7a453,59,1.0
nazario5_001398_65de7e5a2ca3,tpl_1ad74071ea39a476,5530c37b59d754e25c5f52731745589b6cd24ed2eb47731e20b42e82dafb38ed,1,1.0
nazario5_001399_fdc18f801406,tpl_f3831cb11975c366,6325a9f1c48ea5d1953deca014b9670750d3ec2db77ab2d94d9250d274c5e016,1,1.0
nazario5_001400_5a79d30aefc5,tpl_65ad9e5b6919b94e,9a8b7293d518d892a85ef2126cd0edfbd0fc5e02e6353cbf737ad1299f816a5c,1,1.0
nazario5_001401_8d5810aa1778,tpl_87257969a1b2fed2,65bbf8fc06764e30feb533fda4182bbb57eece87a0eb563f69e2d3ed1c99ba81,1,1.0
nazario5_001402_cc46db28e01d,tpl_eefde2775883213c,a61d8a9028b1c51196fdb90ca4481917367107c1040e0df8ebb90148dadba1e8,1,1.0
nazario5_001403_7b8dc037a9d3,tpl_231fa83228583a94,d11cbd3fdc8a7ea5b73e05b1bd259dad5b821460459777fde92e30cab75f0e60,1,1.0
nazario5_001404_55cad02d81c5,tpl_d8c50826a47e57c7,82495a92bbc9b4a269ff885ac00671a2d07fa4303e36371e87f4db667fa765d1,1,1.0
nazario5_001405_880973055aa5,tpl_a651d4b11b82b277,853cffe8d93d74206a7ee9d1cef5f191f11235c2d6f82dfe6c9eebfa49a8b518,1,1.0
nazario5_001406_597426614372,tpl_8355de4739bb1e1b,93ff880cb6c125d8fc5495413c22d8d2b46afc47c481ad63b437f0a70c3f3a3a,1,1.0
nazario5_001407_c009c66732e8,tpl_b402a875ef075c8e,c015a54d5bca8d91b0d46e87591b3debcf0fecb479965aab8e470d2dc4595d57,1,1.0
nazario5_001408_335e11d78a7e,tpl_52a32e6be7193561,3f1f53855c16f82e0aee5c8ce74c36a97f8703a4918f393550f80680e3933c47,1,1.0
nazario5_001409_3a70bf53e6e5,tpl_8c768b6321c5df2a,958a42cd514f1be81fe7b16fa254e6ab64db25c1cc109b6380bf443ccd9b6a2e,1,1.0
nazario5_001410_fefe5a10e07f,tpl_765e37ff12a29f6f,b5d00c07d95f22c561528a6678306a52c3491129aa41f9d921c0f2b205e49944,1,1.0
nazario5_001411_1b7332dcde97,tpl_4eff671a0d05d5c4,ed534d3c1dbe6acc469eee67bb9f50d6e90e934530d2a65d43ec6ed8df4d2d05,1,1.0
nazario5_001412_85e9aa2a1e12,tpl_ad29584770321023,58f55ff63bcb63769c584f7d6295a7bae946aa0b68bcb213ad0e3185c3b759f7,1,1.0
nazario5_001413_68bab8c7862b,tpl_6b51a131a007a217,5b73d6f07c444a7864f49bb00d167f5b999b0dcdb49a32786813568d57522edb,1,1.0
nazario5_001414_4bd6e395899f,tpl_fb98e934cb6cadfc,967c29f9aa2992de8a1eee1854641901c23a56f4ea7376fce21ee3630e5dfc0c,1,1.0
nazario5_001415_fbf2a8995f38,tpl_1dbfc0a1e4478bc4,f0ea33c2f2d9fac05d419097a189c4a93837e8b51711fdcec41d00899fd64e74,1,1.0
nazario5_001416_bd48f868d2d8,tpl_bb6a18b4370ea074,d22b309905ac9e340bcbc6dc9fafa73bb97dc63a417c00fb224ea84149a67572,1,1.0
nazario5_001417_630ba32ba276,tpl_5795ecb5b5f13ec9,b91c46030911049083c5b6a02ed510608e9ba78ddd9e070409b9072a03918894,1,1.0
nazario5_001418_73fd8c6a23dc,tpl_518e51d4ae9c56c6,0846a8abeac0c60a8b94d2c1ac453139b9198281f1a94cdd44f83f0e3b030c6a,1,1.0
nazario5_001419_3c432a1b3078,tpl_0a9d13e596bef7c8,b81b034a9220fae78d4c1a07662e6dc6c9bd6e76adbaa5bc86ef8b8935dc3580,1,1.0
nazario5_001420_0b3da3b25fa4,tpl_eca67a14d7f96b53,e1b9fd9cab82c9471699e64ccd23fa3d2933ac5e06fa1a02891fd4405b524b3e,1,1.0
nazario5_001421_846e2e33fbe7,tpl_7408de9513c32494,3dedb76ad5ee44a3f123e6013f44a6b797c715245784c1ee31b48be16cc5d534,1,1.0
nazario5_001422_6480c6bad344,tpl_1c3bbbdb359d8f42,03548b563188c271d3ef1b3e0abfe23aa968726b6397dbbc328758cd98fc0d56,1,1.0
nazario5_001423_4b35683ee80e,tpl_612bbcaaf4a1c44f,50456611a182c8ebfa0aeab61b790895ec881e81ca5fbf4ba186f064d1e2caef,1,1.0
nazario5_001424_ff9f2f34e172,tpl_452941d32832ccae,27d956529072c3a34aa0d938c1c084047a7ed9883226f97ec56cd4e2bf74b24f,1,1.0
nazario5_001425_7f717ac5d702,tpl_29ce9b651b94c84e,89bd4c26905e6bee5e094f62c31e566cd7df057bd4038b76d2b061a847db58ad,1,1.0
nazario5_001426_aa02d003e2ef,tpl_af98b93f1fffdaf9,8062672a2e6157f63b24c9bcf2ef00f00e019629c5e07c11d62618992f62642b,59,1.0
nazario5_001427_fba087699160,tpl_af98b93f1fffdaf9,b7a2d26a729431ab07438e17ac9f322d243991a2c611ff67e944b7dbd0d15199,59,1.0
nazario5_001428_7b5202b8b79c,tpl_367c53977a84d275,58b447b67eb6895e798d12a13aba4148a4093a4568d2c657d9451af7cb775550,1,1.0
nazario5_001429_0dd8012729c3,tpl_49095f2d19de570f,aa0c470cc61d2b9326a170b00ae31118bdce1c01a0ec3a694a6b877996c87f2e,1,1.0
nazario5_001430_383100eeff9f,tpl_89671595b1fbf9e6,b1a4be11b16315758c0c32aec9e2c99ed990992f54859719a76d209f59afc2ff,1,1.0
nazario5_001431_25b6562413d7,tpl_884794e0add2e071,f49407122ba1cd03e7d16b10b43d13793c369c32bd84b2c30bd803bc4a512820,1,1.0
nazario5_001432_d2db17fb5ada,tpl_d7bbb87eabf34adb,e85724396d33f2a002d0c8d8f6111dde76d2cb5829936c8f910985f259ef3702,1,1.0
nazario5_001433_07e516b4373b,tpl_3a50e9ec400d68ca,a20eb86efdbdf0b44ee8c9561179295e21b7e95e827a659d1a781eff8b677c66,1,1.0
nazario5_001434_153f60893143,tpl_5aa1d5c56bb57ef3,d276679485109f2418c28a2f240d9318563a247f89a4d69bdd4d91c056c41b74,1,1.0
nazario5_001435_468aad3612be,tpl_74166b28e8c1f1af,a34a2a07e5c6178f4bc38d9e22596e70200b0da0f89e7bec6c59da3c9b0952ed,1,1.0
nazario5_001436_d77335b0e3f5,tpl_c628392b1887524c,163eba97c08beaffef53760a160d7245e68aaf822a1c2b1f2cf6acb9f55590d3,1,1.0
nazario5_001437_0a51f667441e,tpl_1d991f4fe9f34b02,342d1720fa37d873387835992473cb2deb9ac341fb3ed452dd273f969235c10e,1,1.0
nazario5_001438_b71484b83c8a,tpl_a215c772c5c96091,b7c3ec0857aef0f26f1768b0169f3e419fbddcf57dd3527b96b961f818369ef1,1,1.0
nazario5_001439_f7b1aae4f5c5,tpl_5345d1d4cfce694c,976590638a932f9e62588ca11026bfd5117584f07e6113c9a8d99a90e1053d72,1,1.0
nazario5_001440_2239222b8795,tpl_3d145d305e7b5371,e0379bd79d88938c21194c6edd3100b614ea209d18a6f84c1a53b62e5e2a5240,1,1.0
nazario5_001441_10596b69ace7,tpl_3e708373e36f85cf,36e2a9f61c7a78a1de9c1da76451d1b2b22553593ee52b9161b0b9a869aa32bf,1,1.0
nazario5_001442_8fc8b552dfdc,tpl_28b1e69ca2a357a4,e4cfbc86c7fa6f3c889252c6f27d783f7be9099eb7f942ebf10e1011ffb3f4a9,1,1.0
nazario5_001443_6a980d258984,tpl_af98b93f1fffdaf9,8e1174de798d8a209432ba8989f69a3efab8391ba3ad2100dc89a7744c96cbea,59,1.0
nazario5_001444_4bd417c8fa73,tpl_3de167fad64939c4,c09b5ac0e1a5999bf2e4ce7f0e8d42ab5d8fe1a24bc643b71e55d5e5705a13b4,1,1.0
nazario5_001445_6907e8b18da1,tpl_af98b93f1fffdaf9,d7c2ee82e009a528616f797b5ab8f9e0c08c869f1fcf6771db2e25154d81f971,59,1.0
nazario5_001446_7e4a60c6f7b4,tpl_af98b93f1fffdaf9,c1fe9964c293687f2287ce421174097b220e82500211e2761a37205c84f2115d,59,1.0
nazario5_001447_c00e7676bc99,tpl_001005bd23e97e82,5857998952b4711296181ae7bf9a42e1fc86f921b8a2030bf364f8c6d05f7e27,1,1.0
nazario5_001448_28501ca2b6b7,tpl_4c00898ba06d0cac,9efcd3e0798ad3a7e94349d1291499acfead980806ae1db3e565350cf1b47099,1,1.0
nazario5_001449_a8837a1b987a,tpl_5e9ffa91a8d48c5b,b63dd8269c13069b38b5c2da7c6f5b1cf3ed18731b96b3111b2c7e8d090bf6d5,1,1.0
nazario5_001450_bf8d017b4a08,tpl_92869fb5e72eebe0,91935a7648b9d7aabfddfdd91672b2c8753eaa2756eeb9d25fc7314ee1f44816,1,1.0
nazario5_001451_9103c3851fb6,tpl_d250219bec0f4ea0,23baee8a6f516c2e49539be54992d3d3ae527f2c6297ba3ba628b83a142c401a,1,1.0
nazario5_001452_15fd30ee8504,tpl_5038367e97acdd14,7c0dbbf48abd5ed3c0942260cd7fcfc14c7f8142646dc96e2394f3b43bb9098a,1,1.0
nazario5_001453_626990895a02,tpl_371717a43b7847db,784a73daa7d0e89f16b5acd95b2abc7154777b620ae59e9003461a6cb05fc4a0,1,1.0
nazario5_001454_fe4585914f0d,tpl_a0ba0d19b056b10c,e0c4ef104322e9d7b9d0090059b1c892e633815b763f1e07c1eaa8e1c0e591a2,1,1.0
nazario5_001455_f24c0bbc803d,tpl_b4fdf7d19da3f1d7,609a3bf62fd42bcfc1b4b8e423395fc90347ecefe7dcc26a4b1fc567ef16c790,1,1.0
nazario5_001456_244c2b16b986,tpl_d2e575ac6d8b32d1,3076b7dcf6ba2705efd091cae809728eec43ef7a6cd5a5261922f37474f3f1db,1,1.0
nazario5_001457_9947ea0cae44,tpl_14af20a7f63b5527,6ebb7eb70a20e3e2df3295f16ae3b77b36f0aeddaafc548dc5c7b8662ae6abb5,1,1.0
nazario5_001458_77f7d68c52af,tpl_75687a8cda4a4170,eba9e324bae1c116e9d909598a6085ab2b0f6fa9987b2a98c1ee7006861093b1,1,1.0
nazario5_001459_40576f47f134,tpl_853ee3bb2eb87d69,5f967d658c116cc7b7809cb735549467c95feec803095ae9222cada8b61122c2,1,1.0
nazario5_001460_a0bb4c149393,tpl_8a0b44d81d7923e2,aabe41fb1860fef67a51c80b15f0e3b5bf065603f9b84f5f44a561422dc72ff2,1,1.0
nazario5_001461_36921daadb77,tpl_780cd924d9477f16,94d54b42b05eb4312e7ea3de05426bccdf3590b32677852311cb187284212e1c,1,1.0
nazario5_001462_56f6ef0ac2f9,tpl_e6958fe46cad9a10,c2f23bb58e11cbd14aaa3f6dc0dbd1b242d2192a50d9911d2ff079e8ef9b9ed7,1,1.0
nazario5_001463_dd948ca982cf,tpl_3216f3d0c5ea2c81,add942bfdaa1a26f92bb1f85a0a146e5ec683c18ef647ce9c94d357f9cbe879a,1,1.0
nazario5_001464_66b5c8f3799c,tpl_f82ba939a9f7446d,a39a5cd65a4a0f66624893efd1579ccd62bb60d651ec1957878f885b3befd6be,1,1.0
nazario5_001465_f1831298ec5d,tpl_6a86c9129c79e0a1,c986ce454cc19d20de3a87c72ab969252a68a279f9fd3ccdd624742420f5919e,1,1.0
nazario5_001466_d702e7ff70b2,tpl_e505dcbe377be2dd,565bcaf72c5e5ccfa6663c6ce99fafe16ba5d44edd5778f1af2913c72c70f078,1,1.0
nazario5_001467_7107f8b0ccdb,tpl_dac90962494a2671,0725f7a81ecb1b7eeed9c30f0ec2a5bd87c942b7b20d997c3100d93aa07cc9f3,1,1.0
nazario5_001468_aaa1d7645620,tpl_f8ec9ae4451a7d26,46597115b31a3876cc3683e8cfcd782755ee00b8b70408da939b8b268ad42555,1,1.0
nazario5_001469_54347854fa1f,tpl_d722fad66b0d62e1,5936932d1183c39c4849074b900c2dbb269c5e73e92f83fc618c316aec0022d4,1,1.0
nazario5_001470_bba381a3f036,tpl_220c358aa51cae7e,be0c0c99e2e32bd629970509c9aaf1287022e7977986d03495e198b9ce3fec8d,1,1.0
nazario5_001471_f5a1aa0eab65,tpl_f0acb7181334c88c,4dd757f40b9dc0b62454496c232e2b139ad2a8f34f6c528457391e41ef438bc3,1,1.0
nazario5_001472_f59560de00e1,tpl_9cde3d3342058ccf,ffdbf01ed15525fca5352db239203b4bb7d506ba33af63b93bbc3c9dad05edc4,1,1.0
nazario5_001473_707e6f5d09b1,tpl_bad4d6b8916a7f78,53f3bec797de833f7f1725ecd9a8691e43e5792f6a0218a1b41067806e626a69,1,1.0
nazario5_001474_c5300ba60fdd,tpl_a87be0f0b10eb746,7bd8423101e5ca722ee1f19adfa60421b42dd2228727685928539e8d2c95e022,1,1.0
nazario5_001475_d72b7ce77e4e,tpl_4b48a494dcc12496,2cb4579c8c53f9971f3edb6b3f27f9d82f2a754157f86ca3260395babb83e2b3,1,1.0
nazario5_001476_5b9bfc83e016,tpl_daa213be7c1078a9,8a710b8e539c9dc7771e33a4d00683263820d9f3e3fe5afbd20ead5e2045a389,1,1.0
nazario5_001477_3bd1c967d8fd,tpl_a90936fa73cd1af0,d097ff4dbf103daf3569b677023c3ada301487d11cdd69b5a7489dc2489d4f67,1,1.0
nazario5_001478_fdd9368b581e,tpl_ce217f24fb23e274,dcdd5234cbd541d8d7933ac7bb90a698ef77a9cbd9fc05b6895cf3cbf2762ce0,1,1.0
nazario5_001479_f11450cb1419,tpl_e6a1f91037164546,276e0faeb3ab1ef09c219270596414f6b16602f62c690bd6363b1414bf420ff3,1,1.0
nazario5_001480_d6b443d804c2,tpl_76e63a7a43fb9d63,fd00f79ae4e30337f625c5928a5c6b1e58f47a4ad7e61105ae07065eaafd9456,1,1.0
nazario5_001481_95849bfd7276,tpl_7923daa458d3694a,156ceacbaf366bc71ffbea9c45332ffb45f4b42f302ed8ff0dd587e8961094c3,1,1.0
nazario5_001482_348a7a3e880d,tpl_1d3aa852fe16327f,add3333bd5c5d1e6e9f930ac1173044964754d58da834aae4b6110f84db86ef0,1,1.0
nazario5_001483_60f0b162c264,tpl_18d776fb17b6338e,35ce17b7a4ff566bc2611489693fdcf80f1707b41f6b8be486ff86d34d0e2b80,1,1.0
nazario5_001484_2523120b971a,tpl_0465178030bddd15,f862955f23ebc2348639e328a42af3375cd3a8f9cff8eb997bead553776ca7f3,1,1.0
nazario5_001485_f3ae91e9ad26,tpl_63a02a546b68c26d,894830ea7290a1cece1a2ff2b4605f70c69b3f0498f7eef0d2a773d37e518f1d,1,1.0
nazario5_001486_c06ed9e626ec,tpl_87b71cbcb9ebbca4,69dc8e547696a17ca3be0cf13f58089b1fff5722a838e589737df7f470a5a413,1,1.0
nazario5_001487_fcdc79b2a71e,tpl_0610a7dc2595902f,2ce9d94dc4bb04323304722f73576b2411a7f26cffb1c5c2ad9302175f35aa71,1,1.0
nazario5_001488_e9ae579baf4e,tpl_c4b3befa40036227,a4a7242520fb5c281f8d95af4914b8be843de75fb879cbaa5bb8aee24e67db2b,1,1.0
nazario5_001489_02e4d72b892b,tpl_41e8910f64b27985,23cc8c5490c799eeb2a171fa6076716d7886305a12d8d88154fe74308498ffc5,1,1.0
nazario5_001490_777d6e5c0699,tpl_0a604a89300e2f76,99f485d02ee62aa5a0c16124be5233f3eb1d5426433a79d5ac570df8b400bcdc,1,1.0
nazario5_001491_01bc6ed28180,tpl_aebb9acb6a8933ac,845395b2141ef0c187745914f95e835f2649197d8ea8adc18a74cbb45aa782a6,1,1.0
nazario5_001492_3ab5ac113e3c,tpl_0aa96fb9c0c54fd4,e8fba12540a99e2f14f1f8d2807628632fb0b31796ac28cc526b01e2f30c6c85,1,1.0
nazario5_001493_5460d5ce976c,tpl_e1b29e66a4270271,9f1db8b20d7f5e6a9625cd0a565fcb73d46a24ad752121aacc48177904271ae7,1,1.0
nazario5_001494_5fc6f9ef8363,tpl_af98b93f1fffdaf9,e84cc78f6dc6a95c78b9ce3caa950c7090a1e28a51311261649d6d5d3db20ecf,59,1.0
nazario5_001495_1ebc9459f9d3,tpl_a67fa1ad7452a933,47da4ce4fd69d300a16b5a5b680ddf517e5f279479be47c716064da6feb8ede1,1,1.0
nazario5_001496_b9f1e188c48d,tpl_6e0bd476b6d8ed84,4beb1833f151d055242682e8d1504ba014b9edab3fbafd74df7fa9484ebeed9b,1,1.0
nazario5_001497_fd945c223392,tpl_1c00d8b1f67c9bd2,9cb88d9b8ebe081ff0b58811cab0b5a2ac5de1f8c9c70725351fae972d2877fa,1,1.0
nazario5_001498_c962ceeca4bc,tpl_9f5b798641197579,c314a1b679b25be2b4eb1e024a47b738f7369ebabdc077db8bc254ecb2104e9d,1,1.0
nazario5_001499_926a2ce907db,tpl_695ec2b21944747d,9bc06f6973ce7bcb31e8d44203581af18644b195f2f2e0a4ee7ed4d0d3055245,1,1.0
nazario5_001500_6e6003e09b2d,tpl_37b70cd1ffa42180,2579630e1fdc2dc79371d61c22b3b83320de8be623449e5a7d83469685462de6,1,1.0
nazario5_001501_44a5934b531d,tpl_207124196d5894cb,98f1a4b0a7d4fc616010e195eddb2b99099d63f17018f07336a61b1ad0cd69c8,1,1.0
nazario5_001502_d83bd3026637,tpl_936de522ee6e0adf,319bdfda9ac9062ba413178d196fe8dc7516ecda472b2dea1cae970ad50303e7,1,1.0
nazario5_001503_80f31470acfe,tpl_119333d36b060f9f,b690ca0d632598f0a20aebc5316fc8e6dd4a854ada6c889ee9102ae3eaafa6a5,1,1.0
nazario5_001504_054f0435b040,tpl_d6e37a54c32ff3e5,a91de3f765f382e680cd9c2e1e9b03f111b6992221f2a9833707cf2468b1705f,1,1.0
nazario5_001505_3b7905ff0f72,tpl_96b308e7c94e0876,0768a5a8720464cb31e9e81c78fb64e1fa99a7c17801c2d6d7da40535436255b,5,1.0
nazario5_001506_3d1cf8d5adc9,tpl_e52d9d87b4109f60,b9155bd16c9988bd85ae8d0490cff37594fd71ff917e83b19ddf42ca24e8e6fc,1,1.0
nazario5_001507_0ade5c21fe0a,tpl_9928b51a09748da0,fe05e38f3c09ee7dfad5329b37b0c78f11c64ed501e61cb12bf99d0cd5ad8980,1,1.0
nazario5_001508_2e28ccac83a8,tpl_80c775f7baba2b06,e418a49d4c489b83f2eb3acb54b031085f171dcd923bec09f896a6c573de2480,1,1.0
nazario5_001509_8c253690a544,tpl_dc2a68fa52e7f381,41aa2d9e632d988e0b01416821b460965d90a4344206b1314890723967182ca0,1,1.0
nazario5_001510_c03ba7a0aab3,tpl_0f1ed54ec62f8bd0,9033cbb6635b8db75aab507abf876937f76845651d7fef3b751f438b24904221,1,1.0
nazario5_001511_de0ab9f5efa0,tpl_60904f54fe3fabe3,8547433415122bf8fd6efceac8d934be4b0d94265ba9ddf3ced194f4e4a2be5b,1,1.0
nazario5_001512_9b4f550af78e,tpl_41ab87f17639e5ef,1547732803d15d34a5c1c6b85ac5038ecc1faf1c86dba8909e436e05b443610e,1,1.0
nazario5_001513_51db222454ce,tpl_886349e87b0537d3,8800c3a3c324bf02a2b6c5216b1114cdfe2d6a5fc4d5ec32a004964055779415,1,1.0
nazario5_001514_bc550f0f19d9,tpl_faba59b02ccdd435,180d0b374dc452b492ba6e8227469f41076f7331251709c3275d05b0841ce170,27,1.0
nazario5_001515_2f36db2a2013,tpl_af101b460d90704b,bb4bec79befc3742514cf6e7ff5f3f595d4c6086895daf4fa93ed194c28c1a0b,1,1.0
nazario5_001516_1ea6548b97b5,tpl_5537223a7d6d4e7d,9fe6e57529d1b57e2092738029e443cc71a640576414b5a40b691555252cf1da,3,1.0
nazario5_001517_2fe55b5f0639,tpl_509884d80068a9df,dfd8b79137afe26f7315fd5cb7ccbdee0eb3ce039f9f9e19cc08e0f1259b7f54,1,1.0
nazario5_001518_64960cf69a96,tpl_5537223a7d6d4e7d,7245d0596599a6e2a0b96bdb043fac63cb1339f0c9b0385b3f14285c686518dd,3,1.0
nazario5_001519_fed09d5dd40f,tpl_6cb0c29f602d9d04,54b2a1d46cd097872ba12ff6567b8af8282277df9300e888699386692054b78b,2,1.0
nazario5_001520_fd9137b78624,tpl_683a56bbbccb29b8,21b99b997ca4b8c2a0cf44e218eeca4bcab4f535f3d4380ccdf1c297c0a417ca,1,1.0
nazario5_001521_560d808bd2c6,tpl_4362bbcaa4fa3b90,52cab52213f6590038f09875318f9c1cb7bbc1527568898232a1ff5f2997799c,1,1.0
nazario5_001522_121c9479b84e,tpl_5537223a7d6d4e7d,6fe394bbf7fa55d5093ab6ce523e1bf91b9e733041cf7381aa3977ca1dd69c5f,3,1.0
nazario5_001523_9dea1086b742,tpl_b9b2b85437ecdb17,0b1989b232f883c9699a88128d669d2ba9c6116035cf9f2f1a2270dc3a781248,1,1.0
nazario5_001524_d2faa5622be0,tpl_5c4db76cce7f166d,dc906c69e006faf18be7d2aa34dd317bc5334001c6f37c6e01f89057e614e6d1,1,1.0
nazario5_001525_8a9ddcf5c055,tpl_9b3f297124579be8,52d66188e7faada3894df40c3335f1a1878aa810652e585c4e03cf71557442e8,1,1.0
nazario5_001526_83f317eadfa9,tpl_5d255522ac80b70d,7818ea65cc69ac74569e659a65fef7a71e103f8450c1cdb7bbfe8c76d81c913e,1,1.0
nazario5_001527_39e7e1d4c71f,tpl_e28df2677a8056b3,8c02653b3cb36eb81461056e316c9941cd9969970d4c295093f477c7f4a89865,1,1.0
nazario5_001528_a502589f74a0,tpl_34c9105b0bd4ba59,9393f01c8ca7e07ee2f6cca4c9988ffeaf41d1a6099bdfa360702bd42dbbb5ef,1,1.0
nazario5_001529_b9b974482c97,tpl_96b308e7c94e0876,cd86170a6f43d1df22172220083920112fad85de16bb49d62434e65ae001d986,5,1.0
nazario5_001530_5c10f824cd6f,tpl_5e2df2e356705aef,2be7f012d86c1748961f8cf4a10f9456dce53987c9b6caab74cfb654a265a3f7,1,1.0
nazario5_001531_b6a4abcb16ba,tpl_66f2f89f25cc551b,c4dc174018340b78ef9f808f80b5fe669a1b82b18bbb3e9133d65a7227c94474,2,1.0
nazario5_001532_958b70c77a29,tpl_594876789520de1f,0ea888519d4aa3542420d63ccd3438b80f6b58755d9d95c1935d968072981009,1,1.0
nazario5_001533_8a1db0ebf79a,tpl_8a2142cd7b6fd4bb,5a1696ec9e0fe19de347e67daeb54eb489fa70c8b0c05e94de1d98da2f0fe7e1,1,1.0
nazario5_001534_c978d67583fd,tpl_410ebb872297e5b1,bc017ccce49cb953e2b5d542de9c48e5c8b890571e5bec1b1d823bdbb66a11e6,1,1.0
nazario5_001535_2c54d9d17323,tpl_2295dc536e9e37b1,2ee3f75d038d2c634e5ce8e8e2773ebd2bfa91503b278379a77ec5cd61561b42,1,1.0
nazario5_001536_840808052270,tpl_42f4b7cdc41aafc4,349f2ab8a1cd455a91755c0a70fb42fac4b9ac8be4714124368672d07e099011,1,1.0
nazario5_001537_9d7179e69313,tpl_bc3f5e8f438f80b6,a8ea4e60c8ea57f97a848dbfafdae882c6782e11046dfa22b6e429518b5f42dc,1,1.0
nazario5_001538_37b604fa0df1,tpl_66f2f89f25cc551b,050a2970d998f07e4d1f0e89e111eaa065f0b98ffa002bf0e3b4e274222dde87,2,1.0
nazario5_001539_2d7a28d9a9a4,tpl_d55c73451148521e,10384773903d70826d6fb5df3c4039a45f61f6a3537c9043098e5f524fff3c06,1,1.0
nazario5_001540_5256355755c8,tpl_d955f99d8df2583f,5fc4387df2ef8e762619c4ff6a5a5e42f907570b3b37c48d01006582bbe749fb,1,1.0
nazario5_001541_fb6a8dd1d77a,tpl_f3e8ff47a9db6c2b,2ae13d2e06cb93c089355bdfc30514c9f5c60bafebc39ee42c2ccdec86aa31ec,3,1.0
nazario5_001542_2bedcc02f99a,tpl_330ec9b712f1571d,d687a23058ea9d0d151dd3e4cf4754979cf610c7ca714e7361a164b565f289db,1,1.0
nazario5_001543_80b73230e88c,tpl_7db336655ff7deba,ac661ba883afdbf13814e874d0a3ef74e3a5acc4871c5c0b07f2a628f4a9e8ce,4,1.0
nazario5_001544_9406e584fc7c,tpl_808ddfb87dbe8bcb,f0c20398c44b6bddf59a736e1c29e4bbf217300d97932817f1f80cdaf3cb4a6e,1,1.0
nazario5_001545_44943b624d13,tpl_6cb0c29f602d9d04,365db671b390f957b0615856de0ac50bbbdb50a894cac73c26c4521a9833774c,2,1.0
nazario5_001546_c6c4a1d98289,tpl_7db336655ff7deba,ac661ba883afdbf13814e874d0a3ef74e3a5acc4871c5c0b07f2a628f4a9e8ce,4,1.0
nazario5_001547_4a1eae1f7cfe,tpl_2d686ebe2bd0517e,61aacc375b592c59dd01d9517fe925bb5dee2af331fd08b1567e60deba4ba117,1,1.0
nazario5_001548_053bc97c3502,tpl_67929bcda24a361b,a3b5e0053ac6d8a71bb7bb38c6850a70f99b4a44999f11e7d3cf64391c003e60,1,1.0
nazario5_001549_d5a6beff8f54,tpl_e0374238a7b9bf77,7c0d931cfbc70ad5cc44cc61fe5d9ed05ac6afb047a11be434f39e8ca9e0e35c,1,1.0
nazario5_001550_fc6bca6b6612,tpl_8404dd6183291ebe,c945aed46cf1dff1c9571fddfe3eb424b51ef40eb0df133a041bf45ff001b292,1,1.0
nazario5_001551_fdb124c5075c,tpl_ec75c12114085d46,d3db1c8c0b00f77a4bd9b25a3e7da2e3dca1f689e9201e339e9ea972a9abccb2,1,1.0
nazario5_001552_84ab2d41e41b,tpl_030715bcedb7e5bd,7e48c4dfdce48a2c973b0de29d69d8f69da1b7b1b4708dc7472069c2851371e1,1,1.0
nazario5_001553_3997aad45e5f,tpl_b1131cdf325f4a69,eb73a3bd0a277e7c10a3b0f6ffde9c57c1c6f22554bcfecf6d7c3acbe08cdd44,1,1.0
nazario5_001554_cb8de5153ac4,tpl_61a3bb3ffe43167a,0f78a5780ff5ed1a0b4c1ec47a392a1883a42c69686cffb079c1d7036b350eea,1,1.0
nazario5_001555_fece5f2c0b47,tpl_7db336655ff7deba,83964ca3a6a3a1e4e0e726484e8c8bdbc53bd42bb7a1f3253c8a17d1b4cceb3b,4,1.0
nazario5_001556_80030725f893,tpl_97e1419a66732f49,26ce49ae77c3ed91190eeba401e3491fbdb5da701396a15ecea65cd5ea91da63,1,1.0
nazario5_001557_22ccbae06837,tpl_96b308e7c94e0876,255563eed6d919d5d3087dd082bf4a554c1d105d28f4a83ea61285a2e39dc72d,5,1.0
nazario5_001558_89aa7b95f140,tpl_2e39e44d80dde93c,6a74b54f247bcdaf76a2e300936ba4c3af5c367d238619e46ea6fa74c49ec2b0,1,1.0
nazario5_001559_0b16ae2c468a,tpl_b9611f6c2102f54f,c154ed03e8cfed9474a48be31444a1fd80e0ae8c69f62813e5f343cd1515ab0a,1,1.0
nazario5_001560_5fd73812b500,tpl_e380e3c5d7bc8119,1f9b0b14d685d64f108d62537455ff8b7800d12d1ac1bc2572ba9265239333d8,1,1.0
nazario5_001561_34acbbf5ed61,tpl_7db336655ff7deba,4b9f89d3c8dd1af1b5777b4de78f726029abb28d810c39730fa411e031e0706a,4,1.0
nazario5_001562_29a070421bc3,tpl_3f09dffbc7481540,a92b5e3a02aee4db166b2adbf94415d01a5d22e24626a12de3608d78b8de8f2f,1,1.0
nazario5_001563_8f15dca8a2b2,tpl_ef8dba1d092e0a4f,547c66bcb2bf9a0e251e63ef71e2a81e5192bc2451ddec16125dfaa37bedad6b,1,1.0
nazario5_001564_bdcb7b894bbc,tpl_e62b6722a6ae0303,dc81b9780301d73a66ead115c043f623a3ee8981bca4639d1f6c7141ca9f4da6,1,1.0
nazario5_001565_e19063371e98,tpl_c3de963ed624b6ed,3ea0631bb9650b0eacf5894594aaf354d92ceacb51670248dbd77861cc74c415,1,1.0
nazario5_001566_af7a8b0d74e7,tpl_cc5d9ecf84144f3e,7474febfba90c46eb49e8b148007e51af846c474a50d5c7f61b265c75e39b00d,1,1.0
nazario5_001567_99cdde190418,tpl_a474f6093df012a4,c9e60253e64c9fd094c584af9c53204b74d9d28e7556e3de48a5b90ca186c374,1,1.0
nazario5_001568_5847c9ab0347,tpl_96b308e7c94e0876,bd5576ec4f45ea21089a9f170572933a0a4c9f0b645ba9100fd896c34217c448,5,1.0
nazario5_001569_5d24e3e43bb8,tpl_9533323bd869488d,679a407b360309c1489076399b7c4201c3d6f43594bf7d825c2ced48e36d3773,2,1.0
nazario5_001570_461b71babf63,tpl_22a45a33f4ba7201,6e9433ea321f53cd66040b08bb70309221bca545e873af906bff4308b49c0e2c,1,1.0
nazario5_001571_9df7238c4f38,tpl_c28f9b0204aa39ac,d5b45c15f10ac5d437561415e1b99b7a81c069236e91a0fd777a9f0d41d71a91,1,1.0
nazario5_001572_361b6d19fe69,tpl_4d6aa566f24ff517,19698cd2d2f6fb3ad574cf1cd987f0c950bc0d54b1b806bacd7c7770fdecbda8,1,1.0
nazario5_001573_bf2f32a76087,tpl_9533323bd869488d,e95797f74fc84305ee34de0e4afd5f0acc631b1ff81023790aaf3698ac6f0cc1,2,1.0
nazario5_001574_9b25eb71905b,tpl_5a9cc8356c2c2f84,183835209be8c3f65b712edca199c6c317093ae55ceb817f177021bfef37145a,1,1.0
nazario5_001575_f900aa7f24ab,tpl_565df33a58154211,a361e19a97fa2b81006b0eb564229849c9299a49815bd444d7bca4b96b80b660,1,1.0
nazario5_001576_c1b4a4594d0a,tpl_91178ec7ceeeab98,fe5224f962ea006a59c812f13f237240836ff12515d66e63a466edf0246419cf,1,1.0
nazario5_001577_fd27880237e3,tpl_26c4746c5a3f0f64,197e24355c833d2408bc427883cea708fec69443211718e3754e97e8e256a1c1,1,1.0
nazario5_001578_1d23c3861003,tpl_2b677eef57c147d6,c1709be80c70e12a5053863c1bcb4e7dc66e5ae0e5c4d8405c35dbd41d8db72f,2,1.0
nazario5_001579_c40483a89831,tpl_2b677eef57c147d6,c1709be80c70e12a5053863c1bcb4e7dc66e5ae0e5c4d8405c35dbd41d8db72f,2,1.0
nazario5_001580_fd129e9c9bc1,tpl_c0212c2db00aeafd,5d7118e2daa13f1088ce272af05e13ba09acde25fc78914f0d38501d6ebff809,1,1.0
nazario5_001581_e58f7ac71b2e,tpl_9a39da9f33f00afd,2a5d7d86277cc44722fbc871095fc389068639aa5e6f3967460725ade9bb138a,1,1.0
nazario5_001582_220f6dbd1813,tpl_9ad683258d2baa2c,63fadc73c92fbe3593a22a1aa9bdea4d53f7f9e8438a8228cc6a2e446d79f509,2,1.0
nazario5_001583_f77ff0e4e80e,tpl_66fdfb27df96b0ee,7c7776dd0f32f3f8b2ce2a8ed016e4330343ec5a4ed9b7933969883015e4d195,1,1.0
nazario5_001584_7ea1617d40f4,tpl_5bb3a20823fa2c77,7d68b4af0c319a911acd3a77f1bbdfdc5b4032b497d9f124ae78173097581e89,1,1.0
nazario5_001585_aaeb845e1c76,tpl_8e41fcdff4448aa7,834edb3e1048c62c96a6cd3fd53151b59aaab1e4e86ee6bb7516b634957f2ea8,1,1.0
nazario5_001586_f660dc8d6188,tpl_bf8a9fa23ccb5a5d,a019fad9f84e09a3d416586221bfc5884dfe7a8df1afd141ddb3a7a6e695354e,1,1.0
nazario5_001587_769aa44652ed,tpl_69557099ac8b9a77,5af1f09c734884a8953c574eb7b16efca9d84550984ebbd29a4cb9f397a1b751,1,1.0
nazario5_001588_83cdb0aa64a6,tpl_30c50d26d64d80c8,93e51b6bdb20d8a218f32c70e59a32d893ce961047f0ce90d4eb2f022feaf690,1,1.0
nazario5_001589_64e2d5a29b12,tpl_7a39df54dc1083ae,19858319b0689b92008390e613459b7895cadb881a5d6220238d2f752df47454,1,1.0
nazario5_001590_e1fe4bc29089,tpl_9ad683258d2baa2c,494ab87dcc6cab7d31649771a0d4156f6fde41a0e3d9440ac773c94c7d891913,2,1.0
nazario5_001591_49afb53e1038,tpl_c194416fbc7e52fd,e1c7551de699c10c7fed45cab33aed31ffa80e45925212d3eb9fb51ea36fdba3,1,1.0
nazario5_001592_a1b01adeb536,tpl_2333f1337e3af19d,18dd39fbd039fa7cf6a4422d24db90ffdb3f61985bb3cea7fba23b7911613508,1,1.0
nazario5_001593_2d7ddfd71fbf,tpl_5dbbbb1f85224f23,301f4ed19640610f755020beb16e1803331b2e75ed05f1ae303c9a015621049a,1,1.0
nazario5_001594_e1b72a74a4d8,tpl_5967653acdf13640,aa99540f124da51d5b8d6dfdea2839dfdcfb642207329eebcfa955d01c4fb733,1,1.0
nazario5_001595_03e113d963d9,tpl_9b673e6314f24dea,b6bde489c15a8d7d868e02de49ebdc7f17956ae6a23def1b64a167de727a99a6,1,1.0
nazario5_001596_f6878108c6ba,tpl_1e0f69d96a896283,3d7f755080e89c0ac05f1cd7d064a46e18b948aabf7e644ee7b3f8e70503f7aa,1,1.0
nazario5_001597_09b49da5e4fa,tpl_4cb6751d89e4cf50,ad36ee21b2a4c8a0182c7322ca2c170e178bbda0012a09866508eafb2e26b3cf,1,1.0
nazario5_001598_9eaba2505b80,tpl_a3ffacc02121e8c7,5f29be667ea1d147dd686a6978f614a0ea9e9c68fb1a80d5be1fb36f20364e46,1,1.0
nazario5_001599_e89374ca6f62,tpl_27ef07c42debf438,e044f48419fb09ba3c0aebec6b0b38eac82dd1848e18b0160ca047618db98645,1,1.0
nazario5_001600_74af01279b13,tpl_16bcfa49d86ad82f,29adb51c4959eb04e9d43ec61fc852fd05d8393a384ade268523c5576f6ed151,1,1.0
nazario5_001601_37e96d084bc4,tpl_23ee02418c19bd71,4c1f8c1b90e8c9ab2de55deb2366e3148514d2ef8444eaac3b9f1a64ef95732f,1,1.0
nazario5_001602_1141421b6478,tpl_8ba0f1ee03efe670,f281b3f17f5db81f707a694477e2b7f259a11c998555fb7b81c1f7d2c55f57f7,1,1.0
nazario5_001603_1e31624f2ce6,tpl_7a9b25b52c227963,cd48cf4a6e8328e50a66ba7d04635cf57818c03591f858ecd726389322da491b,1,1.0
nazario5_001604_6593bac3bb48,tpl_c075bec8f36648f9,78e1e3f5107af18ae0e9913f0df41d25df6cc405da963366412260b27ef87721,1,1.0
nazario5_001605_cf01af22e11b,tpl_db5b3486c776c1a4,9a96f2134f7240edffa76a2a5f3aebf47b34db99ba719c1d55cedc8536dd305f,1,1.0
nazario5_001606_dff8cdf4feb8,tpl_ed74f0b48a0c993d,5ebe6ff60266afad0c21284ae8f0d47847f26e9297ebbbad4ea820262d30fa53,1,1.0
nazario5_001608_8e5066728553,tpl_ece7a709c8840e4f,be949e27d1c64ab58f613ef21c9f86f7c7bd72715fd0aca7f3db09ffa4843d56,1,1.0
nazario5_001609_f0bf0502fd18,tpl_96b308e7c94e0876,446c059daca1a943e48d00036e089d2bdd49301e584d247f7b869e4bf22f30dc,5,1.0
nazario5_001610_de4bb9903375,tpl_8fe4fbff8be9e305,7cba78e99d8bfcafecd5faef72340e9d5ef53f4fef8879ae377becd0f05dea57,1,1.0
nazario5_001611_66f1768667d8,tpl_ce499a697436b99b,e6c02806c99516c0e2a26a1b64af620e4fb3a338d70633d6b1262b413a3cc6ef,1,1.0
nazario5_001612_98d7dff0e65f,tpl_6f892481cd1ccb6a,7a73fe4077d8de183118dc1a017bd252144179fa50a2756e2c8333c7ae9e2dad,1,1.0
nazario5_001613_1a2ddcc75374,tpl_9800f6dbd3c8f504,304ff5b02fd2e48d7d0352f4c3d8084d1a11b312e70c8121e9fb1a96b883f5da,1,1.0
nazario5_001614_cea45c7c54a9,tpl_a88e116441c7ca30,72dcce9b788bec90cbf3591af2f4ba5116020b02bc9f5f49757912a48c4a2e3b,1,1.0
nazario5_001615_f4f5a7529cff,tpl_f63851ce363c2fd2,bc29162bd5806b7c8733711d4970621135701286676a72ae95a7b0e5fb687fad,1,1.0
nazario5_001616_8663c27f56c3,tpl_06c2ea7c790fd8f9,4cf6e8e1b3a465e352bb026e136feba20c051cee2d4023ca226ef6f368139071,1,1.0
nazario5_001617_b7e417a1ac1a,tpl_49159077eba39f31,878e5f4ab485c072c5e013eaa7be6596c0946e933add3687ec444cc3bae9e2b6,1,1.0
nazario5_001618_fe83cecc4c24,tpl_f5707fe5722390f0,ea9b31f8be16083492b4ade8d6032f72d5f890694fe3ea67fc6368639c6b84ee,1,1.0
nazario5_001619_5562757abb87,tpl_33cc30df267afe21,41e64c156c1263ff7970982d9f1e8c47ba449e2e6e37295f82742612101e03dd,1,1.0
nazario5_001620_4fee8545f20a,tpl_cf17f8b5a8ad38dd,10d44ca29cfb315b9956a4e5c2ecdf285dc52e2f9d845087df4b53bd46c31c0b,1,1.0
nazario5_001621_1f79fac64bde,tpl_5cddcfc8c6344924,3051c8035b7f77bd1867087df6da4abbbf98f0e87c4e456440b7b3e471b923cb,1,1.0
nazario5_001622_a0326bf18205,tpl_ca255a027d6fb9d1,2db090f2987048bd7066dd4ff01978b53795b66aa7bf1ac9823e9facc176acd4,1,1.0
nazario5_001623_e79bd478954c,tpl_92d5f5aa06be042a,239bc714dbc229280484a6d1fd948640d47b5889b2f30052e57af687e1f27c20,1,1.0
nazario5_001624_e6bcf1b92473,tpl_282a387d9f57747a,18c2e98de79244e0836b3d7f0d426ba8ddcc5257c30c3856e1826918d5cc3024,1,1.0
nazario5_001625_dd1e781fc438,tpl_1ae53f90d987c774,9765da4fb05b39673d20394bb2b27c4c4e1d30f92eed30f3027f76f91bf45ef4,1,1.0
nazario5_001626_13863400355c,tpl_945416c009964fdd,e1f12d1da71bdf105469fabbe33e790b142d79357f3a6cfced86cac7b90ed844,1,1.0
nazario5_001627_9345fac3e69d,tpl_41b679bb6db9fa9f,68344548e3fc4a16f5fb772f86c285559eee6f50ccf48db32f60aacca8cf6a94,3,1.0
nazario5_001628_2302ba864c52,tpl_80d4f41c21f29886,cb7899396d766440084753acef9efd6cf2787771900d4a53a4be396459019377,1,1.0
nazario5_001629_0f540f93cb16,tpl_246ec9ee76b25d90,63ef80ded195fa42d816e61800fc74318d305003103b67161e3b5a9cd6aecee8,1,1.0
nazario5_001630_a3e8deb58b8e,tpl_de5d82514624e0d3,b818c7e87d2a43a7bf33b28c9a9fb7d8632d3697d2b9b775aa160e19cde66911,1,1.0
nazario5_001631_c53a38c5d495,tpl_374f49220010fcb1,a56fbb7868e90b1b20b1814c2ab799e931cf332f982fdfad94865e2395fd68d5,2,1.0
nazario5_001632_46444f2793d2,tpl_f263cbd8dcf14953,1c0599017be04d12f8ad5a5c8b858b5bf09b32312746625f3b73303bbf8719bc,1,1.0
nazario5_001633_96d699f4fec8,tpl_4bc77bcaf42188eb,fbbac46297bf9773596b0826f210a54552c8a9681b71b010bb93009e4bdfef62,1,1.0
nazario5_001634_3ba795fd2cc1,tpl_4626ceaad1f515f0,608e8de7c84152ba906aa6c1fa398acb65fe3f4f7f00de5b8f263873c0fd5a62,1,1.0
nazario5_001635_f4bd96b91d32,tpl_33d678d2731542c0,d5ec17f856803b07818e93077f92df25501182de62bf964900c1a35ddcfdf8be,1,1.0
nazario5_001636_34d2d35bf8c5,tpl_4a18641fe6ee0339,6214d8c90cb5a9c03a5f9c8e2bd8bf1b867626268b2c504920738cdc3ada591e,1,1.0
nazario5_001637_449f8eaae718,tpl_b0d8152dc507ccf8,d368f79d4a2b9483d391f723d41890f8ed93f6e9b9df11e5f15b8e4565df032b,1,1.0
nazario5_001638_244cc310a126,tpl_6c203ec3059e89d1,b03bd4b2f2bf094f10d1eb216137b71a5a49cbb8a8f44b9b8dd906d84dc0c49e,1,1.0
nazario5_001639_1e75afbcfa81,tpl_374f49220010fcb1,00b3ede89f8e839c4c861ce05affb27e4e86792808ab48135a58dd0a12ec8391,2,1.0
nazario5_001640_a7fd496d21ef,tpl_ed986632434de265,f3d1273f26517430b00d38012cc8db350a538e84943dfc6daf21cfa0f7e0d851,1,1.0
nazario5_001641_c997dab54449,tpl_4d16fb5acec9dbe2,a02f7f657382694fd96b2993c7119dda50810ad341803195d46aad87f85f1ddf,1,1.0
nazario5_001642_dc2338efdbe7,tpl_e2be5158869b460c,9dcafaa196ffacd49c19feeff49cdde7ac07afa097eab8fb1cb493a78cd51ccc,1,1.0
nazario5_001643_bc6c05c1e9b3,tpl_93d0af2eb1805f0a,08f68425ec440edbb9df14f73d95ccaf9410a5aaa2637fb409130f20d9ac47b7,1,1.0
nazario5_001644_0febe08ea127,tpl_56d5ef9b753ea851,7f55bbfd5ce1da8bf3836e19010b1dc929d21ae0aad84788f050c0f8f088d429,4,1.0
nazario5_001645_7773fff12917,tpl_7bdf9c1e10cd98e2,ba0bc308254e8b9c0b6fced526f6945dc5aa80846508b836955cbd8eb8cf90ff,1,1.0
nazario5_001646_922669e130cd,tpl_db328681b4d16001,4ba226ad80600d7d2bf7b569ccc30b320c8706da8dde46b12c0dd3a24ae90a96,2,1.0
nazario5_001647_868572faa475,tpl_56d5ef9b753ea851,d92e751dff50f432c66ca0ded28580f7c5d30f77bb44ed0a067e5e2b4543ea34,4,1.0
nazario5_001648_7c992082decf,tpl_7998c113ae5fe58a,306a03d52d0ddd88388ca66914b3905c74d0c678f13e472b4424782ab71ddbc5,1,1.0
nazario5_001649_6b6255355c01,tpl_97275d8fadd7a29c,9f6626bc83eb9e363fe301b8a71eb714a59851bdf4963046530021070cff771b,2,1.0
nazario5_001650_4a8471a2d0de,tpl_db328681b4d16001,4ba226ad80600d7d2bf7b569ccc30b320c8706da8dde46b12c0dd3a24ae90a96,2,1.0
nazario5_001651_4ffb45524966,tpl_d7a564116fd1944f,22288ff1977afbb3ff39233cd4e0d0e2135db84f810a99a84a33ffba161f8a6c,1,1.0
nazario5_001652_82b8576203bc,tpl_f3e8ff47a9db6c2b,c5e0085bf26ea1580874ad0bf614c4d7092020a5fd1ebb753f24512d94fc155b,3,1.0
nazario5_001653_88b2ea01adce,tpl_56d5ef9b753ea851,8df0f213d1a66728d08f7d3c858dc728000283bec2be0476534e6b9f19aecfbb,4,1.0
nazario5_001654_e550ac8fad66,tpl_82db8e1b482c8412,fdbc97336311915a77b35a2252284dfe0e53fdc08f67cfa902249188a9000274,1,1.0
nazario5_001655_e875c18b3908,tpl_adeb2dcbe0fd5eab,c8de0a4f7892b14cb517d14f4705a7508af4b00f92d25d526c8913e7e90316a0,1,1.0
nazario5_001656_a7e3e6ec0c01,tpl_41b679bb6db9fa9f,e9303c730f4c3b74e2a17c5b492723161793f97f3b9e9436a594775e1620b8f0,3,1.0
nazario5_001657_c39f84cf5c83,tpl_794141abb201331d,a1a82358e06d78447b9ceb38a6fd0c4a886c1846c6d635bbd9b8f3ec37ebe2b1,1,1.0
nazario5_001658_9dd0ea9ef84f,tpl_8871eeb57e7ae0f9,57ba9f8a68b08b4282e2873dd440055679dfb6a819e7324d82098bd55a746243,1,1.0
nazario5_001659_076492b442ac,tpl_0221082d350dd00c,e5fdff58a481cd725f7234d28e19a82fe316b6a0e77b3ebb24e4ec8b04889093,1,1.0
nazario5_001660_591a11b78aaa,tpl_f505640be65ba9e1,d53a552e05764badbc83f9c4fe8915be8210953998168c72be335dd00ff8ce30,1,1.0
nazario5_001661_efea77ef39d1,tpl_dde6f01b8663d522,96bf3975badba3b48838a08c164ba9dabc8b769773a99db8b97db5ea8a4dcb7f,1,1.0
nazario5_001662_e6a0cb8894d9,tpl_8e6321a48a9ff9fd,47403ce62e4502a3a65ea8523a6dacc3afaa0a7bcf98df894162126b0e27bce3,1,1.0
nazario5_001663_a0c570307e90,tpl_7be1f234c3db7906,df8ab424b3fadafbc9fe80c722c78b0dda2697dd2fa8cda34e3d9bf569be6fd2,1,1.0
nazario5_001664_a1bb10e1552f,tpl_55d0fe540bbb235d,1f0721be469cd8035bedded4b2a33bc5b6ca48eb573d552e9833ca857c981895,6,1.0
nazario5_001665_de82c9d6d378,tpl_9c60c068244476a0,d3c91c4e134b1aae482a81dd98fcffbaaee2f2c5282d6fc6bc420f8cb770ac4f,1,1.0
nazario5_001666_feabe5307c31,tpl_8e094f49b7f0aa12,389165968882627612e227d0678151e044faab7aea27a82f057374dfad96c5a5,1,1.0
nazario5_001667_9ddc7fa97a52,tpl_56d04263df6e7e11,11e637dff811f452c6608154ed17f2f20c9992ca2834026477c7b262d0a8a8ea,1,1.0
nazario5_001668_5958f20b01b8,tpl_efc775e07a2a6276,da91804f24a58821bf69110babfa7b4334cf714957f349e69177cd963a151068,1,1.0
nazario5_001669_80fccc9e78ae,tpl_55d0fe540bbb235d,9a380a0db127fe1dd24c2014b72fb59271584c447f6b9154d62dca2200a7e447,6,1.0
nazario5_001670_0c8188137b87,tpl_91889ce74b53f18b,0334b4f176779d333d70b6164a6590915a327e302bec08e12727b173475c7952,1,1.0
nazario5_001671_c89a3d7a98ad,tpl_a74fea181a339f93,602c069bff4127b9b6ffcc1f2df5003935a6e16e8f97ce82cbc917e19def4704,1,1.0
nazario5_001672_c331efd5abf2,tpl_5b68ed76b64800ae,9368b93bdd785d43deb7a0f5872d97e244467ef36f563b1b943a2ae059368721,1,1.0
nazario5_001673_575b12d43713,tpl_1323198df0d09a5b,e185f13f27293e105bfef7c83f403e2e5cf8b722a053feca53f82993ab597dcb,1,1.0
nazario5_001674_62e0236eba1d,tpl_2deb54a5a0b8fd4a,5b156fc8a2fe70c0798981fa72dc952380fd8db30b218fd8d90f330d5f19f4c9,1,1.0
nazario5_001675_8595552acb20,tpl_3de52fc94010da12,b3e4e6730fd389d7ad691d64cd4114815c61f2c8e7681944793e74e60b2b7e63,1,1.0
nazario5_001676_69209f83a8f3,tpl_22c2760b77148416,4a1f919bb71e2c702901f940320ebd0c9e308147013250804afdd51e42ce766e,1,1.0
nazario5_001677_002bfaff230c,tpl_c069c4db1eb7e44b,5149363ad88e2b58960c1ae6c3efd9bf50ab6c7c57a4ff9cc9475d8ef08019e3,1,1.0
nazario5_001678_3b7f6ba3796a,tpl_8dba03d11cfbee38,dfc5dd622f315ffb5e565d4b03449354a737de0f387ebae28b8bde78c779390c,2,1.0
nazario5_001679_f7937ec5b594,tpl_27549122f1449f43,58545de41397839038c60473def0577156380457d68a779a17b87b049feb5ff9,1,1.0
nazario5_001680_1bcbe8adf3ef,tpl_45a351272b9affbe,c69c57c4c2c7318107e17cbc697c09956428980f92c362c1ccf4fa78a24d3810,1,1.0
nazario5_001681_82174fa29f3d,tpl_bea65d302638e664,8403c245dee9e808ec6be13a28f9868ad503d97554ce3354d759da85f668caf4,1,1.0
nazario5_001682_c2bc6de919c1,tpl_3721e52a1b76e82e,38e7e0cb6dd9278d210d6ae567dd0eba5d28e7ae561cdf54a53209ec6e59ba29,1,1.0
nazario5_001683_bc2baeed62a4,tpl_772978a5f5c3926f,4e8443a06589b3be93b7143d683d2f9ba97b6206a6c5c7fe5d0d7fb5e3fd88e5,1,1.0
nazario5_001684_7f1245cb9624,tpl_8727a25ee6372875,4fb3b2ee0ba8dcd2631244147362500567c16280008d5f16eec56d360d798aa7,1,1.0
nazario5_001685_43cf876ac5c1,tpl_6c402feaf37c90a5,40783942e78143238e29280dc30a4e33f4fe0d960badcf1b556871438d8a49aa,1,1.0
nazario5_001686_3e9ade6a1288,tpl_faba59b02ccdd435,545143c9f29b644238426e8a13f67ca0859a26ee0770788101c61ec28f2f238e,27,1.0
nazario5_001687_99970f7a754a,tpl_0a5f1bedc8dc204f,ac85e844e3fb4773cad0c5d7051f55050bc82cab0645653be14c4d6de5492d01,1,1.0
nazario5_001688_544509c351fc,tpl_c754d0175f4f4df1,dfd39a6f2ee7f2290b9f95405882b7900eec61edef325004762a8f995729834c,1,1.0
nazario5_001689_c7aeb252ecda,tpl_9b3c28a32b52e5eb,e64a25656b43cdd705a8ba70d54452d3f7ccfa113a82a0e62805ec1fe51518f3,1,1.0
nazario5_001690_61cf9e0df361,tpl_903c2b92746b343e,903be4603b0c4b92e2c95ce239de9daedff07e92b881671e9b9da830dfabe77b,1,1.0
nazario5_001691_b2cf3d49c11e,tpl_80d87cc23a5c8c5a,6acf755297146c5589bb325daa4a3f99798dbbfe47438d3139088bb1635fd39a,1,1.0
nazario5_001692_a49f3b7e6249,tpl_21cc755d33f91242,b2404e237e30ba29a172aff54e58338b7e0108716f66c7b11a225fe446bd63cd,1,1.0
nazario5_001693_760b7d124f8b,tpl_39c0ab48594cfc42,86a6d294cbc3f1b62f533dde3cfd3285ff3f30f27a4160b54edb5b881f234aca,1,1.0
nazario5_001694_9b16974c7f92,tpl_4997bd99f64ad60b,aba3670189070caa8640def97325f1d8d83218c5972bbfcaca0d13ac7b331fa9,1,1.0
nazario5_001695_9632b2493ed4,tpl_aa8d1545a2d02e50,4ad9e60242940ffa3d02ea27f1ac7648f24cf4f8fe54199bce94dab67f19397e,1,1.0
nazario5_001696_ad8176f1eeac,tpl_54cbc16074fc95bb,fa90a27f7639cec326d70bdb61c857676b72dadb223263bfa2b2f5704fec62c4,1,1.0
nazario5_001697_ca7dabefe42f,tpl_98c58fe4fe9bab87,776d4e42a67dc17d6223330ce5ddd3af673d5ceafa87dd810133d3f85195510c,1,1.0
nazario5_001698_5ce88aaf2b97,tpl_f4a2cddecf31b68e,c7299773576cefc4bb372abeae05f047098be13e01ca07de142f7c00f69f60f4,1,1.0
nazario5_001699_33231458158c,tpl_56d5ef9b753ea851,0973fb55c716992903f9f24fdc689788dc60dc8131226e612f260f41ec916fc3,4,1.0
nazario5_001700_e63bb0315903,tpl_d90227b5e0179d4a,7835adcb9a59a7acb9368e97c9a79ffecd56c41143c141ac474f2b81889995f8,1,1.0
nazario5_001701_6c38c609de7f,tpl_928ae1134b6fe399,b612dfd4f3eea3cf760e8d1033cbddcc91dc7f6d13fbf8317079ff9a59ed62a4,1,1.0
nazario5_001702_394072f86c13,tpl_e9e37b2920c145f7,ac3e59470609d8ec6e548e499fce950de80068dca470ba3a07c11f12ccc5ce50,1,1.0
nazario5_001703_a73112638e51,tpl_bd8ca70644f8cac5,5b0083757a2056bdfd7f0f1c157f04bb0d495c76449c60f9a1c891528888ec9f,2,1.0
nazario5_001704_8abb58820963,tpl_c957cc3814e8f2a5,c3dc0dc62c6fea8e21d6cb21133c838cc379e37106275cff1c39d1aa0d32edad,1,1.0
nazario5_001705_3b4e3034c33a,tpl_db203cd117f52e64,796acc95b4a351dd137b7aa635dd8f0bf917376476b09b8f027bf0e25a1ec9d4,1,1.0
nazario5_001706_f52c3a5daa3b,tpl_15d8af57eed1cd14,a02adcacf822cabb2f0e01f2875ee25c3a2421dcde5f06e326e8b9cc0b63000d,1,1.0
nazario5_001707_1d4e3164a972,tpl_2ddc23861f9fdafc,0ebfa0ca323f9a3fc6fec4a9ac4332ecfc9fb1a83ccbdca1d1b16139ce61e1b6,1,1.0
nazario5_001708_2cf6b961231f,tpl_8cb21d76d6bd7f69,d91f614abace7171fe20a468ae742ec5f575f9d17a32bbc19cf333e39ef26351,1,1.0
nazario5_001709_eb2669e7d356,tpl_301e770b3fe1735b,6bfa3eea22d4739b1dea986c9b39470a7f551536ee8b126e6cad308267d5132d,1,1.0
nazario5_001710_12ba3fdcfdab,tpl_dddd1f6e2c439f81,ae0acb22c85a9fbfc6e40ab570845e5bdc0ae1aa849bfcb0f96c24da68198001,2,1.0
nazario5_001711_5043fb32ea45,tpl_0a3d6b6c79dcc9ab,4bfafaea808e01ed02aa2dc2d3a0001ab1c416a99780405c3e9c414f20f6093d,1,1.0
nazario5_001712_dfb67697c104,tpl_55d0fe540bbb235d,d01a68f62b1ec9fea91af978d000134f462b3dea49dac128e42d03bace701376,6,1.0
nazario5_001713_707c4e98529d,tpl_98f87de3e8da222b,6a3f6cf478463484b03ad6ab5b4570baacb946efbec18a35572db5a2e30ffaef,1,1.0
nazario5_001714_f6f1008210ad,tpl_cd1954f630aa992c,1703f7ce15cbc74c26e327606689c2442f9a14dddde3bcf5369c1f6d10ef6ddb,1,1.0
nazario5_001715_db43900f3b40,tpl_c01c6f2d6a998909,da770e77a938bb66959697e38deed8e9de7190b5e6d05fe5738a84faed08df2e,1,1.0
nazario5_001716_02ceccd985a2,tpl_55d0fe540bbb235d,a28ed69facad401fb28d8e19308d87bcf6e919b1efd848b063933d4e58983ab4,6,1.0
nazario5_001717_7b77854d50d1,tpl_55d0fe540bbb235d,bd6df7e580a7102569617938d207fe57937617bce7f223044c51b4e3d2a5349b,6,1.0
nazario5_001718_5add87d087e0,tpl_1026f15dac75dde6,6fdbc0f6da7fed234603b6272b8e7e7735cb07691e4c3552c61641e09f405c3d,1,1.0
nazario5_001719_e93142d3a5dd,tpl_0a8083b672bbcd04,df03fb95005cdfc960dfa87504f51a81464c0ef920d56ca683c31617a035ad5e,1,1.0
nazario5_001720_a4602d9513f2,tpl_55d0fe540bbb235d,c6031a51d575c1149b16413cfcb1a419b7ae12c022d32277030eca16ccc170de,6,1.0
nazario5_001721_196f7e66ff86,tpl_8371f1bd914fdf61,257a144f534be3de9fb935a46da9abec90f8f43324ef87c5f6eff6c2f4ac5d3b,1,1.0
nazario5_001722_74b76c017191,tpl_a40333e639a6b792,eafce18173ac86cf8da31c902709b154f69103e8f0b9a11434b2ba4b9f5ccefa,1,1.0
nazario5_001723_5062de2e7268,tpl_26c2e8a958078ca3,0a53a66b7e8f457c1faa67d3684b7e378b8f2194fab00f9f2dac3b74302917e4,1,1.0
nazario5_001724_d90355992721,tpl_0fa51a306f3690b0,bbd28eb0ec2b8289c0f270a8750a4e173dd8977bcabb224b1d70bdd88d697d9d,1,1.0
nazario5_001725_bc49d23298ac,tpl_ac60b10b0b04f720,7c75ad8f4970302a2ede4d60b9a8d58f844737525bea727c7ea180070d1477d7,1,1.0
nazario5_001726_7949f44029cc,tpl_816caea9c9f23342,21cbe443ae43ffaf2c8f97880f004254ffd0b75eaa0fb5dc7dd283aa29cacd67,1,1.0
nazario5_001727_a147c87a1d1f,tpl_ff2d0bf623ff57e6,c7f4be65f9e7fd0752ca65fb91c2480dd51246fdd851dc90758004e479582a49,1,1.0
nazario5_001728_2283f4b569f3,tpl_97275d8fadd7a29c,c0bc4d58062f82f00416c443c458bca8935d0953d03a71b9b86e103f1f83aca3,2,1.0
nazario5_001729_84a424412103,tpl_8989598eedb3aa48,3eb66f8296b869849ebb432c191513389329d7ae18f67f0d890a5c919963ecb9,1,1.0
nazario5_001730_e130586920ad,tpl_078be7725fb58785,fb6cb3376e33d90e70dacd74fc81a416490cbe33ed303ad5355c57baba231812,1,1.0
nazario5_001731_3c4fdb9319ba,tpl_f3e8ff47a9db6c2b,68036a773a04fadbf49c9367c749b16fff2efbb95df4f49ec4e8e154e8670f43,3,1.0
nazario5_001732_1be67d560ffb,tpl_fc085efbc43999e2,ee900daf45426f5c9dbe50b891621b41e898d6d2497688d7fe910c13a8baee2f,1,1.0
nazario5_001733_72da075b310c,tpl_af2f471f92103a4c,6943a548a26afcf38774a87e7918ebd410afed23608f8020ea0a635e8f5fb123,1,1.0
nazario5_001734_f65f605c0b0e,tpl_3ccbfcc19e6eea63,3d0ce881fbf76061c119459127420cd4fc91dadcbc50d5987c69e1c6e9f73984,1,1.0
nazario5_001735_9b91fcf5b5a3,tpl_069b786a3ab9bdde,30a4c4feac53cfe835eafc8648c5421f589a5660c330ff7ba7c9f9dff10aacae,1,1.0
nazario5_001736_62bc44db398f,tpl_5687b21e327a37c5,d33103dda34043203ba770161efd5b84d891eb5cb775bb2943248fcbba400642,1,1.0
nazario5_001737_fda9023c292c,tpl_5466205d2c5f20ca,3d495f7fc4077147b56942eb8bf1e99e2e47bd0eed4c5b31dd29f31e9b669469,1,1.0
nazario5_001738_e501da1fdf5f,tpl_2c66ef3c32b4744f,582114506f765517f8aa6bc4ecb51b1e722b7fc0db7c7826e0f597cfbe4fd6ed,1,1.0
nazario5_001739_a66d78d560fe,tpl_7794f0417f1ae89b,569c15f79636b2cc1a1b4fb1b242b873a184a00b2e2443ff4df580cff62b69ea,1,1.0
nazario5_001740_6b0892542ff0,tpl_eada9a213eddf064,eee127d0e3ac838650dc2ed717413132008401239c635966e43af68efed88f61,1,1.0
nazario5_001741_5ec7102d5aa7,tpl_30846e0d1196fd01,a9518ce75b8c5163fef52d1a562fc29d7e9c2f9c00c8fd318d1dc230f01306ea,1,1.0
nazario5_001742_eaa0379f69bf,tpl_505b3f13ccf63ea1,d87a49fdc7c172ecc405c759041ffc3b4169886a7834ee1c25ef132818ac781d,1,1.0
nazario5_001743_68403cc70f13,tpl_397d268e29eae820,0ff52524f02e5dd9f3d728d85f3d4c52d8143f03b9ec98f6f7f97a5886232b5e,1,1.0
nazario5_001744_cb568e6c99bf,tpl_d2eaa2ab088792b1,cf329dbde9a1bf4702856d2fc16694ee3147d2bebf964a9ae8d80ba9a78f7aa9,2,1.0
nazario5_001745_a86575da4608,tpl_cee03d82a2f1e948,9a9d826738b292a0374c7b1dfc7f0e0c0e788bcf0ed8dc20365275244708b458,1,1.0
nazario5_001746_df015f0839ba,tpl_14b023c16a610bf7,78f2f9e7ee0cf0eb9c2e98645ec38d69f2d3e7ac19ac0ec01dbca14380209b64,1,1.0
nazario5_001747_9ed0053621c8,tpl_df3dd3b6e4840752,24adeb7826cce25ef803d75f785bd68880911a1a0cff713b1b838359429b4291,10,1.0
nazario5_001748_50547fa6169c,tpl_314b8ae5f0513418,a0d252214e1adda9d41b0a8392ff1e450d3b459f697ae7c90b1987dbb22771f4,1,1.0
nazario5_001749_705910f26b18,tpl_f15669d911cbc2b7,c5edcee79672d9886a6991c8dc32f2c65331e1e35f37bba4898f0a5268e10cee,1,1.0
nazario5_001750_aea1496bd6cf,tpl_8dba03d11cfbee38,f6403e457712bcedc47c6a5666f67d2bb2f2b52fcf6ed4d1c972ef82266e4692,2,1.0
nazario5_001751_9d232311b3e6,tpl_6cb6a2efb9bf11d2,4e1512b61509d40102cfbe1ddebe2f83370f268853f5168c8de413275dea0183,1,1.0
nazario5_001752_0366e28549bf,tpl_5b1f05311e7e340b,d5bac563a2728b0ca56c6cd5a637f0b6ec72394a95111bf76ac32aef3fd927fb,1,1.0
nazario5_001753_5e12c717ce01,tpl_fb2cae7c32e78c56,ff6559ab66f1b5f83aaef0763ee984ff4729eb8d4a097384c1bd2fe432ffa6e7,1,1.0
nazario5_001754_cda2875e0bae,tpl_45773487fd05fbe7,f92ea41726369efc72e12224b1db88b03315e3a928374be49331d5ac6c6d31f1,1,1.0
nazario5_001755_4f5672c699e1,tpl_8cf03786f9ff2743,7892ee49dcf0762e91abf4a8d8490ea8cbc6d857d86293dd04b5ec96fc9bf385,2,1.0
nazario5_001756_3473f532f2ad,tpl_90270400c45ac489,9b88fd64aa7b37d58bd67a4dc09146696144108a5b9b6e102ec5dc823dbc0af3,1,1.0
nazario5_001757_eab3932e2f68,tpl_15523df96e330842,ffcc25b3b82a81f5d90400a79e5837e9cb4b1eff148ac892867ec633b9ef2bc3,1,1.0
nazario5_001758_3e531fa41e6a,tpl_3b81ce7be586bd08,730d2d327188f54d8fa5b29a80280bc949fd93fb19250d00e5cc36a9a6d4bf1d,1,1.0
nazario5_001759_77b714af2295,tpl_8cf03786f9ff2743,676e0d4c893507347475e6cc60574e0d8de03d1ed242f19225a9d9b8e94b5215,2,1.0
nazario5_001760_6deaebf4a11a,tpl_7a8aa028a55bef2b,fa9c273213d9a95e254b16f535c00207cd712211babbe3b0916d84110ffd981f,1,1.0
nazario5_001761_0fe7a4841e0e,tpl_0cb1106016c85d82,3c72c18c7f1df39570e4c08525373d63429743896047359e1892f62ced1aa2d8,1,1.0
nazario5_001762_95b8bb360984,tpl_e1b5d01753a19359,55f860126e754145c37fe41438e1f800c7e7fe3d553983dcbdd62f3f95a75a4a,1,1.0
nazario5_001763_5cc75f147951,tpl_9a0123fb617094f8,de728b6bc72187a1c2e0a0347f07959190cc8117dad5acb743cf5eaf090423a2,1,1.0
nazario5_001764_ef2b678cb848,tpl_32bb1e10f08363bf,89c512e8a61fb651b4870fecadcfd41c60cd7ccbdacdf864d9ad7038a022c183,1,1.0
nazario5_001765_0085c39877e6,tpl_a163f260bd74ad8e,7e229aa8b07659ea00eb883a4653f238059e3301a776b364bd164bfb28604681,3,1.0
nazario5_001766_9496ea79c66c,tpl_a81623bebc45a5f8,c4fecece82bf9edc5f9d36c7add35cd11a44a7bfe81e9fe9efd3d4825721bf06,1,1.0
nazario5_001767_5ac7f725385f,tpl_4668dfacc8a6c9b2,26b4c64aafc55b48c4c19968b3820792ffcc3ad78e1af4f75ebe84b6fa82183d,1,1.0
nazario5_001768_042d5e7d8668,tpl_8041d1a3a9b202c6,c8c357172413ba224d4d257233b7f6dcacec7162e8e485898a10b0f97c2144ad,1,1.0
nazario5_001769_1f20a3ad934e,tpl_2c9e1f4e0a5bc97f,b4a8a41b1f5c10d0323db2f459d5b332e5911701eca6d493d951e2651b192c0d,1,1.0
nazario5_001770_7defd363930c,tpl_c440ef70bdef91b1,bf3dd28e7cfe6efeb289ec4eea9dab662d0dae863c6d73aa0478219a132711cd,1,1.0
nazario5_001771_d0af0199d4f4,tpl_41b679bb6db9fa9f,a74ac967d84912b48c46b64376db425561764ec10e177e2db320eae75a36abbe,3,1.0
nazario5_001772_696fe4f4c068,tpl_a8c47d5f7b121f71,df03128be462fa657c0993a096f312233711b6dfb0e78f6e54a76b28abd90cef,1,1.0
nazario5_001773_74b0bf1bcaeb,tpl_e85a875229c024c0,95be42c8061ac15d447bd6d687f1a3da6d7f5b768dddd2b829db613c8692c158,1,1.0
nazario5_001774_41a0bdbbf85d,tpl_faba59b02ccdd435,803b0c6507b001ab02a60b142d475a8b92b04ed50df2c9fa6dcaf28ef19d744b,27,1.0
nazario5_001775_5d2d5138fc4c,tpl_09eeeafecc38a3d0,d720a166d14177c9f9caded76ef2e3bd8154d111a990c115ce245c9506f45503,1,1.0
nazario5_001776_554b2b15450c,tpl_d0dff8c9160fd682,f0e7a767fe8737cfd7641eb4e1ab5d65f86238b33adfe8e236bd0362b2ba113e,1,1.0
nazario5_001777_a8dbae8fa2b5,tpl_0a9a99f306354492,b6c0b951c67e1e920c0837fa2d2c067aa7cd35f172139475db284d56bae6a3d7,1,1.0
nazario5_001778_6045148ee1ab,tpl_46bc3ec79b5823e8,d15177cd4fb40d020dd90b8c8e4cd4fa77f6f31e021a684d6aa5be0ac3539401,5,1.0
nazario5_001779_99ae212db7f0,tpl_46bc3ec79b5823e8,d15177cd4fb40d020dd90b8c8e4cd4fa77f6f31e021a684d6aa5be0ac3539401,5,1.0
nazario5_001780_57d65ae936ba,tpl_46bc3ec79b5823e8,d15177cd4fb40d020dd90b8c8e4cd4fa77f6f31e021a684d6aa5be0ac3539401,5,1.0
nazario5_001781_b15a74aa5754,tpl_46bc3ec79b5823e8,e89e0d78e046680e4f8a4bb949e270fe74eacb9b9c3e4003e844022475531786,5,1.0
nazario5_001782_ad284ef1f2d0,tpl_46bc3ec79b5823e8,e89e0d78e046680e4f8a4bb949e270fe74eacb9b9c3e4003e844022475531786,5,1.0
nazario5_001783_f76fb6cbf31a,tpl_8377797ee215c1ae,e684e5244c60a3eed99b4ea76d26bb3ec20978c6e05497b53976c9dba2e015ea,6,1.0
nazario5_001784_f925ff079300,tpl_0fcec17f9545585f,da4ef2a0fd8506f7ba9839f0641ebaecb7f583efdd45b1bcca6d92a89a6d63ae,1,1.0
nazario5_001785_f076fcedf3ff,tpl_dcef9999cfad7d52,6f3e7822c255e1877078f05d2c178e9a9f8a15ebe430acbc94b4ed95ffe4ef53,1,1.0
nazario5_001786_9479ed0ff6b3,tpl_09d9fbc3923e008f,d5f508c0371e47785bebc54a191487e7595e7dd23c352b5518cc621bb7d7d151,1,1.0
nazario5_001787_2ee481b5b919,tpl_eb1d6c0518966917,598dbdc8293e03fb3a030747c13bd43b3ffef4fec2df9647bc84dd70379e303c,1,1.0
nazario5_001788_c1202eed810c,tpl_44ee2a700b7a33d4,5d62d2b4d2291a9e8e73f42f0d157ebe7ed83bf5ba94bca10cb0398004c3f8c4,1,1.0
nazario5_001789_b63606950baa,tpl_ed4eabd4502088f5,bfc0d43d5082bf20fb0b226fa8996568c0ce12afba735274d491aa855a3459cf,2,1.0
nazario5_001790_e93a8040d486,tpl_5a707a146ce43d6b,c844a6d42d40b3496835ee44939a1d5bdad21a5f3bd221aaef1ffcbabf9c3d41,1,1.0
nazario5_001791_a63dd23cac5b,tpl_0d23e8d5e3f2b5bb,d0cb7301970216a871be3682d37e38b98afad9182aa1dfb712fcb6a2f10cc65d,1,1.0
nazario5_001792_16326b59735c,tpl_5013d004db5b4590,ea53a5bec4b9e2c7c177d2afca3d6756bdff33b882f7c1f263ff1c18fbed0ac6,1,1.0
nazario5_001793_b8aea1554514,tpl_dcccc15ea4443f46,5b4825b94df0269b71919cd2635c61c7e3cc0d0b451f8c2baf1fb8e8a0d56c1b,1,1.0
nazario5_001794_3bf04853263b,tpl_c953afcf8438a0c8,dae30929b94d364e07e7adbe384af981132b7150f3dc450bb75fd7ab3b9fdcd2,1,1.0
nazario5_001795_aae26f68331d,tpl_698218327a51707e,127ce8971673a3135181095029179dc45129046967dabc29a360d019081927a8,1,1.0
nazario5_001796_2c1172e5828f,tpl_807073299d41d78e,b3175f0d4e746cd12a75d88011e9e762e900b61d9f894ec4df859c7b8ccbec97,2,1.0
nazario5_001797_eaedf9591782,tpl_807073299d41d78e,74dc1f5f5b29fa497b2fc564f96ad7f16cde90d61ef6a327833c25702fc89da6,2,1.0
nazario5_001798_69dba64e6a02,tpl_cf4f6f25d0b83b0e,37ea9ab7128f536f0aac112ca57003866f454a5ae8a91933cd85d15a3e613a27,1,1.0
nazario5_001799_a76643ee1541,tpl_ffdff50fdee934fa,cef5a2aa497808a7b2c953cf882dbb593b43fbb2403859184b6c1a81537019fb,1,1.0
nazario5_001800_c4d7f0286760,tpl_0982357c345e9f3b,74f801a0ce38749a85d1d840d885d6c193ccdea209a9550bd10407ce52ca1755,1,1.0
nazario5_001801_50bdb645b0c7,tpl_1efd54f35d3d7d66,9b141cef19555d4f00f43aa4cb4b898fed45de50a693034035c9e14a11441423,1,1.0
nazario5_001802_df9efb6dc5be,tpl_17614c8196b72016,0ef1a87de4a88933d3b11c284fe8d42fe315907926c173b803877fba71854dd0,1,1.0
nazario5_001803_2ca412517a03,tpl_d2eaa2ab088792b1,cbba6a341a95915c110f6b2a4db5e1f970a484d3056fd94590d80d6c04e7ae63,2,1.0
nazario5_001804_e19341309d9a,tpl_f462f77795dcba12,c400a115e112c34271301d15477975c6a9d908bda5c7c96f9d863e7b18b3f0bc,1,1.0
nazario5_001805_102b84c49875,tpl_deb6177c166b3c07,58cfb178add8fbb3cd9616345ba9322bf68467fe04964e4508163c10c2ee792e,1,1.0
nazario5_001806_badb0cb40cc4,tpl_6a2b689e405c1354,c7130eef3c15d086848f42b0f47157300918779b326b19d97e9934ab236e41da,1,1.0
nazario5_001807_a37d989b3129,tpl_6ed7a9eb639ddea3,6e8133af11db0dd6d8cbc677519e53e57ee4c930903165de7e49495518a58271,1,1.0
nazario5_001808_2f88aa65bd07,tpl_bb01cb6121fce892,ac1c15bd06e60aeafc3a9d7e49404fc053c1e400c9035efda72ef3b76e84d219,1,1.0
nazario5_001809_8b7631c58e92,tpl_df3dd3b6e4840752,31655fb6657a7c745594355af3f20bf0e81a31c56e6d8365d731e02149ef77d1,10,1.0
nazario5_001810_6977360e8aae,tpl_689c77e641ebc18a,60ceb51f19b38bb095de6a1e917be74a74799cb68bde402d328a751185b4de68,1,1.0
nazario5_001811_94d18b1a7b22,tpl_debb8623aab0b46c,c2025065cccf5396f1aa42773963188005709d8dcf32e9c59cd176a2fd8b7a24,1,1.0
nazario5_001812_a76480a2551b,tpl_fdc888e9b2eb8a16,edfddfda4aadf2c994bb88f85f56c6a26e0f9d78c6018383bfbd1d0753df2356,1,1.0
nazario5_001813_eaf3aa0c1199,tpl_3aefcc6cdc9f39f1,b629557a88af8567c12a2003ed7d1c123b808cbfcbe5771dcb1a052de496b5f5,1,1.0
nazario5_001814_0107ff8a6109,tpl_c46aa8ea8369ad31,d715b3d112f3a799334ebcbc4eee139347e406a3ac728234ee0fdc7d2aa296af,1,1.0
nazario5_001815_dd5939d46520,tpl_faba59b02ccdd435,8f23a8ac2045c558982f5f5325a28671060b2275037f7cb3f79164aaeaf0a5c5,27,1.0
nazario5_001816_0c5d92693338,tpl_0308ed1253959a72,b15b871309e92fc6d3a4109c6b858cb72eca76e2b5c5ff2da92fbcddfde136a6,1,1.0
nazario5_001817_674b0f7438e3,tpl_7896a16a404289ef,41692976b68acc6edc86b2ddf4a26690515145b594e2541e9532b7f95896e94d,1,1.0
nazario5_001818_4ca55bbe515e,tpl_554b0eedc90052e3,865d410bb5339f74be776e7aa77b4603656396e0258f68dbbf3eea80c6177475,1,1.0
nazario5_001819_307f3f59c871,tpl_67034bee2422c2b7,a525e137e279ac45f18024ab1282f352b52002e02a3dfdd3b70db91044f8ce9a,1,1.0
nazario5_001820_ae52b405c396,tpl_417639865e53c148,202a3c98387fbff73d9ed5524288e0af92a5bc1a6d261c4c188eff3d5c34297c,2,1.0
nazario5_001821_cbc4e9290aa6,tpl_04b47bf34ac5ffe2,0db9750adc2611ee1881c2950f5644dd96da1c2cd57a086296c80081c087558e,1,1.0
nazario5_001822_8110c6518b9d,tpl_9089c0ba5d1ffe60,cc9d55873dda223429bec8b54317badf0f912defdec8133f4e5b6679edc81864,1,1.0
nazario5_001823_4e652a1608d4,tpl_2b7317a3fb168a06,d1827946ab688e50b2ee62bc3f684bb0fe5bb0a373a5a89761ea84919fae503d,1,1.0
nazario5_001824_fbfdc03dea2d,tpl_ad039eb90c1c1045,831d770d1482578ffa6efc4711fd5d08d066bbbcd875b6e383d5935cff898fec,1,1.0
nazario5_001825_b9c11599f269,tpl_1e5b212d63a1b791,37c69f73db571ee4a736793ae25bb25586cd4633afaedc29ad7cb777a2b4293d,1,1.0
nazario5_001826_01c7286f5b22,tpl_c214ff6b2dc8aaa9,d6bcc4c081ced51604de47cbf41f50e9c936603689f9272ac36f97299faecf19,1,1.0
nazario5_001827_11f2cb0914b4,tpl_d6c9507482452a2d,1cf5e922c9dd18dd362748ce6d5bbadb3684e97e0ba0ca29c120d60ef7497af6,1,1.0
nazario5_001828_8242f16a1001,tpl_b01d7300241790ed,6cb55ed7a01fd779abb2ddfde1be317c781e9a0fe51c5ccfa5c4ef34951bf922,1,1.0
nazario5_001829_c8a127aca652,tpl_6444c9a7c276b7f4,ca6dacfddae1268ef27c694d6df9fb42026a60b0edc3a7bc5bb88278ad6859d6,1,1.0
nazario5_001830_df5ddc81fb29,tpl_0b0c27d84c7e0ac1,49d4ab3db87ead4487c3de86e616f34ca44543a3d7d2b1f1c88816cd93e0887e,1,1.0
nazario5_001831_f53cbb21470b,tpl_40693d6baed6b607,ef0aba1cce1674fcba6d726563606ad6c096cdb42bbf39d90b6254e40d7aa3c1,1,1.0
nazario5_001832_cea39b5a7bde,tpl_8dc5e293aab419b8,0ae549bfd8612db909e95a4f767e663abd31adeea5f76b4645dbcd98448cfc57,1,1.0
nazario5_001833_8a01d1a1cb7e,tpl_6057d8319818b01a,20d6a469f4ba7870bbf0aaec4c22bd3f5ee19653632b6409efdebfd125f167e9,1,1.0
nazario5_001834_e24d3fe12e97,tpl_5d789761981897b1,f75561daeb15f60388468299a0f1eb06b7e7399c580b051cef19d0038b3c3688,1,1.0
nazario5_001835_c87f3329ce6b,tpl_75ca6a41b7a013e5,aa643c52678fe4ee2a837e540df2bf0b867ed125d5cba0f11a01a31020860186,1,1.0
nazario5_001836_d5a30098b057,tpl_a939feee092d9fb9,3425633709e60c424bb6761145dbb3edd66c7ff022e243ca7af56f85f25874b5,1,1.0
nazario5_001837_4a71d2aa6613,tpl_693fcabe4c665f6a,961a7dfeb45458616ca63b6a1519f1060d9a203213d0f403a1278e5f6b8a2277,1,1.0
nazario5_001838_ee48d916a753,tpl_5257f35731ae93d7,ad1b7fa5b33181f0b17f1e3a9d9b8abe5f97427288e8a3f2a4ef3bbc300c161d,3,1.0
nazario5_001839_e3e3a57a8961,tpl_faba59b02ccdd435,230109da87997f5c40a7f4a01bc76f8b3f92ab2745b9408a278b85a802b65386,27,1.0
nazario5_001840_a4e578ffbb21,tpl_74a4b660cd4a9d10,845aab618bbfcbce1b9eac932c61f3a31e6f740c3d668b38876f5c13369babf7,1,1.0
nazario5_001841_1db08f0dd1a4,tpl_5cb2990e773f3889,d414c62ec04749d29420bb02a7bb72eea37b8f53158ea47fee54892cf63c6d76,1,1.0
nazario5_001842_7e35fec5db7e,tpl_7a151f8f8ed1917f,a34d26608fe84bf53d96fb57214aafbefb8fbec00fa365212eff998f45c8d716,1,1.0
nazario5_001843_847dfbc3988f,tpl_a163f260bd74ad8e,da133da477353f9ee00e094eed00ad2449803d60c762bc33b94bf5e02c1280a2,3,1.0
nazario5_001844_5b1103a9bebd,tpl_a69932afac1a46bc,dc8e3c05c8d02418972d9acdeccb4f2974f98a1a4fc998536cd0eb7f7af02a6a,3,1.0
nazario5_001845_22389c120af5,tpl_6358ce4a5d62b676,bb2e4d7cb3c1862ddd6c80451bcfb0512b0aa7f7312a85a4fd477a1a1edbde9a,1,1.0
nazario5_001846_2a774fe21e79,tpl_3e294b63e238d8ae,ef6e7d5e823f91bfaaad174f242c93450a8fae4b963a8027713bbe7b998f0992,1,1.0
nazario5_001847_c1453c4f41ef,tpl_de02e432ef8a4236,f28c53881ac54386e9135cd79a1b7ff17386e315d17845550fe0e0a971db29a6,1,1.0
nazario5_001848_e735da3de5b0,tpl_a163f260bd74ad8e,84e940a404113e54e15b1a51d14e219112e07f1f67f40c91fb60684e1e59a9fe,3,1.0
nazario5_001849_3c2d1956bf54,tpl_f3c5c20dd7ce4780,8a934f4d1f0530c8be9f82c96bfc278672ccb6439c5cbef56a2f74ba66d689ef,1,1.0
nazario5_001850_a0076c470770,tpl_9436a08b9ae6990e,158db78dd8d2617de219fa070df4db632524ee53441cd86235d90f5799e5b187,1,1.0
nazario5_001851_b465c1518575,tpl_a69932afac1a46bc,dc8e3c05c8d02418972d9acdeccb4f2974f98a1a4fc998536cd0eb7f7af02a6a,3,1.0
nazario5_001852_ff5d22073339,tpl_3c06058dd344f732,747e9c2f18b39398031e32de33a35755e192d2e8bacc4e72180a8fed8ec6537d,1,1.0
nazario5_001853_5e125d372c0e,tpl_89ad9dd86a36e479,bcd915e65bf2885f72ceba1b9e3dea5804b536e097bdca0d5af60a317de4ee10,1,1.0
nazario5_001854_9164c673cc98,tpl_5eebc2bd2e8d6225,d2b96c45f670436508333f7a39fb36d7eda7e2ab86b780964fdafa929b189733,1,1.0
nazario5_001855_7a221bf8d479,tpl_e6e8a8cfaefb78fc,f95d9e5cf8f1f4ea411f80543c12c86dee621b808929a06eb2b136654fe8159d,1,1.0
nazario5_001856_7ae121fde3e8,tpl_55ec1d3bab32bb6d,386bf703a0bf8da4bd62dd9390e44e2e8c075db21da7805740e88da317775465,2,1.0
nazario5_001857_2b983d8484e5,tpl_bc920c98e1ee6739,62324090af07e8141ff211ffba259e9618ee8f35165643800ea9f5c055ab6f22,1,1.0
nazario5_001858_4ed66a7d740c,tpl_8a0d7280e1f89068,190aa139f38d4ff2aed1f393fb7ce8306ae6e619843fefe92294323c5fa8d9fa,1,1.0
nazario5_001859_0fc0fcc3aafc,tpl_7f7b40c73eb9569f,48085cc6a14fe78acb11e6ac0b24e995eb7e7721ccbb9500c5033ae870e0a35e,1,1.0
nazario5_001860_296ce0f2c370,tpl_ed16a0665bab8efe,9461fc83f093769e6ed17c89dfeaa2d5bcf28f9c088a57c3ee5e70b22d047bb9,1,1.0
nazario5_001861_4febfbb5e3b3,tpl_a397075d776c9830,0f019513953734a7aadfd0c0155c9d206b4411778b098a12f788b0df894ee864,1,1.0
nazario5_001862_41b9cf1133ba,tpl_f2b3f8de115f5690,cc878cb662a4e910200ed83b075cbef09a04327e90dba13b2c3425014f8b0f6b,1,1.0
nazario5_001863_c92ea203cb99,tpl_6563c6a61b0ea2bc,8ddb745931717a2fe9a4e9e4091104a24c4e4b0e1483ccba8c78b426ce2939ab,1,1.0
nazario5_001864_b97627680edd,tpl_a69932afac1a46bc,75a22ac738384a163e39731fbe4e345dbc630ee0f848b1009baec78b63b6a02b,3,1.0
nazario5_001865_3317fd816768,tpl_65e6613b221ef07d,d09e75874008fe2a2482c7bd29aab002a9294d5fa4acb5d735dbfcd9d2228c03,2,1.0
nazario5_001866_580ebba64d3b,tpl_5d18f504003b88ec,af0c1ec813a02a5778417b97996c9b956d4ae52190a5cd7643eb6a46eaff1cdb,1,1.0
nazario5_001867_84e178cdd5cf,tpl_f636c8c0ad9cacd2,7ec761a2034b57763a1c85e09908c3bfdcafd15ef3ecf8f94e54c41407397a61,1,1.0
nazario5_001868_ca2031a21d39,tpl_cfcdb44164b04ee8,2c7944ed31a2a1ac2e89d5ea0b775363df15c036cc7b63bc08419cb7fa34c7b9,1,1.0
nazario5_001869_fbeabfb6d7ae,tpl_9016c15f9d88a5c2,12d89d7dc3b44a0e2d9f3aacada9782bf7badee3455c1c12fae749b3a21e6d2c,1,1.0
nazario5_001870_f2aa036b67cb,tpl_4101248808bc200b,0d4757467dd88ecf1e3d88391fa58739ce87c99a805b603e55a83703346d463c,1,1.0
nazario5_001871_9e99254448c7,tpl_d3b1eb14fb668aa9,f4e3fb9a21c4dca7170c4af5ff4f7a4e6e09c012cc66ddd729506d15b0d00d34,1,1.0
nazario5_001872_21315c857b10,tpl_04b60b06e37fa9b0,649c112f7a4735769a6791e9fe62d568d40675e6c0cc064a525d1aed03ee0e2a,2,1.0
nazario5_001873_d3018b02f100,tpl_766f4b5de7bf5773,8dde317ddfd086710f2bfc6691fdd88e5f26245fa488532504053cb6eb40e0b4,1,1.0
nazario5_001874_1a637eb76eb7,tpl_2952c77b43faadab,ab70a0bb560d45b22bdaa9cf31a192334d147ce26b7493c353593e523e18291a,1,1.0
nazario5_001875_80571a30096d,tpl_35a01ddd9d664010,15246bd7789dd2ee5348ef5823b1e0b358e51267bc828124da1f83d207917ed4,1,1.0
nazario5_001876_b0e64e56f715,tpl_df3dd3b6e4840752,ed62333b76519236aaf2b69570e9a73da11cc48b7e4d7cf72363367af5ec3526,10,1.0
nazario5_001877_ead6083b116d,tpl_7d77049955cb2816,cfcfbf99b83db8b65e963f5f6d65ceb549e1df9e7d6c314b6b5493ab375f7852,1,1.0
nazario5_001878_0aa2eb15cb3e,tpl_66405376fb677b75,5846f02a74801d29938cdac47a50da58a483876b5ef79d51bdf3e406769a7655,1,1.0
nazario5_001879_64e15a298d25,tpl_6b29ad6fefc267ac,3051e5dd743d6cb696fa5699074c2c98c6d30566df827ca33222a066b0ee68fa,1,1.0
nazario5_001880_7de3e1e97448,tpl_3cca302d2042ecb8,6b5a0a579bba4046e7ab523a12d2611a7df0efc288406c5e55e312fc1736c615,2,1.0
nazario5_001881_e041b6a02b9c,tpl_60c9dd2b724d1417,75d122a15d02c531c60a4d7fb63dbfd22ff4d572a6cc6651665c9521087771f2,1,1.0
nazario5_001882_91afd0ac0d4c,tpl_cbdc1c7518ade358,6a35c60d59d160819532cc7a389b59bc4a758cdd6e5d0af828808dff13d49373,1,1.0
nazario5_001883_9af3a67092c0,tpl_eb3442768c220550,46a882f9732a4464e08678597928304ca2db0a51a64c09c9cbe16983fbbcfd51,1,1.0
nazario5_001884_6564c9b71514,tpl_bb12e79f22be90d9,45b38c7927a8f6a5ccabe6e1773028b58e338aace712e7bf0e98d851b519d672,1,1.0
nazario5_001885_906041538d10,tpl_2a1707be67f3acf9,d2c0e870c5e761a5ffb87c711a7e6ec520b5b14f3faf7dfc55706691aae666d1,1,1.0
nazario5_001886_308b534de100,tpl_af8c6251d896833b,114d589cb95f863229ab64447b846a606aa15b3f6286ff98b4d967159ab80f8e,1,1.0
nazario5_001887_88750b8055c3,tpl_46201a28db40f296,f865854e96d45e492c0b107ee268ea0e2f7a8778518883a3a7f7c455820a74c9,1,1.0
nazario5_001888_e81bc6666712,tpl_8691b0e6c58b21a0,615e82f57880a18e79ffe267f5a10ce8e41fd0bf2b17727fb83c89a8ac13ea60,1,1.0
nazario5_001889_959c47510264,tpl_e958845096dc7e39,3cfa76af3ccd35b532f894852270301d19fdadedf149876f0e1be08613096d72,1,1.0
nazario5_001890_52fa00496fbe,tpl_af98b93f1fffdaf9,a2f6d30a70600c9f8129553ad7e9543bdd058936da3c6ef06abeb3bef1031d00,59,1.0
nazario5_001891_dd6d870f90cf,tpl_d8a635282e6a6363,f791282ec7a9a694a25e331d2925ba4d435b1b825e901fd71087d70be3008964,1,1.0
nazario5_001892_fbab8430639f,tpl_ee8bcd67805f3439,ed647316bb67f56c9c3fafe108123378cd239cf880fc9a54b15788515bc47a47,1,1.0
nazario5_001893_76980b2e5865,tpl_42e37a22ac6c1aa5,f4ff65fa8c61609ce39ecd2618001261c12d11d36decfd3c1a45b48152a9c797,1,1.0
nazario5_001894_2daa88843042,tpl_93b1dcfce1c18ae2,6d30a284d93a949ad8d24522b8652cf4d524122ebc5a661763c97cf22749bdb8,1,1.0
nazario5_001895_26dc1be5e444,tpl_c1a3ccdfc63a0883,f1a6631b36760483b41ac7ea760e36e9cf101dcc0924d2c77a6225a0276ff3ad,1,1.0
nazario5_001896_5b01a3ad08e5,tpl_89f7b2f000fca65e,706e1baf61ce0bd0e48e95766a6feef407232cdc4dc912ac5f36d237e7fc9b92,1,1.0
nazario5_001897_844921b002e3,tpl_13a3cc06872c495a,7e358d2e68b6915878cd6a81f8b1d112fbf91870abc612d62d64458516ce4713,1,1.0
nazario5_001898_8fe28fdf736f,tpl_b0c15b65fb53a0e0,0d071f9d18629487df03bc562393430fad1cbb3177df40161431371b4dd9726e,1,1.0
nazario5_001899_0018fa1ec2a9,tpl_3cca302d2042ecb8,82a05073d3980bff8c506cd5302446e6bba0fd248464fa756fb885409bc205de,2,1.0
nazario5_001900_7fb866693987,tpl_df4f99d609fddddf,6eb7b7242d21f18997149fccab44c839daaa8b037f2f1cfd651b8fdb4d152b44,1,1.0
nazario5_001901_f689d5b92c6a,tpl_8c12c9227b32124c,85841a8a0dea9340099f6d64b3211a0f07a977b581928e76951249ae0b80b927,1,1.0
nazario5_001902_9db7fafd39b1,tpl_64f8f4613fd614a0,e13f91bbb65d8151fe3439fe782d05cdcec1a5919e62b4d419e1f7988cc1faef,1,1.0
nazario5_001903_8cfeed65b50c,tpl_8a45720a365fa4bb,ed9da7469e0836db89dba25fb74a55aa1de1ab60c7eb4d9a62e655d1196e0ed9,2,1.0
nazario5_001904_ec4fd0f017ac,tpl_ab69bd69bd7b3163,f3d4c627283421b89be3d03eaa8697dbac07a6251e4c553228fd5c69bedebbae,1,1.0
nazario5_001905_44896b2fbd0a,tpl_9b1f8154329305d9,aea30e88406826ef7424449ea623d1d7c9abe9cc1cf2ccedcd148a0e61347c9b,1,1.0
nazario5_001906_f87254599fc3,tpl_77f9be34679b4aa9,d6fbcaf367a8dc85c12cbf2b3e9c69b4231e0cc42599461198fb69b2a55ad870,1,1.0
nazario5_001907_177d435205b1,tpl_387564e324451aaf,001d3b94eaf91560ac04adaca51617a1955d58459bfcdf6ebe5ec2ccc9444b33,2,1.0
nazario5_001908_bda381572cef,tpl_eafef2ed10efc052,4aa3cedeb58e6db9da685672c4688bb0ad400f45ebb65069c25eff84a7e952b2,1,1.0
nazario5_001909_e19792051a7b,tpl_387564e324451aaf,d20ed55cc5d702e1a38b66636a743d20ed52549485863b0a67eaaa38594a50a1,2,1.0
nazario5_001910_1c85dfd3852b,tpl_c5c62cf33fab0589,9d5c37a4a7478a61caa563aa94089f2bfc8528fabc498c13c4dbb726afa3c569,1,1.0
nazario5_001911_20fcbf57a303,tpl_c5ee748c25ebd3c2,d1ca262ab5e644499f7b2d01d9d08160f158c356755db217985c97565fbe900f,1,1.0
nazario5_001912_a67db73aa905,tpl_6aaca3c15b4334a1,b491b0ea0a58721001deaefee5bdffef8ee355c6bd41a7bfba08f0420133b012,1,1.0
nazario5_001913_86a120a73cf9,tpl_2341101e4c178dea,b6c5a886e475334dd8ea5371c4dc08193c38e83e94ade6edb2611905c9343c2a,1,1.0
nazario5_001914_83ca42480ad1,tpl_2849350cdd111b21,e78a4b26a89514fd6a8f61be1ec2d858030684562a321cc9be73b6ccb38d29a4,1,1.0
nazario5_001915_8c6cb22069e5,tpl_9ea6cf461ba84ad6,25f7052fc848e269e02e194dc1f67e69992efe73f5d8018e70aec4675b366b00,1,1.0
nazario5_001916_0d651d7b1598,tpl_8a45720a365fa4bb,cf9c3d6f9775980e70f280f9f7fec1d85c6c2e319f50453953e0087b9dbf7a49,2,1.0
nazario5_001917_a9f382bda6e8,tpl_abc81f434ee96c91,7cc9d999847f7189fabf81de468fbd6d7b78e8a71de7d8fcc3772a17be841f42,1,1.0
nazario5_001918_a0522c91f206,tpl_4587be9254afbb0a,8d4ce58bcaf4d4902e5d75861a1072780ba5267f9955789f2fb8c82b1939d8f9,1,1.0
nazario5_001919_23ae7308bf65,tpl_59882b11028e74cd,b272188064b18b82b45626cac0ca654a9ea5929ed5cb7b73a566c4642897ad31,2,1.0
nazario5_001920_f65704ca5078,tpl_d1867cda925c2880,61d25a7ed6ad2714cc78390974b3c19aedbeec2fc16b0f14ab10638d5865e323,1,1.0
nazario5_001921_7f656146fb48,tpl_4e01e3992c4c295f,84920c667fed8c8f22c5383d7e26cb68046ae0068458a102ec7e848664ab222d,4,1.0
nazario5_001922_d25c007a6031,tpl_4e01e3992c4c295f,c915b7f906f6e245ee20140c56e0b813f86edec85344ac548096095d709b3b80,4,1.0
nazario5_001923_639fd87083af,tpl_df3dd3b6e4840752,a84315a57571a907d0d6c739d437062db935d1f8756c020152fb3edfacf71e91,10,1.0
nazario5_001924_3045ba3cdf27,tpl_ac76fd066a00616e,4ab78428a77df089d1097fbc270b207c51889ef93c35b8fcabbb9c31fcd4cd60,1,1.0
nazario5_001925_db47bae888ba,tpl_5ddfbc6641a10f44,d7a944b6432eebd8c8bef302a95739cb4de0d6016ed83a0b6d571fa17f9cad6f,1,1.0
nazario5_001926_da784f65c2f9,tpl_f3d8e687040f1078,66ad59e11d2842607a27a504b38718b02d9949a72e4d74acdd3356a899da2b6e,1,1.0
nazario5_001927_419a7737e17a,tpl_61fc2b4caaed2739,50964adeb02d0ec9de0c47cc49dddbfc5d956cbdcf141cc7efbb52e9b09b50ac,1,1.0
nazario5_001928_deef3c8d71a7,tpl_4e01e3992c4c295f,812e65e3f8e934450dfbd05e61a2694feed37bf4580a21f12311bdb25e26b882,4,1.0
nazario5_001929_02df1e36e8dd,tpl_4e01e3992c4c295f,d31c6f91189cdc823875119409c6444cc4795bc5616a06c9dd6e96e10637bffd,4,1.0
nazario5_001930_ccd0e84222aa,tpl_04b60b06e37fa9b0,c411ed0a5202a712c7eb2add0798341f1ebee3ee2e71db6fd5f701551e5ddbc3,2,1.0
nazario5_001931_103c654efdae,tpl_722a33aca6603004,748bd999114c25e0bfd137cac87c74d3dc04523a63bf3e1b9e2cdcb5248d5d71,1,1.0
nazario5_001932_c6b399e44e79,tpl_ed4eabd4502088f5,5603e1c64541d150c6d546b4e1f07d754c3a19be6f5e98047a31e79e17cc843a,2,1.0
nazario5_001933_4a31dbcde3a0,tpl_ce7fd40ba58b7f9b,2748ab6a04009f859bcbc05ea824c813bfe6e1408f9dba6cd019293277290235,1,1.0
nazario5_001934_2898aab86909,tpl_da224d29e88c3411,0874135edd3bd65567b5df22d6e5ce95de42971337c485faee85e272245937f5,1,1.0
nazario5_001935_a98045e61946,tpl_e1f4145d89d363b4,b514cf492fa59fa4a35b5001ee9fe1478257af1c84080609dfd32d8cedf02bd5,1,1.0
nazario5_001936_9b6ddf2ec702,tpl_cd0b3e8bff5c616f,868c93db8fcf0f6c6ebbc7b01dfdd4751b2b8ece0e93d8224d1a5ce037e31fd9,1,1.0
nazario5_001937_69ad1a2ffab5,tpl_6a6e36eecd1b5797,d11fc8f6219b73077369d866421ee0962ed5fe05527bf2d1793bca5381933580,1,1.0
nazario5_001938_6e0a37b55571,tpl_ceac7d47a73eb10f,45916ee65b857ed9724303bb92f9ba56eb26a17d298b84b6254f6ab9618538fa,1,1.0
nazario5_001939_051693e71d48,tpl_acfdf414f80096a7,2a89ed4afc2da591a8ce3c64e60a390e84f34205518f7d273f6ffcd68748a916,1,1.0
nazario5_001940_2b6179c405b1,tpl_c841cd219ca0a6f1,03ddb8c676c3a466a41ca87283a8b90bb0d986b4b479cbb74a6a5488d66222f4,1,1.0
nazario5_001941_b7393b75b9a0,tpl_dc462bbebb2223d2,8ec59aff872fcc10d9052f42d8fb59eaaeee82a7fd783c1a6d788344d51027a3,1,1.0
nazario5_001942_0415c676ee81,tpl_a1678e03b3b4fdcd,0e1dfaea76c03aab6089a810f8c80685b39067e4e7b107d03a895d74765ffc8e,1,1.0
nazario5_001943_1f22317c839d,tpl_8d5a33206dd7eef4,20eb172f5849dc0e21803eb6201c64f795c00ed9593bf4e96e459f85122896b2,1,1.0
nazario5_001944_c3e0754c7036,tpl_a20140a33164621b,32ec6b245768184bb14e238dd1dce087050a98af341c2857d549b43b5a759bfc,1,1.0
nazario5_001945_a72c3dce40ea,tpl_df3dd3b6e4840752,fbbac90e154f8b50e4b54a81dec15a38de16ab62f4d6089d95b17e66ea5c6510,10,1.0
nazario5_001946_26c1718e31c5,tpl_56746e95abb35a4c,64c7a025bb03e14774fab0a4f764aed07c08330a72a178bff37faa345b093968,2,1.0
nazario5_001947_d14379d8bc79,tpl_56746e95abb35a4c,64c7a025bb03e14774fab0a4f764aed07c08330a72a178bff37faa345b093968,2,1.0
nazario5_001948_0c81fcdc7e63,tpl_10ba4907b8c731cb,6a263d374f59fedb764d20abda0b46b073bf3a9a71f1a76aadd22fe06adbc7fd,1,1.0
nazario5_001949_6086ba4d37b1,tpl_271edb7aef81c618,f8efc4a3b7db2e46e39c0c410a43ab885ae4a6eeaca5b7ffeebfb736b3ba09ac,1,1.0
nazario5_001950_f467c2586a3f,tpl_6093a5ebadfd580d,d8c657b6be5717c71854e8f8f244dc357ae18ce72693e8e6bc9549ab48673d7d,1,1.0
nazario5_001951_3bc0d70976b0,tpl_f791cc0dcd950f31,c0b8a57e5c86b8377d083337dadda502ab42396e8c1b87ce49ccb4a01a577b8b,2,1.0
nazario5_001952_c97210eb6486,tpl_cfc9e956c0cb8ec5,b6734a7ae8331f5697beb3a20574d5d93cfa32ec3be9406c83b36b2c4e932d60,2,1.0
nazario5_001953_0e18f1f947d4,tpl_2381da7b4f1c3e26,861f3edb3d8deb8d71e1d2441c6c4d66a787d999bfab885a27a4afdb4cba9a9b,1,1.0
nazario5_001954_f0afc1b19531,tpl_cfc9e956c0cb8ec5,3d2266d73b2984df8e43e89a691c662385dd56cf3a2eff712215e08b1a67ae77,2,1.0
nazario5_001955_29c3349b5bcc,tpl_466513a9845228d9,479233fdaf6d92ed30f46e29f9ddaaa3b70493c6e83874c1ad8606a9d3d47247,1,1.0
nazario5_001956_59e60e3616ed,tpl_9422c603977377e0,841b81b1f716fdc6e937098243699f845fad431b91a65b736d2c4e115f0489ab,1,1.0
nazario5_001957_d6de78352b9e,tpl_e4de41ddb0b4e4a3,19cd5805ba0079756957f380ef75014cf382716c5437283966e5bf4f76126322,1,1.0
nazario5_001958_17abc66c24b1,tpl_4926a173fc5bed24,55ef5dbc9a0624f1381a2224e7737260851b3b33b870dcde1b3f95bafb079eb4,1,1.0
nazario5_001959_d5299ff0ee62,tpl_faba59b02ccdd435,9596fd2832469e6a93a8d0fd300ca0186e6ae6cc876e677e6798b51370ca313a,27,1.0
nazario5_001960_c1282d2c48f4,tpl_f791cc0dcd950f31,b8256365fc4a3ecbedf336f363530e3219f9030b28398c41eeb6d3e66469bc14,2,1.0
nazario5_001961_0e65988cd7b5,tpl_a7b83825a6e755c5,fbbad20b91add67abbd3e6086008b4b7f8913113b427cb38919e40371e7a8e62,1,1.0
nazario5_001962_51ef1c5c4003,tpl_faba59b02ccdd435,e8cc7777ce0bb15ecc6b0eef3173570d1780191c4a8f7f4ecad46de6cee6c092,27,1.0
nazario5_001963_a4e7f7cb2464,tpl_c58fbd6f8df1967f,4063ed836a41e2bdb290f32cb34e813df4da1b7970704f2153ed8f2cf9d4a896,1,1.0
nazario5_001964_3b27d18b6a6a,tpl_04dd759ac3ff35dc,a4802645ed14fdad00b55cdd1e56c5eb880237ba3e510b6dfd654c29add80600,1,1.0
nazario5_001965_1fe50f37de35,tpl_85e31b05231ed249,aa00c89fe326f55c689a948eb4907204a379ebf2b9cf91dbe06279fe3f2db30a,1,1.0
nazario5_001966_84b0bf805eed,tpl_9d24d91641f99a0f,b59c6729d1a4a583d9dbd31725edb61f94d1122ed245559eae54953c7f08781d,1,1.0
nazario5_001967_1fbe4809c699,tpl_ab74db1c1189a7d1,84b27c459569e21e58bb0f0c38b6dc8e9a4963b659f3d726452b4412a1be2c51,1,1.0
nazario5_001968_25f58264a43f,tpl_aee3a5c8ee4bf04c,1661ff69502245c40acfa22e7d6ab28395918c76d609614df3d246cca7a6b80e,1,1.0
nazario5_001969_bf6df262af9d,tpl_a0e3c2b07442686e,18c746c4c624fcf1870f0e595fa275e826715623ace98e90478330169b534ffa,1,1.0
nazario5_001970_3be5e405162a,tpl_092c0b2b7d0304be,7bf2ac47323e54b4c1a2561df9efe7d50bb5a181fe98681e6257ed20c7c3e6f3,1,1.0
nazario5_001971_5bd790cfd1fe,tpl_54c9226afbc2cf01,6d3ec913d694c322d25fd2b4c2373fbdbe28ea1644e14a6d8158f3d667973eaf,1,1.0
nazario5_001972_eb255491cead,tpl_ebccab6c4ce47bb0,abb10f43f908239d327d29067d67c094a15a1f798bd7e12abd1a8e3d3eef6a0f,1,1.0
nazario5_001973_9a4a5a00671f,tpl_b4e48f4cbfcb1314,01694864e04715efa5e92f6fbb7155996909da4047cadd3d099b8e0a491a60d5,1,1.0
nazario5_001974_11ed86b8704b,tpl_660536ae4e8a6c84,3ead03f62ee6b499f0ea858c4012e14ccb34c21026f6a74f6ac67ebd1b4310e5,1,1.0
nazario5_001975_20c801674e4c,tpl_3a5969dbb3e83e69,052a2f252927c75c1469d91934e8c4fe020a51799688710549152af613ceaf1e,1,1.0
nazario5_001976_bf97645f0171,tpl_3fabd7e451484c22,b60695bd075923a0a1429d23342e44665fcfa531c1b9045d8086b241578fa31d,1,1.0
nazario5_001977_7fda39213d13,tpl_5fb82fcd258137f0,5117476393b2dd14f62ededd40a62b8476695feee1b5a81b9a73dec58f91aac9,1,1.0
nazario5_001978_35c357910a26,tpl_5594ac7de233906b,9587f8cd4851b200808f67c9fd02c015b7c9c98ca7449ea88f88c1357208b17b,1,1.0
nazario5_001979_6c86a71c7d4a,tpl_b72d39ce03042074,b0539957f4b6419fcf9c44c7dfcda88c4311cfe29f452bc8a0815332f5a0aa63,1,1.0
nazario5_001980_fbf810c6ddf1,tpl_30094047e55630bf,5803cb0bcb71b70ad839aa5d65362a89ddf9a75b4d40f68afe0082ca21f1840f,2,1.0
nazario5_001981_4609f1d798ff,tpl_7a2d304a68a91e8a,c924e92facc614d03b527baf354bd08e73d286d9af682b91316d7e5c32b3f286,1,1.0
nazario5_001982_c8c60782a52f,tpl_faba59b02ccdd435,c48bf968a42f846efd6993fdf719c3482290a8ef10b5120d0dc8b4a666de6751,27,1.0
nazario5_001983_837e07044100,tpl_83251a8ba123ec86,61ee18e072e542a62e5d9bc8640dd24a2ff193d8ada87c82afd8e75bf635b213,2,1.0
nazario5_001984_88400d4cf9e2,tpl_8c1f2a36164f5654,99cf5e96a951f9b05ea2e43d9de437d4f80024fc3c8c6035deb6300c3ca67a42,1,1.0
nazario5_001985_892f7583f02c,tpl_f5a2ec373f833bb2,3c4ca14d85ff8a3bd36193c17bd822fbb67a6a5be17fa3a64b3f0a6ffd8cca17,1,1.0
nazario5_001986_3f3fc311daca,tpl_6142daa6ed644356,70364071158657e1132d6fda5e120801e0b466b3fef5f2c30520eea387d52ab7,1,1.0
nazario5_001987_38ad0302b17d,tpl_57b8947af38dae1a,6adf4f861a424baec0f60dc3155e0727dd2eb7a40cf1c8d0fed4aca337ba2159,1,1.0
nazario5_001988_2908ae7a9793,tpl_3d34119eb3ad0dfd,5c9a92b8290ea6c745087308f6cfc00f4c2bac51362e66c28e3916ac32ecfa25,1,1.0
nazario5_001989_1a693a8c8cb1,tpl_df3dd3b6e4840752,4c3fce67b8c2e8184f81f2c4fb81b8c1c005afc999add33e1950efeaf470a101,10,1.0
nazario5_001990_e1d8ef9701ae,tpl_a04685607be37257,4e0ac3336ef8bddb7ad0cd6fe60172a005f4fb309907c3cc780307ac9dad2a22,1,1.0
nazario5_001991_fa43200b44d7,tpl_a92388dc9bb79888,d1a38fa018cd64b96d9abeb4a715244c952baa2f07dfa250abbc3e8f748ce554,1,1.0
nazario5_001992_41e6d40be162,tpl_53a9d3402b16c6b1,5a7cbb98b95f15fce901a697096544e84f1b54bd06ea08c62eafc16b23b39df5,1,1.0
nazario5_001993_da1c40bed8ae,tpl_d7d59295354aed0e,d6f0c7a186eef2b7043acb7084dcbc6ba5285b19f397157b8edb5229f1c7efd9,1,1.0
nazario5_001994_e6aaf197f6a5,tpl_b59e3985b2dae44a,6eac9083008c648e032e2149dbc6bbdb03b58a72d751d38182a23011cbd49077,1,1.0
nazario5_001995_37010c0058d1,tpl_8cc1942b34351c19,5abc8c700af1ce3ab69f02fd8de526f79bb94b0221245d58978021ab1388a285,1,1.0
nazario5_001996_8af939694b67,tpl_d894ecab62160cb4,706d010bb19b2e26d50f00fec48cbd358d26681f7c73c8231b1ce7bc67634f4c,1,1.0
nazario5_001997_4a6067c77c14,tpl_c793acc96b801ea7,813deec9386a56e4d94de7e5320c3771eb3fc39cc917997df639950456017664,1,1.0
nazario5_001998_2c64fd1c9477,tpl_7e06d7a41870a398,3f3a588ad7568757a626b9bc2e732d04186b895c74fe2dce3cd2f003258b20c6,1,1.0
nazario5_001999_a3d4a5ab669d,tpl_8045310db406f6f4,b774e35c9550f574e29e121d3bd3bf26b9537f914a1cb566e7785d336345b59a,1,1.0
nazario5_002000_24619511ca62,tpl_16c8f5ad24041e60,ec68a2701267ec18d824b08525fc00e160fb8ee0af85c25b94648defe57aa9c3,1,1.0
nazario5_002001_c269a89ba1e9,tpl_d3b5271ca6dbe8a1,67b49d72271360ff38b7754e4ca4088fee0bf826519f2ab255700de365d4e821,1,1.0
nazario5_002002_6601e59b720e,tpl_59882b11028e74cd,dca2ac3f1121ddfa22696423809966e2f527860353c0e3f395dccff1e2b7641b,2,1.0
nazario5_002003_a0248c5c2e55,tpl_1906397b5fce5428,15ce8e0d73b0949d8c772ebf137bbed049f9a85bf41c2a4645d120447bf67d8a,1,1.0
nazario5_002004_4a4ff336c2e4,tpl_f0139668b8e8ff1c,106705da711c3e3c8e880802e9b0dce5d476f13708b40fffbb9aef7f22d9dd1e,1,1.0
nazario5_002005_9e933e0c07d8,tpl_30094047e55630bf,4dcd491b73eb1c83e88a311bbffecdb69f41a9edbb73a36384bc506676fd1d2a,2,1.0
nazario5_002006_8accea0094b1,tpl_af98b93f1fffdaf9,ec28f55a6760743e28c806c90b6dc34fcf8a28af5b088d9b45715dba0462be86,59,1.0
nazario5_002007_1373de9562df,tpl_4051969df77e620b,f74965df52a9dc9bf073842780b9a70c1dbb6bb8ae4d1eb5c2d79d3821ba82f3,1,1.0
nazario5_002008_db49923047c2,tpl_922287d9816550a8,02f1d944a0be14abe92db31d5f1432a199009804d51fe33247800b92fc5eb83f,1,1.0
nazario5_002009_c3b9a9d1f9e8,tpl_87781b1efde04fd0,9071aa8105964443ad9400d683bc970c519934e7f36b3565d8668bae8211f11f,1,1.0
nazario5_002010_0748cdd812ce,tpl_9225a8ab717bcf8a,21c94bd19f2baaca54e400adf0b9d63599dc62a740b89fb2355e65ac33287c42,1,1.0
nazario5_002011_4221666907cd,tpl_ab5a16156bfdd7e4,637b3559b54399b1fafa33af766761c46bf9ea0c41ce3ee2b4ce9cbb707fa227,1,1.0
nazario5_002012_e4ce45780e7a,tpl_823bc846b455d91e,edcb0f860f9cde6adc17753032e09dceb74045dbc15efafc20aa1f85dd9ae20f,1,1.0
nazario5_002013_89c5bb50f4c6,tpl_f78f6f34668c9d4b,eb11c38fee8e32f383fdb1b65c3971b9d45cdc15fba8075888bfacaeef148061,1,1.0
nazario5_002014_2975254b8fe0,tpl_1fc45ed979859e1d,77dce0c8dc70e47005d3c5da7b0079baeb1b24db5e8577ca9b0519ed178b2743,1,1.0
nazario5_002015_e315b3a085cf,tpl_0705dfc87039544f,2c5f275fc5ba87c34ecdb31a148f8e77bd1b6cf78476e0d31a54caf4dfabec8f,1,1.0
nazario5_002016_2226c0df157c,tpl_faba59b02ccdd435,b5c556d15e7d5069bd0aa7f53f37f26766531a63f0ea9abb0080049e554fc8f8,27,1.0
nazario5_002017_f164e4abbe5b,tpl_faba59b02ccdd435,48710cfbc0272b105d847bce300382bac2c9d120ec156bc5ff593dd3be2d530d,27,1.0
nazario5_002018_586aa73b3a51,tpl_78ddacb7f0375ee3,19b1f17c69124ac7995ed7200135421c71d016a170bd89aa06f67c7f93a712ce,1,1.0
nazario5_002019_a5a595170550,tpl_fbf651dfd59e8e65,dfa89ce6ca16f1bfb069b71fa5455ec5034528f395c0962078cb682682b1da74,1,1.0
nazario5_002020_bf7c15f9af33,tpl_0b605efd7c9f549b,8e07ad6c74f72ea8f57e74ede36e371b34e1df74e4664bc5f6bda33221e7976e,2,1.0
nazario5_002021_ee96509bfc36,tpl_83251a8ba123ec86,793603c508186ea39a2c1890f9f1836b089398db54655b5d10d5cd265406d713,2,1.0
nazario5_002022_071fab20d604,tpl_0b605efd7c9f549b,8e07ad6c74f72ea8f57e74ede36e371b34e1df74e4664bc5f6bda33221e7976e,2,1.0
nazario5_002023_87671c85d78e,tpl_d400c5eab271de5b,a501592fb3d116349be798d4433f3de91f5b8d112bdcbad3a964572ac139bacf,1,1.0
nazario5_002024_0eb9d5a9430f,tpl_bceaa070dc328ad8,4d520b5d9af98bc2b7eb4b04aaa6ad7696580a7ebd713a6f3a1514dcb43d59db,1,1.0
nazario5_002025_280a41e811e4,tpl_803087c4e0df196c,66bdeab2f7f45b19a714ed63ed249cfab91f1463daf7be909efaaf5e03bea162,1,1.0
nazario5_002026_569edf795b6d,tpl_d5527720104085e3,c5675859994de9b66e040b319574824e8b6e7f2868458c399f5e4f8a82062dc4,1,1.0
nazario5_002027_ddad8a171c32,tpl_dddd1f6e2c439f81,197be45067ae1c03dd5b9e86cd5abd4b1fe0dcad65947a929bcccd574f6335fd,2,1.0
nazario5_002028_507531f49582,tpl_649aec520c456fbc,ec91e0ad8f43f5cf0e264a92433b3e6f9821bb12635f501a6e3a37dfd6bc5a32,1,1.0
nazario5_002029_9e156ba70e99,tpl_9fa8299cffe8cf83,da18da3f3877ccd3e0deac684dab5c124a55f32d0fb8220e5e5300cb7c8907a7,2,1.0
nazario5_002030_fb0b467c4f23,tpl_ab68fc7d24a8f253,752bc26c980994d738000a6472767bc2608d745566ed51cdb6e5a74a8fc6155f,1,1.0
nazario5_002031_e3278f0cf671,tpl_98a199a4e65c279b,3aa1cdb24d6f01a4561f0329b90fa6ff42bbd18b74cb8950053f35cca0860453,1,1.0
nazario5_002032_0b2f3c57293e,tpl_ddf6be1b1694d74c,dd2b7ce70faed4dc8b5a2fff172c51f27725d0386f95136f3ec12ada87955bbc,1,1.0
nazario5_002033_31678a6148ae,tpl_4f011ac84951da38,07fe0a367af5d79c706ba62cec98b24666bf27390e5743638a622e2e38af3052,1,1.0
nazario5_002034_3cdfa6aa890d,tpl_be17596627183e91,1394cc722fa5137e8fb6ef34fc41c502e8e84bcf2fb1b0e148925c0b93354301,1,1.0
nazario5_002035_ddeadf014214,tpl_ab88000354c08c5d,50b526f5c88de3e90f284b7db0b31e8a59c6fa720f9aafe7cea06e80446983a9,1,1.0
nazario5_002036_3c44a042c079,tpl_860a761546267b09,92a8e6bf50cb97bcb21362e6108bcad8483c5d502055e601effd18345df61bdf,1,1.0
nazario5_002037_3bbe2c64eb14,tpl_b2978d3c93e5088f,145cacf30704caea731dbe6f323f2dc5953d0807446605cb0ac863f9c8660c1b,1,1.0
nazario5_002038_7b45a3714220,tpl_8b13a8c5632738c9,8f0f72a5c786c8c5d07423ac918289ac1065ddebad2cdee2a7e0d0d28221e204,2,1.0
nazario5_002039_c737b3a89d65,tpl_55ec1d3bab32bb6d,b949edb0f4d8d607e26764ace4138f0a2e89dae79c3d6d9ee3a066d53a32a86b,2,1.0
nazario5_002040_de979c303dee,tpl_590c8c0ff639d88f,b6e109a17b58a51dc012b69a85e36d96af2899ab51ccdfd3aa0e02dd42300511,1,1.0
nazario5_002041_99c840d5d9e6,tpl_439d3d8571863db7,210ef0886faf6a8699ebd7f08c342a2e04f5bb5847e2518854652fbad4b0a85c,1,1.0
nazario5_002042_e25f8925c9bf,tpl_b1fc9e9c998da676,1581eb9118df20bd574476d69b745d7eff76469ae5be35008fa34d3f441628ba,1,1.0
nazario5_002043_6eb96f8f84d6,tpl_1f75ed6303392383,6d772b09d3906ff253a549e436a79c608c8d4b9aa9b1a3719f021316ffd217c5,1,1.0
nazario5_002044_ae668dd071a7,tpl_5aa1338b6faa5650,103528fd13ba6af4e718e209ff6f998d083d9e56a19d567da185391f5d8b818c,1,1.0
nazario5_002045_054ef8b035b9,tpl_065c19d52e4e942b,0c148b844f3c0c6e0625a1406b1dc86034ff9cedb266f9411aa94400869f7d15,1,1.0
nazario5_002046_c8bb274f615d,tpl_8377797ee215c1ae,c399aa76de250b7e4c5a5a0486f2b07ad5724701fdd3b8ec0bfd89766f325f5d,6,1.0
nazario5_002047_3960e4cc1638,tpl_bab41b6c9cc35bbf,7fca595bfb3e1a60fffc4113c590fc40a7c7abd19f03b304a7a0f763cbcb5852,1,1.0
nazario5_002048_f411a90aad5e,tpl_629ccc2ef10f28c0,572c8f7cabb0a6aa8c7ec6c656c443e89df71f99b07cc0a2564f86cbf3f2b1b8,1,1.0
nazario5_002049_b3119cbd8bf8,tpl_6678b33dd568fe3f,87ee0291cedd8959e52d484b9cd7cd6b2fb675551a24988d2b3f4e8e9f863b01,1,1.0
nazario5_002050_01492698b012,tpl_6a3f85f776c7aeab,33634fe0faddd8763f8cf5175dd902b66737bb0fc25287ab2aabdfcac3721509,1,1.0
nazario5_002051_d1298265baa9,tpl_e7df69997cc12b77,529ebf19afcce69f30b0c478df10c05a56cac8b2104ab9fdb38ff88fef058ac0,1,1.0
nazario5_002052_ba67089cb35b,tpl_16cdd154b67784ab,e504f975b0d048c91792f7a4112cdffe3914a1f376de0d6124763a6b4f2db404,1,1.0
nazario5_002053_966b78df6956,tpl_417639865e53c148,9d3e8d3cdfc330a99a0afa575be330562e41f3cb29c69011e95f5c66ba604516,2,1.0
nazario5_002054_d029dae1d6d6,tpl_9fa8299cffe8cf83,9c37c1e3351d2b70feea1352774351549cf679a172628c3b8d2898d24b6a23ba,2,1.0
nazario5_002055_5790fc9e0f07,tpl_952c7eb8ad7a36ff,68924420eb99d4b22ca9a30895653fd48dc8e32fbcfe4482fc72e680e91b5c9b,1,1.0
nazario5_002056_a074be7d6ae2,tpl_d91ae9d426313906,8da54a1c4e2ec53f2464f59cbd5332bf591f1fc4b2740987a37dc1212c5d348e,1,1.0
nazario5_002057_1ca45a7e8020,tpl_8377797ee215c1ae,d222c97be4167444671719708c744450eaba6fa8d5109a4833b8ccb7dbbd6bc5,6,1.0
nazario5_002058_84e38a2d526e,tpl_ff32c91c969dc99b,c76829024f62684f3c032a9d26f924cc0543e5a44b14f91467f4c250d7d07e76,2,1.0
nazario5_002059_a6a7cfd1143a,tpl_d9536c9c7b13fdc6,4586e9e4f6964e7420dcf12a776957cc849e49a882aac5191b498e38ebe73c5d,1,1.0
nazario5_002060_fbfbef04bda5,tpl_ad55ce7a2f09fee5,257ed0579a813e55ad99047418c8536f796c396d3bb44a5231a557f92c5f7ca8,1,1.0
nazario5_002061_21068af5b445,tpl_6f4a0c2e574c3b4b,fe11f4db556cb2c2ce5088edd813d4671e270f248fdef9cf84c5d787ac0b8453,1,1.0
nazario5_002062_98c502fc070a,tpl_ff32c91c969dc99b,6e5cf3ef447f854b51e41a35cbcca584df77aeafca181cf07c1425843a59705d,2,1.0
nazario5_002063_92111d38c386,tpl_0f3076069b3636a1,eaf7e314705c04fb0ea1a06df3376e6617abf4f94465c359dbf21789dba5c5cd,1,1.0
nazario5_002064_df1f46ecec00,tpl_df3dd3b6e4840752,fe7496bc6a9ac2d92f56bea36898f093436d6171bacd02fac486e37bfa1fb0d5,10,1.0
nazario5_002065_69e3517f40fd,tpl_abea5c16792d42e5,b342a2955849db661aa8086922567fcffb7ecc9e9ba662c165be26d08a224312,1,1.0
nazario5_002066_bd554dc70323,tpl_8d16dc5c960a6fbf,3a102b7a1f739e62b398dc8e2eb7812d67493002760713a1dbb25c6ac254b194,1,1.0
nazario5_002067_137742afb5b6,tpl_997fc556bf1f4f63,11d81a23f83bbffa9abb358cd568bf495163dff9b3768bc7a7d420aefa84d618,1,1.0
nazario5_002068_a8bb9daa6e94,tpl_b47d12d65787a288,7f5230c5d67fa6d21df2c5d0aa91a0af4d2631f96d0740f9297d85fe06221b23,1,1.0
nazario5_002069_c01ec434f6f2,tpl_981f0a950eb342ae,f389a0e218fa218f21cda77f6e6f412694072e61d41d657f9f5bf3880824f89e,1,1.0
nazario5_002070_5261b6c0034c,tpl_4f0e6c71574198e1,aeb289d8867c1c25bc999ca91fa35d6f50f173c21dc39507225fba8cc4f9d733,1,1.0
nazario5_002071_929765d13487,tpl_71c8c44f364bad6c,b9708f612b087c1c428a5256db17f237d2ae33e2df06af9958d6be9b87d4ab5f,1,1.0
nazario5_002072_87cbaf19110e,tpl_86f6c71c3d2d11de,2f7ea2fc182754cde30df6948be14ee5ca448147376ef9d80fa42a70344c3efc,1,1.0
nazario5_002073_d179c553d518,tpl_49c0381abe7930dd,db5845e41a0bc134c9d926600bec0ced19d66cb0fa0e2363acc036abc3cf458e,1,1.0
nazario5_002074_73b4e71c5848,tpl_9a6e1c103c71b1a1,40785751e5ad72bc8e8a85dfc4c32bf855a9ab2baa7e8b52d33fc53b97eb5846,1,1.0
nazario5_002075_e43221cb5723,tpl_9719eac6c7918ffe,d3a7d82ab6bcaec1312d85c662c0ef6a3b4bc5caf511f8a8861eb8762cf14c37,1,1.0
nazario5_002076_33918085fb0f,tpl_44798e5b02be9c23,e4d471f80a1d31020c7d6d4ba7b359d6680e9c1a3104d6cb1c820c45627aa605,1,1.0
nazario5_002077_3db84a954d55,tpl_5ebb2d68912b010f,68f9080b18f5759cedd515e74cd5df4527d92d681a4b886a78cc21395e56238d,1,1.0
nazario5_002078_295a990d7cd8,tpl_df3dd3b6e4840752,aa85fc0c9ec45b0bf36f65e7cc66086614e573d9532707e98f19a06eedd99489,10,1.0
nazario5_002079_73eb940a4ec1,tpl_df3dd3b6e4840752,51712d706bf9f326a34731030103c607ef7dc6baf5d77b8c3d87cfbf580c429a,10,1.0
nazario5_002080_de930a2d1170,tpl_5ffc1bedf02bcae5,8998724cb7840e8ec77ba519a227e165ecd45b76dcc017fbcd2d6310a99a9fd2,1,1.0
nazario5_002081_174de679db13,tpl_31f754883ae6a0c7,46ade9681ff3f3e56cd1c2fa848cc9e65dccf59a6e9473e6b473dcce48f185bc,1,1.0
nazario5_002082_6cc0c88f4611,tpl_978e7851145e7bbd,f53ed0cd1a208e809a7440df4410e1aca7a4745c5ad25bf2c6dc490fb0b80084,1,1.0
nazario5_002083_5d5c2061ec42,tpl_4ee6f5e7be2a82f3,1b7824b8057e9c047a6d620d2266b314b77a5dc47744433095b6869a0b011397,1,1.0
nazario5_002084_fdc261a5a7cd,tpl_8377797ee215c1ae,ab1c77992278a4bcf210747b40ab7d7231723f86bb030a3c2c0f22dacffc8600,6,1.0
nazario5_002085_b48d0bbcb8b4,tpl_3a8f26cd5e9b570d,05b38571372a0a11ac3a9e72e74808395eea3019199b8bfd157c0d0c78f59d0e,1,1.0
nazario5_002086_6ba3a5247ef2,tpl_ea195af3329b01a0,805841c148c2b6a4425b0a12e5d1719428697a9d06041bd05742e1b3bcefb59e,1,1.0
nazario5_002087_0a75eb84db58,tpl_33369e944294b08c,7db5fc10a6ba62f7d5c6e0edd6718ecf8efed738649e62c7aa5f5bf0d80e08ec,1,1.0
nazario5_002088_78c081e87ab5,tpl_96308159ed7381f7,2c401a32288ff0f0c86f7b2f56fcd92c8fc103b1c7869b2777846aa65ee116a6,1,1.0
nazario5_002089_0c24f3507e67,tpl_7339e821ff53c118,c2cb3007e68b91b0cd57b0178d90704c701edefc952a51acb359258ac90ceff1,1,1.0
nazario5_002090_740e0e37a1ae,tpl_9ae03b1eb62d2fda,9b1552414a2aef6a9ba0319f51c376c06b4b564b8913242fc1ecc97ecef29978,1,1.0
nazario5_002091_997295c1f28c,tpl_a8d5b72eaccc1105,670ec86d2a52ff11914b5ac50634a0515d85b7634f1b48edeb13de8b75a2f9be,1,1.0
nazario5_002092_1516ee01a9b1,tpl_1e6b04347f8e2bba,ebabc941f0da96cb485d67bea324eab6552a049206bb64543cbf8f3140075012,1,1.0
nazario5_002093_6039068f355c,tpl_af98b93f1fffdaf9,661e8ce281de2b906eb770ecd01d32dbc89c9b882de9986b7206b824a0229437,59,1.0
nazario5_002094_09c55889cd79,tpl_dbd25497766d9747,fff5c1e4f762a23398a6da8daf884f8bf7cb1e5f0482344802b6063186a2299a,1,1.0
nazario5_002095_0c4d6edddd60,tpl_867f3d5b78ea716e,410dfb40c89a569a8cca44039b85c1f3ad9a5eb70124457fac697a0d16236f04,1,1.0
nazario5_002096_d29f9a0ae472,tpl_cf8757d05f06ca0c,d4bdcad0b430f30e5f3b2afe7a02732ff340118a2d507fb84b79971049568ee6,1,1.0
nazario5_002097_6c35a5c9b71f,tpl_cb633d458220f654,07c6006389e1943c25f478645f824a5ff0461ac47c9c351c061cec80b9d28245,1,1.0
nazario5_002098_1a41f4b83790,tpl_ddbe05bf50b8dc99,6e1810175586a5df5c61b6eff195c55ffc3e88673d56fa5cc259a374410a8bc8,1,1.0
nazario5_002099_af5ec4d6db57,tpl_24ae14b1ac9bc58e,87413392ebfc947098a62fdcef7b005e970ccd363ea08dd1a7f172141b23e7d7,2,1.0
nazario5_002100_c0713c43fade,tpl_803333e267316c22,2b64576ad5b55717f33b256742412fd51d9b266288bcef55cd49f1535df75ca8,1,1.0
nazario5_002101_6cf908550cf2,tpl_6d75e3ad42de0277,181cffae21cfca94dff48dcdc9eecc317e137b4b3c97eb240ef5f49845b0b4a4,1,1.0
nazario5_002102_15f6b0aac9a7,tpl_36d17b1184f4c520,c0352bc21d5dc07972ce0d6a97dea9e2e684e61bdcc49124060d09af64168e00,1,1.0
nazario5_002103_9c33e0bb7914,tpl_0091806e845c4744,4bd8294159c0cd0d5bda32e2313e00cd3862865190824d8b5a345ad7c340baee,1,1.0
nazario5_002104_6b916ee8b077,tpl_2898a367bea7b51b,21dbc2291711108360f65fe933f06e902bf4c03f5842ba6124224f3acd41397f,10,1.0
nazario5_002105_b4e702f5c055,tpl_40eeff00ed68663a,a8e090fa2adb82c70854d7f50806ec97b056a8d21288b0043e8e724153b85672,1,1.0
nazario5_002106_6813c30d2d7c,tpl_dfd326c4978464ff,d6a16fcb93bff0303e3e16ee5e46bbcba64c3f9eed4af7a9ce2f35454be00f0b,1,1.0
nazario5_002107_83a8ced626a7,tpl_24ae14b1ac9bc58e,f9907f2203ab8aa87947a8984e5149d61c4eaeda8d03987a4271dd2353379297,2,1.0
nazario5_002108_a18c55d38216,tpl_db0ba3c030db1c42,6de5ea8dd34e36adcef2fb1ff81c7e66662e0de674fefec066b8dc2a85e2246f,1,1.0
nazario5_002109_f93bba39df0e,tpl_fedb1c13c6e484df,43554261f9d180268c219c29e23a1f1457ff1a74f9f6d22ef31f4396abb0947f,1,1.0
nazario5_002110_664439d50c3d,tpl_0ef76d7cf56635c9,35fe956af5fa58aa8eef02c7ed3c79277f0d5004ecf7e498144154fe91507b78,1,1.0
nazario5_002111_739524f48660,tpl_23ea249e311d1e40,3e71602ec5f7a503b7b4b877aa3209997c53a0d12511a9eebc42e599f189e5ea,1,1.0
nazario5_002112_a68f5840c1e6,tpl_226b1a71c41253e0,a2badc0ffc7b0903703f018dd096ee53122f46d7df55152f3eb4d11ff3322874,1,1.0
nazario5_002113_78a656200783,tpl_232be1427483ff2d,802a826a01c4288dcc8123bcdf8fca7fd937abbc3cd32fc84b6b8c823a5cd70f,1,1.0
nazario5_002114_b48dbb17d8e2,tpl_c32792100d731ad4,497ff37ede54267c5a071a1acd0b48b157d9e7445ff100a0b1afc2aa73c2902e,1,1.0
nazario5_002115_92f9dc419915,tpl_89dcf0e85a61edfd,c2a9a0eabdf7b5458596529e84237c8a3b50bb35f3d78f7f955c02fc520cb291,1,1.0
nazario5_002116_cba69ad641a8,tpl_2d46dae821ff3ddc,543195c07cc34c66250bb59579bd0b07e19ee551460580db3a8523eaa84b0f20,1,1.0
nazario5_002117_60777061b637,tpl_a0338775d325d999,44a2e802129407c535b1a0bf3ab63d7800bf04b9ed5af3a17f01c950772e7c70,1,1.0
nazario5_002118_1cc3566fffd0,tpl_c07d125caccf029e,9ce87d3237a5de6106f00ec76d9cfaa2a2525254f5becf35183607f4a3464ba2,1,1.0
nazario5_002119_8f27d9d91aae,tpl_1dce652213aedf5d,49d41809ad96358164f1ab33caf5977ad2d6b284a50ddd6e56f664bc131e3f64,2,1.0
nazario5_002120_fcfdf46ae46b,tpl_e83bc0c516d5d66e,2aef3791297a8344566c6976e9cde3dd18940f47c12b7cfb9c3c1fcfdbdadc9b,2,1.0
nazario5_002121_a36e0f9d560a,tpl_1ab690c2c396a426,c0b9645d86351963ebced362f2ba3e90e0221dcc64322b40627c241093db1fe5,2,1.0
nazario5_002122_5c9736c0eb17,tpl_8b13a8c5632738c9,ad5c1bc74581d8a38403a8455e2630fbd859ce1b4aa09ee43ffb2d49232a21d1,2,1.0
nazario5_002123_67b3f488bdd0,tpl_3ea83e3e0b434502,81c073f276db4452f915eec381c3a22a2b2da8b19274d47ee4c292daa448f2cc,1,1.0
nazario5_002124_9ead9a6c748d,tpl_71b05000ef269632,8dd6b1af9ec16463bad0380c03b242c40db30178f6b0bea98af434b23b744f23,1,1.0
nazario5_002125_114c7bf7746e,tpl_43a0e801b5bce9c5,752e604170491a8d0dacf95760d37cf791fb01b28131265d65979a02ca9e8e26,1,1.0
nazario5_002126_2148e786fd5d,tpl_571c58fd9c22bef5,31c24b4f31d060d7f34238cef7535fc235a279d75458f2ec65a4164683d29704,1,1.0
nazario5_002127_a75c17535166,tpl_9ae2d73832888653,50d0544de0600fc0b25fc0b71a37187885a9c63e884c32717ade32a89216696a,1,1.0
nazario5_002128_cb1a0a091693,tpl_bde82a1bf857b921,6a408fcb5c1f9d83184afb78f5488f4f30dc4c37552dfa821ae761c9da40addc,1,1.0
nazario5_002129_29be5ff15275,tpl_1dce652213aedf5d,e02554e3564b4ae96a201e04a36141252f418934c7766a0f52490870b824a665,2,1.0
nazario5_002130_bf5ecdf60b83,tpl_4114667304a201bb,7ee39fead11e13c8af6282c53a5dff80921b0429e66d81f471e5ad6a3ed492b2,1,1.0
nazario5_002131_ef68196f7bd3,tpl_3ed622c091cf901d,05372b5f6090868baf4ada87cf7bcdb7c08242f1e391e5c6676bffd7365637ce,1,1.0
nazario5_002132_4d68100eaf67,tpl_86d27dad58d0f730,a0128e45ed562fdf5c58baefd17d95df8a5f29b99d4ddb5b85a1664f8fe98053,1,1.0
nazario5_002133_dd81eb9e3350,tpl_db131639768e66c3,78cffc471c080888e9fa4b2077d07367b6f46e8599439962a5a50c2e5f522db9,1,1.0
nazario5_002134_2f274bee3467,tpl_d0f946a9d5f7f9eb,4d6db3ac374c999079d3a40d8d76091af9c360bb5543b684a9b7476179e79ba2,1,1.0
nazario5_002135_7f1461197032,tpl_c14ea38b9eb81e92,937cb5b36f8c5d17af22d41009ffe998387be7334f1c0ed907e469a04f439586,1,1.0
nazario5_002136_7f8e423df1f3,tpl_c67779955ac52c02,cffe51196009e1f0db0ea474057f316e3c8dcd86b572fc0fe1e8881793b2ae46,1,1.0
nazario5_002137_f2b0d9ba4dc0,tpl_48be1ee74d6d1e59,33b5a60791c04e344dc9f8d47f1208f7cb011a3b26d7ba8ead79af20f020e75e,1,1.0
nazario5_002138_7be27f734eae,tpl_c9f5cbb5202fb81a,b17b3d356866688be1b0890219b11c95c688e23ef47de489db681d7107766fe8,1,1.0
nazario5_002139_80da28a7b30e,tpl_34000a9d287e1650,b88b4a673b8d36fe3bcbd22fc2335b0dd7d21d826582d1da46df3c4b29dc18fc,1,1.0
nazario5_002140_4ef19c65f239,tpl_08b60dd62b644df1,54d93939a78c793d20d6f202f4d8e8e51327250e4b8f7c3b373b67ab20248e77,1,1.0
nazario5_002141_bdb0d501da27,tpl_5257f35731ae93d7,2d6df47a292f4aa88823dadf2481f6fb56f28f2d2210945b7ac721ee8e917e1f,3,1.0
nazario5_002142_0d34805827cf,tpl_72bc142ce0c8882c,3e0aa60526f70c42c4e5217a7d7228b266f1b12ed85dfe238e8acb8804bf7548,1,1.0
nazario5_002143_8aaea9d05c3a,tpl_c4107a3370ddae8c,df563b7cdf1bb7c73c4f5c7f56e408020ddcc5dfff74030dbd6d98469ee99b1e,1,1.0
nazario5_002144_28a8c0206850,tpl_79b556b6dfa43c3f,109e695e194ae6b2b6746fa6c6a6c2d788ebee2d2920ed19fdc9dbd8250d0a3e,1,1.0
nazario5_002145_71af432f7f2d,tpl_b07510017ae7f4ea,e19fead7c2fd647d64e812127affe19d4e5adbfb11d5dcfdcb7bcfee5c9ef194,1,1.0
nazario5_002146_20516302dec1,tpl_7e0a481f13613cec,4b342ac3ceda90b069b4f408d7e33a4afb29e69335644e035d8225485adf3423,1,1.0
nazario5_002147_d115d3cabab6,tpl_48ee5226c0fca3d8,13555e151d2d90031cc237039550d7c9437a19f129551e6a7196db2f60dcd084,1,1.0
nazario5_002148_8d57da88a93f,tpl_291182d7fde952ca,3094e3f7d62e590092a68746e9671cdbe4ab78ad4a202e3eff61d1648e9c7e39,1,1.0
nazario5_002149_107fae2a1990,tpl_9307c6e40ff87f86,f8a7cb9638777c301939789f414efdc4026c2fa985bc29e31f53f54282a502fa,1,1.0
nazario5_002150_26f2074f178f,tpl_2bfbaf2c6a70e01b,e96ff8b9414a6ce439587ca9f35bf9d4d338d130c176c2eb931ffbcf0fbb14b5,1,1.0
nazario5_002151_0f97098ca4fe,tpl_73704986a6d6173d,87ed1e14f350389989e7a33526c9c991a538b385e7ac70db314603b8c9894b04,1,1.0
nazario5_002152_f4ad39eb30ae,tpl_b2319a6964c83a32,a27edd36fef73a870e5a14d0e76f3f2dfec511ccae8f511f482f0fe9a263bf15,1,1.0
nazario5_002153_3644cc908eed,tpl_b3c6b6e6c2b87af8,ed6da810fa2e050e4a5fe53c260716e733b0a42429143154a2f7df7f1e92cfa1,1,1.0
nazario5_002154_28b477cc33b7,tpl_e3564111e0d0955f,f0489ca42c94d0a565f1b4fb46a1849cd407efe231e0ae4f47ab2f0264faba4d,1,1.0
nazario5_002155_4f28850becc5,tpl_bae9c5dae639267a,f7bf2c311feae9fcb1c5a53aabdbce900bd7ab1d82a4738d13b5398bcc580fa7,2,1.0
nazario5_002156_30a4b39d6ec6,tpl_ad3acb76725b905c,526a9f5bc5f78a160f333c6e04d5392336bb0a8f20125d04c0c49111d133926f,1,1.0
nazario5_002157_162b169eebdc,tpl_2b25337bddd4d5d8,0d14b978eb5619e002bf3a53d819185b5b6f15c01950654293f53ea11008e135,1,1.0
nazario5_002158_3cecdbf4d33a,tpl_2a7c6d86b5c3ddcf,d059d4ff94ca6c0eebe464b814cb4065423a0f2d1280610ded9e88b203f2cbd6,1,1.0
nazario5_002159_9bcad75a67c5,tpl_3768f00e14c76bb3,a1de8edd91a65c39d107db9653f7109fba47c8ef82ed99c38fb9bb43200591a1,1,1.0
nazario5_002160_b80f5590acdf,tpl_c980d4d6739456f1,ed78ed9684448d3e091008ecb6d6fec599dcb707d1228a2f2b7ce6709f18b994,1,1.0
nazario5_002161_b440e3a7bdbe,tpl_982add1c3da581e6,83b2b0f62a276602ce13865540a15a907455e4553f9655bb3b02f9b1c35e0d9e,1,1.0
nazario5_002162_06a60e71266b,tpl_5ca44c7cdf8139bd,7c0fc00f6bdcc8f1ec395bdf7d11bbc3ca4d0afd9babac552a043aff18dc6cb7,1,1.0
nazario5_002163_6ecb1ce716a8,tpl_8420a1b2080a16b9,d5981fb490477ca6af4ea2146e10fa754652bd37437c489487b35e1f1f695be4,1,1.0
nazario5_002164_a0df6a2a019e,tpl_a080a16a091c268d,5dccf5a21d32abdebe576a456000834a2c1c155e8b04163adfbf11dd5ac71eba,1,1.0
nazario5_002165_0d9b952caee5,tpl_293bda409adc80a8,db223215ecd72cbfc8e7d03675b968c4a009f445a1f0154568afff27d7abf473,1,1.0
nazario5_002166_cc93dab8d7d4,tpl_64fdb04f61a4d8d9,0d3b7ead6fd8c79b6c86ab4b3e10693ea91c69ce022fe875d2a4e6a1f24a52b4,1,1.0
nazario5_002167_4ff2bad25194,tpl_cdf04c260d709710,cb51105e998d4ab59cb74b8dd741226cb5839d54afea75650685280448b232f3,1,1.0
nazario5_002168_061cac18f8fb,tpl_bae9c5dae639267a,f7bf2c311feae9fcb1c5a53aabdbce900bd7ab1d82a4738d13b5398bcc580fa7,2,1.0
nazario5_002169_7d248b953624,tpl_37759543fb51cc4b,16897516dc400aaf13759d44a7dde8ae7b5714eca847049eb580a1b7d37532ff,1,1.0
nazario5_002170_9a303e90da39,tpl_63cf379f1d73d5b2,289ee430a8267bcc8a74718fa8df41b3b5a7d89be84452666bf619ac13611636,1,1.0
nazario5_002171_ad86a9628887,tpl_7ce26c99f265d6db,96a37aead23555751431bc23844c0aa78530658fcb24e999dde3d6cf9eece8a4,1,1.0
nazario5_002172_9e42cd487db3,tpl_7a05895306e19955,4df2932400b699340bff2580a8370c76f554ee4c847c497d1226ad25e7a682fb,1,1.0
nazario5_002173_8d9fa58a2f58,tpl_c321e0acdbe3b358,4280e1e40e0403c39eb23910a398bb02a29be86e80a200faf8398cde6d67cfe7,1,1.0
nazario5_002174_d9f0679306a6,tpl_748150927b424360,933585e8da13901be864376eae2b5da06ad031fc9d66073d9a666b2e1c3adaa0,1,1.0
nazario5_002175_d60c7b0215b9,tpl_47f68439e4936738,52750622e9c46cc4c9c8985cf1a70a138b56d387c1c19606a2057329c16391c5,1,1.0
nazario5_002176_4ab36c13bab7,tpl_2c6e81c7f54a8c36,3a7782f005f591e4b1779b6b6277bef023b399b1efffcc140d5ce331f0be7d29,1,1.0
nazario5_002177_58ba90cd2065,tpl_09f743a156069431,30adf8556ca09f32415bf9b816be7514a7d8ce8c42ab07f2bb405229c1ffdb03,1,1.0
nazario5_002178_22dce8e6e4dd,tpl_b9b1554a8d7a1547,6a8ba26d424bcb183de7e8b7c6898d7e6254c7e1bbcbdddbba5422a60692fffd,1,1.0
nazario5_002179_cfe9b699136d,tpl_ad6dd30ce6442b0d,c88815e94da31d498a947f348c89ae7335ae075906493171d0e0b2bfffa8a623,1,1.0
nazario5_002180_5f3c7ef8dedf,tpl_d4fbf534dc10b84a,0add4040eaa22997e97da311d17075bcd5db6024454cb8d6f586c4ab0dc42422,1,1.0
nazario5_002181_32a27f8afbe2,tpl_d370668fb3519a86,510b79c992beb0957bf1c977fd39e949abbb918f3d61313444763c9433d204c4,1,1.0
nazario5_002182_d619990a90a0,tpl_e8c83d2fabf10c2d,c8fd2f74f35e715a7bcdf51d79a5f00b5adf4f9a18c05f442c4f1e0426416326,1,1.0
nazario5_002183_ae8ac69ca120,tpl_7c9e3ff8c9c06dfa,a2b879403254cf28f7b529722a544a43266b5071f3b152f50c03e5815571d1e5,1,1.0
nazario5_002184_eacb4157556b,tpl_5b3a0d02cf8eb2ca,929d67c4c88879c5f0c8054bff1636c0a582a2b0937e8a0112c4ebbc18b174fe,1,1.0
nazario5_002185_da523a166d86,tpl_e53631108ebfe1ec,b6b2391fffbda1545a5ed627800578498d887fe6fdfcf272b65256008de9fe63,1,1.0
nazario5_002186_e67fb9c92c3f,tpl_0d7e3da0ec915d04,514a80de51b087229d3f0c94888c8375aeb5837327f42ec455277cf54f5cd783,1,1.0
nazario5_002187_fb1f2f469f9a,tpl_98dc3bcc6856e0be,b6a12ec410babd07f432d6fee36d46c30b28b3878480b1466a2516b2f8da5da7,1,1.0
nazario5_002188_0acbab3c19c1,tpl_f863de1b6db57fa8,964a92e6488e1bca03ff6e0e4ba2898927e4e8b2668f2b780a56ec6e5adf9b32,1,1.0
nazario5_002189_d776c2620130,tpl_3749946d289fcb39,83f18b0b3c65105d8245d7a5f2535430aad59c1c6fa9274f992076a892c0b462,1,1.0
nazario5_002190_fc7709bfffe9,tpl_0d682de26dd894e1,c92fb8a5399e14aeaaa8eaad402af47664f309eb858dc7fafe008a6725954209,1,1.0
nazario5_002191_58adfabac0f1,tpl_60a8541a92832c44,219f83b021f0446253a57ab870e60a62964c4e4ee0268c86633c2f40affc166a,1,1.0
nazario5_002192_2f85c8055146,tpl_bd8149bb39c799e3,1eecc322bc4ac7bc8b865f1e16a9531a75b2d224b7a6f1a53ab8cf17b502f521,1,1.0
nazario5_002193_bfd642ee8273,tpl_a8a4396183dddac7,d9cda2d8cb8eacb02f00e670335046ebbb1cbc79bf172fbf34153cb14e6389d7,1,1.0
nazario5_002194_2078dc0b018e,tpl_2de6081bbd64bb8e,43932f075196bb813a268b020b28a4763f3f3ecc9057bf40cddb8ba4c99baf66,1,1.0
nazario5_002195_185ccbd055c6,tpl_c932a1cee50af043,7c4da2108168154f3175f303c9aab91c01e4b82a243342cd65dff2155b467e6f,1,1.0
nazario5_002196_f4b1fe10ca8c,tpl_93942e4dfa84d8d1,f6d448b3eb4b4c1b12c66b0915c7c9379cdec23a8c1c2449ccf88bff28d7ae6a,1,1.0
nazario5_002197_d616e6365c3a,tpl_7ec2fe39ebda385d,a257ca2679a7afcf40034110429be05732e4dfde9f729255decc8939ee1ca431,1,1.0
nazario5_002198_91200dd7f9c9,tpl_8232e30bb30f31e4,ff2fd30a8cc510fbb8fda8eaf20366e43804b6e77fce2c7cef20f35ea7dedbd4,1,1.0
nazario5_002199_74e31a5ff4fa,tpl_22a50ed3b245ac2d,b74b8327782adcf9d81420043d41f2cc18f671d3fd22424794e400a64d72f84d,1,1.0
nazario5_002200_888feb243048,tpl_362dd0a51d319486,865ea7d9ba09b5fb80476315615433e8070003acb82fd10f9b71ea1ef018c822,1,1.0
nazario5_002201_92a7b6673bdf,tpl_c7dec8da88e342eb,48cd1016f6c1396cbdf9187a5fb393cb29e60e3074533481dc6d06d558adf315,1,1.0
nazario5_002202_9575638728fc,tpl_0fdb36c7011678a3,72c88c6525b18c31be51de02e510080bd687dfc172becaf79219bc498a938d84,1,1.0
nazario5_002203_8e19c0e80a9d,tpl_e26491e53f6a19da,01de3ca2087ea6bdfa6c4a18359bdf18680baf6051f933891066c69779d11d4a,2,1.0
nazario5_002204_5a8f4241fa0b,tpl_40b1e66c9a135502,335ebee2615489754c293ed3bcc684663eb4805955d228249254c8d4757767b9,1,1.0
nazario5_002205_03b9afea0538,tpl_68f25b9919de3545,e6a9f29d5c5a6cefb91a838ab82345e014570fc112772ee01fcd6f52fd364948,1,1.0
nazario5_002206_19265b18449a,tpl_44563928767a351e,a6317228420e2c729d332e78057b2226cb901cfa0154caedc534c33b453f17d0,1,1.0
nazario5_002207_31b4b683d637,tpl_6715601140884938,bb722c3ee61d65da9c2466fede94e908db4e3800f7d1cf44a66c0e772fad1b94,1,1.0
nazario5_002208_a04b1584df59,tpl_33c85aa65a1ec463,9cd493f423850cef0bdf759c0c7cef8e5e18aa2100d0442958e58581448f1aaf,1,1.0
nazario5_002209_780b5f2050cc,tpl_85c42c11e7d76f79,48820aca7148ebaf800be80c2fdfe97a0bf9e68dbee58c32d42cd4da786371f3,1,1.0
nazario5_002210_3cd244b9aa7e,tpl_4837f1444754c1c5,ba2f1a9bb9e4fe1fab877b715afc4ff7d31f7bddd7cc053314a2a1fbce81ee7d,1,1.0
nazario5_002211_90f295a256fa,tpl_8377797ee215c1ae,a68a10440bad85e9fdc22f249934478c59434bd19a02fc245e7c28a094973e8f,6,1.0
nazario5_002212_967c2cbe3a7b,tpl_b41066fb487ed624,55fbff3ddb6a48b8ca9eb0565af8a004d7233eaa24cf04a1e1699f12bd2f01c5,1,1.0
nazario5_002213_aef6312ceba8,tpl_c51939a909542fe9,ec646348c5446d76d72048419b96ece6c7d98a26b1748706526ff9498b947ac4,1,1.0
nazario5_002214_c87c8fe923f9,tpl_b23bd290fa08af96,4887587960d790da3d91827d4a0b50c3eaf09efeeb55a76c9009c5d866cd1a5a,1,1.0
nazario5_002215_b40b9fb7cb69,tpl_d9986e83c9b160c3,804071f603e2b93a4c89369a2750289b750a7e319a7c5f5b75b3d0ae449eb891,1,1.0
nazario5_002216_aa2d769f66a7,tpl_da60c6f4507c7091,4da8ce1b0e95bf6f33aad1b6b6629444b757cdd93bb452326c82bee498c2448d,2,1.0
nazario5_002217_e7e7193aa3c0,tpl_da60c6f4507c7091,5f6f83add731b051d27c4cd18b0eea8be07c8018d9592142e06a6def50d73dce,2,1.0
nazario5_002218_a363b7d5c6c7,tpl_462a72136fd8dd66,5868eb5e7aee560fbccd5837e0f8e54cb7d640a31f8c47c24e39ce0891824ca0,1,1.0
nazario5_002219_607060034bf7,tpl_e16971797bd6a41c,6ba9e26b2677f4e86eb7fc5f67958a438a8e05ff634a05f288f00d1072d5f28f,2,1.0
nazario5_002220_a747527ca36c,tpl_2bca19168c7c55fd,e4bda73034b0cb0f96eda101ad583a59fef1c104a072f609403ef23fe9f13177,1,1.0
nazario5_002221_1cdec0af8dbc,tpl_657509b3411729cb,4706409b5914ddd9d09a9ec65fe08c0fda48d554030c6146dd5ad301ef7f82c8,1,1.0
nazario5_002222_f3fa636c2ede,tpl_e26491e53f6a19da,a8b70e41b30300732917a5be2d1f50f6bfa954ba11ae3da9c889b552ec9e70fa,2,1.0
nazario5_002223_f472b1c57e14,tpl_7809920a4b0bc354,952cfca76b965a019d03bd24ec1ef413e5b6c088081fd32d49146d64243f247b,1,1.0
nazario5_002224_169e6ea07708,tpl_9e1ab6b2727e7051,ccc4665f5145022593d95b99533b47cc160e389c08b316509a75380b99ba3562,1,1.0
nazario5_002225_6ebcfacc2031,tpl_a7ca87007af0c3b0,b363c85d2cbe89f097eeaa67547ea8323b005c5383cd5b7bf8fa6280c519c5e2,1,1.0
nazario5_002226_e25c8a93ad90,tpl_36b9ef3606109707,5559df90ca7022359e57fc927e78147878d90fe6c01cbae104e956bc7c81d82f,1,1.0
nazario5_002227_b91562ac0cfa,tpl_2cf75e5a57423505,4841147b369d35b1e95d5b42ea708cc77ce46f1869845c8fa177b2777bd8dd33,1,1.0
nazario5_002228_09205634a622,tpl_f8d91c55b7f69487,f4799142fd6612af80866fbf04abbdec9ad851b6cdb0c5e306084689578b052e,6,1.0
nazario5_002229_9d0ab7151e49,tpl_7a5c68ec8e7fea17,4a3757a75d30510eb9c8c3c44ef46b46e5fdac1b7cb4910c1e62c0f01217c706,1,1.0
nazario5_002230_070ff8111698,tpl_c72a718ed00e547c,cf5eb85543495becf69db2191faf5ed271d5da1cec8a2742bc9d16266fb406d0,1,1.0
nazario5_002231_af4cb820e021,tpl_129b34f66cbc15f3,c1ed4bcf9ae52f51070178100d8136ce56552d5848c4e6f8e91a8d300abd6e78,1,1.0
nazario5_002232_9a24463e5743,tpl_85b2b0c639c3769e,6c3cc3bce5ebb83e0840d67ff000f8094f102790b6a6444b4e568a16cd5e2119,1,1.0
nazario5_002233_9e4bac512fe6,tpl_faba59b02ccdd435,3d46755199ec8a22934dfc6328f69eee5d8e2ca10e98df1025d526ce47ad3b78,27,1.0
nazario5_002234_740026c12f82,tpl_02032eba4799dc20,d34d375f22340c950fa5c5ae02f3076db74b8789d3785b2c1b4deeef200fe137,1,1.0
nazario5_002235_749b99849ea4,tpl_68933fd8a6c8d0d5,843c5329bda955dab04248be48eeb2546d36b8ed4a2fded0555617ed5ca80460,1,1.0
nazario5_002236_9e9b727e3385,tpl_d52d8f6619bcf9ae,f11833b076304f8ea5cfd43e30aa88365b6ad6b7a480cb19e3404c361345b1c9,1,1.0
nazario5_002237_4627f011d3d7,tpl_e0dc06bee4e9ce92,4fcd60c5f048dd62fa86abbb56d644c1fb1338198879433a065de2b2dc2c0132,1,1.0
nazario5_002238_cb964c8dd0da,tpl_10b13ffac7a1cf18,27100a7ede6ce1d0bfa966f8ccfee66211cae37905b761a7ac51f896559f8bf2,1,1.0
nazario5_002239_d18eb7be2edd,tpl_7380ef330ee2eb10,93c723ca464e3d6ad12353ae6363684e2246a93f44a9badeba4d2136199d1b57,1,1.0
nazario5_002240_6cafcf57b000,tpl_7f5045e500990349,b11fbf3114c1b626bbbf8927d0e27e63ba0adf555777b1dda41d42c0688786cf,1,1.0
nazario5_002241_d7216bdc1f86,tpl_0b0d5319a12333a0,9988c0d9ae98bc378c081dd35a5869a119e15d12de072e3ca716ab953628380a,1,1.0
nazario5_002242_732be5619a4e,tpl_50d9ef12295d704b,cb835929d40bcedb6bd632c3a44e5188113c33bb47671a95e861023ae4fda487,1,1.0
nazario5_002243_1a870529823d,tpl_311fed1bd563ff6f,2f43ee3258a497615c691fedf0dd6d29a6cb99e1ce5bc2d4a32ff431a8b64225,1,1.0
nazario5_002244_196d717a21a9,tpl_e4bb554e4956ff65,7c109d7375f803edeeb3a6c45f0c1d80d6f0e196e105706d7793be84756e75a0,1,1.0
nazario5_002245_391ce5af15c6,tpl_65322479fafb9697,771452e84ef060ea22ab6e932e920f7bd0ce769d270d294101c81abc3807ab65,1,1.0
nazario5_002246_2103158687fc,tpl_41fdfd9a92b78faf,8fd97e4fa08a4ea556c2fe781ff3439377b8f5bd94d7aef0a30b7fa52bc4f176,1,1.0
nazario5_002247_8d39444e68a7,tpl_77fbfdacfb4c4148,89f11501bfbc3e11f7b5847f89b555aac4b736e2a6528c9f19350d5120e6a9fe,1,1.0
nazario5_002248_50544dcf307c,tpl_4544c72b85429416,c3961a0e174fbb2754cb964720b7f7798f9bb941e9f6a39fa23b755b0e0d6991,1,1.0
nazario5_002249_f76a6433ec97,tpl_ee48b0d327155c87,9924f39d03cdea5b8aec846e9c912bf10f6b87fbdef14a358ab8b6b836923a4b,1,1.0
nazario5_002250_a3e369f51a72,tpl_cdf490ff4995854f,3af716bb16f4a0d8e1e44e01730c752cb6ff66895f9823c5d4eacddfe38fc981,1,1.0
nazario5_002251_6b765dbccfb5,tpl_0383f8023d5db840,d9c5775d7aa10664b06c141f7474681247e0db37a1b3564084fb9d19e611ae1a,1,1.0
nazario5_002252_a830eeb2c5e0,tpl_cb2d623dba2aef2c,802e8881934bcfc9317520535492f35ca271c4cd8a52cdbdf6cc61773c3e3cad,1,1.0
nazario5_002253_fcaf264a23fd,tpl_dc62b71eaf02f650,3037b0349fe50e6d999d6d2611d73390e54f52b5705b3df88a86d95d3337a353,3,1.0
nazario5_002254_a83ce3438541,tpl_f20bdf55ffb5fb1a,1c13ac219fc173b09b39277578af42f87737b56422ddb91328ad170b27ded61d,1,1.0
nazario5_002255_d440cbfd1e40,tpl_baf531009c302da6,37aeae08bfa18acf17edbe825962ad99b5caf9bc3db9293a5a769ced34393aa2,1,1.0
nazario5_002256_7c70a79a2dda,tpl_0efa1156c4578dac,52e450f8ae32dbf23396f6804b3806368771b1f233a0dac14581c98177db663e,1,1.0
nazario5_002257_abf3fca4b4a6,tpl_41dc4c7c0fe600ce,beb70ffcba5d0e6b9b756e6524a6549a2697c99d953ee59852e16546a868f184,1,1.0
nazario5_002258_26517f724e45,tpl_3f044e2015e7662f,6ff3f63e5728314cac2ccb293ea1855bc7c74cac99da4e96381da669439d0e86,1,1.0
nazario5_002259_952ada8c1993,tpl_1ea97a279a59edec,d43ba38be21ffe55ab23e5f758b10e3de7723fdcd2fd3eb12d5f170cf67193e9,1,1.0
nazario5_002260_7ef2d6c493fb,tpl_0d5e89e8a57b56da,d4249272323d7e4e4b49491559c69ead4361f5c407b9dbd906270b57d99d4ced,1,1.0
nazario5_002261_8e73047b44a8,tpl_b5c748584199038e,93630ff69306aaa6b50226b4ab87a5e2841b287f21ad377b95f09eed39e92691,1,1.0
nazario5_002262_60dce0c0490e,tpl_e16971797bd6a41c,a25905e13c6bcf0f09bb921c6062da674f3b1c60ee264ab54fc97a9ba6f869d5,2,1.0
nazario5_002263_317184326e04,tpl_dc62b71eaf02f650,4ba6a50d4cece18a003460ac4eff3dc0607a14d027e6a18b6942b61d3148a778,3,1.0
nazario5_002264_c10b8aec38f2,tpl_5257f35731ae93d7,41d4cc220db46979d400ff9078e394b6ccc70bc40eda441ea33a7fb18d2a6d17,3,1.0
nazario5_002265_95ff0d0186d5,tpl_64b09d543f169c60,945c6c3711702f9bc100672f817e91c10a83c1b44395dd5ebaab3dbc8733e49e,1,1.0
nazario5_002266_b77596ff5844,tpl_faba59b02ccdd435,6b18409e5ff064ddbded2927dfbd397241e7d9d8a0c4e7c254d1fcc62f98a3ac,27,1.0
nazario5_002267_36b2978b381c,tpl_6040b7e01392d6be,b33f342526e96e20c156572b8b5b005d2a8fd2ef147ba293e38d01840b3984ef,1,1.0
nazario5_002268_ff96ca73fd4d,tpl_32690dfeb568e30f,8ceb5cf3b6b01336ffa4113c0453065e1a74c388fe41ea342f733dce571e1627,1,1.0
nazario5_002269_d8e7d84d7f83,tpl_08398a89bc49e358,67a55e44bd54174c57828e5e567c10f4d31c94514d64fecb3778aba6abb09747,1,1.0
nazario5_002270_952555ec1ac5,tpl_60c921e138446488,8283a5c50375ca9f104017940183fc059cd21f895db63ac7e6ce44b988a516e7,1,1.0
nazario5_002271_86346d8425e2,tpl_ccfef204431ba999,f6a85c4a7b77def8c8b12600a860343fd696ec832d28540c09d2ece73ff11e18,1,1.0
nazario5_002272_59dbe80caf3c,tpl_af5e08ea2d606658,ad86ad53540ed45c87f0aeee56739988f968261a77675c6a35d31e629a2eb213,1,1.0
nazario5_002273_5706eca312e9,tpl_6ba1eeb12dc3b4cf,83d5e94855f8e1e092e2c6f3038d7271478303ac5eb21a48598b7696e8b73b50,1,1.0
nazario5_002274_7ffcf5e76981,tpl_ec0cb18554fd615e,878bec87d05b207b5c98c1c603f21618025ca7672fd90acc43794bc2d3ba55f8,1,1.0
nazario5_002275_8667c5ad807b,tpl_191d724ec6de1dc8,2a8e494abc6795ac857d27d5bf5213968dd60890434935138eb2d51bd7512286,1,1.0
nazario5_002276_a8a60ecf9c8e,tpl_21d86238acd12ada,e67c5c9fd548ddd75aa69c7ccc5bb82bd6eaa789b09a2ded26baa1527def99a6,1,1.0
nazario5_002277_b661264271de,tpl_4c07a2ce4c2e6030,848c23088bbd85032b214a69abb4bb77721fa177fc5a53be8f3f89076130522d,1,1.0
nazario5_002278_0d78f7ecf313,tpl_8797263788f7332a,164e528022727ace70701134fbc1054518615b0daa6141faa02fe368ed0f5b75,1,1.0
nazario5_002279_db98fb954a32,tpl_13bb9e4149907c0b,ca57d9e4d76c1e04ef7a84cc2e397ad1a2ec0c442329c0e6998aa82eb8c1fe50,1,1.0
nazario5_002280_aa06eab29273,tpl_80d869118236f14e,5e04149d15f2d778d1a35f75c5f80f4040839dfa8c40a3fa35f98b5d5d4635e2,1,1.0
nazario5_002281_1078d4d022ae,tpl_ae53f2b9523d0290,1adae7f3fcbc8a2557204223d9bada86005a3eef4aee8a7e8a26c62f809ace80,1,1.0
nazario5_002282_5f90bab967ec,tpl_676a0ba5a75dbe21,fa56faa9eb16799406cf49278b9a41d3377271a320d3d3e5380a27276498557c,1,1.0
nazario5_002283_f361882c56b9,tpl_06dd59d7ce6a28b0,8ff3f376c5933589b9b68310cbcd41ba30c15b875c19b3668a99d1ca13e4126d,1,1.0
nazario5_002284_5b26887ef848,tpl_8996b17383ffa2ee,14fdf5b929e1ab8e7d376620bb6a42ec9c3c50a07023045966d9a7f4daea24a8,1,1.0
nazario5_002285_8b19b988575a,tpl_1ab690c2c396a426,fd3d20cf13394330fd28063929320122f8871bc30ecfacd0a55e26306df4058b,2,1.0
nazario5_002286_821f71cc9dc4,tpl_366b3d098e053167,ee86f249f09c1a569907c42dac54d3082ef105b71b3d37674889860731a18a65,1,1.0
nazario5_002287_639982d590d6,tpl_fc68c66f472c6565,3226d8e566d46abbb4af1b98853afc484c35ffb3c61b232d7cd9bf3103ac1b2d,1,1.0
nazario5_002288_e12a256f70d4,tpl_6d6d969dd40cc196,71d6216abc690de1941fc25c0ae0dab41a66b2ed9a12ab3ffa53f9d03dde8a6a,1,1.0
nazario5_002289_289c85e74d5d,tpl_6afc25ebc1321949,89a0431f06d7fc4f02cb4525d3ddd8f53f78d6cd73445faaf911178f21246a23,1,1.0
nazario5_002290_643c4112f85e,tpl_3e8aa552b5696034,56a7d1f0f6c977d5d947ab6dcce5c0afbe47627459f02542c4f6c06cb9c2ded6,1,1.0
nazario5_002291_fa380bbe1572,tpl_a5103b1960d27065,b97573d35f660e15ef854a63cb99d83c33162d0544878d8c17433aa182d5b62f,1,1.0
nazario5_002292_01c37cacfdc2,tpl_1aaa4f3e5beafd9d,d465d0410ac6a7a81674fe57b91f1717c3c6de4e8af0f76cd67e2e342c152e82,1,1.0
nazario5_002293_a3517c759363,tpl_7cf93d0db3f5a952,af9cf4ebbf32926980434676d0b74cbcb5212ba5591b1a948f9afc90af40727b,1,1.0
nazario5_002294_97e405ae8498,tpl_f730b0f12541814c,c5d4b39ab4817c7c23506216b2a09fc089b461d74f2e83792f8c5392e4662f5d,1,1.0
nazario5_002295_ac29a55e46a4,tpl_3178915b74a717de,5fd17009de95612b0417ceb8f475391ba8687d9125ea959fe2b25138bc63ff01,1,1.0
nazario5_002296_c10211f3cb8f,tpl_c19c6078ceeaf9ff,15a61ce139c7316e465fda0a13eb6f3d6e5f7262f19af6eaa442299ef49b5a6e,1,1.0
nazario5_002297_67250461c988,tpl_f517cc5c20f478c7,df22e60cf5572c96940838ea6be82cda5f9ca40b431c40677bffee98b62ec609,2,1.0
nazario5_002298_e3aad46ec425,tpl_077c3b4e2ad3befe,930c46e9f252d4c8d09a572aeb54c302916414ee3f484f7f264991299da6078f,1,1.0
nazario5_002299_3f6af0ab4fdf,tpl_b8855ee7d1dc8cda,34d314e31808143b5d208b30ad17b36875979e1433ef9be3ecd113ec7b18037e,2,1.0
nazario5_002300_57f87f272ada,tpl_18cf5398d8a288b1,2e3f5eab2b1bd97ccd95f25585ee9312dee0785ef61cb97374d44925ad1c2da1,1,1.0
nazario5_002301_8b9c975e8e1f,tpl_e59b6a8934537051,2127a3f58910a57f0a4527061a197b717807cb4275e328c6349adef74d554eff,1,1.0
nazario5_002302_8c15ee45fd40,tpl_2c39037741418bba,be82b63f871805c965b41bc22b614dc94da0a0b38db7de4126210663e8d6d1d9,1,1.0
nazario5_002303_60cd078142f1,tpl_a2a2d357db3c8c52,d9a9eb68b85c543c819fb699432589ae55c9b725879176a6e80c4a8bc6f4ccc1,1,1.0
nazario5_002304_803f3f97f56b,tpl_7ab0d345e5b7a486,031280aab04e25b6893c3e6cdadacd2bbd1c1e7ad2aa4154dffcd58b35bfe895,1,1.0
nazario5_002305_1dc26f2848c0,tpl_2e306c033ca276f5,efe06bf7bc9584434ec7ca8d4ae47a5d774d806810019a8e776450684bf0bd4f,1,1.0
nazario5_002306_76ed41ffd7d8,tpl_89ab68b98a8cdda9,31f29f43016925a722dada0a9d67e0beeebcc761c0fbc6d5c78cb88523292b67,1,1.0
nazario5_002307_f0fb64713c31,tpl_8377797ee215c1ae,c6de374e2feb8a8791f007179f71e56082505dc237463ec05e45e9bb0a76a4bc,6,1.0
nazario5_002308_1dbd8018873f,tpl_ade1d2456789f5a4,4db91bf5c27399eaf3d57b35913a5e346cb4984ebcbe742abdf72b195a2556a9,1,1.0
nazario5_002309_15d47a8cc67b,tpl_b4b5245a85c37a52,e68aa601c66c8982764448b0ab16afde43b53bccb7d688cacb086f8f292e6e5a,1,1.0
nazario5_002310_86c999035cd5,tpl_157c2d4ba4ef256a,d4c5da77ef15eb0f64b894465ea61c10c0ce78aa4203adbce7be53baee90d900,1,1.0
nazario5_002311_83f39b9525cc,tpl_58c7632d2bc99ecb,237abc20fdfd7922a16b715d6fe5f1f2fe3e76a961fe5d4224f9c8a353140562,1,1.0
nazario5_002312_bd19e9720800,tpl_5ad50422249f48b7,e11748ea477c545de8021134ac53a635660acff199a648df71aa3bcf0fb346f9,1,1.0
nazario5_002313_955967e32a80,tpl_54ddcc997701a655,f703f15fc015b5023560e6fd114da1cdd2ff5e833098454cb33177083608ffc3,1,1.0
nazario5_002314_ee193014012f,tpl_2f5c54b99dffebc7,a169197183c06477885e5ea4abad642c0693f74bd202b35805c490c01fb15f16,1,1.0
nazario5_002315_18dd6af9ff37,tpl_f203080a5b72ed94,a91d3126dc723c72fffd0ee57e065d727838a81897d36a36f279f79a1394b7b6,1,1.0
nazario5_002316_7cf1e2efcfd0,tpl_21fdc58686619574,4f7404a907d548932b1ef21e974bac4b5b14a7c245e012570ada70a42646e3e2,1,1.0
nazario5_002317_e3569fb74f83,tpl_57e86144e1241809,57df8456242a97bffa9c12181dd9312c2dc705d0d9eb4b8f99c8bd890805d5f7,1,1.0
nazario5_002318_58ec407998a0,tpl_6e29695c23803cd8,46ccbcf53acabf10c3c1e42471c69a7bf83971de9ab956c78778fbb8da1b6c97,1,1.0
nazario5_002319_366c257a78ea,tpl_0a1f5dab4e56c280,4c08b552860a3e3c12e7a63cdf819f9b91e3350815a5562b5ab084ba071e9fc5,1,1.0
nazario5_002320_3347848ce2dd,tpl_7ca238ebf80d782f,e302f3393076d049afe036500704e32e4fed4830ac457e1a2e5a345074c441bb,1,1.0
nazario5_002321_51654443c845,tpl_3e973533fa97e826,655f336417d9eac68a66e59d547d480112b8c93f1d2cd571e8fc30732cea48bc,1,1.0
nazario5_002322_35f46219ee13,tpl_9ec9de3f51ac446b,a8322f6dbbdac57075657102dd767b1cb80f278a553e5b8e5b2304d0f7523660,1,1.0
nazario5_002323_6953c7a35296,tpl_2ebdf49bd7a46d1b,4995ad99dde2acd4c12f0bac7b3fac1fec288a2267d8857776dc4e97f53976c3,1,1.0
nazario5_002324_eecc87951229,tpl_09b80c7c542c59b2,9e03cba364fa4898486d9a0295de0c8c7e5e11d940f40e3302058f5d11083b6b,1,1.0
nazario5_002325_950c2123388c,tpl_cfe4e18f9fdc73b7,ffeb263a8a8ad1f4d32d87c23c7d22d71cce8ec42cbf104a288bca34f017feaa,1,1.0
nazario5_002326_757161aa8cd3,tpl_3c037bce27b0eb83,3ac202d66e269b7c7dc62f228ec6e73694730dd5d84a5096b8bab48689534fe8,1,1.0
nazario5_002327_e2fa6f90fff9,tpl_3932189e95a407d0,64d4702dce67fd7a89e3862c5ed0fd5211b1e2e3f695ef2ca1d5c98cbb45f781,1,1.0
nazario5_002328_dae628c1079e,tpl_593f420f9aeb4a0c,59654dd6fe674d5f0ada6fb4a3e8500a1756665a45758e9cd3268811131f6fd6,1,1.0
nazario5_002329_2b57f5b50911,tpl_58c9d4d3e5340375,4c413888b899ae993111c57fc2eeb27325b47f5f42d67434c40bce77cf717010,1,1.0
nazario5_002330_87e8dc070c41,tpl_d8010999b5e7fcf7,81d2974d6c9cd407e29c1e3c626aa3465a99e664e537b16e60afd62db67d5589,1,1.0
nazario5_002331_bd52be0c6eb3,tpl_6b0eea974e448ab7,801b7822363298ff301c5a2fb9c51616498eefe6aecfc290806429c961544291,1,1.0
nazario5_002332_c7473e650c6b,tpl_efd7cb2b0d4803dd,40793c0816a165b6a736216849910e32f7883754214a22c09c5af986b990c132,1,1.0
nazario5_002333_41d037df92e2,tpl_396bc5532d3e8251,4bcbc021886b6e90923768cf80da464b60cc85708db7dcfc4c0d86b87ca61284,1,1.0
nazario5_002334_2a2f65a3f53a,tpl_faba59b02ccdd435,e99f29611fcf4cfdd39e4b825d5a024cbff0123e6da2378eadcba6e496d48bbe,27,1.0
nazario5_002335_09095b4abcad,tpl_df3dd3b6e4840752,c942a60b2b7b2f977b32e6a38ca3348366dbd9bb7bcce976fda77a0b871c48fa,10,1.0
nazario5_002336_50765098b4d3,tpl_6b592433c95751b9,1f4bc9837f398405f760da3a1085a4a90336c0e805ac8864171878533e0b2994,2,1.0
nazario5_002337_681f2940cf1f,tpl_5d5b6f80f4f6baaf,23d736d3e65b90f5ede324fc03dbb355649f0e4d39860dcd83cba9d50efb7967,1,1.0
nazario5_002338_850f22e3935a,tpl_4e1e640bc40a36e8,a42498563e1d095b49620c62521a2bfbea3dd965fbb65ecafe4f2040629f71d7,1,1.0
nazario5_002339_7ee166bf6225,tpl_f8d91c55b7f69487,5cbbb02f6979ec5d7a1844ffd597c0167ba169dcecdd4d5aadb915dd8375127d,6,1.0
nazario5_002340_1adeb3135525,tpl_f8d91c55b7f69487,3208c4d4266b095d7d5ef086135dcf323ce256c7cba711192bb37ed61683dda5,6,1.0
nazario5_002341_bb9dc5056a73,tpl_e9d7db380819a80f,4bc61593325e4c5ea77402ee5e562e0c4afb312124a4377fbfcfba7d54a849ea,1,1.0
nazario5_002342_6fa2d68422d1,tpl_f3d060c75f7d3381,496ef60f638e033e897e24e1c008fc3badb49d40903bc1f946f12dac312f05e9,1,1.0
nazario5_002343_4b3afc8f58b1,tpl_7b31493b1dedc8f7,09a5edd83c80f0011b9d333c3a012003b2a13cdfe62159ee5dbf2698a0766e1b,1,1.0
nazario5_002344_d14c87bbc59d,tpl_8928b0ddeb1d5337,ab5a391c4c15af90d789cedfc049263988a2d15096b6a8c3c32adbbea4692bc2,1,1.0
nazario5_002345_94788245d72e,tpl_f485ed213d63d896,246159befdaa56d4444b902313222ceedc82854916853fc42616e79b1d6886c4,1,1.0
nazario5_002346_8911b4b2b7cb,tpl_a66c65e712082ad8,dd46298f23e591d67757304089f1836a3fbb610589b9e968686f8d00a1f2bded,1,1.0
nazario5_002347_6d00089f4134,tpl_44415e4244f64389,41d8166e9b198aef5cfbff205d820996ad3cf55d7168606c3e48eb317aaa64a9,1,1.0
nazario5_002348_76484b0c4084,tpl_a4ae792c3f2faa2a,4ac3d59c7d56907f38ed6006efa273706a88cdf1daa7bd9c2432a33b68bd74b3,1,1.0
nazario5_002349_97f775b69e3d,tpl_05171a5a4c28f036,ff473284c1d6d86cf02597d535fc9ec482198836b3a4fefa7617c8b7132d0a60,1,1.0
nazario5_002350_ab3691bbf540,tpl_344044c772a67cc8,fec1b26ada38c078507d80198e80953a5029a5429f05aa8026a976acfaa61125,3,1.0
nazario5_002351_dc0c4cb43a10,tpl_dc62b71eaf02f650,1bf3cd8e12161396dc555c592d24d520f1413de6454d390547557e58da968f6c,3,1.0
nazario5_002352_1f4bf32da9e6,tpl_d6970b9ad10cbc35,6eda5f0aef15db3ee7d9fac99ecdf839ae94d4c0272d2f4f9c18c31f19484995,2,1.0
nazario5_002353_c63bcd533200,tpl_ca6a3e3837512f3c,e212279eb929c19ddc99241d2ebf7792d4cf37144a25d8ad3f98524fc8ef9049,2,1.0
nazario5_002354_4636d82c7e02,tpl_dfe6c581e89645d8,6308954dc2432af9660359dc3f7df021a7d883a553c3c3d0631d5b9cc09ec069,2,1.0
nazario5_002355_cb1ad8333cde,tpl_f7b599cb90cc3399,c3aaf829bbd69d2e09affced942b8af8496ec24aa1a2a1522ff266e0d9f9a8e9,2,1.0
nazario5_002356_6acf3d796b6f,tpl_ca6a3e3837512f3c,e212279eb929c19ddc99241d2ebf7792d4cf37144a25d8ad3f98524fc8ef9049,2,1.0
nazario5_002357_eec67b5eb6ba,tpl_58593e3d9fb08c9b,0e561f6a6344afec13fc5be28d4a516827b611e0bcc724ae0b2de6232a9482e2,1,1.0
nazario5_002358_8b73f472a4ac,tpl_99a0266559600a5a,b8dbf14040eaa6c7d90702addf2dbb14f61e2e7e227c93d795bf729679ae489b,1,1.0
nazario5_002359_5d56f84abea1,tpl_1a2b23208f09be9b,df9e5e4ce9617ef303c82a88763c364065503a9a8a16c95498e4289b243a0605,1,1.0
nazario5_002360_74d0e1d9df19,tpl_dea434d40b7a58c3,193fb94f01e7a77760af5990b2b135914f6881a9337df8780bef3a2d48091944,1,1.0
nazario5_002361_ff2a55af2044,tpl_d6970b9ad10cbc35,1e454ce54b8b083f1b4e4d3b7b79950044ad3f4c784947d7fb635f8612f9f109,2,1.0
nazario5_002362_28236752adee,tpl_36738d4484b39ba0,4de301e4711a335c115b2f529c0aa30c074246b44b840cf232d300035bd1c3e2,2,1.0
nazario5_002363_f2a941f53dd7,tpl_256502ba2b7439f1,af69390965630705f984d8904e7e05de311a3191b97c4dffae8ccb7faabc6910,1,1.0
nazario5_002364_2dc576e2bfc5,tpl_a7ee2464487786c4,a2ca7408db518a1626dba3c997c86aaa8add59dc979798800ee7a1800bef9c6e,1,1.0
nazario5_002365_a3eb29cb61e9,tpl_af98b93f1fffdaf9,e452f5c553a8ebf240711a14a81f755c32cb4f967c3ed59e3d67460a3be63b36,59,1.0
nazario5_002366_727a1449ccd3,tpl_6b592433c95751b9,a20c78bb0c43bcf1447f6cd4f7713845bccc756544d5d940631aea5194185c0a,2,1.0
nazario5_002367_e795ffac42b6,tpl_0c74ab9b0fcf802f,31cc4f5a80fd8bbb366e72d8c09827ac61cc2e707fb05f227ded29127cf2b459,1,1.0
nazario5_002368_484d06209400,tpl_26c61070d5d43b8e,edffee34b0bd137aa591b552a0ba54469786e8a9f9053471289b79870712ea19,3,1.0
nazario5_002369_f7d6a5a0d8b3,tpl_699834d921e0ba0b,346b1bae2a4da54ff7b7e445c07a91910010a4f0d1c9fdf7c2db3417d0e90c77,1,1.0
nazario5_002370_234f5ab5bc64,tpl_344044c772a67cc8,5b5ea3041caadf24e7a47fe700a4fd2ce7797e6c5c50b67f910d2a3ec8696702,3,1.0
nazario5_002371_5321ba2e2637,tpl_cdad404f425a9c48,b02b6b4251fccee4c0d8a5355efa180f806e4c86e3b330a29a5713ea97fa8ffe,1,1.0
nazario5_002372_de4282ddb2b9,tpl_344044c772a67cc8,5b5ea3041caadf24e7a47fe700a4fd2ce7797e6c5c50b67f910d2a3ec8696702,3,1.0
nazario5_002373_42b6a3b080fc,tpl_f7b599cb90cc3399,008ebb52f6bb20ada7a367825aec5dcb502b1bfbeb9c8f356683a408558c9770,2,1.0
nazario5_002374_5fc8e3b0b53c,tpl_032264b387490617,07e3bcbcf243187cc1bfa1fdc5e796b53d635b283c2f40b8e7d4573915bbc9fd,1,1.0
nazario5_002375_cbe1d16ecd3b,tpl_2a4ed75c4b7950ef,adce0cacad968ab3997b948106c7c56e6caa46c83afe05d4c394e03478768ff1,1,1.0
nazario5_002376_d9a7c61ccb09,tpl_575b94252b0e5f8b,a351e70e1cd2af6e124ac3a920ad02fd2b17d93526ec754d70d470ef70ce9c91,2,1.0
nazario5_002377_95333f19fc66,tpl_57f43488d38e6026,d6d8516ff113a94484b73df0d568a105b9bd74e3aaf678a8581cf79af47a9f19,1,1.0
nazario5_002378_861e9c17b1c0,tpl_4ea18c09622e8cd8,c24ea0ce5bcef824297a4dbc56ae1d3758009f79fcfbd44864dcbd855d176630,1,1.0
nazario5_002379_15e2dfc02c65,tpl_9b39b7815e7271eb,1662154f0989d33389e34edc7c55d5576cf93f906b55868412843944b2a57fb7,1,1.0
nazario5_002380_92606ce2101e,tpl_0646c33ba3b7f7e8,83791f3d1af4372698ed287f7505d39e5806af4225cc45420dc4559330742ca9,1,1.0
nazario5_002381_cd6fb1fad833,tpl_5581b6e3769746d6,4da65aade89456a4c780193813a8ae2b89c4a9994312ceac8de3864d83d95354,1,1.0
nazario5_002382_2f23e96aa418,tpl_07bf9d68ab6a7697,6b788ce792072dab40b765d62c92b20ef7c332be25b1712fb60010dd5fa0a5cf,1,1.0
nazario5_002383_05ae508fc539,tpl_85733cc28e4c2271,a19e130cb3af7a6f19258d6054f12c686ab1b6aa2aa10a5f0c4dd846579b4e77,1,1.0
nazario5_002384_9bd13dbafacc,tpl_08b15f1f4fd4cfad,903e1be7c7b4f8ada6c62f5dfa91ac5c01d15793f51d0da72390ae14cb5b6c4f,1,1.0
nazario5_002385_41a48b0f6b9a,tpl_dfe6c581e89645d8,f21aec25191ba16558a42bc27a524c0ad5f9a735c70963acfb245005475e2f2b,2,1.0
nazario5_002386_531a35aa6808,tpl_f8d91c55b7f69487,3473d85b5066a34a629756e56d5c8b52f7a20e961b04421fb4229606027dc2e9,6,1.0
nazario5_002387_1699afa88e49,tpl_1deb21460c9ae1f0,05154b890ec83e717280ee5033bd9dc759eaf27b6a45210c275b8b1eeb9dd590,1,1.0
nazario5_002388_ed21c3a7d9be,tpl_68fea8a01f321e68,96304d126b6c8d37885bbd94906c63e92826f987fe28235ec1df5abd58b6af93,1,1.0
nazario5_002389_47a829f05e22,tpl_b19c5a16d34a8e6b,e6ab0a17530e7e7712fb99f5d4001c98039b2f524ad0e7fcf6f7a6bff12b1bc1,1,1.0
nazario5_002390_769708fec176,tpl_8e47d7461800156d,dad702541e24aad5464aac6658515cc37c1a4bfd09bcc0ff81458151f7d405db,1,1.0
nazario5_002391_498ae17d665c,tpl_f87a71a2a3cbeb48,3e280c3043f5a8075c359eed1444c6eb280575215d76e78196706883fa357768,1,1.0
nazario5_002392_77a3cb64db4f,tpl_b1f6172dcab17b3d,55b0d437e197f7b737bdfe7e662dd35350af2105046db8f1aa25e399a966bfc7,1,1.0
nazario5_002393_1188c9d73c4a,tpl_884bf313c91ee3d2,a6c2bb6d04d4e336fe97b19ef9e9c819830a6b229d2b2c74959e5891d0e4b17b,1,1.0
nazario5_002394_715913a85068,tpl_a389473c013ccaec,0e7e38ae74fc320fcff20608753e5e5089eebfabfccf43033245bb4e5c0c06d6,1,1.0
nazario5_002395_5c58b879584d,tpl_287de25361ef8072,6b4c72afe955f11f3c0af469b35c44c077e4f108fe594e15f38a7184795c56f9,1,1.0
nazario5_002396_763f16310c36,tpl_4f86c97d5af879ba,eeb9bbae24d04ef61ad8b0627712ff9e6815ae4e4917892c5134e2eb55e06ab2,1,1.0
nazario5_002397_6adedb2a7f2d,tpl_dbc1d308d9465db0,a68808690b22a5bf305b80ba8ffc99d8d738db18d430ea9c39cbc5c23d5471a9,1,1.0
nazario5_002398_235f0dd64e84,tpl_f8d91c55b7f69487,a4a8996fc2313c11119945559dbba19e536561db8f59f6bb9da307e52378b06b,6,1.0
nazario5_002399_d5988e78a1ea,tpl_276b59b368530b75,7fa63f9e316c3fcbb320aed7d1a0e71574072530742a5e6112e0c705e45a9286,1,1.0
nazario5_002400_c5333f7ed73c,tpl_297ccd205ecfa7d2,e4107ee51dd0e24cda0f999e6857f421ee9fb03f65eb245f2d26ce77fda09e6f,1,1.0
nazario5_002401_4c9d3cfacdbf,tpl_c1b165a9da228635,c24dcccd309dcd863bb0815d8877c0f8e2aa79a1133d8350f0dec1659839e814,1,1.0
nazario5_002402_455dbcb578ea,tpl_8624dc1e35431ae4,33320c8504f85ef95f094506630fc545ba9a6512efa5572956303f2d22e5aeb6,1,1.0
nazario5_002403_ff51854725c9,tpl_575b94252b0e5f8b,5df588b8f86d36df75d2c1428b3e793f55fc01228aed37dd54863598ff8ee6f6,2,1.0
nazario5_002404_2579118d3004,tpl_3e99a0996f03f5c2,688cac1fcae21bb20a5ac1de11d364f2429299ba997bfac5af99eaec19c17ab2,1,1.0
nazario5_002405_570c756a692f,tpl_93e5a37bfd627372,59d79bc3091bb6488e806df3b947e549a28bbdbd21c58075674f9cb9e6dcd50c,1,1.0
nazario5_002406_fbd81284d399,tpl_2445ec836f34792e,4fe61abd8a3fe222e1d57e10610204af50196c4f6dce8293c4f265d9d675d153,1,1.0
nazario5_002407_dcf19bc9fd12,tpl_97129a7182f44cd0,a77d54af3ee15c762d338c029bf156dd285d4579094e323524756f3867207bc9,1,1.0
nazario5_002408_a11126453db6,tpl_cc06230acf7812aa,e5db125dd3ba8c6aa32596b417e6ffa82b03090a274a2c7e0f11b547498cb452,1,1.0
nazario5_002409_83a3cfba370b,tpl_7b5c72776a65532e,d3ac9807563f58e32d18ac0cfe4e2fa8739955b38b01cea7137e14a449cfea82,1,1.0
nazario5_002410_fc3ef5e61101,tpl_ade17afdcdf5dd88,08894ee5cf7fc0003b7ed367c74dc57ba43c22192ac2cbc188e49387cec7a9c0,1,1.0
nazario5_002411_57d237b48c58,tpl_9db0f72876ce88dd,a51dee822171d66467ec1212b50725ca6fda5b9ae7786e48e6da5592ed0f0d15,1,1.0
nazario5_002412_03cdc46501e7,tpl_8aa17a048c4e86fd,5ae64f2eec1703e7a4a0a94efb6befa5c165e7e7f57278510d845e81db1f9126,1,1.0
nazario5_002413_28bde4c95f37,tpl_bda02b6ba6a83744,e773915a43b3642c92b6489d9c091401d952e27a85337dec39280f76dde3ad44,1,1.0
nazario5_002414_1b6e9b337b7b,tpl_e3f57f644538163a,2c227b75bc0541cd449753a4e587476261d09b1d7c4aadb9f3de37d63ea66b0e,1,1.0
nazario5_002415_580301428ea0,tpl_65e6613b221ef07d,a76f7934978825813879f21577c84c34ca54cfd0bae34b92bfa95d6d082ffa84,2,1.0
nazario5_002416_c58243dfe4bc,tpl_d42a5c087c53a289,f04cfb4a96dafdd59afdc073c5cf4391d30cc71e082c853b34f762ff6eea9655,1,1.0
nazario5_002417_577098d9758b,tpl_ce831b7d3849be9d,7a8d8318abe2f683a7a46794f3b8a147b5bd9f33065ef0eacf017cde784b7dff,1,1.0
nazario5_002418_e516ad039877,tpl_be3286aa3595a79f,e7d86158f3dcda1a3ad9f366bd7b89f5ff049ba8e6feed5ab6adf4fd31792632,1,1.0
nazario5_002419_52b5c60b4601,tpl_7d32b61a97d0879b,ca998ca721256e35e9911db282780ae2777883e7f55b2eb37f6b0d9bdd1176ff,2,1.0
nazario5_002420_7af6fa28be1d,tpl_54fc7258547827ab,8c2565af916bf877bc363401a4ac5b69117138f4f6a64b9f767dda880f3ef1bc,1,1.0
nazario5_002421_ef607b728160,tpl_4b4ac549e7ef3fed,846ce91419fa7f48f95ca74419e47829c18140846f50f31569920b0bb67a79bf,1,1.0
nazario5_002422_18ffb63523f2,tpl_21ad51611a62cea4,fcee914cebcf5bbcd2ce3dd9e28248c8b01a2abec64429846fa07362bd6dd4df,1,1.0
nazario5_002423_a35751a0a27f,tpl_e83bc0c516d5d66e,b1f0467e243691793204777e041e605909ee0ad394f7d23a98d3ce475274e1e9,2,1.0
nazario5_002424_9bd28ee10698,tpl_6a3abab7512493b1,862dd6e158087ba1b489e0c582f0c48b4d2e5d8af70ccd40165340b109203f1a,1,1.0
nazario5_002425_f52030862d8c,tpl_069c01c72f2c91f6,5fc952defa2210965a0ed3f92a83dfd3bfea7a16b6e407cff834e8b326d72607,1,1.0
nazario5_002426_8d530d4c2899,tpl_bf33a2f1167ac0d9,9815a6f7348a5c9c7d779fb3e45af29303aba18e5462b8f831fbbeea7fe10a4b,1,1.0
nazario5_002427_6172ca51abae,tpl_85cdfa55ca588ce3,4ed1fd02a185d7afce7ee479ed9728e359b7ef4ac201e1181e83190064da1eca,1,1.0
nazario5_002428_beea367d7552,tpl_80c20c6899a627bd,0a426b0869b7b337deb088cae255fa93e7071bab974490b24d751893c99f1e60,1,1.0
nazario5_002429_77b4a30a9f51,tpl_7bfd858bd37b8878,91a8c63a932f2257bfc3213a16e97bc2fe7c3091beddf1873122eaa3991e7e93,1,1.0
nazario5_002430_abaea30310ae,tpl_43cdd9ffabf6ab0d,6d8e5594b68ee8e9a4b098350fac1f7d829e41c78f6ea3f07f3c1d1fe74532a9,2,1.0
nazario5_002431_2fe3dad67ea2,tpl_af6e6be54bf9fc84,2bed8c04e107c9823c9c92808c761be97f9f395b523ca15ad997646c39420886,1,1.0
nazario5_002432_277c1906f73b,tpl_b2c3c9c3dc687fc5,c5d01088450a693354804d1c3379cde671019bfa0dba715ae66aef634928d8d1,1,1.0
nazario5_002433_5cb38b7ed11e,tpl_a5b67b17fbe6495c,621fca1ac84f8ec363f70117978bfb55fa4f8c63d330aa4fa02e52291e941508,1,1.0
nazario5_002434_7aab2f597a2e,tpl_43cdd9ffabf6ab0d,0c642e2833b02d986c8ac6d27068e6a6c4a2a40f0e5ffbbf8f28338aeaa16f6b,2,1.0
nazario5_002435_28e030f6e556,tpl_67d8f4d80e5cc567,4f5979c32b70c8c2dc5535dacbaa2a9f69f31a92eee0c9823fe03c38fb088fb7,1,1.0
nazario5_002436_1e13a1e4e2fc,tpl_31b17e44e43d7e88,56bb9355245d8678f0752d9d0d751c1bd25e75e95eb41d8e7e6b850afead6848,1,1.0
nazario5_002437_3ec1a1aab144,tpl_2a365b20b2171207,6304688f044cee0cf15e17e723a86c747ba43e078c40a23e59ad1fb9ffd6a59d,1,1.0
nazario5_002438_374b8ecdc11f,tpl_a1cf15ed6eb4480c,50afc051b0dcee851aee9df9b85c61256ecb4a795f25c46c128a52a32a2bf18d,1,1.0
nazario5_002439_9ae74282523b,tpl_21455baf6dafa1bc,9d7e8fff68b6a996a9e11fbe1935d696525bfede1ce72a89eb5a62cedcaef3a2,1,1.0
nazario5_002440_0753246a7bcb,tpl_64fe00b82dcc6581,223da600b882f4c9153b7efe4a90c96f4656ce4dd829469441f9c8f79aa10b46,1,1.0
nazario5_002441_9935710561ab,tpl_7d32b61a97d0879b,ca998ca721256e35e9911db282780ae2777883e7f55b2eb37f6b0d9bdd1176ff,2,1.0
nazario5_002442_1a968e661b80,tpl_f517cc5c20f478c7,b5a7b51cccaf573a0ed4e5cec4237159832997fea9255ee74b67b6d377732f2a,2,1.0
nazario5_002443_3588cb9afec3,tpl_7a71054dfdac204e,8ba1b5ef9619e9f9127e614110a410505cd2d347b57e638bba468966ba8e0fc7,1,1.0
nazario5_002444_ac44570a3278,tpl_eff351e578a63963,a4d6044cb47650aa191a02d8df7dad32e667460db236e63eb816159d7b694147,2,1.0
nazario5_002445_0efb79a1b865,tpl_5d0e4b5071d15c0f,e429974afe82ee451da3ad8148ae86a9aeeebd8c65b25068ebc2ba65763ab8b8,1,1.0
nazario5_002446_4a1f0277e531,tpl_91239ee4e3f41256,6892081392b4b22e4692a1f92d7ad8e923294e52be91acffec78c813adf60daa,1,1.0
nazario5_002447_f83c2da2966f,tpl_33ecd04e08acd466,857baa5259e2590ded5859b1f12f56034e5360606eae45ef14d2e19dd0009c43,1,1.0
nazario5_002448_6e2b7a68158d,tpl_ce928a9a5c9750a7,9b105e08eed8f135eda5a74aae73295cb05350fdf46d17249fbe37211798163e,1,1.0
nazario5_002449_4ecb4344fee7,tpl_72eabb4190c3b16b,4a68de24eeeed9ed085dc208a66db7d7b33ec4e1b4fe41ea4b7c989d825d5e04,2,1.0
nazario5_002450_669e2904a04c,tpl_3de6755931a75ade,7c69318da9cfd43196d812313719a9f72631f8c7f268bf1800a9162484dc3a79,1,1.0
nazario5_002451_16ec38a00103,tpl_cc4c775c30211e38,488893ba714a46f3e1c6a06e6be891b700160ffec0c57714cf3d6504b5cef361,1,1.0
nazario5_002452_deb27e7c3fcf,tpl_2506b35793fa6345,3b0a81053c66bd1d47dd8df47d35435122d8bbcec2649c1add8cb98faa6e1115,1,1.0
nazario5_002453_a57c881e1923,tpl_ec81dcc4c71c57eb,67b28e0ad771599c49057e9d6b402577b207630226ea857a4f262c4fe388518a,1,1.0
nazario5_002454_8bb45137fd6c,tpl_5285de46c0040285,0b84751dd2c02295bad26511a902c20bad0dbf32b4a913ef63f91ed8e405b97e,1,1.0
nazario5_002455_e751ecd2f183,tpl_72eabb4190c3b16b,26804f33dd9252db4bc48d281ee330a541820a79af877c0c323ed79d0b54721f,2,1.0
nazario5_002456_a2d262657e85,tpl_b3cd7de6636a3190,38bc223a4d020f40b1e478cebc6857bae6ae1f91d18969592ceb60ee5f869824,1,1.0
nazario5_002457_6ce141d4be0d,tpl_810e4ba0ab8a48be,84b460a064daff047d7186d256086922ee05558c706bc8bffc2dc38ddaf0d051,1,1.0
nazario5_002458_3775271abbf8,tpl_eff351e578a63963,7d5a91a4960bcb5f013c10888b7de5113d54bf177f85721fcb55648d541cec25,2,1.0
nazario5_002459_1189bfc29572,tpl_a0b4642e9ac72cd6,90f6c0ce833b03d5d0fb6bf210662977a526dc1dd29c537df4642e8709030bc0,1,1.0
nazario5_002460_a3a37879b150,tpl_047b6f24ffe4e165,3feb6a7c00092dcdfe748cfad21fb7e66a91643c3824b007a5d4cccef97be9c9,1,1.0
nazario5_002461_a19af8fc621c,tpl_ba128f0dacfe96a4,60a0957ba959837b8f85612df4fc3cc4c67e47a5cb336e788fb40106a33ad4b7,1,1.0
nazario5_002462_23ae9655caa4,tpl_4a2ba6cd9e23d541,30e69c1fad51908ad811c49073944d3187d5701cb91ff2c0a79ca0f220e4b37a,1,1.0
nazario5_002463_31b44d57176c,tpl_dc6f2b47c766865f,d1c383aa30033a36d952260da1df6d90d0d88754f833406bbdc703ee92d2c683,1,1.0
nazario5_002464_6ab896649e9a,tpl_b8855ee7d1dc8cda,a21cb24dface27fc73a5c9487095e7c7c2ad4edebf77ada76953397eab21ea2c,2,1.0
nazario5_002465_3a84888bcdb7,tpl_ca91ca75e7522b14,0fb2661fb017c51006938b24e24938aaeff075d2459cd6d3b7e14d57bdc5a84b,1,1.0
nazario5_002466_67aaef3fefdd,tpl_df7459abd21a2f4e,cc1affa50da755da13d706deeb5de5c820465586c0de94a54fbe359685d181f3,1,1.0
nazario5_002467_2a2227501d55,tpl_996d28e2fcba6f9f,af76de4ee4f3a5f66827362351f7a744bf0ef049304c0b24ca1b092767d1bb2e,1,1.0
nazario5_002468_b1185ed3e5fd,tpl_445653aa5d49850f,d67c27884b9f499db8681ac6a3104939bbfa154d9dccc71a34e9232a5f9aee03,1,1.0
nazario5_002469_0d0261c260eb,tpl_0575753cfdd988ea,05e854cd762facea75ad5ade8c8c73da744e37be29831ed22ff275ee835ebf94,1,1.0
nazario5_002470_34f4d5cec320,tpl_ac9fc28a45399bb6,8760601e592ca9358c446fe97f8e8056b6436e5c67b80f7c0c1a2f054dedff2b,1,1.0
nazario5_002471_1df60bc59eba,tpl_5cafca0c93473ae0,5b8a9c21e1d2d5263aa5b4eee54ff45a5e9ce0be7281f072b8ee804a23bb5dec,1,1.0
nazario5_002472_ec1b0e07b3ff,tpl_cd344d918fd71b42,0455decbb47893ac45f32e39883f0fd4d32e63e1320fd7290f729b025c653b66,1,1.0
nazario5_002473_9938fde3f1fa,tpl_2e5e9b664faf8710,0c6199d59b7fe3ba591871ae278bbc77361556671a339411f72d386ec25598ac,1,1.0
nazario5_002474_cc0d0be8d7ed,tpl_c3371bc95cf8ac74,2c079bd48ea197b8d2cdcf6b9df7078aad57020a0a308716b65e28c4d9ebe1af,1,1.0
nazario5_002475_3923a7f695d0,tpl_3928689caba0147d,69a4c7560c967b772c088a81bc9526ef47d5afa943fb21ad804b0d803d2c119d,1,1.0
nazario5_002476_a3fb332ad7c0,tpl_15e045e33b7978d9,6077b059458407d31af8ac46087ea8960ff48309cbb8f0e8069c7371396d6325,1,1.0
nazario5_002477_616769b758cc,tpl_36738d4484b39ba0,fab2fe022f4f0e1de72fbdbbf2da81f18479149b5fd94db226906c30c651e082,2,1.0
nazario5_002478_cf169225477a,tpl_2898a367bea7b51b,80246c76fd8676426135b706b4f38c69aa061030c03f945485a3c5466f8b57e7,10,1.0
nazario5_002479_ebb6e770b6fa,tpl_436bd3d89c3ef89a,91951676d6fe214d0f68b0e138ed7ee786879dd404812862268b2e03de619023,1,1.0
nazario5_002480_dcd3628c5d22,tpl_26c61070d5d43b8e,72f99cb78c2e1e0c3c83e491cf156f143671ebc1d5418d717573817fc6244ef0,3,1.0
nazario5_002481_d8ed315eeeb6,tpl_26c61070d5d43b8e,e8305e0ebe0b850c9bfc3ea8c19e83a212daaf6cbac29ccd715c79b7634c0494,3,1.0
nazario5_002482_fb84b677815d,tpl_92315929a82992c8,002ea536fb963dad2de5c989ee9eeb35ec696f394228594ee88beeaa2bf35aed,2,1.0
nazario5_002483_47c78d05dbeb,tpl_a402cdfa748c6358,4b2c5bfca1cd34dae6890ad929d1f0a7a7254592dd9f09c9064114de36a8583e,1,1.0
nazario5_002484_14ba9397d90d,tpl_b48c2a5db2e764b5,5b1df6da59aa2990f5c101e31faaf1cc4f9a8dc4a44e94330904d1d53c59656e,1,1.0
nazario5_002485_2fb93dd9d25f,tpl_4cf2fc03e4c2b156,1405e1a38700a80047d4bcd1c127ca0dd010cbca032302574d363add3eed57bd,1,1.0
nazario5_002486_67942a7fd496,tpl_481ac35c0f032a01,35e4b51883882fb765ab7420ed579775c3e5369f3569464a841466d86c14ba44,5,1.0
nazario5_002487_a49c95243a4c,tpl_92315929a82992c8,f47c79673e38b8c12c64d71237a8733b323479af74a690b96a8f498d2fd5ffbd,2,1.0
nazario5_002488_845980c1cbaa,tpl_2d1e4044b4fb581f,da20ea0ed7b533b7591b0df5720ba7fe2637a978744839c6b09d6670816dc01b,1,1.0
nazario5_002489_182653dbc567,tpl_d48fa2c2ceeb9e1e,7303f28f83495d984e29fb4c3eca39a2b6bc77348c6c14e3358ecc46e1c0c4c3,1,1.0
nazario5_002490_c1489c683b25,tpl_83e5d2cbd3f56f21,5b6cae49860857f8820e5a7087d4c965ba0998479131206c952f05ce27466586,1,1.0
nazario5_002491_8a57eb5c1e91,tpl_d033c550931206db,a2058c4f371a9b3f62c2a3d8157d643f8288b1a63e0d306fac18ebf4918bc0c8,1,1.0
nazario5_002492_10dcb9f1f686,tpl_ed8e2f278766501e,6abe8257bfc0bc84eb2f62ea0fd9364d8de319c1eebb7cd8d77a349b31cbe446,1,1.0
nazario5_002493_e66cbe432331,tpl_7badc86f9bbc8d43,74121884af23e4ac5487537117d1327faa8721688e9e14fc7622ce6d6d5120f6,1,1.0
nazario5_002494_78698d9d5977,tpl_4b263f13caaa747f,0b3b122f2f5369543eb50408e440470bcd93a2c7a57d4963aac8b0d8a8c47a2c,1,1.0
nazario5_002495_6e843a139c3c,tpl_294861da7bd16b4f,208f09d8c31c6da5556b6df68cd5cab11fd8109ef8296aa4115f99dd252cad32,2,1.0
nazario5_002496_f4cd5eb4d01d,tpl_64380315822c78f5,a7dc0e94ca5b96e046f6a5bfe5dc084de50a9f3a1c8b6b1f50f917401bc48e1f,1,1.0
nazario5_002497_f981374d86e7,tpl_eec2e93d5f7131e4,b801379c4cd72797ef1e90bacda0f988e5c46af49dddd0b71d824a14f7f4d608,1,1.0
nazario5_002498_2bd1494125e7,tpl_2ba53332ca8f6da6,5180e7cb9a9f1c7f1ca6f3e80d897423fc91f2d58e95b303cbce1b133def7cf8,1,1.0
nazario5_002499_17f7070da53e,tpl_efed8081ef988f79,5884599df8513d3884698fedb29a92d45304963806a21bed19f7fe565cebd462,1,1.0
nazario5_002500_22a849136f61,tpl_e929c22d8158a599,3de0287f43674e946ddc07bffc564ea2b6eef539f70103eb24e45ddee9a71f5c,1,1.0
nazario5_002501_21dc68740aa0,tpl_b5d198e1412f9c78,9a53d86bd97e69b5dccfadb3f1fe573ed120b6e506cdc69aec4748778e7c5d4c,1,1.0
nazario5_002502_42d4d36b2cdd,tpl_c2c33bd3e47141c2,b69743fe029120f552a03fb77916944d3eb517051fd8b65cd308f493a3499c8d,1,1.0
nazario5_002503_58dd6a972574,tpl_de3ef35064579b4d,6be8807d24c01b95bb4cea601b10cb2b8787b3afcf066d916f63b75dd3cb1a4e,1,1.0
nazario5_002504_24a5b048f7ca,tpl_f8d91c55b7f69487,259d5aaea85436e20cf9af4b8d3752744404943f257aeebe358fbd1a024b3a8a,6,1.0
nazario5_002505_940e1612b2dc,tpl_deac92ae629e78bf,599f7bbdc555b579efe1e4de10fd3b4b117c1ab1ae63632ca57a4a459e44f1e4,1,1.0
nazario5_002506_22bd99fa2068,tpl_9714f15ebdb703cf,fe040c02ef441223fd960bdd137e682a540b104409f73dab0f02b86dd3e96259,1,1.0
nazario5_002507_7876c6bdc01b,tpl_cdada16531e2e73c,8f924ec16fa2d71816857b90c694d88b120013115a3704e54414b6ecade85ab9,1,1.0
nazario5_002508_c56b1b431260,tpl_c6ecb9fb0ac0f721,bfdb853c0ecb542d4e703c9895770dd2c47f934464652e9f3e9e3ab82a06bb7a,1,1.0
nazario5_002509_b38fbfb2e147,tpl_94b19260f90e2c45,9c0ae605d85c0b52e0dac6a690c8fc5a496faf3b45e169253a2bed14f7eb1930,1,1.0
nazario5_002510_20f39c158333,tpl_2b2e5c9c7cc602de,37c437a29f42b33de319730d62df72b6f6a3599506e160b32b282fb8783c9c32,1,1.0
nazario5_002511_01cd5a7d0287,tpl_809c7bd750706d76,5b8a0ea8140a9aa32de5620e60b1baacc686cd5e4f64db35efa2489217c4c849,1,1.0
nazario5_002512_0deabaaaddf9,tpl_81632d6d4fbba10e,8607f16bb96ba221b07e9c9a9a87731291b991c5f4db8885bced6a61e7b5cf54,1,1.0
nazario5_002513_04d8013d515d,tpl_31662f89ce7faca4,3f02a9fe69141fa1a868541df10cfa20c0b08f6d4f38e1218efb19259882e163,2,1.0
nazario5_002514_9767277fb2ab,tpl_31662f89ce7faca4,b55909cc269c2b8c96e983192d57793cce4dc309c07e843962a48ec729fedc61,2,1.0
nazario5_002515_33d9cda1dc4c,tpl_608e1b3e48adf46d,0fb61de725f56d1b46211e1ff58d7af297a70f4255662ca797a9f77881a34ae3,3,1.0
nazario5_002516_6c3e9c55312a,tpl_608e1b3e48adf46d,d2ab47d82039ae28ef6f58ecbc086292ffd8188c178dc396f5c482a8b6bfcd92,3,1.0
nazario5_002517_88585dfb7678,tpl_608e1b3e48adf46d,43aaa958a09dbd4e4680954eaaec8a2770a3e276c330aa1f4c7e045fd2136971,3,1.0
nazario5_002518_bcf4b159ff37,tpl_6650431f6b69d557,aa2ab30244e82cd94d999a43d6ee02359e589db150fdd1446099e0ecb6beb763,1,1.0
nazario5_002519_5c9f3d6ec61b,tpl_ede986ec73cb83af,49b664df143c7b40ea3f8685bc698c63d63f3b2f551957efb93be8cd7f1b9619,1,1.0
nazario5_002520_e25498585659,tpl_6ae37be20cc51cea,e7ea5d630fd2f5cdcc41fcd6c1023f3c5f8b3cbc3b69a9bfdce6dbcdea96439c,2,1.0
nazario5_002521_30ca5dbb79cf,tpl_49b9e49c31f70da9,a3b1a5dcce9ca6c2e35f6640fbf7a6bf071ae67b7af705af5301302ed1fb6c70,1,1.0
nazario5_002522_e1effece9c45,tpl_e406385bada16861,b82c95c4618e1d63afbab4019d5602c11751ee11ddc55d17898f813e3f32baca,1,1.0
nazario5_002523_9758b9d2135c,tpl_f3e98be081fa7b6c,a1256851494bd4a2a7bdf4053289707884a3b131c84fb54c679342b80b24cd88,1,1.0
nazario5_002524_b4090642435a,tpl_272bd67c304d354c,3a5386833877269cdc8e233160c6e486c77ec328067365203e3163304b60825c,1,1.0
nazario5_002525_bec0950c6790,tpl_ad071392289683d0,61175ceefbfb9b003da662218c01bd70b03f52b0f43f0f49371f8e3d25ccdc51,1,1.0
nazario5_002526_d70c6d9f6f54,tpl_383a44808d09698c,8bd4c615667a8c1d7628b07c6eb125da5d65cf9d7c69627198ce03a4cb5c6105,1,1.0
nazario5_002527_bab0d89ec6c8,tpl_b8f72f075695a856,63aabdceb23c57bfb9f65da0ed935557e60a145c867e6a5fed4d0aa4782e17fc,1,1.0
nazario5_002528_635ac0b26e89,tpl_4d23ed079e8b0eaa,9f00349fc3680b5252cae42ced8fe7c842bdd840d3238c3c5f54c0b61896e8a0,1,1.0
nazario5_002529_f64582f1af31,tpl_6ae37be20cc51cea,eac648481440d132dcb103cf84e099cb049e9787049c876cee9eb0cceed40d1e,2,1.0
nazario5_002530_626d3a4dd165,tpl_5dfbcc7a504fbec9,82cb7c2da22c4b3e781e2feeb8003217e43b9e0546d9e9c6811273b6ba87ea9e,1,1.0
nazario5_002531_6c1bdf259a01,tpl_8690e24ba406e5bc,711f1f7f57d9900b37d1aac35dddf6151c78a3a1b9bf628da534ab7507e11f8c,1,1.0
nazario5_002532_0a949e00e2bb,tpl_c7ce7886e5a0c53c,0eb8cf4b81721f6442ccec215788e44c222b20e7b6377250ec5792f058e143e9,1,1.0
nazario5_002533_8701f354ebd3,tpl_e3cd8db06436aeb0,16a7126d06430e5baa47111104bfd0e58d5d573bfd4424e10629384627ea28a8,1,1.0
nazario5_002534_2da64fb259bc,tpl_b677c83da579924f,06bceff83e463c111937a12328daae6848247cdb4d0148e3113a9bad3d6bdb78,1,1.0
nazario5_002535_81af036b6ab0,tpl_3b2f901490dc27a8,26f9bdb01e7f149ea9679aa0686dc9730f2ae31aa2e079252f53bd8ff4df9861,1,1.0
nazario5_002536_ea86940f4f47,tpl_42223a11014ff68c,0bcc17001abb4023087ddcf4f7f221e1d3b368abbdc006f46f870950f0a37884,1,1.0
nazario5_002537_b19506d50fc6,tpl_946441ef0edcebd3,d279e33fbce0265b25c43c9e65527378eb5cc0702527715e1c4108ace3f6b850,1,1.0
nazario5_002538_23829c2e9b34,tpl_546d0b77f25b0189,c5ecc4dda45e275f145313b9d5806b450c9bcb6463e373792841129cc56246fb,1,1.0
nazario5_002539_58463babe879,tpl_45aaa87ca3e4af1e,42c7cb57cca513cabb02c41e21b486985fdd52a3c60b9095eef190be4af7cca3,1,1.0
nazario5_002540_12b3c870a329,tpl_faba59b02ccdd435,80442b3f6f6f41f890b7d4a5d004268c15ec7cecf2e3326f7b6fb40099796d8d,27,1.0
nazario5_002541_229dd66341f5,tpl_22425be9a94e066c,c36a7a006ed7c2e84cc933a850ed238d2c7a257912a17c1ca94db8d54604774a,1,1.0
nazario5_002542_3c180c53671e,tpl_33dfc7a779fa798c,781c86bba046e5385ad2cd9e5ebca596a3df6cede931d4711924a0d468a66e25,1,1.0
nazario5_002543_60cc8d5562d0,tpl_f7d28e822270782c,675b952a7e16b7d56c2a6063feeba0a39f26c56d0e4bb49b61f6be07ddf63922,1,1.0
nazario5_002544_f8e06990dbfe,tpl_731ac58dbca2498b,c51c1a8a6fd4671f76d72315100adc2f23f75d0acd2ae3520b766284e30cfff9,2,1.0
nazario5_002545_38fe578f3e3c,tpl_9d7071b2478a9e56,cfc92b80ffbc16b305ce9d16a94e1a67e9a8f68c4159c131b4fecdd2a465600f,1,1.0
nazario5_002546_80723f837498,tpl_1a3c0054d83e0eca,47324d988a7d0cadcad13cf40a5113af7ffc4d8e3dd84492167ddc7bebdcc722,1,1.0
nazario5_002547_05601d1f8f9a,tpl_f277ddcbbdb8c760,8cbcf5e074428fd831091787ba68bfc0d209c84781fe9dab7fee89ce14c26346,1,1.0
nazario5_002548_5fcf8757621e,tpl_294861da7bd16b4f,8b698ede4828b9edf1c84dab04e37037dd79e7cf1d802acf85f4727b82fc49c4,2,1.0
nazario5_002549_9c6a4785c57f,tpl_ba4607541d7d49fc,5d23e2b9ce13f7b6aa43765cfb2c9cfec039fd986616effbd11078324986be60,1,1.0
nazario5_002550_f4b72e460662,tpl_a2357a8c6240f0fd,adfa8c70d111fd1841dc354eb25c400eadf21d3913ba2bc950c4f39190777148,1,1.0
nazario5_002551_43cfabb36316,tpl_2cbdaf3330d69681,adaa3b89ae7d8aa8b66d36653e7656d36cca60bd62b9dcbf872f5db04976cb29,1,1.0
nazario5_002552_01d7ca97bbb0,tpl_9f9e220aadf6fc5e,2f36991a15d3d394c59ba598a33a54ff9d015ac17496a3518176aa72ce6ac878,1,1.0
nazario5_002553_030bfed95909,tpl_24322daeb501cf42,51af6aa614f3b06f843c7a50c6163957f28db40746d8f9ca3a7aa94fcb0b4d65,1,1.0
nazario5_002554_e005562aafe3,tpl_7d47084e21325423,52c05fbe5b0fb33d861b1a3b6fe790293c454e4836fb7d163731ba5b461e3445,1,1.0
nazario5_002555_d4f3f3b5ae99,tpl_0a74edab6fe790b2,2eb2ef949df2d3b101a0f0704ca36299f082ae7237f8644e19e4dd03059fbd95,1,1.0
nazario5_002556_7b8eacac8f63,tpl_731ac58dbca2498b,8e609d405d638be4177a5598c6fa999fd050bac32e09d49510886b5bb1fca07f,2,1.0
nazario5_002557_a90535b5a47f,tpl_806e9a89c4aef055,16708b1c549b67fc9123ed41cabe775a11185533789227f214881c0aff75ca53,1,1.0
nazario5_002558_fb66afd50a0a,tpl_db3dd3d5683bb03a,11727b4208a0b456902be2e9b1d45316ce7aff0cd27f952a54ca595e701f6567,1,1.0
nazario5_002559_f8a3aa0513a7,tpl_37ddae014ab6f8a5,7ac6ce6594cd7413f307adc57c76c535a57af8388d4318d438c05fd4bd9a0f86,1,1.0
nazario5_002560_92dc117188c4,tpl_1509b95720c3cb16,b06277eae923d1336dea6e9b5b7978b0113c36a8c79a92717ac264ab8fb0c721,1,1.0
nazario5_002561_155c76c92129,tpl_7c2aa9d7e9d543f2,39d74dbec938cd205a9216722d938159d1886e15a820b53bcdaff62bff4fcb2e,1,1.0
nazario5_002562_66fdd11fc4f3,tpl_ffcdc3328de48dc8,72e4537543e596a31893fbe40c47f6a6c1232d381bde78e10ed9922956a05945,2,1.0
nazario5_002563_c0d55dc53c1a,tpl_b16cf6662346ed07,6a14043be93d76f7e008b7a4b22c1959ac33619e5d4e5d769176a86eb4b68c76,1,1.0
nazario5_002564_ba3d33d24c37,tpl_c1531aad7cc4bff5,09b2683dba99101d421d6d3dfbe5c4efb7f7319096e4909a554808b2a5895cdc,1,1.0
nazario5_002565_f6586bbe09ed,tpl_c0aaa4a89cae995b,55402739d31e96449ac27853b8bf470f4621b33d795f03340451f21f1a26dcc3,1,1.0
nazario5_002566_cff0bc4e8918,tpl_1114fde501740afc,4557b1631b6b66cd7cd39e6e64a977294dc4a3eba2aa1ad224fc902d13ca5875,1,1.0
nazario5_002567_bd7ed4d77b3b,tpl_b6c44eefa3a9f360,074ba45ccd2c6a413aa0a828f79818ddcf0a17690ff34c5e4e5cd9572b07c3f3,1,1.0
nazario5_002568_f83818bf85bf,tpl_4099ec6fd29902db,a1d6523dec5ed28aeea364a137c95d281a3d5fe9ce383d75ff7747163ae7738a,1,1.0
nazario5_002569_91be6ab901d8,tpl_4486941eae99c5bf,7879cc29892e549cbd0568096b874d417efc455ace215096710b5a3b1598568b,1,1.0
nazario5_002570_be7bbfebe71f,tpl_d7bc34c2d92c92f1,82a96b032f32fe36f1db3abb4c8ce2ccc1a5af1eea94b386c1119aa24b023b56,1,1.0
nazario5_002571_ee22b3f93ea5,tpl_bd8ca70644f8cac5,500b109e8ffebe50cf3a1ab004850fe661906083159766d91a766ea9f25ddc7a,2,1.0
nazario5_002572_c3249a4f86da,tpl_481ac35c0f032a01,9d1c0619d6b4fba44d3611ccaacc08dd52bc0174b634855ba341a2b560d77b7a,5,1.0
nazario5_002573_afb5bc2632f9,tpl_f4d801046797d34c,8a162dadb43142326563014ddb573349132a3ba973a52717dabef4311ad7d030,2,1.0
nazario5_002574_f3c0a4f4a2ab,tpl_f4d801046797d34c,6db3cc569c0a978000eb0feee02e7005f3ba11d032786fbb1ab0bf9081df96b6,2,1.0
nazario5_002575_98f287b28104,tpl_9660e5a7820f35fe,d8e9ae7632996a5864ba756567c53a910b8b57e3da34022a0386164df2b53a23,1,1.0
nazario5_002576_49961fadde15,tpl_b12d8ed73c74a247,ffc91877e2c2957a95b07851816b370b7fcaab3816c4751920433f95c5cb3fa1,1,1.0
nazario5_002577_f31e0a633f03,tpl_22878ca773901f5a,07bc88f1a3a27f34850e332d6b4e422a9a66c99a94cca863a95d6026e4c6c4d7,1,1.0
nazario5_002578_0f59eb98b73c,tpl_2f38c3db118a5ed8,3f1cfe7acaf288529a83f2908a6a4bbfc4f7bd169a2439fc119d1056ecf3e89d,1,1.0
nazario5_002579_de50d995bea2,tpl_9eaf289cd7dda2eb,9eb61d2ef92670737b062bbc48401f2e835f51bd96bb13043abac8d19cbf4d6e,1,1.0
nazario5_002580_a5339c7bf40c,tpl_ad0beb4f7db3b1bc,aae8326a033ca6e9140a812e141f7c66d352b788c1b8f18ab308a85531dd5c27,1,1.0
nazario5_002581_93a1fbcd7092,tpl_5800484db800aa2e,30dae69556176acd33f3962e04bf03db79842ead70f4308ed5c9977257611601,1,1.0
nazario5_002582_d6f84b5eb0d7,tpl_b2c2a3f8d1c87e4f,19532437ba2b3461840cd540692c513c2eefd704cff97fbfed850681f1d3b6cc,2,1.0
nazario5_002583_183d87ab8ba9,tpl_c0d3b36a406947c4,a5effe5ccc5436008c93a3121da53edbd1c6c89ecf5df76f0d5b910d7f68de2b,1,1.0
nazario5_002584_47ec6db43998,tpl_b2c2a3f8d1c87e4f,91be67860fabfdf6bb7754f9285fe18b8abc94c5d12e3efdff0af50751894bf9,2,1.0
nazario5_002585_fb658d4f9125,tpl_65a29f23d725ceaa,89bc411d8bb3202816f7e2ce6d026f2c6a71d019105bddea0f461fc9c21f8a3a,1,1.0
nazario5_002586_9233f43ddbb8,tpl_6fda79fd052e6cdc,e66d0a38c718290bedae920e12e4217da2f48587a95dfa954e747d1bfa7696b5,1,1.0
nazario5_002587_92dab7d044f5,tpl_aa0f6ab0b9a22996,086154b011cf357b42bf55e553e43d01a917d0785be024f36fdfc173acba3a65,1,1.0
nazario5_002588_6cb912162070,tpl_a46c6631a9853120,a56148f15ce3568c707103ef2f0c1944a7356f0423b93649ce9ed6ed5ce60fb8,1,1.0
nazario5_002589_372b7374db9c,tpl_3600c107b59fbd75,adf674a6a93facbee504a277cc8aee51eeacde694fe8fa2c6ebb8f0271da02f7,1,1.0
nazario5_002590_1ae9c6f178e7,tpl_c96a4544aa26ddce,1d44697410d4c46ca9aa40f689a6be31bf74813f869df211ad68a7e8bd8b2d71,1,1.0
nazario5_002591_fe1ba3242057,tpl_4fbb8419002cc12e,a526177c4f51659ff5d6086e1d7b204911bc27370a64324df54a399e0174b179,1,1.0
nazario5_002592_8a270ecfc4ab,tpl_9221c4c75725c15c,ec474b13ef01005570bea3229f5cf7b73902325fb1c97f1598a952874d87b210,1,1.0
nazario5_002593_1dbd114f47e4,tpl_fb64b7e117ec7c72,dcf8d5d064c42f80b0f6d024087e9afee30791a51ecd479a95ee8aa0a7119747,1,1.0
nazario5_002594_d264f525c05c,tpl_49bc385a75bfe4f5,c4006f29c402554a13a023001cddc0865dbb6feb870be2ed4097a7c185a14b46,1,1.0
nazario5_002595_328e530d8e4f,tpl_8bc919b14842065c,ab98e937f4de64b55515d017530f3c8726236eec5d26b0e1e4ddd7e4f1b0e480,1,1.0
nazario5_002596_a4c94deebd3b,tpl_3e60afe16213ceaf,0540f9f72e1109abda86a53c96fc62752881b0095be591bc46683d57b739f173,1,1.0
nazario5_002597_fe227b2b3a15,tpl_3c14f76b308bb85f,4e0aadc6e9f067fbe16285a312cf942839468c27d319224e6e86aaea7fdc766c,1,1.0
nazario5_002598_fa5433b9b99a,tpl_a43d5055eaecf09c,468d3af47bf2f5713518b01614f39d6405f699489a86c4e74de2c641d8666065,1,1.0
nazario5_002599_00ed36c8fe78,tpl_7af0a28d70143ce6,53fcaca7fa00e0ec327fb47451422ab259141271893af22d22d9a8807bf3674a,1,1.0
nazario5_002600_5d0815eedf7e,tpl_b5ad96c1e8c8dfd0,f252a4a17f2ff879e4eb32d146a6bb07f0f7af73e598ee4f838f5b0d0ed78a63,1,1.0
nazario5_002601_f5d4f6d8805d,tpl_b3a3d473bd076d2c,f943402af977fefe1fd8326c9ee052ce5c79e3c0983016113c54e8f262cc51be,3,1.0
nazario5_002602_8d02805f5ef6,tpl_15d209b87478b613,6eee54766a07c1cd4f868e54497b4ccf3c52838723cd67ffb0f76e41819ec75e,1,1.0
nazario5_002603_a14fa9cbe7b8,tpl_b3a3d473bd076d2c,a240c89a73f1373ccf6911d7c9f7e7a217731c62db7f7abd2d3ce3bb78b64dd4,3,1.0
nazario5_002604_75e170cda601,tpl_2217dca5e851893f,73552e838e8c07ec7bcbaf1059fdf455e2d0d78a2c9d61f78db7b31567552677,1,1.0
nazario5_002605_ac2a4bdfed65,tpl_b7785b33b7fb0875,bb18810573bc81929dbfdf7151bc27e9cfa5c74a1a3a2a6d2849897f90b317c0,1,1.0
nazario5_002606_2169b0734e0d,tpl_b3a3d473bd076d2c,de132681f05a7ad851bb56e643eb8ab8a1ca7ecf559c3e27b18bab36c0e450d1,3,1.0
nazario5_002607_5b30cda63ecc,tpl_9883ab0a811c32c0,6b765194605e8bb265c1eed7950e11d2b69835fbfd943f644ef3b360a2123c91,1,1.0
nazario5_002608_910d7c379b6a,tpl_9b9cbf50873cb86b,93ef85daf16f7dc8977050e2b25dc27658cc1faf628bf286078a8b1d98a9fa61,1,1.0
nazario5_002609_7c5dd4d911bc,tpl_1105b3a9495c61bf,977c607cfb54c0e1ed1ec17e05cf1db20a50b7e37c7ad80ed67a22bd03cefdf0,1,1.0
nazario5_002610_bfa59c055064,tpl_d7391a7cf2fb7c95,120c9edbaddb5d6630bc5a70284c1ac7174022f6b206d74bfe061eb0a9540dc6,1,1.0
nazario5_002611_4657932ad593,tpl_351bc155415b3f6c,05611d0f6194261198aa67e563e4f9ad7529b0a51be182bdec79e0dc8d914077,2,1.0
nazario5_002612_8c93f53e0ccc,tpl_7753b4c8d0bd7f88,0043a9ae219a0850c75a8e1e41baab6962465fddeab166fe218b0689390ec3e1,2,1.0
nazario5_002613_cf9b96be23dd,tpl_351bc155415b3f6c,05611d0f6194261198aa67e563e4f9ad7529b0a51be182bdec79e0dc8d914077,2,1.0
nazario5_002614_9c430c8ea11d,tpl_35749bd1265dded8,86dec3e0629f7039db384c1779e67c08179a122d31c6b86cbb6fa7febabfd80f,1,1.0
nazario5_002615_4f413b58e80c,tpl_acb5eae628780e82,e655e6488ea323840862a159fb755703a84aad56111d588e7250db7932567fbc,1,1.0
nazario5_002616_fb0a71ac6a94,tpl_432682bf1d58bf6a,9e05268567ac7cad8fba002486f842e95ab2e514a4087b34904fa0076a4b012e,2,1.0
nazario5_002617_60ad5b723bb3,tpl_e405835c6780231c,721e5fbbc41865d38d40222c528cfa99e9306a3fd3118c1417ac0162bd33e5b5,1,1.0
nazario5_002618_33c431e030cb,tpl_d035f9ccdb176a0b,a03d26bfbf8110799afcf1703f24cc3fee1a3e12f8c4fd7b10852683d287eb2f,5,1.0
nazario5_002619_99deb9c4daaa,tpl_52485c18b121c6f4,f45c203456b6e91c1b92c57372c61363a631146d67378382cb9460e956703ab6,1,1.0
nazario5_002620_c0d2b81d4755,tpl_6f268b7072f0084a,d416c5905020bc08fd79637a68b64949d34ad243c152a5a72dcfce0447aedd84,1,1.0
nazario5_002621_3aae80731a88,tpl_7753b4c8d0bd7f88,3fb7d578a3318f135ab16cbc0a682d36722c5ec2c0512e2ffff3ac9b7e45aa74,2,1.0
nazario5_002622_b024db7eb2a3,tpl_592dd1a313c50a52,e0d494126489d0537549aa8a3a244b801291687e3f5e22c1b97762c8b0bf565f,1,1.0
nazario5_002623_6b231513ca21,tpl_9615e949a3b30009,cecf6441f77eba8b844ef90abb94fc11fe4e5d16b01118689badce5195c80cdf,1,1.0
nazario5_002624_03fbed676d77,tpl_455e189b53591e5b,1c5251204e07b515234849a975d2823c802047e82663f99309560b429fcdf9ce,1,1.0
nazario5_002625_4c232a6c6770,tpl_0841ad40e9d790df,6b9d974b1b9fe0e13ab0e6641212335f2c6a941afa47f7d68ddccaa1af922b9a,1,1.0
nazario5_002626_f4b02296fe87,tpl_42d7a1e41314ab22,b6e6723693553cea6978459f0dbbd25a57e3626605b96794c42a54b7b3e65f5e,1,1.0
nazario5_002627_81de62af4391,tpl_b9d09d6af8e017c8,461fdc2b1b969a115e8bbbf819807aa9585ac560aebcad33bfaf2fda15c32da0,1,1.0
nazario5_002628_8f67a4b35bb8,tpl_6e94e1c3ce1f116f,a6764535829e8671bce587b64aa4b2ab03078056116c6894e3d922735ff4dd24,1,1.0
nazario5_002630_91bc440dc56a,tpl_7db4741832da150f,b05e3361518ab5424406a02d3831265c5ce48bfde9e6da5b65455712f1460800,1,1.0
nazario5_002631_cc0c98127f95,tpl_16a2c5b75fabdb50,ae399847c010ad3d95fdcdf4a97ce0226e5e5ca1f3b034a754e423f279a6c77d,1,1.0
nazario5_002632_97df299fc959,tpl_09c67694a031a6a7,84ced5c63fc8870ea885e0984ba185f989b47940374663e9f335f8e65d8ec394,1,1.0
nazario5_002633_cc92f313c089,tpl_f2b682f8f00c3b27,56d92e517c632220ba753ef9dcff009f1c445e7ca775af8f9e83b48c91fa158e,1,1.0
nazario5_002634_20523b4c68bb,tpl_f8d4f2098c6233e6,68587d50f06cdf8ca6dc039b2b7b953db53609ae80f1e5650f63edec536ea1e7,1,1.0
nazario5_002635_a6a4498e5f70,tpl_b2f06a1141f61555,88d0e7ba45ca0b39af1d570dcc749b67d975a01ff87ad63230b631ae56d7afef,1,1.0
nazario5_002636_3111251ee779,tpl_479d09c4a122cb73,872e757350c836e1d887af0ad604d76037c8241337e91dd0976e40a4b8414aeb,1,1.0
nazario5_002637_76c7cd44fda4,tpl_5e5aa7a95d572abd,a6a346b482d7709592d79a46e21ebaa53745246bfc39c8a7fe5f0871c24c32b9,1,1.0
nazario5_002638_1681ae63ac13,tpl_b0f818ee73e34694,d8c3b2294324e981e5b468cd33023683c9d36ece54aa975735337bf2c543015f,1,1.0
nazario5_002639_db770f1511e3,tpl_71458872152158e0,1e7f4035ec7b3206d6d4a2d6b29aecfd1b8287e535e530f7b3c4ecae6a27c516,1,1.0
nazario5_002640_d2ac22cc24e3,tpl_a802a6bb668da15f,07b26f2c5e40e072612812c7f9afdf42925262af520aaaac1850d1ee6e62241d,1,1.0
nazario5_002641_4102ba7d9051,tpl_dbfaa7a616223036,b80faaca2642564c03c403e6cb7343f207bb465011fc8706e35a13d4f3b57eee,1,1.0
nazario5_002642_ac6bef71ab1b,tpl_b4798bd6542305da,229f6f2ae9f8baf282645faa81d0e4b72acb8b9970ccb8408d8a09f607afc6f9,2,1.0
nazario5_002643_fb9ba17f14df,tpl_984f9b2ecf02816a,94be858e68ad6e127f873b8b4638a6c23b42087645643399a136f53bb466ab7b,1,1.0
nazario5_002644_934ae27ed273,tpl_a9e106e633fcfe3b,e787e86fc67bbae68d572f19935fb71624133c1c7916f719639d043905166883,1,1.0
nazario5_002645_07441d579ef5,tpl_78915b858ae43b75,cf5cf67555cb31dde2b6daaddb9ad7868316f25ccea5890ca590ed3d0154e080,1,1.0
nazario5_002646_7dffb99eb442,tpl_ffcdc3328de48dc8,326c3cb7565e0a959cee8006e3d2a1d5289fec98a05114aed94a93eb35c4a6de,2,1.0
nazario5_002647_4c179de3285c,tpl_bf9c325a9fb2f084,59a2119a6231efbb8c7670bb152f81f6f2c902a52f27fb1e2a281d8c84ee621e,1,1.0
nazario5_002648_b8af202f1702,tpl_5a1d7bb3775a22c0,90aab6a9cff2255d97cf4f948b6296d27a8c7f6651225b0e46509a1a5ded6e36,1,1.0
nazario5_002649_ea59ffaba0b3,tpl_c10c091359da3a47,ea8df4711c22b6731b84db797adfe12c617f6d7b28d8b605c90714ea73e8d15b,1,1.0
nazario5_002650_d0536ff2be5a,tpl_dfce8275a4210e48,b4838d779b1a3b98fa8b71065c76bc6ccfbc10d466c86ad6a9fb1356e56de60d,1,1.0
nazario5_002651_0f86df4e39cd,tpl_a27e83b94633cf1a,278ef488ceb7d0322ebd576121c4a42ca63728cbceb5f6455dd0397f03bc1bf7,1,1.0
nazario5_002652_368b61bdcb83,tpl_712e37b5be0a3c75,eeae72794fe94852a62ab20b9a12bf2d00eca346d3d1da2a1545e97eb962d166,1,1.0
nazario5_002653_cc8b33bcf712,tpl_e974049b5a40425e,d1abd516cf92177194a03a94c04c9682d1990fc00bb7a25187b491b2cd8d3ba5,1,1.0
nazario5_002654_12acf0e3d105,tpl_946ecaf87c9a2610,2c4f58d22692a63eb728b3b3f4b02b4f6f04f39df810393d45c02a896f30bd79,1,1.0
nazario5_002655_502036673f65,tpl_432682bf1d58bf6a,1209e039e96efa2d4b292783d098039ff20e482578b251d71541717e5778be4e,2,1.0
nazario5_002656_eedfb6db5e5e,tpl_8faf0a3afb29d11a,0a065650bb2a09f58a417c517afb686ea4fceb51b5812de382309eff2c6f9e9e,2,1.0
nazario5_002657_47c455a8d1a2,tpl_055a70b784e81f15,99cb616718891d26388f3bace2f8f5a100074cccbfb65b60fb975f555cdc1600,2,1.0
nazario5_002658_96839d596ff9,tpl_075807d546ed80f1,8c97a6f368d468d005c97f39886d4b2ecdaea84e4c9718183811d688ae75083a,1,1.0
nazario5_002659_6301ce163e11,tpl_2898a367bea7b51b,b6e390467d8c48de947017b67877a69e16c9364674fb0f6de96fe0443e9eca1f,10,1.0
nazario5_002660_0dd82ca504ed,tpl_106919a3d5cd0a77,1ad95ff06a7ad997fa8733a49c08850e6f3eaaa796e9a90e51361b75b4c52a6d,1,1.0
nazario5_002661_9af57d3df385,tpl_14bda828c219447d,3d5a7cc5f3adaa16c5cd935886bd9830de5e0baeca2be2432aa3b3c61b9477f7,1,1.0
nazario5_002662_3da37b440368,tpl_0a31e29ce62ed714,23e98d17e1daecd5b1e92eef4ce69fc62fdf14415f0c3e7f2b6fb7b87875e840,1,1.0
nazario5_002663_bd44dfbf9ed4,tpl_8faf0a3afb29d11a,ccadba025ce31f14b1a583524d8def0f2e94c7d758b7bf7f47b41f95236b0f5f,2,1.0
nazario5_002664_464b599a0edb,tpl_5ba7ea8baa262a33,0b6e32f37c00c23e568b2db0683012247dee79aed89e70f71a563f7d6806e0d3,1,1.0
nazario5_002665_5dfab9d6df08,tpl_ea5a54c98b418180,2d0ea2b6d54d7357ef9a2bdd9f51c838999a7274ed35f506a611ff2311940d0d,1,1.0
nazario5_002666_2f894f47c356,tpl_08c6166c4ed9482a,9db5916b70428e661335ba7836b18b2ab6d89a08e041056345a36c8ac3035e3c,1,1.0
nazario5_002667_a6a8bafb98df,tpl_6f4ecdfa62f9ae85,51452e75604d441a8039673e8ee2455cc235bff96b098b2e43188a1a6339c916,1,1.0
nazario5_002668_cd8c050c6452,tpl_99d198f09df18f6c,42b65c4befebd023094f2e18c8d38c2c1ac0898fcdf2dcf7f442a296c00b3a9c,1,1.0
nazario5_002669_165050feeb7f,tpl_335c5dc7ff81c942,0ed5470e5fc40509587e90f3df51a897e94be4029d80be45a32976da0220e599,1,1.0
nazario5_002670_c276fe0b0c25,tpl_055a70b784e81f15,7dca78a6673015a06477cf0db275c21c9b00b27c63344b164d2f4d905c6b70ae,2,1.0
nazario5_002671_01851c411dc3,tpl_b084411900dbad08,e10786d52f264dd0e4d747f4cd47d9e031c8782ad4000b2012ca83ff95989b2b,1,1.0
nazario5_002672_ae1b2a9d6fea,tpl_f755cf5527b76265,0e59c966f11e50d1663ec5f9aac4fde36f66b0edc6ec59cca7bffca62fc01797,1,1.0
nazario5_002673_efdaa6f7f24b,tpl_7b8887ce3958b38b,b85bb247ff55b6c596af6f1ef72e232bafffa450a2de25394d944ac4467fef5d,1,1.0
nazario5_002674_979732b33ab0,tpl_481ac35c0f032a01,15429827cf8ccaf026a0fa58f89a5d9fd4a9eff3cb0f9023a9553868f0255d3a,5,1.0
nazario5_002675_6ec94391a2a7,tpl_3506f251f93deb71,ddd9f609dc712c528263aafe47be66f42a9262e52f370718529d80af0fac0af3,1,1.0
nazario5_002676_f3b841df1057,tpl_e415c40f05658f79,9592ad3a65933c549262a72654f9d0aadece854eae37423743f0ebfe2e8c6b3e,1,1.0
nazario5_002677_927c0daac479,tpl_6e6764e138d7131f,b2522e5d932646f1c9cc34a259f3eb019b57b0cf80063d58170f3e5b38fae6b8,1,1.0
nazario5_002678_11be16753297,tpl_52fac6cd8350298f,ab536e1e129ce9233900140c547351f3db7fe8374e0dea2f8472d96d20404793,1,1.0
nazario5_002679_cba0ef8ca397,tpl_2e7ad29432ac17f2,a868c56b8a9a7592915399ebcecd803f60c79a82de2dadebc7d6e5f709dbd429,1,1.0
nazario5_002680_c77a6a45b7fc,tpl_4302d0e571955396,523078dca43b154045e8b09c6f31c7d7597471221e8802a905756fad19d5fef1,1,1.0
nazario5_002681_0248d346afa4,tpl_15e88c38b4c7f098,2f4def69c2d29bed49c496866c1890353fd389a6ac1cbcb202104cb153b2ccae,1,1.0
nazario5_002682_77ce015b0f28,tpl_996a7d5f330cd4e1,16879780c94f9c7dbf97cecab745467f917f5d437d775f9fbe97def1836e5eb3,1,1.0
nazario5_002683_fed5d0f1a862,tpl_ad5aac2dd2c64791,84a180206b5694d3f3e063f9b9e466c018c64dfb46ea586e2c5a690fd176251c,1,1.0
nazario5_002684_daf08bf73057,tpl_ec901160e0f06754,2b13b5d9d853b895de136390e68b28fae6168a5dc1171f71fca70f15b6b309d7,1,1.0
nazario5_002685_81cb462ea342,tpl_2cff7805384221b2,6c793e2cbdf7713bda2362adac923b6647deff3262144b2e0f4b988731cdd9e2,1,1.0
nazario5_002686_357a0f022b3b,tpl_6b788d967209396d,809599732b7007620686214b8852c50e5065f9253a0064f6ee2f90f862c7d0fd,2,1.0
nazario5_002687_3bc7b94837db,tpl_da3725f4ecfdb632,939400acf3cde8c685cca85e504195284fb1f594acf52113f025d3eb6a7c822b,1,1.0
nazario5_002688_3051cf29e6c7,tpl_821c6ea8fdd2a2b0,edde3ed082f6cd3985637c75caab71f2a4f36833b9f1006a2919b92a091d8ff4,1,1.0
nazario5_002689_5017d76c848f,tpl_a823c97171000d5b,060ed7720b5653017121bfb690ded41dd1948a54f1a3c6ff3b824ae48445542a,1,1.0
nazario5_002690_984049960676,tpl_eccefa722b4c60de,3cff332de9b4f7ac58582a56669057593d2376ab05c6975427c1cee9bcd97fb5,1,1.0
nazario5_002691_9a133342fc30,tpl_6b788d967209396d,4f9abda07831e0917c53350aa22b2b3f83bc7a795b8e4ce1b887e5a7ba85b74c,2,1.0
nazario5_002692_67836453719c,tpl_1c266274187d281c,c95e1e66ccddcb758ed6c0c01bd88b472438bf876b3b1d27aab4b35b7141fc4f,1,1.0
nazario5_002693_a0e72ad89366,tpl_b2c8e5671be10200,228dcf2cfb68bf61605dd3d8fcaeb50f8f097defb9faf926bdeb164f548a3b47,1,1.0
nazario5_002694_dd16ba72bc2a,tpl_490bd1d6a18f1d93,b2b31406929e71ac73fbe12cfb3778ab4f2ba78919dd8c261ba3bfcf18ca6c20,1,1.0
nazario5_002695_8ccb6cc69536,tpl_f641788aa8af3c98,99b01dfd9f2012e6e6b246420ebed4f6cc395938ae06009f7eebb148f3b6c4fe,1,1.0
nazario5_002696_2c99c1b3b73a,tpl_6ac6fde5a3f57b59,96e8a2c9de8312f06b57aa8408aa44d21400b4800750637dc4318529a5a33143,1,1.0
nazario5_002697_a670609fe21c,tpl_ffffa635d41c7a88,cf606da68f02d0d2ba640de8f1712ed3e7e6ce5b8ed3b0857e5ad20531fb5e87,1,1.0
nazario5_002698_d02a5fba26f8,tpl_d38b71e338dc7e01,5d1b98ae91d3d8bacc49355f039fc472d842da3fad004bf64c85c7103cc68d1d,1,1.0
nazario5_002699_c4c8fdaa8a40,tpl_af98b93f1fffdaf9,0956a5c7d13d6f518959a82a5e31b20203050c3aa53f08e96d83b7a813a88568,59,1.0
nazario5_002700_86eccc1f7577,tpl_65397a501bb3d82a,501017e290c06b9e122eafbfb200f1d1fcee45f43057d71d11d26b370dbc30d3,1,1.0
nazario5_002701_1790c95168c6,tpl_d4d3645ed9aaa65f,69e1a5b44a60c55cb57aade26052ba06ca919c46ebd8e9d7e0407d3c8772db13,1,1.0
nazario5_002702_b6418ae43d09,tpl_acfbdb2a522168d0,395c07b0ffeac3657542a10ad89dbc9a20bdc5385235d174b5795eed6e3e2a9c,1,1.0
nazario5_002703_a6711e36965b,tpl_8149ae58656576f4,2342bc292c666477d998f30e7b977cb71aed926d8bd84585e240f62362fb7f0b,1,1.0
nazario5_002704_a31e9733d855,tpl_dc0beb54f459ae10,4b31075c462fced4e9f0aa8ce3772d079954514553bbfbab66533f9a49463d0c,1,1.0
nazario5_002705_f6f662ed0522,tpl_903698ae6cbd9a84,553efa3e10af7542db9853bae85194a168d18437546bb4d9d5ad7661179dcf9d,1,1.0
nazario5_002706_8ff0a552e09d,tpl_a727ef4147089ef0,4bf0460924b5ed23c43fb20eff41136eb431e12de19b515927b1ffa6851f03fb,1,1.0
nazario5_002707_7f1a52f41450,tpl_16ae10e0ed3cd1f3,5b709391a9fc4327b09d04cf4954503264b18e1509610faf066c023510c94151,1,1.0
nazario5_002708_5efef5f35967,tpl_6cc97a68a0444a0e,140ad5f73c56241479eb3442b4d2223316ea76788a6e26ca7468dfefb98da2f9,1,1.0
nazario5_002709_d1f073114f58,tpl_d9f015a398dc86e8,4a532b50105d4a191d27fe89e0a7d5bfbc7eaafeabad914ba5aabf0460e0315d,1,1.0
nazario5_002710_8c63e3c1cc68,tpl_0f3c4529daef7c0b,27745d9085bbf50f6bca2d96f50ec091548c32afb08301b6561d8e32300e8925,1,1.0
nazario5_002711_805fcb3e14a5,tpl_e5ea0b164dc95509,c8fb7edb98fa38a264563c9459d7c89676bf07b430034476965cb1ca6f7d4c7d,1,1.0
nazario5_002712_54410957149a,tpl_72a9b18c012077b7,e03b1523561938dfdc8be929c615b71b6a71d76ffeccee1b3a37d1db313d5ddd,2,1.0
nazario5_002713_9a79d443c13f,tpl_781e2e3d3661a974,c2c9ac3c52a951640e120426696c513d6e6dda7b1ae8669c3726cf19aa5a38b3,1,1.0
nazario5_002714_afda7dcc0ddc,tpl_691bd00861b3223a,77f9d473199ff99a282fd2fe7c08d44c612b4996e55faf983a1f0c1605f4cfc3,1,1.0
nazario5_002715_a336caef8d20,tpl_91971e8e46a07226,ee0cd775073d0e0ee9b3541da81d5abe7a4e3a650817e05416e53c0990e64b66,1,1.0
nazario5_002716_ad07509e8ee5,tpl_22e54abbd6e8be9d,2bf9c670b260097649d7e51b9b2c351502d73578b730da8db08a0c2017d5e71c,1,1.0
nazario5_002717_e96972977d99,tpl_8fbf1a00d7fe7dfc,74d8624a4ee4819d78eb7a665d4400208fc4b2fabf598bb1b308fad3e7f0d818,1,1.0
nazario5_002718_787a715aa77f,tpl_559c0769d1db5be3,9426d5329d446f45fbcc9367b01df2f6581f2a2dd970ce932ee70bb2c1b0762f,1,1.0
nazario5_002719_334495ecec22,tpl_a25fb3c410525d31,14705126b8f461bfc7cb57708f79abf919ddeaaf39f53cd1eff7d883655336b7,1,1.0
nazario5_002720_b0db2ce58d33,tpl_6e42fe6d99a14bfc,641c1c050a13f9b506740932cdff65914f6e3e757792ecb41cdd612d18a5af74,1,1.0
nazario5_002721_91a2213f3b6a,tpl_3d55d7427aeac1cd,b1da30aad4182ec5992f3b2c4044097f7aa25554c322d62d25e3be2cc39b4e23,2,1.0
nazario5_002722_ff5d6a0a07dd,tpl_1cb0276e1d3ae0e7,bea93a26cd4eede454fc946f8dc0da26f484863cb1c16d2e47e1590f9da18674,1,1.0
nazario5_002723_fd5d94bfde95,tpl_2898a367bea7b51b,48f4eb11422a7a883d5ff5e275e47cc3fcac0f9de20c4d8dbd1adf8eaa48089a,10,1.0
nazario5_002724_173068ccce70,tpl_a4aad38438a074f5,35009462df44b240df7b86a25dc62e7bb4e8c8847b2526046e4afba64c069d69,1,1.0
nazario5_002725_90948cbd6e62,tpl_db164489376fe940,ca34462a55b20a9cb9ba5ac8c5485d8f7ddeccb3e90acb1dfb5d10e4dd831280,1,1.0
nazario5_002726_0191ebefc1f7,tpl_72a9b18c012077b7,52c32ee7dbb435c7018f02ae2d33c1e0f8eddd91d210240d58540bcc2eaf1959,2,1.0
nazario5_002727_152a0233d382,tpl_0d8350d229fef449,b7ceb5f438122b0b00162461b3d22828c75ef289c965bcf71d644e9b86038ce0,1,1.0
nazario5_002728_060d4a57b22e,tpl_673e2d9bdc376bf4,eb14012789173ceff3228eadc8827512ffe41f501134b18c9b517ee37b51fe0c,1,1.0
nazario5_002729_e26ae334a7c8,tpl_73133e316494b853,6ec4d277dc8feb02d06bd0d82aefce6adc98e675ad99ba3452865dbee8fb7496,1,1.0
nazario5_002730_0d14cd414d90,tpl_186a22b8173a0ff0,71c296e7d52c8150fb1608e3b14c2e0939a94866a153f100a2c25073bb6d554a,1,1.0
nazario5_002731_bd0aaf8c53da,tpl_fe5704327a3724d2,50b5f08a06ce145c5a77111c66a5b6b901a379ed7a1e4bee67bcea651382201e,1,1.0
nazario5_002732_473ec382dc5b,tpl_9efc099491da92e4,d30801b7cba50183ab8213a0fceab9215e44114789480d5c72318425e0008fdf,1,1.0
nazario5_002733_b266cc214b20,tpl_3537932d650da592,4b8b293e10f5194179498677a7c29717d240335ea3d27634f00af2530e68f8e2,1,1.0
nazario5_002734_754a61ecb6d6,tpl_e6bd21e8aca97c42,cc5ea467d27fe312eeddc5efc56428c2c657a5bfc82df56666eaf45c31a25dfb,1,1.0
nazario5_002735_365597ae692b,tpl_7f1db375d16fe321,df80cc37357fb43437114ee62aded802b8fbd885c6a891f330361a0a8550ab5b,1,1.0
nazario5_002736_4324981cc2d5,tpl_011a78946f1a5c3c,cc6273085bf76f2e40aef2227d1d024e80e0a569d0cb78f6750d048b256a074b,1,1.0
nazario5_002737_9124b23d3d41,tpl_faba59b02ccdd435,db4ceb49e6db70e5e50c6d855ef2482b61831acbe38fe393945fc60666a3b49a,27,1.0
nazario5_002738_6172063b8acd,tpl_a3d454dac45c0c43,a1bda4fd54b1e03ab9168406446b5faa47247d15ed50c8c5587a0ab4785156b6,1,1.0
nazario5_002739_fbdf26220f6b,tpl_7b192d1d03f576ff,93c63bda0a0b5cc0003bd04cccaae5be38ecf01663768b9235b58e82f4cb2a01,1,1.0
nazario5_002740_3a37d0786f1f,tpl_cc45f31ee5211358,7d272490a6fc5d017134664fd845fde0c46f265c7efd68cbb33a5cadb0efcb20,1,1.0
nazario5_002741_4633845427f8,tpl_b6267f7f1faa4953,496c142164c96f65c790999e568e0b597495256f6855ebc258ce5b34cac2bc84,1,1.0
nazario5_002742_af8ac3a4fa80,tpl_13d3747a0d2eec5f,8609d3abd3720d97b565ea9600a8c344e4066adf4ca6ef952b0358940e4bcc14,1,1.0
nazario5_002743_0b0ef8f92453,tpl_5cb02534f6a0c4ff,489872dd73fd05f60c9421eb0e9595e3e83d2b9b6e4d2daaad50cfc690989d6c,1,1.0
nazario5_002744_e1913e9a0747,tpl_3ba3e5aa797a2385,5c8c4f77419a7419d90745f2febbe34961bb16a7bc81a2f218f3dc5225614cac,1,1.0
nazario5_002745_f3de82170d1c,tpl_6605f69fcaafdc24,53f254cb197e15993f1166f0b2ba50fb4dc606b59186e3ab1d93ec4236c88527,1,1.0
nazario5_002746_3aef04115069,tpl_9fc5cd65bfdb8413,101885c86fd40faaf020abf53c1bf399cc9bde08c78f742bc6b932f13893ad8c,1,1.0
nazario5_002747_e5188fd950b2,tpl_3b97590cd3b664a9,91b19b548983fdbd479f1bcbd6b132e52f4d18a16e11ab2c6761d2b04db1bd4e,1,1.0
nazario5_002748_84fc3dc3d637,tpl_ec71aa1b30242609,433cac3297e5305379eda918be8a85638280bdea07dda8f9a05ebd9bbbad04b5,1,1.0
nazario5_002749_20c72e497417,tpl_3d55d7427aeac1cd,ed19dd5cf1f2e455eb54676c33d9b271186f52d90671c059fd521fdee6f67ce7,2,1.0
nazario5_002750_c6612bc2c394,tpl_056d7dc8210352bf,b06eea3635e9013f39e29add98c5bdaccdadc97db11fd4d2fcba90d0b81ecde8,1,1.0
nazario5_002751_883bff1b3980,tpl_bd0c52aaa3409c68,b51a1f293b8a0ac1c4323df10ff6f549a2d78c27ed26922bd467b96767cd286f,1,1.0
nazario5_002752_251eee8cb58d,tpl_36acc410bb3097ff,d51cf01d0edc1a4bfb583c2e450fd4fff9d4bae8d723409e7128f4b411f995d2,1,1.0
nazario5_002753_68bfbf89a68b,tpl_c4b67d9d0c7036d5,9448f26e23820c1fb7487a1dde925f3c6ed8a17fc823126e2683fe1a90b5e778,1,1.0
nazario5_002754_cefc7ed5c03b,tpl_436861f170870899,0c084f95f70d5b4efa05830964425e3783e9de640258091a980bb03c7a199e80,4,1.0
nazario5_002755_62c8feecaacd,tpl_e291d279c3d2ef03,984ead64142afc740b76b076351cc2c58cb09d099ba5aaf6b8b608ceeba28bf8,1,1.0
nazario5_002756_54402a4153bc,tpl_67fc9fd0d5fd3ceb,5c2713657ca65d20a835b36220f9fadff5ff0bce9e63c91d419fcc65608002c7,1,1.0
nazario5_002757_5d33a1b81abb,tpl_0532ec68ae39aa7e,79641f0c139d47eb8faef1d4fce16dadbdbc04e5f55e2903b971ad969e46dc36,1,1.0
nazario5_002758_aa52bb966a83,tpl_d222031e90785ea2,2f1cec2be773b555ea6206a27657f75fb601eb9167046e1a99d5085f362f612b,1,1.0
nazario5_002759_3761aabe1186,tpl_ff5cf24e16b87046,4d55527a5a625e5fd1d747c04bf512b6c421c965826ed957e4db6b78f16795f4,1,1.0
nazario5_002760_602fb4b34668,tpl_fd375f3ec7f1c6ac,14309fa302e3fc99b54d773ef872ea2245cb9f80a209e48fb28e9b7a5d39e264,1,1.0
nazario5_002761_1a12d9e3dbdf,tpl_745f47d8bbc4cd07,8854040f8423a68881f012215781eb253ca5bcb457a1ac21b058cc990ea33d3f,1,1.0
nazario5_002762_aef5fad28e7d,tpl_866bcde08518b389,2e1f6532e166f6f100d13e7edfd19639a5f5365961629d981daaf0735f010719,1,1.0
nazario5_002763_e064f1a3c7e6,tpl_53626a5e1e7c52fc,77b2fe45b7d0021c49cd5ddcc4497880621b20570f33caef9076a2510260a934,1,1.0
nazario5_002764_c4715a3022ef,tpl_02130ab9d795fc5f,629086ae4ce7c0ba4a9a397840e4373c3cb5603165bd00efaea7fbe2674391a4,1,1.0
nazario5_002765_d54f580d9bd2,tpl_c200a52f1317a0c8,32e99bab7824583ae3dbaa896daaf708b8986724fd3a91b862024ec70b33d970,1,1.0
nazario5_002766_a55051f3ccf3,tpl_436861f170870899,45ca5b3c651422507d54e0fbc50a7012f03ba3617b4c70adfd9156f580ed1c7c,4,1.0
nazario5_002767_14b4d0a65d2d,tpl_436861f170870899,0241ed16cf0dc1dccb5f4bc53f941ecb802c0ef5a47a886ecf17f2955518b246,4,1.0
nazario5_002768_1512a476d70c,tpl_0bf1013003fbdecd,833126b96944a4f4d0179badbc138ff10762cbc67c4937269ede3aaaa5e346b4,1,1.0
nazario5_002769_ae7c5bbc5327,tpl_ebb29a36e8103d9d,bb276bb97b6754951d28f5b1930e87d7687412a7bcf8a41323db9cfd474a9471,1,1.0
nazario5_002770_dfd03ef69fd3,tpl_24a69235fe8bed0a,58e21a63e316be360f398c2f54fb36d3711fa0191e639e623923f1f33c599703,1,1.0
nazario5_002771_6d3a3c024f56,tpl_af13eb463487131f,07d95200e121473b64967d7cb9bc5e8eb1d71979637b48771e7c32dd38025bea,1,1.0
nazario5_002772_592df8bb5030,tpl_034fe50bc88c5afd,c301264466973d01de7cf2a47742c18f9f23b31e31fb87b3d203debb1ed61bad,1,1.0
nazario5_002773_190ec9c73688,tpl_633dbd33965fe8e1,541a374e64273d7a1adcca0db354a9f66cdbc7d4d221e58d9f3fad023c2cadee,1,1.0
nazario5_002774_37da2214b44a,tpl_112dcdde0af3875e,ece49f07cc2b99f584a3593856fee44f9ce36e715541c78b14b24b22e19cf4c1,1,1.0
nazario5_002775_6834d6690d0a,tpl_82bef223363fce61,c60490a5c9e844036e9d0869c76c0294e6f76f68735198727a7defda5438f93b,1,1.0
nazario5_002776_54f1317f12b1,tpl_2f2ac28ee09a114b,a500bb8a6cbccf38d120029c6486f2f114f4e6bd45c75dc346370c08d353338d,1,1.0
nazario5_002777_0b0a7431cdef,tpl_8b9b13bc142e3fd8,0d3cd243cf8ce2bcd1fb96bab2cbeb5931fc7f61ac2645b6beb02324ee06ce64,1,1.0
nazario5_002778_83da1e88f0a9,tpl_c25cddca76873277,dcaf790531d304a2a103f0272c1c3d493e8cdf0bd67cb0b605d2f239cb2e7815,4,1.0
nazario5_002779_bb98c8719fa9,tpl_ac7ae26b05ddbdb9,1d4d3a8d1eaa7e2ca95143face45bb3dfa72997bf05848f3536b7309e5a3af8a,1,1.0
nazario5_002780_1890ea48e275,tpl_c515057c8e16e7d9,f849ff519cf794d5f4847b38a446115bf46ca833ff721bac0cf59ab68ba530ab,1,1.0
nazario5_002781_dbd6c001c1ea,tpl_4d7326917c7a912e,c2c5f1b135da8392bf7f089a5e58f0dd41674ae75f5bb00b133081cbf109c712,1,1.0
nazario5_002782_84c67e843d39,tpl_0d436d1069068fb7,912ec832d592b9b5a27d97247f20fadaf82b17856fe63ed95bc8ac2e855d7871,1,1.0
nazario5_002783_6570de1481a4,tpl_e83634861ed0515b,50f5955ab72987bfe141230fc099686791430375f806acf4613cf87e53b08ff5,1,1.0
nazario5_002784_da2973758df8,tpl_af98b93f1fffdaf9,c8791857cc4d7293420be019e88377a705d4066853a4c73fb3a7ff1cf41ed4b3,59,1.0
nazario5_002785_cc8982e73c89,tpl_2b1db88b7b89c77d,d7621c4c57c4a48948bcd4472beffd7e402b8acc501a75dd629292f7de3de898,1,1.0
nazario5_002786_46349f940bb3,tpl_38a53ed6100e87f5,017b4c5537efda1c19281c4dca80597f4b4102f390ca62c798933baf23a62adc,1,1.0
nazario5_002787_777a6093b96f,tpl_d3ec9095967aad7f,9408310d9f57c33be1fa6b4d6d5934ed13ab4db535346995b788226392fb4b25,1,1.0
nazario5_002788_efb067b839b0,tpl_2d920f0fb9311b1f,6fc4a976ee3c104961072fd7dab5459424225e31deb4b845c06eb1e61d4bf761,2,1.0
nazario5_002789_0b71e88f46fa,tpl_436861f170870899,20459ad698dc5e24293a490719502b817a2cf5ef3d93c69739e1c8b4477ffa87,4,1.0
nazario5_002790_844dc93728e7,tpl_e89bb34a4e3c1a79,1cd85438ef9f44652c5f495f8fe3201efa504983d7c36266a9ff7ec5681050ad,1,1.0
nazario5_002791_4d70288613b6,tpl_2d920f0fb9311b1f,f7f6cb2a57b2073be4d9a7cdd1cdbfa869e80129e1c65d4cb9c6df0707ea8094,2,1.0
nazario5_002792_7a4459a57ba6,tpl_9b75d8a632d91f72,617d008e5773c164bff86ca063119d947aa88e62c0d85b5083c72d1fc272e8d5,1,1.0
nazario5_002793_104943d09620,tpl_f48e24a1eab328fd,216cd2fd3bc4c4689ebb8805265517da9b1f44944899e0f59f5b649684d60157,1,1.0
nazario5_002794_2cc4cbbf6e00,tpl_9e1440d684c86ae8,237ee85ffc7ab6169ea6817e40574b0c5e6d5f8d0d1c716f50f3a5d57f6c16de,1,1.0
nazario5_002795_dc7e897ca845,tpl_8b20d876e17e0746,e05ed6b96b189907025c28fdf7602979334ef345464cc13aea4d1cd675ecb1ca,1,1.0
nazario5_002796_0c79dc11640f,tpl_31cd97646a242361,3d3798e7036d4c8d903eea8f5f1bcaf69f893519cb5425e56f3591d1a0aec960,1,1.0
nazario5_002797_2f1a94680adb,tpl_8a20f8a37cf9768c,ccc36b3d374834e87c059b4d6a3bdfbe062a26811c63361829328dd7100bec5d,1,1.0
nazario5_002798_2f9a773b3c04,tpl_481ac35c0f032a01,01ba7a4e590cf7859948f7f86004ffedfe99939073445c3f60e60f1de77584a4,5,1.0
nazario5_002799_253a42678224,tpl_8ec3ffd8929d583c,a481ac08ac2d41e1df22ecc416639da1ca560a6625c4e8a7db908d59d2392635,1,1.0
nazario5_002800_e0938ff85fe7,tpl_013a3090c34459b9,b24b153b9b9acb62f201a5ebe16de6850bc05f00976249e334f6dbd44f9516db,1,1.0
nazario5_002801_acfb22d7cd35,tpl_55a9a33303367ea0,910b7fcab732af056dba7a9acae21bb6673cd634d9b8a27f89b5bbc8afd8b7c1,1,1.0
nazario5_002802_429a5e1e284d,tpl_0db702635c0c8f4c,00a77ac757f4055b7ffc3b2962ba783a6244563dcc8d52cdec3408e56c215253,1,1.0
nazario5_002803_d6940e946b6c,tpl_2898a367bea7b51b,7d345507ade8becaddf511a9e71ef3cc385011d1e41618c61608be0c127e23ab,10,1.0
nazario5_002804_ef40d54887e5,tpl_817ab6f446164b86,8e1b990882c106bb829170cbbb82e66694171405140c42eb13e04d6a500adf9e,1,1.0
nazario5_002805_9c9fa06bd2a5,tpl_d47558e33fd10bac,82ffdd2aa13b94203384fcd2c556e86d9b3a2fd801f7c576bfa924e177834f93,1,1.0
nazario5_002806_0074a057cc01,tpl_cb41333fd67c0916,9851f936e0c9deb9477d20024787ad34c5ebd4fa665017e736a9b8d15a7d5910,1,1.0
nazario5_002807_01ef433f0898,tpl_e0bcfa9423ab7a12,228839b2e9ad1d240257e072038cfcb82f068044cace6c90cdb3251456e63d58,2,1.0
nazario5_002808_8fcf86eac479,tpl_e0bcfa9423ab7a12,22f9c0226b4ebcaf4b19a97bceb67b3ab303bf71b328813a657701bb1d5994fe,2,1.0
nazario5_002809_82e6c8ea8ced,tpl_75eec30aa9cbe4b6,70c6d5f175d0441f764886007a39b60467ebf113c103a12fb929beff43c9ce50,1,1.0
nazario5_002810_e0187ff434ea,tpl_77d84597fef6cb6d,c6551bd494992713a983828973f60d312f7afb2a82de2f4a2f748003be89e9bc,1,1.0
nazario5_002811_82269fb9d0c9,tpl_e9d34d96bc2a8b6b,d3bb5797f3dc85f5dde75a4b8909449580a6791158ee294e309fc24299095ba6,1,1.0
nazario5_002812_c68b6044a267,tpl_856f255cdcd0ebac,5af295ddd6ea31e5e88146a475939b46bcb1e923de8f203115b576c1be9a8709,1,1.0
nazario5_002813_0cc3b4239599,tpl_b8c800efd3b6cb87,eef4a864f3e7fa56d7d10de7b06d98b7ad155ba8f6890d0ed182e2c945880360,1,1.0
nazario5_002814_fb2df9d574a8,tpl_972982fb2e1354cc,d5ff6d9a2832919ac8464948dea8e6b420e75feadff77850c07584d063d0a493,1,1.0
nazario5_002815_379e1d0731fc,tpl_04afcc73d6c38450,7e3941bd069c339eb68259f3381131f758f3a0be85ee0cda0a0caa31514fbe90,1,1.0
nazario5_002816_574beaf932e9,tpl_fb899d85057d96e8,fefe9fce8c28bf4144bd7f8c6cc0014179cce673795274f12100dc21fa097232,1,1.0
nazario5_002817_929a802f4f65,tpl_e86bb5bb36377038,9cfb1dd376b4811a7abdf21be4a4836feaf7c38b21ca529f5a0cce79bd3d2f55,1,1.0
nazario5_002818_7fccdfa9bf8a,tpl_e152fd34652a0243,181f41c86297e8a685ab66f6d2cdd8a26bf63114fb563ff126141362ed1a62b9,1,1.0
nazario5_002819_89f02c508fe3,tpl_71fb5c4499c4d366,b9b9627a50eb32d5f3264c19959eea1de9079381c787085b6034acbc87136893,1,1.0
nazario5_002820_7d9a9b94c077,tpl_e88d75e2ac1faf62,f3c60d087d4f086d792664fb153edc574f3a2459fd49c6f79af33f6de333c7ea,1,1.0
nazario5_002821_94cd9e593ff4,tpl_f0950e2dc49c3104,ec4e2b6f7f0f893904c8e804d8abb627182917de55548520b77406ef833301d0,1,1.0
nazario5_002822_5f501e9cde68,tpl_072a234c7f15ec13,2f3624b600ef7683a45279c0675b250fcb016904f593c0d8a68c48b01ce2d5a6,1,1.0
nazario5_002823_40e3a7d91f84,tpl_e1c3ba785a463035,ced2d00b1f5038399541a5512797227078de51f9fd2866da0903331df2412b4a,1,1.0
nazario5_002824_a61653e78ead,tpl_4b112adaf52da7ad,00563f0654a6575a07abe649bb14799d7d835929f792f9a9f1e140b22d4faa86,2,1.0
nazario5_002825_f5158c958884,tpl_481ac35c0f032a01,4128f4df612d03925241f08c45699cbbc781e171287c13d49fe4bf9160860dc8,5,1.0
nazario5_002826_649c78403dd6,tpl_1fcc8ebd20d8e584,e0a11684aedd151f927578ae734db06a16f0052dd183dfacfb02b167e618a616,1,1.0
nazario5_002827_209340e0482e,tpl_acb388e7b3261787,8957e0ed9907d7b0a7b20c9ff7137688481ad3f397620d1f95fd577e4c7d9b0c,1,1.0
nazario5_002828_71be0832ab9f,tpl_4b112adaf52da7ad,5e9873890b9ff5f2f228d09e063f5b3f1cab31433e6aec656d0d355801613a40,2,1.0
nazario5_002829_00132d010326,tpl_d4e3b161fd1278e4,b09d7de8474e242452ec95fb7d24882b17d615443cd9d9b25ffc625da01d1423,1,1.0
nazario5_002830_e700a1d77ce6,tpl_2f93c8ad4ab1a67b,cbd1a1265b6d7a40b15410c9bbf032aebcbe1914dd45209ddca1c8a86979b27c,1,1.0
nazario5_002831_d83de220af18,tpl_bc7db2072a491319,e701c50c03b50cc25c268c0ca3aeee46ea2188448bc0e23a15be4db2ce7ad84f,1,1.0
nazario5_002832_5dbbcd5c8611,tpl_646743529083fea5,ac364835b0c4d15a810536ab9aaf3e13f6fce39344d510ff83395e46f3d7b307,1,1.0
nazario5_002833_da3cfb863b6c,tpl_ab9e8b8d5dfffa6f,e2aee4de3f9b5c560bfe62f301f1804f4ba33e728a341ec46a38bb84fcfc58bf,1,1.0
nazario5_002834_dff1fab3dc86,tpl_b4bc63a3953faf28,42d576666525eda7d674eace30f93d28c518e690af1c83cd1a7d9026694332f6,1,1.0
nazario5_002835_e8b4e17136c6,tpl_aa646d0419726b18,59c8a595b51a65b16dde3a0ae459ad194afa12cb8050013bff77a28c03acf8be,1,1.0
nazario5_002836_5d385d6b73ef,tpl_a240b3704a463cab,27188c5784286174fffe7542607f25d0621ef32ef760846cbe06a08dc06f41c1,1,1.0
nazario5_002837_b503a0234918,tpl_730430487ef40ef6,46757438f18cb262e1a29d69726cab4aa8449cd2cbbb90d22f5088ca3cdee8da,2,1.0
nazario5_002838_2421cdba38dc,tpl_730430487ef40ef6,e7778248ce39c63f3267cf1f2002f02dce2391ec90ff8703632bb3220179b15e,2,1.0
nazario5_002839_a0d959db6722,tpl_4aa823d91ae9eaa8,a13adcbf8b1d5a77491b694b1deb23519483f77335f0bb8271f094e15d13de64,1,1.0
nazario5_002840_1a3d04f62cdc,tpl_172552a3505417fb,227d8e37c575f942ba3e2a29c03d4a25ec062864ce26860c11cd1ea524faac87,1,1.0
nazario5_002841_6dcc2b963576,tpl_686ee3bfed4730e8,da39eb872317e1b0f44db553468a38762fbe6be7ecec88b88ce07497cc505a28,1,1.0
nazario5_002842_c2a3be1c499b,tpl_51b79e3b67d50c2a,3e78af6aa238ac66e54fb3cfc968be871654fdba6df9954ac6facec87236b5f8,1,1.0
nazario5_002843_952336cbb77c,tpl_d801c723a83f7c77,477896afd4d16387d2e0f61c89cf5398adbdeec2c657a5ec69b7575f4a3c5ef5,1,1.0
nazario5_002844_b3244aae8663,tpl_430d9e1773e1ed32,8e7c66d5acae76b7423492a4c07791c6eb151397efbe0258cf39f325db4f67d2,1,1.0
nazario5_002845_675606dbeddc,tpl_b536742dfdc8e0ec,8c97d6bbb36733b7071b8dacfca8da31f864cfd3db1ad29556ae61608eca65ba,1,1.0
nazario5_002846_3f1369c32427,tpl_b967f9cfc40a3b42,d6d532716106de6cfd53ae32ab0f72ec1a2bd20337e51875114ab9115cc1c7c1,1,1.0
nazario5_002847_99986321a9d8,tpl_5fe422aaabbd370b,8a0f2e09e5b683141f4d1d9920af825c30ea2768f39f8ba796a8d38d94106536,1,1.0
nazario5_002848_19219107676c,tpl_269c369a75658455,461389dd3b00270ba9a03cb2596c6ea80267af3d043b02516449eeac831cff2e,1,1.0
nazario5_002849_93e325b99e4e,tpl_d2d6a8e5f422e949,e7982ae31af3a3b8ec4d1840050e6b5eb760859811ddb58b509c78546680cbd9,1,1.0
nazario5_002850_76d835a60af8,tpl_895f461351724233,582277903176e0cd796a8ab3764da93511e7f7d2f29a8051d951b6deb6b76dfe,1,1.0
nazario5_002851_c441e1e7eb2d,tpl_d42bb2789eda7d92,7def707d2b8f2fd8db35a32bbc1d7acfbe14efc632bbdab9f3a222c6efa29272,1,1.0
nazario5_002852_6cc63cf7dfe0,tpl_6f5987ad34aaa2c9,00ba1b6f2061e13acba775e658ca78010941822e068d6158abec104a0c998a56,3,1.0
nazario5_002853_98ad5ed05a63,tpl_4cf3bc4e8d8f5101,76cbc8bdb18112a59c4df8b06343fa867d2926ce0f909ab3e5d92c422df39b4d,1,1.0
nazario5_002854_462a2512491d,tpl_02de20edcd719982,03f29d3ae0b34106ed9e4c51702246658004d941e8499c31f7823ab5ea3d3e77,1,1.0
nazario5_002855_ac4f69569a75,tpl_6f5987ad34aaa2c9,386e4a267c894994a23105b495bf6211dceb9308118bb6806ab7223f9e6f1cdb,3,1.0
nazario5_002856_ed7d726562c8,tpl_96a304fb512fae78,8447ac576fd5b82b693a0f532e465144dea73f16940c0f5d51abfb56dcc99c02,1,1.0
nazario5_002857_d20adfda15cd,tpl_950f794c0b8f6c82,23036705963f703e5176a6572cb946ab2bb71b1a87d745688175dc925339e5a3,2,1.0
nazario5_002858_798899802b51,tpl_60726ba1eefaeda1,25b50cd1bf084b080b5eaecb38edd6378673bfdc03b3a21ecf6b397ee2d6dbed,1,1.0
nazario5_002859_c2b6056bb2e6,tpl_470304bbf939d2a9,a269e04d8c413164fb4f352f3f3c85deb5a10af110ff2dd760bbfaf5025894fb,1,1.0
nazario5_002860_4f1138a1082a,tpl_26bdfddc102be088,f295301ec44b900df6069711eb5eac9a3d8e87796d4e1224c4700c89115e024c,1,1.0
nazario5_002861_157ae9f1723c,tpl_33babc61a121fcc0,db42af234b9a5297d7c500e1268266b62a822e1b4bba7519238bff2876da2381,3,1.0
nazario5_002862_e48a78baaef3,tpl_950f794c0b8f6c82,66e30a9f51f2efd594ad79e99eefbc31aa2ea8d88750a4bc274138b0f953803d,2,1.0
nazario5_002863_d8546f3d71fd,tpl_6f5987ad34aaa2c9,e50fe9242fe360adc1cab359f510e061b7fc910062a17b1e7c7e1ed8db4bcd3f,3,1.0
nazario5_002864_4194eefb4867,tpl_8d54adc121ed5ce9,35429393adb40d5b77e106ab3b5eb50fcb51558758234a49f6eeabf56961e542,1,1.0
nazario5_002865_623b1118a69f,tpl_2694719ad82fe058,ddbe44f384d54fa99bd2c90b1de6825c99fea019a4f6b3b51e8a8b2d43f853c8,1,1.0
nazario5_002866_f131712e929d,tpl_b5234c073ca1464b,822f41b36f1b8c5507464f4044c568ce04632c7a30cc92b56d71d777e1c330c8,1,1.0
nazario5_002867_514e352165b5,tpl_05a056734e204fc1,1b550b1bf83ce58f16568f9dc45b503d54d1ccf5d66153d75c05218e35e775af,1,1.0
nazario5_002868_4d2f85915d80,tpl_92ec2201a653d181,524b1cdc2db788ee4ee364fface3f886e4b9eba814bda8cedb2e5065f4f5c8c2,1,1.0
nazario5_002869_8dddae212539,tpl_90dac6651cb8f73c,f0569ce89736994ec4ae76c66360cafc51ff1b989fde3589871398929f07841a,1,1.0
nazario5_002870_90f3e85d7d5e,tpl_475c61fc84952866,4f91546ea303a38e2339ae01d044ee3a61037a741bd513c52e6fae2f49bbabe5,1,1.0
nazario5_002871_ddf0bb1855c1,tpl_a37bd9f53c158acd,f591752f7b27205006920362b02c8af3e27068c7c098ea5aaa6690c2d7ea4691,1,1.0
nazario5_002872_7081d91622fa,tpl_2898a367bea7b51b,6784fbb11667358f278fa8060e315546d55dd153a987d452509fd79fa25c999a,10,1.0
nazario5_002873_0ec9d7b52ca2,tpl_8111503ca397f973,eb9fa399284feef2c1e7ce20028cfe9014a9bfd83b03344f9167cd8f97900769,1,1.0
nazario5_002874_506c7b3737a5,tpl_4e7d8a427383d190,f64580b99138f7f4863c6476ec7b94ff888b8d7cc16203ac5df4c188a3e07976,1,1.0
nazario5_002875_6cce5e20a66e,tpl_c25cddca76873277,bac8ed721cee8586a9bc8b54e982915010681f14e8bde2e76cfeeafc74481605,4,1.0
nazario5_002876_6fadb60fa9b5,tpl_c25cddca76873277,160ef31f0d28ef4979a0cad41153955a423153d174002d494f346faeabd93eca,4,1.0
nazario5_002877_4708acb5ece8,tpl_c25cddca76873277,584e5d116f37f1c0b8307a23a9b519bfe4bd137ab7ff9d682ebccc6f9f511001,4,1.0
nazario5_002878_613bc1972f98,tpl_0c2e35cbc9d711f2,30a1652e0b34ec65d2017e295aba28958d36831aef80924457d5d5fd6b9129e4,1,1.0
nazario5_002879_8936386c2721,tpl_15dc54f1915a6d61,41c6cc44a1482f33ace8770fb288cd1f65346bb45655d1f31516ec49f5c1995e,1,1.0
nazario5_002880_d9d03cf37936,tpl_282a44e816135b03,f17df516806b84233075c5f18a405f16b8eb73c5d48d277d25c0091b227fd29e,1,1.0
nazario5_002881_90a37214047a,tpl_d96a28aa0f17fd51,d8e656b05e4683b213cc84b8091d908a97ca1688e9f0e6946f75f0a30c5a19a6,1,1.0
nazario5_002882_a8b699c387ed,tpl_db420ffa6b4457d0,dee186660dd8111ae3f966cc04485b0a1c7e3862ebbce97ef86277d3ab9193fb,1,1.0
nazario5_002883_0449765efae2,tpl_04d6dce37f668cdc,13d0e6458952a97203bc5125c19540059941e762ffddb9888fac44347b75889d,1,1.0
nazario5_002884_118880f8fbb8,tpl_a81253c5e1691c3d,05396216c8b350c1a1d9cc6289beb1b4d3b1b0b8fae288f1ae4da188a20f665a,1,1.0
nazario5_002885_249b31534395,tpl_24520dac214685f0,03e1e3a72479e29282bccb0099399e4343dbde2e281933201cdeac7cc620194c,1,1.0
nazario5_002886_976b3f68783f,tpl_e3c9af6417b28b7f,4c24b722c399f400034142df1e6176e65f68d7c39120d9a4ff665bf926748c39,1,1.0
nazario5_002887_a23508ff7b35,tpl_f6b28dc53bb98ff5,210968122078c53e5285fc2f7100374f227d8620ddee43fff1fcfdee296ca0b7,2,1.0
nazario5_002888_6f459e5aa8c4,tpl_f6b28dc53bb98ff5,3c10e7ef61bfedef6a3bb49f25ec3e27da8f4625eecdd9d97e1f134d7c867496,2,1.0
nazario5_002889_e2e255ad440f,tpl_67d63fe302bc0d28,adb7215d04beef7a1d2b51807546d232a6b3e5ef711f1f6cb62a1e2c345f9801,1,1.0
nazario5_002890_46dc5257cff7,tpl_51a9f734c17c3d0b,c86634bd315472fad48f48b314e663dc6f841e1bd0ade2e4bc82d18522b323b8,1,1.0
nazario5_002891_9effe46c8d32,tpl_d5fe952e7e1a3b8e,9e15e75ae5ee8c10a2051fdfa9999f3219f9dd306ca2a52f0c017fcbbaafb706,1,1.0
nazario5_002892_b002551d84da,tpl_8ee7e224184ac1db,b603e006ead2d8200375ef628bb9373f1d556d4d5d47359cfa81b839f4090920,1,1.0
nazario5_002893_873921c8f732,tpl_bc84f4c8703dab0a,856b900739918307d4ea5085709efe9f60861e43cd3a9b942f76886ad28429bb,1,1.0
nazario5_002894_80273524e806,tpl_755fa4e96cdb76d9,73531a13acd30a5ba17273162782ca832be090d342fe2be6903c632530359992,1,1.0
nazario5_002895_f484ad3305fd,tpl_560404e88571d266,524b0b4a906f9de0dbf6da2683d671a5929a76be8df1d6d6587d210734c0c48d,1,1.0
nazario5_002896_b9e3a5fc42b5,tpl_984932624cacf937,6911809d93bf1c41e3145a137790a26ed1685372186d505eac1f63b847e98848,1,1.0
nazario5_002897_b09e8f5893a8,tpl_d1eba944e0bc42d0,866c8c3d6782853cbd3eb11060863596e1b9493569f8d9bf3e1d9edc475ebdb0,1,1.0
nazario5_002898_9dbb5e5620fb,tpl_f870a49b64f53667,0271d48c4820c04b8fba98e2466c0d1c2b52ba5856b5642cbead72de8ad585ba,1,1.0
nazario5_002899_413833278d80,tpl_59b2372a604ee0d7,eb6348b3e9eaa59d1aa7e4738faf58c7bd3037194b5b13c25f8d1194e45cd563,1,1.0
nazario5_002900_861e3b58e604,tpl_afc0318ce08fa375,99a91e030293cd07f8438b430d070c3983b558035549ed9c3e333391d30e2a41,1,1.0
nazario5_002901_778d41f137fb,tpl_21e054ee8f862328,e1e12987d6e28fb56b710b709944f19b2d5bf9ef1dcd0b228cfc63ba473f8ec4,1,1.0
nazario5_002902_a308cc9e3e79,tpl_33babc61a121fcc0,1dba677db6ba325ef636754325be581762968008bb3745957745ef52d9c7491a,3,1.0
nazario5_002903_74a3aa0e94d0,tpl_33babc61a121fcc0,627042853404dff188f1e161715cf84fb9996177f5b6735d150a63bd2bbf0ba9,3,1.0
nazario5_002904_289bf8c399ba,tpl_bb92e524f63abeac,9da758658cc23517cc076c84fbc6f3184ad2b40925a3742d6be99f39c2f116d9,2,1.0
nazario5_002905_14d0ab644d17,tpl_2afc129a3b438dcc,c86622ad3db9b3e4c97850bee15a819acd4ae7366625f5eb4fff86cbee41a997,1,1.0
nazario5_002906_2aed4e4231a8,tpl_a120d4ea0cc7f5ef,9415ff6ed860a42f262b965fc713e90e04025bf0c92e74ae3242f12010639fa3,1,1.0
nazario5_002907_db14b5981dd3,tpl_173d4911f5842bc2,bf703909293e343c999607b83bd539638facae17757cd1e3e7772f46063b228b,1,1.0
nazario5_002908_981e4d06d337,tpl_4e2bf6a8be8a1ae3,aa43bea125e62d033b49982b063db2e72e2d77baa71c2c6a7ee3a0c9dfbe34b5,1,1.0
nazario5_002909_7d5b1d48b089,tpl_b756b1f22fe9fc0d,592abc0c32e2c13137f6d93472b0c4caa399da82a83b59cb75d9ab8617dc4f37,1,1.0
nazario5_002910_9a99fb5a756d,tpl_e9d7c49f016c4323,5fcbe4f49773da06fb24c3b21f3ba43fcf311e643eef953bb6785ef98e901e92,1,1.0
nazario5_002911_a71c44e52b0a,tpl_bacfd76389d25ef6,8321bbdbcbd2bce3dbbee3cb1c6665cd80f540efd727b44d9c94fdfa6fe64f7d,1,1.0
nazario5_002912_052f3ff5ae1c,tpl_60e3494ee42d348c,18f0a750cc1394c39f15586cdf4eee3fbd1329d494cb38f0282c321cfa47e2f1,1,1.0
nazario5_002913_96f0827db5df,tpl_e6fa0029686ff964,00401161360f39014998d11bde3071ed8f50af2708a70fd9393c48dcffaba090,4,1.0
nazario5_002914_2ae89eb5e297,tpl_85dd8259a84c02ce,5b73abb7fb5163906837a9901078b011b46bfbd7c26c06596aae8d617ce25cb5,3,1.0
nazario5_002915_4ec676c2710e,tpl_10ad0201fe095068,e8583cf34b862592737fdd17af092696e1b8f2e985aa479c39dba3c4315cd177,1,1.0
nazario5_002916_80d1893c16c5,tpl_e5187595d25beadd,4ab10c5b5454ef891b57a69235acc2a85db0858e0b5118fe6d81a5837013175b,1,1.0
nazario5_002917_51fd36e54e10,tpl_02b44567a576edfd,1e23bec1d166099c9f366865c8dfd9200b3b181c4e3634911130f759859100d2,1,1.0
nazario5_002918_c645dd7a16eb,tpl_cc447fbe882aaa6e,671e8b9cc6f438eec263d9b620dc3362397c2e65b2374ee8cecd5cc59cc584c3,1,1.0
nazario5_002919_9a49dafeff88,tpl_0e2e7b58b93a9230,c7ea565f6cb515db7f111d7e15e0983233eb6061ca8331c4994471796407cfcb,1,1.0
nazario5_002920_aed801d3e278,tpl_c3b7af871d95d6c4,acf159847731b4e5f99662847ceefa2127923d4ba9615581ebea6e0d1c6e1d75,1,1.0
nazario5_002921_ad49828a343d,tpl_24a4ee506de80c1d,dc0a2009a1c2c35f397f19ff837e2b817fdfa57acc288df747d0a84368a2fa1e,1,1.0
nazario5_002922_9a7cdb51619f,tpl_b56852f766925014,ff1e7ae0f8ddbb81186a313e59d12a3a9d402e9799869758ff3daab73f9856de,1,1.0
nazario5_002923_c9a578387200,tpl_5811e24d8aee3bf8,3bfe9b410308664b18fcdf988d1dcbd419bc6a3497e1a0e2f623d3ec8f7cd308,1,1.0
nazario5_002924_18a448435219,tpl_c8a4a015b03f0f3d,0a4c697a005b07210dc9f5bbeefeda247c540a86c8fd27137f6cd2e7a28ec62d,1,1.0
nazario5_002925_d1f71b9f5307,tpl_1a4466759b95d1a2,007fcb4f9f8b27e4fc230e7d13f77395149e7fcf84adfda268800ab4f4e5b1cc,1,1.0
nazario5_002926_c2bc670290cb,tpl_e299a5901506c921,ffafc66dac3f150ad83ccb32740ffa92d62dec7f5676c129b10ff5214255ab3f,1,1.0
nazario5_002927_70e88a96051c,tpl_e6fa0029686ff964,257826d3005e0521fb27fce5df098c70799ae76e6a1caf454ba3f6751be4e25c,4,1.0
nazario5_002928_e71eb9120d81,tpl_e6fa0029686ff964,044d7ab108ea2facca46f569b325bccb19c55b543df0b0d6d6f9944b94563636,4,1.0
nazario5_002929_0c4623d0f966,tpl_e6fa0029686ff964,d9edf30e57c8f7207817b9a0219fa04efc480b83ba1d93d522af92f2333d8566,4,1.0
nazario5_002930_7325a4e48185,tpl_ee70fcd7099e9ce0,1bd7f10db549acfb75f25990abf7baefb3d3f58a35853425cccf1d324ad03537,1,1.0
nazario5_002931_1440f286745b,tpl_5edb44614139973f,0544c352ade3c23619769162425034d9245b0b10721395cddab92f06b8ec26fb,1,1.0
nazario5_002932_c07b67411ec9,tpl_85dd8259a84c02ce,552ddb3d48e9ffa1574f0997daa5fe7e769602525db15ff8d4ec468d971c4f43,3,1.0
nazario5_002933_10083174cf16,tpl_1bc46d28a51546c2,d679c8f722b5db63300ddbdf5b887ee4efcfc216148164ce5196a282c21f9b5c,1,1.0
nazario5_002934_44cdec09d99d,tpl_dc164fd8c86f2543,cde95cc6a1157a34893bc852b51d8c8dd702a714245aa395d961e53b8346a77c,1,1.0
nazario5_002935_e2b2906a51be,tpl_6554c4e0137dee56,8cf0ea6d57911c6dc235c985a620683c9c7077c071d321b2d002eacf5c3e7168,1,1.0
nazario5_002936_e00cf7dd3d66,tpl_1ca82324471cf801,82f6a84384ca7477091554979ffde9d816d43d8e47e37f61d590147282fe253f,1,1.0
nazario5_002937_f4ff39c6e1aa,tpl_e010dfca43b7464d,be73f03132eb90e128f90ec8ba99852e6ce91ee5f4f779ce1782c177adc7b6c5,1,1.0
nazario5_002938_596008d32d79,tpl_b9b821ab1777bd1b,7b48123e13b7e541d57c3b8479dcd70a562d4014ba927f3029f87ea05702b9af,1,1.0
nazario5_002939_541edf1a6ab0,tpl_e1d3021730511592,67ce0596ca01a87485e2e3593e45b88deef93673ce35b14cab9fd2751b3df101,1,1.0
nazario5_002940_319913dca9c7,tpl_bb92e524f63abeac,a9bd9bcd4095a0185f88d92b8b16ee92eca7ead6a895aba30a596a3d523d5d1c,2,1.0
nazario5_002941_59a73aec3f6a,tpl_da25af3fcd156907,3ae7ed5a7f78cbebb799093e520d26623c36dbd5a1d3f345d97eeaf229c57eee,2,1.0
nazario5_002942_dc1eea5f206c,tpl_65fa3354ac89b807,72fd1255d6f0d773858641146bfffa22ad01d6316f9cac6b8fbce068f1168bea,1,1.0
nazario5_002943_c41a5eff83c9,tpl_eb815803daec0f83,300b8c6d3c8427b920d02cd3e810ec1fe06df5c261c45a287d3625a84b5daa17,1,1.0
nazario5_002944_118cc8080198,tpl_cc32373afef9370c,18c25622932338b7bdaddc99d5f6e7690f5236590ea0b2a755ba911b6fb5eede,1,1.0
nazario5_002945_2e2e94a1206a,tpl_e8cb97bc74b9367c,7fc173e8a296bf15b717e1a808cd941efef34368873af308b78be909ea4fc97f,1,1.0
nazario5_002946_c2d627d18066,tpl_a9d143a10b6d87cb,aa1b7da8ac0f83d58834c53c57cc62e22671dbb982d390e3c965800ac53dfecf,1,1.0
nazario5_002947_b772fac9ceb2,tpl_75eb826fdf02261d,220147b58809a049994bc1780b005bbf0515b7e1ac106c9ea5cf49c6d42cbc38,2,1.0
nazario5_002948_66b6b075b061,tpl_75eb826fdf02261d,220147b58809a049994bc1780b005bbf0515b7e1ac106c9ea5cf49c6d42cbc38,2,1.0
nazario5_002949_9889aed87bc7,tpl_da25af3fcd156907,121aa6a9784bd939d6fadc62aecf2f2720324f5d9630f448973ceac92eba0f0d,2,1.0
nazario5_002950_fd72819ed049,tpl_25646b2410784b94,b7f5c82f42d05a7a13be04d9e87eca9c6082e6e33145a8828738a2510af0e69e,2,1.0
nazario5_002951_507243055092,tpl_3f9cbc178b0afb02,136c23881ebaf90fc2e74babcd8faa7659f2f520fb6c179be59d9eca5e7817e0,1,1.0
nazario5_002952_33e6dff15796,tpl_8084dd2a5c1a97ba,694c70afa632657a91c3ab93b1278aa84b216fdb6052cb79f22e325110759c0d,1,1.0
nazario5_002953_1e8f0b1b2657,tpl_b732a596fbc9581f,495d47d6939fcb1199bcbc1de609c5b45da5559edd4e9da1ac2dc893c068c005,2,1.0
nazario5_002954_332d832c805a,tpl_faba59b02ccdd435,6267cf46aa53deffdb2acbe28c9c06a236b3c1f1e329427d8a3e0230b0b5a4aa,27,1.0
nazario5_002955_5afbaf4cd218,tpl_da8f80bb37df7b5a,bcb9bbe4b8fad56f3883070f045788b837fa52b5b7ac73ac660b708a5ec551f5,1,1.0
nazario5_002956_feef907fc5cf,tpl_b732a596fbc9581f,b239ad440ec0e36c30c2a42df7989cc894e7abaac0428abc8eef416b6d753a32,2,1.0
nazario5_002957_15fa8d36ad7e,tpl_072cea91abc40550,5e95133fb4d8525f29088c0591b642a8f338c4876f04dd1da0f59f92b6af8fc9,1,1.0
nazario5_002958_014786109a73,tpl_656f39933f556555,57b35d25fc996595c4db74d86f0577069ab5e7d4e8ac4e474ad5c50ea6cb8c96,1,1.0
nazario5_002959_db1bff52a5eb,tpl_dcfd3d5d739e5602,878702e0ca266d730d6d22126d6ff9320d441905a8bcced22d55695249387dbc,1,1.0
nazario5_002960_6c5f34a19f57,tpl_ef39481d93d61601,49e88beed746d1cc52380230078305c1606122e1f1f0d7c3250b4accde7d64e9,1,1.0
nazario5_002961_8d20dc8271f3,tpl_fec4ddba14d88bbe,aac17633cba46c62e080fa8fd0f387f7dc3dc313552bd95b4d9cec0d5c982163,1,1.0
nazario5_002962_f1868bf197c3,tpl_a2a5be235f99ebbd,17bf3da4c3a14b1e67972a9d532d547816eb06d5df1c9471260e229c668f9ec0,1,1.0
nazario5_002963_706624cf6fdd,tpl_75e4c65092559baa,5afd3575a74723e92836310846031be626576808c6a033d2f0118197af69e2e4,2,1.0
nazario5_002964_f630b7cedc28,tpl_c6353267d4890746,a1058d244ffc89dc84b8c00065bf0da17023aa0b0626d9cb775c6624273589aa,1,1.0
nazario5_002965_e2b02d5c347c,tpl_94d8468550f6ae95,e8a530c6a402570fd01a2e744bcec5d8ddefb84ff3b5aa45436f059933da9eed,4,1.0
nazario5_002966_81bd97324795,tpl_4769300542d67c4e,c43811c57b3816ec8989073d8bf74714302e578293013d7522603d2a69036547,1,1.0
nazario5_002967_570173936768,tpl_5308a91a3472ed16,a087fdd543084a6c8e097f3634130a22d390c21a5cdb3411a8465a7a14b8179f,1,1.0
nazario5_002968_dc2c2aaba758,tpl_a2639f48a3efeb31,84304adff0f235878b21160ca36b578906d229c88e90869d2d728bbe7cd8d4ed,1,1.0
nazario5_002969_668af1dcb913,tpl_9b52dbc37f52c458,d5097a6aedf9ea11b706db64c10916e8c06225c146db7861ffd48287802ec6e7,1,1.0
nazario5_002970_67e1c8744d3e,tpl_89ad416bddb86678,6382a1a82f7748074584eee8101690cb54dcbbafa7bfba14d0d884261e01fb94,1,1.0
nazario5_002971_77bf742eefbb,tpl_b294a7b067f71c29,58d145e7c8858b367056585744e245f0a18eb43221d7b633008957e5f3b6ff3b,1,1.0
nazario5_002972_8941c5197cd0,tpl_13c8d94a91c8b102,129e22eb52cd3eb7df77bae59f8746f4e518dc788c6f3d9d597293f64b61f9bf,2,1.0
nazario5_002973_6bf3a4ffd9a7,tpl_75e4c65092559baa,5afd3575a74723e92836310846031be626576808c6a033d2f0118197af69e2e4,2,1.0
nazario5_002974_a9a051bf4ac5,tpl_fdf6fcc458b903a4,11e5e8ccef4cf88d03eafb6d4bdeb5d5b6e20e78f40ff5e9b8f33fb6bcf4653b,1,1.0
nazario5_002975_b4dd2e653be2,tpl_84cde920853c2982,714945cb587302c2f48f1ebbfa6e011dbf20ad3c1fe924bec5de82440179a96c,1,1.0
nazario5_002976_c148b82edd4f,tpl_23402f77305e9fa2,f69a2d32f2061c5652399838fd6768a5695d6a52574686851fb0f6ffa53f3290,1,1.0
nazario5_002977_de0bb7965d06,tpl_902bbe51c61e5a01,76613472213321152d5b021dfd81c111183fa28a43d7ff4d7fa5028b2a0e2c43,1,1.0
nazario5_002978_a475e420ec6f,tpl_a9dc1e75ada630ad,ceccfcaf4cd2079de0349c5c746828eb58c63befc722d39cfe4279e0c33c7450,1,1.0
nazario5_002979_cd6777c3b753,tpl_5b3935da6aaa0cf5,5154aea138d9ef905b3d9ab8a67a8882ec6f129d10856c0485fc0313230cda59,1,1.0
nazario5_002980_fa5e0b7f9d4f,tpl_e12344c98a19b3db,8f78e16c6043e19b45356f225ee8d2a6497c5fe5383993e75e11ee38bba151d1,1,1.0
nazario5_002981_ef2b55b2870c,tpl_abc554656a0051e6,654756c160f2f7568caf2d84df5176c6dd9d1dd81c4d5f5f03080b04e381e92b,2,1.0
nazario5_002982_a9008ec92b20,tpl_a23976748af9c126,066ab9560e345f699ea2f3c5da8e886ef67ac07f99f2c4aae11f72d9ebac48f5,1,1.0
nazario5_002983_3ccb94c44d3a,tpl_e2dab0ab03d0a78a,1c064af6f9fb8c03c31d34ebe66801b27a6f05df64e42518872f7d385f6c6e17,2,1.0
nazario5_002984_c319904bc676,tpl_949ab40eb2e51257,9f3ba531f86aca1d16199380f66d635e44664a484d614052cda7f72f84703e4d,1,1.0
nazario5_002985_499493386f37,tpl_a4478b6e482938da,f111a00742d69c3a6071650dbef3318555765fe316ecfd21dafef4d766beb48a,1,1.0
nazario5_002986_8315bb65a749,tpl_d614a2649f3164bc,28e3b6ad46b5446bc38cf29a7db9b64f96d3ddaeeef9f14c7b130142521792c2,1,1.0
nazario5_002987_f9f6e5dc083c,tpl_e2dab0ab03d0a78a,0ccc8f972be6b8386a452749e6576abdf6276b01368c85bebb6ef7cd82c58d2b,2,1.0
nazario5_002988_ab107b141af0,tpl_780d78c2d07459fe,a59d2b93f0f0f1cb713b75a2c8b384747082ded59f1b62d14ad19f5fe932f6ac,1,1.0
nazario5_002989_9d013c330b14,tpl_f49e35c958a81c97,7c4ff7e8ab6751aaba7d955f6f0db9012301b0bada1996202f624a523bb01ff2,1,1.0
nazario5_002990_2eb2232a4f7f,tpl_d6bf0857bf2401db,06df32fccb86b20465cfa0bf45465603fbc92b9f702fd1fabeef3f47a94c9963,1,1.0
nazario5_002991_91f61fd77a89,tpl_446aad58a03faa6f,b29785b31cfd3dc89a2c60e9e4bf7a92ef4719ef8e891ce0442da18ef8f8d53f,1,1.0
nazario5_002992_4ce17a200439,tpl_abc554656a0051e6,46ceda7448209f0fa18ebfef63a6aaedef16fc304dab57768051776ccab8217b,2,1.0
nazario5_002993_2e31a6f19b7f,tpl_26979d739998b53f,d4190f54e8e7993414e705a38cf1c46acfd91b078bb219748f6bc8afb9c2edc6,3,1.0
nazario5_002994_a10feadda98e,tpl_26979d739998b53f,33ee7c6a366505611c72524981637983bb7616f321032a8b79fb4eac1ae6f91b,3,1.0
nazario5_002995_74f09ee1625d,tpl_26979d739998b53f,33ee7c6a366505611c72524981637983bb7616f321032a8b79fb4eac1ae6f91b,3,1.0
nazario5_002996_827b53738e79,tpl_597ab359e7be415d,be37ef55a7de77fe4b946372082e59f2a5767ef0d6512c0dc2bba613cd46c5f8,4,1.0
nazario5_002997_88876612234f,tpl_c208a8accaca9fe3,98529b1f6690c4f204d68999cf3611f15ee3ef8dce7557e6f9f839c4d855ce6a,1,1.0
nazario5_002998_f4d89a4f4883,tpl_1ee7303898abee7f,917f78b3b740961fd4a084388b0bdd4742849796706f8227187c1a2e4829bdca,1,1.0
nazario5_002999_a84fe892b1e8,tpl_597ab359e7be415d,a83656927d793542482f8804484f1aed4d6797f5a4cacac246e0456bc544a59c,4,1.0
nazario5_003000_0d5bf36da561,tpl_7c4fc1177d862bfb,278fb1094fc1dbbb52767c78956a6d124e0281769b9c082366eb0a360f6ad64c,1,1.0
nazario5_003001_362cc6020956,tpl_14dff3d4abe0d1e0,20b88c6fa856176d54b0c5829c11cdebe8b34fc70ab63f03ed01716708046168,1,1.0
nazario5_003002_78db03b3bfec,tpl_e7d0e25d19292eb9,3fc6a4896b7e8b95f047ae2ca4c67b9c12444ba7faa30b7db8545d630bcb8fab,1,1.0
nazario5_003003_3adbbc58f68d,tpl_364f18e637ddd9f9,4350253c093fdbdd9a17cc77ba2b502467e503d4ff78eb87b4614d2fb301e172,3,1.0
nazario5_003004_a6d1aa04e45e,tpl_597ab359e7be415d,1569586ee099ad242e9a2837e0910495e949dcada61671287204f5f37285f400,4,1.0
nazario5_003005_5242c208dfeb,tpl_ba676ed6e276113f,3a601b236c3fff7cb766af33c130fd61a7ce4baaa6a17639051e7d2e11b6e356,1,1.0
nazario5_003006_92407f029a5b,tpl_a3093e953a78adfe,a63eb310a26343d73b1f65a5e4a4712765be2638242252b0d5ceb2d8dd9264f0,1,1.0
nazario5_003007_c0546be453cd,tpl_b3129bcd3d2622fe,6f5181773e1be322bc8715a9d1836b595e7f81bf24b785551ee6f3b1a369f2af,1,1.0
nazario5_003008_785a80d5d743,tpl_364f18e637ddd9f9,e366ff8e87a6b8114e1812159c35b1859dac5d45a89bd14b7eb96c4a727f6a0a,3,1.0
nazario5_003009_cac48dcdbe0c,tpl_8dbd067b778d501b,3967ab3c6de1cd6d09f40d50459d4d781af82726882d5fd8c75e2feae530e0c1,1,1.0
nazario5_003010_4c593d81e9a8,tpl_597ab359e7be415d,ad6904da63a54e3c593c59799865f787ced873a857534da2a79e78c70945c7e7,4,1.0
nazario5_003011_2448e43e4caf,tpl_94d8468550f6ae95,56efe317187364a99637caaf27b13bfb517fd2816b8fce9e02fc37dcc54f221e,4,1.0
nazario5_003012_8ba42eff4f01,tpl_6eca0269d2775567,0c573cb3c2ccc9da5c6b50af522cec2e9b94148bed479f838193d9aff7aeede1,1,1.0
nazario5_003013_127319d75847,tpl_1956ddcf27b6f178,fde04b4c006fde7eace983365f828a95ec741417b2677afe1701a3d018a8290e,1,1.0
nazario5_003014_039163285d3d,tpl_85dd8259a84c02ce,de1a8fb43e4f5cd08d55c363d9e3b4a20681f3aceee15c90abc0b683bbf5eb77,3,1.0
nazario5_003015_c4374cb24b00,tpl_badc615b4a135d83,3c27e7926cbbd3470c7e7afd4ba242f47fe2149db3206e78959534e9aee72645,1,1.0
nazario5_003016_1891292698ed,tpl_94d8468550f6ae95,d69b61638ccaecee96df8d17abb242e25be4e955ab7f550750476471d893de40,4,1.0
nazario5_003017_91d32e3c6342,tpl_97e2da4fe78c1744,54deaac1abaea603403e2f829ea7219d78b991cea16356d20eb69df403de846a,1,1.0
nazario5_003018_04f234f0753c,tpl_eacee8b2739d8983,0e0d03862c35c4606bf0d7445acc4e3a6e9d72bc924a36fff5031393f960ae91,2,1.0
nazario5_003019_67d966adbe78,tpl_77a70b89d24777b0,98d65f6495c55792d3c875ccb822d5281e8e5c845d7ba1cafe267837811895f0,1,1.0
nazario5_003020_8722730c7b05,tpl_c99313bc18c43497,ca188622f3e28bf8b3805264959f7679ac1ed948cbf586257e2e2d84096d14b2,1,1.0
nazario5_003021_e42ca02b36e6,tpl_e3223eda4a77f0f8,23007dd3a1130ed29da272aa75225104e9d4aa516b7b020be26708aaf7ba5862,1,1.0
nazario5_003022_ce3843d46abe,tpl_0dadfaf3ed935bb1,7c64d1c70d22df825218742882e3a6ab472289e3154a9a3041439bd452c767c4,1,1.0
nazario5_003023_bedf10053c9d,tpl_7eb3ad4d5874d06b,ad0b59781bb4b09f57990d6d2c7a9f5abaf68b04245604adeac4200da053b702,1,1.0
nazario5_003024_b3040f895aa8,tpl_a827fa91474936e0,fdadf305f14922216d34942d6e58a02815332f5cf68cf5fa91e95bef3711adc6,1,1.0
nazario5_003025_b82260fe03a9,tpl_94d8468550f6ae95,ed765fbb1ff7fa1d4312cf069d4ad7035b50a7e7c7911025a2d4dac3bfce0630,4,1.0
nazario5_003026_be929f5a8c9c,tpl_86b3454e891328e5,4ee67a6bb6af35e10772ccb6887af5a3f9d5ebfe438e64acfb724c60189602aa,1,1.0
nazario5_003027_66025885b392,tpl_1d0fbc4166eb4706,3544bea4ba4e17e57cb447687d1d861dbe907eb4795cedf64217aafaaa2d547a,1,1.0
nazario5_003028_9739c0c3d913,tpl_3d5ce6fa32ef7fe1,cf5e816076ee2bd6731fde808e0d7d6832df0ac5b57592835720a51a1f1633c5,1,1.0
nazario5_003029_7f3d50d8154e,tpl_27f1bde20fff7b3f,9c43556bc6934e89ff3f5850d44f6a7d58ef141a759603d17073bdf69d527c2f,1,1.0
nazario5_003030_4f219fe2b5e9,tpl_ad5a000edb17862e,2a4219fa32dcd4d64e407fd7885331fbd5ba9e0332a1e76963f1bf2f262b884f,1,1.0
nazario5_003031_2db041a654d1,tpl_40a958e8f59054ed,34ae28e9795ab50ad18211f789e718504edb599d70e088e5af14d22d69f48a3a,1,1.0
nazario5_003032_614e30ce212a,tpl_ad1bac00497d4671,1c3346df15032b5f2058b29b92c10a7178715788762cea04c6be7c8b0e53b8c8,4,1.0
nazario5_003033_05fc151fa8ef,tpl_47696c4e26753281,37b468452ac47c6804aa5f5b8ec893b33099b67d7c9d6282a9f00d197984c3ba,2,1.0
nazario5_003034_6dfdb51915b6,tpl_ad1bac00497d4671,b74d2274d0b453a77979c674c90080de3343ea6a5096ec6629c324f28b966fce,4,1.0
nazario5_003035_c2f142418da5,tpl_39b3d5842a17fd2e,5e9524ad474ee2f9add689942ed03f6b22b9e0147495a5b6702e0cf87741d03d,1,1.0
nazario5_003036_b4bb7c60f353,tpl_25646b2410784b94,635abfea145c0564bb13979a8c2908bf50791c114cfa18906b09deb0036fc1e5,2,1.0
nazario5_003037_be6d98bccacb,tpl_97f35543d5b5f25f,df53e5c63f4385516eaf2b0550de04b41285af4f897e6bb4b90e96e409922d46,1,1.0
nazario5_003038_9b0a94f589a2,tpl_2ef52a655aca49c1,46076b852b107ecdfeac5b57d418b7fb7ee8bbbb248451884f9dd60bb558fe36,1,1.0
nazario5_003039_e91b04c44804,tpl_d727800602c860af,6014d4b7fa0401da6ce733ec5d462a0a891c48ad5d4c3535fd398193ce3289a7,1,1.0
nazario5_003040_d2561f8da08e,tpl_ea695d05a44857d4,d34c4877a3e2d8ec8e4d23cec4becfa131147ca8cf7734c9df15342c9c211eec,1,1.0
nazario5_003041_aba6cbd68eb7,tpl_3da9ddbf85b14df3,0ac74ca3498ac27756d417d96c67f15d4575e70dd983b03610213589040a94d7,1,1.0
nazario5_003042_6f78639475a2,tpl_ad1bac00497d4671,df480011b45e4ea23b43aed7087cac06d873b87ca1f281094e6875899434d296,4,1.0
nazario5_003043_8b4c5047a466,tpl_291182490231c96f,6e8053845e75eabd67fac5a5b6a17ac25176c3c9c9d870fefbb9a1d9b1e48fc3,1,1.0
nazario5_003044_15fed8609df5,tpl_d34a6fc909e030d6,ca7059e800cd84663af8ad6a886a653c878e371c9f7f95f91a79b7c94f969848,1,1.0
nazario5_003045_5530d2fc782b,tpl_ad1bac00497d4671,ff5e3aa62565d1fa6c988f6e5d484d36cf449d3c9ef7818538d359863f500761,4,1.0
nazario5_003046_44a921519d5d,tpl_eacee8b2739d8983,04a2a9d79361d8e780a915139fadff262f57617090632ea9c7e9b8458e31d19a,2,1.0
nazario5_003047_9e950b741405,tpl_28fd7ec4fb2b9ce2,fe04203f74e0b0125ad8923ee7d0cbcb02fcd03d65aa25f190e5eaa8ea9f4755,1,1.0
nazario5_003048_6e3acf1e2e08,tpl_13c8d94a91c8b102,3990afbf2d0494d0621a6978b0370cbcd8f1b486a6525d12ccdb89514bafd82d,2,1.0
nazario5_003049_4f637d9275d4,tpl_982c3b5cfe68805d,a3fbb9e367347963d6323e234bb79d28d03f6a096f2445f9efb6250708c1249a,1,1.0
nazario5_003050_3acacfd6ee57,tpl_74560d409f13f9a7,19efa6275afb65a3770181a149381173108544cd90f0b785d2d1aef224fcc764,1,1.0
nazario5_003051_2fb7e2c84da1,tpl_7f76ae836b086b60,ccf0b31b511b670d7888d5abe189a01ba22ee2bbd7458cf870667e9edfee38a6,2,1.0
nazario5_003052_273b3f39dcc7,tpl_3b1aab1c824b81b0,3bd4f97c258e4d189c49ff70247ce9788b478b3ae0f07174547cb536c09c6e37,1,1.0
nazario5_003053_30a2635ffc83,tpl_7f76ae836b086b60,d4580bfcf83272bcf5cb0d8c83171ce249c2b760d6e2e5851996e6adfa609cdb,2,1.0
nazario5_003054_7f149f8385a8,tpl_ab48b1d317541377,262628197a736f076c2c907606075768f4613b25d2573cbcb3573c12fdca35f3,1,1.0
nazario5_003055_b4074490afb1,tpl_bc8137ece8478781,85201e08f962e7c1fb9d68350d8e51894d5ba7202764a4efe27f522da9e5e14b,1,1.0
nazario5_003056_b45aab2dfa4f,tpl_49092018f31f6f98,47cdaf112b9b246f7833c6cd6f364dce0c46efbb7e49cd6726805ac597b2b185,1,1.0
nazario5_003057_d71ad788ac8f,tpl_10d4f8f18dd788c8,9cbc371165d5eaf00b0a55a87ead3b4c47d0db39fee4e4cc8a482420f1fc807c,1,1.0
nazario5_003058_a005d34129c1,tpl_06dd806a28bb01cd,289608bc58f470e91c169eaebce565e754dbf29498093ef2380a1736bd169436,1,1.0
nazario5_003059_407018e2bb1a,tpl_b4baa338821340f1,884af2563604aa32b2ab30a057950c555f261d2b3ef34c8e74e3bb409621e302,1,1.0
nazario5_003060_032dd1f95baf,tpl_6e5d908d4cf1e118,74175d738829ba038499ee53b04894e3ba4c89c6541c6c4fd00295dad4190050,1,1.0
nazario5_003061_ee22ef198499,tpl_26855766e382070b,fd405829c22afe9aa94e4ba0735c48665a49b3cafb7fb3267d99b80bf7c3beb4,1,1.0
nazario5_003062_0da3115bc9c1,tpl_9eaabb239be4c5aa,b86d0d9ff39c4d478c2c03468230d0b914105db6b58c8d6cd172c49285b8c18a,1,1.0
nazario5_003063_79255ef82dc4,tpl_8e915b71b7eef4dd,f3f318fd0280f59a083b92dc3fe142ca1afc38717276b28a94daaf457a6959fc,1,1.0
nazario5_003064_3eea5515fe3e,tpl_364f18e637ddd9f9,34c9c8b3dac5862ae69e2f4be25e7997bd0292f5576aeae71743d2376bd5922d,3,1.0
nazario5_003065_a92a21134b3e,tpl_47696c4e26753281,f7f03633c5a56ecfeef28bd6eccb271b9abbd41376b1123b151a89f398f082a7,2,1.0
