email_id_a,email_id_b,cosine_similarity,evidence_type
nazario5_000049_d0bbbadb2a60,nazario5_000052_ffd1f360c4b8,0.99675286,char_3_5gram_tfidf_cosine
nazario5_000049_d0bbbadb2a60,nazario5_000064_1e99c2c54d50,0.95906729,char_3_5gram_tfidf_cosine
nazario5_000049_d0bbbadb2a60,nazario5_000066_976271582274,0.96598828,char_3_5gram_tfidf_cosine
nazario5_000049_d0bbbadb2a60,nazario5_000071_21710dcdc351,0.98763514,char_3_5gram_tfidf_cosine
nazario5_000049_d0bbbadb2a60,nazario5_000087_85015231c66a,0.96942294,char_3_5gram_tfidf_cosine
nazario5_000049_d0bbbadb2a60,nazario5_000197_3ebb103d2dea,0.96906477,char_3_5gram_tfidf_cosine
nazario5_000049_d0bbbadb2a60,nazario5_000204_37a3ec70e036,0.9750492,char_3_5gram_tfidf_cosine
nazario5_000049_d0bbbadb2a60,nazario5_000222_13aed61e3c24,0.96607578,char_3_5gram_tfidf_cosine
nazario5_000052_ffd1f360c4b8,nazario5_000064_1e99c2c54d50,0.95957738,char_3_5gram_tfidf_cosine
nazario5_000052_ffd1f360c4b8,nazario5_000066_976271582274,0.96649915,char_3_5gram_tfidf_cosine
nazario5_000052_ffd1f360c4b8,nazario5_000071_21710dcdc351,0.99040544,char_3_5gram_tfidf_cosine
nazario5_000052_ffd1f360c4b8,nazario5_000087_85015231c66a,0.97002393,char_3_5gram_tfidf_cosine
nazario5_000052_ffd1f360c4b8,nazario5_000197_3ebb103d2dea,0.96966624,char_3_5gram_tfidf_cosine
nazario5_000052_ffd1f360c4b8,nazario5_000204_37a3ec70e036,0.97565097,char_3_5gram_tfidf_cosine
nazario5_000052_ffd1f360c4b8,nazario5_000222_13aed61e3c24,0.96667391,char_3_5gram_tfidf_cosine
nazario5_000056_6668a3f844f3,nazario5_000076_3e8823d6f7d5,0.99072701,char_3_5gram_tfidf_cosine
nazario5_000057_822c51493bdf,nazario5_000065_0142a49a6222,0.98514682,char_3_5gram_tfidf_cosine
nazario5_000057_822c51493bdf,nazario5_000100_55f77b59397a,0.97064835,char_3_5gram_tfidf_cosine
nazario5_000062_709238d9687f,nazario5_000064_1e99c2c54d50,0.96177667,char_3_5gram_tfidf_cosine
nazario5_000062_709238d9687f,nazario5_000066_976271582274,0.97429281,char_3_5gram_tfidf_cosine
nazario5_000062_709238d9687f,nazario5_000204_37a3ec70e036,0.95287091,char_3_5gram_tfidf_cosine
nazario5_000064_1e99c2c54d50,nazario5_000066_976271582274,0.97218776,char_3_5gram_tfidf_cosine
nazario5_000064_1e99c2c54d50,nazario5_000071_21710dcdc351,0.95869076,char_3_5gram_tfidf_cosine
nazario5_000064_1e99c2c54d50,nazario5_000087_85015231c66a,0.95971543,char_3_5gram_tfidf_cosine
nazario5_000064_1e99c2c54d50,nazario5_000197_3ebb103d2dea,0.95942563,char_3_5gram_tfidf_cosine
nazario5_000064_1e99c2c54d50,nazario5_000204_37a3ec70e036,0.96464461,char_3_5gram_tfidf_cosine
nazario5_000064_1e99c2c54d50,nazario5_000222_13aed61e3c24,0.95705646,char_3_5gram_tfidf_cosine
nazario5_000065_0142a49a6222,nazario5_000100_55f77b59397a,0.96870577,char_3_5gram_tfidf_cosine
nazario5_000066_976271582274,nazario5_000071_21710dcdc351,0.96709341,char_3_5gram_tfidf_cosine
nazario5_000066_976271582274,nazario5_000087_85015231c66a,0.97227758,char_3_5gram_tfidf_cosine
nazario5_000066_976271582274,nazario5_000197_3ebb103d2dea,0.97189337,char_3_5gram_tfidf_cosine
nazario5_000066_976271582274,nazario5_000204_37a3ec70e036,0.97760516,char_3_5gram_tfidf_cosine
nazario5_000066_976271582274,nazario5_000222_13aed61e3c24,0.97173011,char_3_5gram_tfidf_cosine
nazario5_000071_21710dcdc351,nazario5_000087_85015231c66a,0.96950543,char_3_5gram_tfidf_cosine
nazario5_000071_21710dcdc351,nazario5_000197_3ebb103d2dea,0.96915233,char_3_5gram_tfidf_cosine
nazario5_000071_21710dcdc351,nazario5_000204_37a3ec70e036,0.97512949,char_3_5gram_tfidf_cosine
nazario5_000071_21710dcdc351,nazario5_000222_13aed61e3c24,0.96636081,char_3_5gram_tfidf_cosine
nazario5_000076_3e8823d6f7d5,nazario5_000093_a1e4b9648f27,0.95796859,char_3_5gram_tfidf_cosine
nazario5_000076_3e8823d6f7d5,nazario5_000164_fe2b32f16286,0.96874183,char_3_5gram_tfidf_cosine
nazario5_000076_3e8823d6f7d5,nazario5_000262_6e43a3d64c4a,0.95880413,char_3_5gram_tfidf_cosine
nazario5_000076_3e8823d6f7d5,nazario5_000339_e73393e74196,0.95385563,char_3_5gram_tfidf_cosine
nazario5_000076_3e8823d6f7d5,nazario5_000365_62ad605b1c08,0.9531337,char_3_5gram_tfidf_cosine
nazario5_000076_3e8823d6f7d5,nazario5_000366_da306c3c33bf,0.95355523,char_3_5gram_tfidf_cosine
nazario5_000076_3e8823d6f7d5,nazario5_001514_bc550f0f19d9,0.95767212,char_3_5gram_tfidf_cosine
nazario5_000076_3e8823d6f7d5,nazario5_001686_3e9ade6a1288,0.95770919,char_3_5gram_tfidf_cosine
nazario5_000076_3e8823d6f7d5,nazario5_001815_dd5939d46520,0.95762658,char_3_5gram_tfidf_cosine
nazario5_000076_3e8823d6f7d5,nazario5_001839_e3e3a57a8961,0.96000564,char_3_5gram_tfidf_cosine
nazario5_000076_3e8823d6f7d5,nazario5_001959_d5299ff0ee62,0.95862043,char_3_5gram_tfidf_cosine
nazario5_000076_3e8823d6f7d5,nazario5_001962_51ef1c5c4003,0.95813191,char_3_5gram_tfidf_cosine
nazario5_000076_3e8823d6f7d5,nazario5_001982_c8c60782a52f,0.95827222,char_3_5gram_tfidf_cosine
nazario5_000076_3e8823d6f7d5,nazario5_002233_9e4bac512fe6,0.95183295,char_3_5gram_tfidf_cosine
nazario5_000076_3e8823d6f7d5,nazario5_002954_332d832c805a,0.95595711,char_3_5gram_tfidf_cosine
nazario5_000079_6aaf50cfe3b8,nazario5_000117_a095b05b6e42,0.97862178,char_3_5gram_tfidf_cosine
nazario5_000082_c23a2155a307,nazario5_000084_07ddfa93d82d,0.97470999,char_3_5gram_tfidf_cosine
nazario5_000087_85015231c66a,nazario5_000197_3ebb103d2dea,0.98275125,char_3_5gram_tfidf_cosine
nazario5_000087_85015231c66a,nazario5_000204_37a3ec70e036,0.99388611,char_3_5gram_tfidf_cosine
nazario5_000087_85015231c66a,nazario5_000222_13aed61e3c24,0.97644633,char_3_5gram_tfidf_cosine
nazario5_000093_a1e4b9648f27,nazario5_000164_fe2b32f16286,0.9736979,char_3_5gram_tfidf_cosine
nazario5_000093_a1e4b9648f27,nazario5_000262_6e43a3d64c4a,0.95586938,char_3_5gram_tfidf_cosine
nazario5_000093_a1e4b9648f27,nazario5_000339_e73393e74196,0.97011423,char_3_5gram_tfidf_cosine
nazario5_000093_a1e4b9648f27,nazario5_000365_62ad605b1c08,0.9688791,char_3_5gram_tfidf_cosine
nazario5_000093_a1e4b9648f27,nazario5_000366_da306c3c33bf,0.96936041,char_3_5gram_tfidf_cosine
nazario5_000093_a1e4b9648f27,nazario5_000591_0e006c61b97c,0.95568538,char_3_5gram_tfidf_cosine
nazario5_000093_a1e4b9648f27,nazario5_000667_279845739081,0.95516706,char_3_5gram_tfidf_cosine
nazario5_000093_a1e4b9648f27,nazario5_001514_bc550f0f19d9,0.97222465,char_3_5gram_tfidf_cosine
nazario5_000093_a1e4b9648f27,nazario5_001686_3e9ade6a1288,0.9722634,char_3_5gram_tfidf_cosine
nazario5_000093_a1e4b9648f27,nazario5_001815_dd5939d46520,0.97218448,char_3_5gram_tfidf_cosine
nazario5_000093_a1e4b9648f27,nazario5_001839_e3e3a57a8961,0.97412246,char_3_5gram_tfidf_cosine
nazario5_000093_a1e4b9648f27,nazario5_001959_d5299ff0ee62,0.97418725,char_3_5gram_tfidf_cosine
nazario5_000093_a1e4b9648f27,nazario5_001962_51ef1c5c4003,0.97342628,char_3_5gram_tfidf_cosine
nazario5_000093_a1e4b9648f27,nazario5_001982_c8c60782a52f,0.97349578,char_3_5gram_tfidf_cosine
nazario5_000093_a1e4b9648f27,nazario5_002017_f164e4abbe5b,0.95132941,char_3_5gram_tfidf_cosine
nazario5_000093_a1e4b9648f27,nazario5_002233_9e4bac512fe6,0.96550405,char_3_5gram_tfidf_cosine
nazario5_000093_a1e4b9648f27,nazario5_002266_b77596ff5844,0.95827025,char_3_5gram_tfidf_cosine
nazario5_000093_a1e4b9648f27,nazario5_002540_12b3c870a329,0.95697927,char_3_5gram_tfidf_cosine
nazario5_000093_a1e4b9648f27,nazario5_002737_9124b23d3d41,0.9546814,char_3_5gram_tfidf_cosine
nazario5_000093_a1e4b9648f27,nazario5_002954_332d832c805a,0.969006,char_3_5gram_tfidf_cosine
nazario5_000095_06bb10224e5d,nazario5_000182_bef0b67fbfc6,0.95062035,char_3_5gram_tfidf_cosine
nazario5_000141_29816ff45512,nazario5_000142_b1508338ea36,0.98148412,char_3_5gram_tfidf_cosine
nazario5_000148_1bcef0ddd962,nazario5_000151_68755deb33be,0.99937272,char_3_5gram_tfidf_cosine
nazario5_000156_6c27f7d968df,nazario5_000157_f6be30ca6bf1,0.99374163,char_3_5gram_tfidf_cosine
nazario5_000164_fe2b32f16286,nazario5_000262_6e43a3d64c4a,0.97187871,char_3_5gram_tfidf_cosine
nazario5_000164_fe2b32f16286,nazario5_000339_e73393e74196,0.98281741,char_3_5gram_tfidf_cosine
nazario5_000164_fe2b32f16286,nazario5_000365_62ad605b1c08,0.98159778,char_3_5gram_tfidf_cosine
nazario5_000164_fe2b32f16286,nazario5_000366_da306c3c33bf,0.98128372,char_3_5gram_tfidf_cosine
nazario5_000164_fe2b32f16286,nazario5_000591_0e006c61b97c,0.96802109,char_3_5gram_tfidf_cosine
nazario5_000164_fe2b32f16286,nazario5_000667_279845739081,0.96719128,char_3_5gram_tfidf_cosine
nazario5_000164_fe2b32f16286,nazario5_001514_bc550f0f19d9,0.98346972,char_3_5gram_tfidf_cosine
nazario5_000164_fe2b32f16286,nazario5_001686_3e9ade6a1288,0.9835121,char_3_5gram_tfidf_cosine
nazario5_000164_fe2b32f16286,nazario5_001815_dd5939d46520,0.98342848,char_3_5gram_tfidf_cosine
nazario5_000164_fe2b32f16286,nazario5_001839_e3e3a57a8961,0.98653644,char_3_5gram_tfidf_cosine
nazario5_000164_fe2b32f16286,nazario5_001959_d5299ff0ee62,0.98639864,char_3_5gram_tfidf_cosine
nazario5_000164_fe2b32f16286,nazario5_001962_51ef1c5c4003,0.98527396,char_3_5gram_tfidf_cosine
nazario5_000164_fe2b32f16286,nazario5_001982_c8c60782a52f,0.98554552,char_3_5gram_tfidf_cosine
nazario5_000164_fe2b32f16286,nazario5_002016_2226c0df157c,0.95951897,char_3_5gram_tfidf_cosine
nazario5_000164_fe2b32f16286,nazario5_002017_f164e4abbe5b,0.960289,char_3_5gram_tfidf_cosine
nazario5_000164_fe2b32f16286,nazario5_002233_9e4bac512fe6,0.97748584,char_3_5gram_tfidf_cosine
nazario5_000164_fe2b32f16286,nazario5_002266_b77596ff5844,0.96838444,char_3_5gram_tfidf_cosine
nazario5_000164_fe2b32f16286,nazario5_002334_2a2f65a3f53a,0.9587276,char_3_5gram_tfidf_cosine
nazario5_000164_fe2b32f16286,nazario5_002540_12b3c870a329,0.96729714,char_3_5gram_tfidf_cosine
nazario5_000164_fe2b32f16286,nazario5_002737_9124b23d3d41,0.96522403,char_3_5gram_tfidf_cosine
nazario5_000164_fe2b32f16286,nazario5_002954_332d832c805a,0.98121166,char_3_5gram_tfidf_cosine
nazario5_000172_97dad7f46c71,nazario5_000242_633bc67f6150,0.99608898,char_3_5gram_tfidf_cosine
nazario5_000197_3ebb103d2dea,nazario5_000204_37a3ec70e036,0.98781729,char_3_5gram_tfidf_cosine
nazario5_000197_3ebb103d2dea,nazario5_000222_13aed61e3c24,0.97602022,char_3_5gram_tfidf_cosine
nazario5_000198_be6c1cb45139,nazario5_000285_b2bcd37266b5,0.95712835,char_3_5gram_tfidf_cosine
nazario5_000204_37a3ec70e036,nazario5_000222_13aed61e3c24,0.98343199,char_3_5gram_tfidf_cosine
nazario5_000204_37a3ec70e036,nazario5_001890_52fa00496fbe,0.95838225,char_3_5gram_tfidf_cosine
nazario5_000204_37a3ec70e036,nazario5_002093_6039068f355c,0.9541173,char_3_5gram_tfidf_cosine
nazario5_000204_37a3ec70e036,nazario5_002699_c4c8fdaa8a40,0.95840275,char_3_5gram_tfidf_cosine
nazario5_000222_13aed61e3c24,nazario5_001890_52fa00496fbe,0.95609695,char_3_5gram_tfidf_cosine
nazario5_000222_13aed61e3c24,nazario5_002093_6039068f355c,0.95226699,char_3_5gram_tfidf_cosine
nazario5_000222_13aed61e3c24,nazario5_002699_c4c8fdaa8a40,0.95611596,char_3_5gram_tfidf_cosine
nazario5_000231_da741cdd3ede,nazario5_002642_ac6bef71ab1b,0.96513516,char_3_5gram_tfidf_cosine
nazario5_000241_54c7bf457d10,nazario5_000290_5da3efb8fe2e,0.95658296,char_3_5gram_tfidf_cosine
nazario5_000258_b61ffede6156,nazario5_000263_36f640d09d15,0.95184451,char_3_5gram_tfidf_cosine
nazario5_000262_6e43a3d64c4a,nazario5_000339_e73393e74196,0.95637852,char_3_5gram_tfidf_cosine
nazario5_000262_6e43a3d64c4a,nazario5_000365_62ad605b1c08,0.95594293,char_3_5gram_tfidf_cosine
nazario5_000262_6e43a3d64c4a,nazario5_000366_da306c3c33bf,0.95658815,char_3_5gram_tfidf_cosine
nazario5_000262_6e43a3d64c4a,nazario5_001514_bc550f0f19d9,0.96055228,char_3_5gram_tfidf_cosine
nazario5_000262_6e43a3d64c4a,nazario5_001686_3e9ade6a1288,0.96059972,char_3_5gram_tfidf_cosine
nazario5_000262_6e43a3d64c4a,nazario5_001815_dd5939d46520,0.96054316,char_3_5gram_tfidf_cosine
nazario5_000262_6e43a3d64c4a,nazario5_001839_e3e3a57a8961,0.9619208,char_3_5gram_tfidf_cosine
nazario5_000262_6e43a3d64c4a,nazario5_001959_d5299ff0ee62,0.9612518,char_3_5gram_tfidf_cosine
nazario5_000262_6e43a3d64c4a,nazario5_001962_51ef1c5c4003,0.96102506,char_3_5gram_tfidf_cosine
nazario5_000262_6e43a3d64c4a,nazario5_001982_c8c60782a52f,0.96063274,char_3_5gram_tfidf_cosine
nazario5_000262_6e43a3d64c4a,nazario5_002233_9e4bac512fe6,0.95522577,char_3_5gram_tfidf_cosine
nazario5_000262_6e43a3d64c4a,nazario5_002954_332d832c805a,0.95683253,char_3_5gram_tfidf_cosine
nazario5_000339_e73393e74196,nazario5_000365_62ad605b1c08,0.99244612,char_3_5gram_tfidf_cosine
nazario5_000339_e73393e74196,nazario5_000366_da306c3c33bf,0.99235308,char_3_5gram_tfidf_cosine
nazario5_000339_e73393e74196,nazario5_000368_3ffe0afefef0,0.95249832,char_3_5gram_tfidf_cosine
nazario5_000339_e73393e74196,nazario5_000591_0e006c61b97c,0.9723987,char_3_5gram_tfidf_cosine
nazario5_000339_e73393e74196,nazario5_000667_279845739081,0.96906173,char_3_5gram_tfidf_cosine
nazario5_000339_e73393e74196,nazario5_001514_bc550f0f19d9,0.98513913,char_3_5gram_tfidf_cosine
nazario5_000339_e73393e74196,nazario5_001686_3e9ade6a1288,0.98518836,char_3_5gram_tfidf_cosine
nazario5_000339_e73393e74196,nazario5_001815_dd5939d46520,0.98510408,char_3_5gram_tfidf_cosine
nazario5_000339_e73393e74196,nazario5_001839_e3e3a57a8961,0.98928231,char_3_5gram_tfidf_cosine
nazario5_000339_e73393e74196,nazario5_001959_d5299ff0ee62,0.989429,char_3_5gram_tfidf_cosine
nazario5_000339_e73393e74196,nazario5_001962_51ef1c5c4003,0.98815763,char_3_5gram_tfidf_cosine
nazario5_000339_e73393e74196,nazario5_001982_c8c60782a52f,0.98839027,char_3_5gram_tfidf_cosine
nazario5_000339_e73393e74196,nazario5_002016_2226c0df157c,0.96287304,char_3_5gram_tfidf_cosine
nazario5_000339_e73393e74196,nazario5_002017_f164e4abbe5b,0.95875847,char_3_5gram_tfidf_cosine
nazario5_000339_e73393e74196,nazario5_002233_9e4bac512fe6,0.97788203,char_3_5gram_tfidf_cosine
nazario5_000339_e73393e74196,nazario5_002266_b77596ff5844,0.96889186,char_3_5gram_tfidf_cosine
nazario5_000339_e73393e74196,nazario5_002334_2a2f65a3f53a,0.95860946,char_3_5gram_tfidf_cosine
nazario5_000339_e73393e74196,nazario5_002540_12b3c870a329,0.96782506,char_3_5gram_tfidf_cosine
nazario5_000339_e73393e74196,nazario5_002737_9124b23d3d41,0.96575707,char_3_5gram_tfidf_cosine
nazario5_000339_e73393e74196,nazario5_002954_332d832c805a,0.98383343,char_3_5gram_tfidf_cosine
nazario5_000358_0d992bb17205,nazario5_000360_b48abcb16c05,0.99550861,char_3_5gram_tfidf_cosine
nazario5_000365_62ad605b1c08,nazario5_000366_da306c3c33bf,0.98994702,char_3_5gram_tfidf_cosine
nazario5_000365_62ad605b1c08,nazario5_000368_3ffe0afefef0,0.95018131,char_3_5gram_tfidf_cosine
nazario5_000365_62ad605b1c08,nazario5_000591_0e006c61b97c,0.97031915,char_3_5gram_tfidf_cosine
nazario5_000365_62ad605b1c08,nazario5_000667_279845739081,0.96779025,char_3_5gram_tfidf_cosine
nazario5_000365_62ad605b1c08,nazario5_001514_bc550f0f19d9,0.98343235,char_3_5gram_tfidf_cosine
nazario5_000365_62ad605b1c08,nazario5_001686_3e9ade6a1288,0.98348659,char_3_5gram_tfidf_cosine
nazario5_000365_62ad605b1c08,nazario5_001815_dd5939d46520,0.98340994,char_3_5gram_tfidf_cosine
nazario5_000365_62ad605b1c08,nazario5_001839_e3e3a57a8961,0.98773414,char_3_5gram_tfidf_cosine
nazario5_000365_62ad605b1c08,nazario5_001959_d5299ff0ee62,0.98782659,char_3_5gram_tfidf_cosine
nazario5_000365_62ad605b1c08,nazario5_001962_51ef1c5c4003,0.98668551,char_3_5gram_tfidf_cosine
nazario5_000365_62ad605b1c08,nazario5_001982_c8c60782a52f,0.98675448,char_3_5gram_tfidf_cosine
nazario5_000365_62ad605b1c08,nazario5_002016_2226c0df157c,0.96113729,char_3_5gram_tfidf_cosine
nazario5_000365_62ad605b1c08,nazario5_002017_f164e4abbe5b,0.9571473,char_3_5gram_tfidf_cosine
nazario5_000365_62ad605b1c08,nazario5_002233_9e4bac512fe6,0.97641677,char_3_5gram_tfidf_cosine
nazario5_000365_62ad605b1c08,nazario5_002266_b77596ff5844,0.96720499,char_3_5gram_tfidf_cosine
nazario5_000365_62ad605b1c08,nazario5_002334_2a2f65a3f53a,0.95723337,char_3_5gram_tfidf_cosine
nazario5_000365_62ad605b1c08,nazario5_002540_12b3c870a329,0.9657796,char_3_5gram_tfidf_cosine
nazario5_000365_62ad605b1c08,nazario5_002737_9124b23d3d41,0.96368963,char_3_5gram_tfidf_cosine
nazario5_000365_62ad605b1c08,nazario5_002954_332d832c805a,0.98227608,char_3_5gram_tfidf_cosine
nazario5_000366_da306c3c33bf,nazario5_000368_3ffe0afefef0,0.96018368,char_3_5gram_tfidf_cosine
nazario5_000366_da306c3c33bf,nazario5_000591_0e006c61b97c,0.97132182,char_3_5gram_tfidf_cosine
nazario5_000366_da306c3c33bf,nazario5_000667_279845739081,0.96749449,char_3_5gram_tfidf_cosine
nazario5_000366_da306c3c33bf,nazario5_001514_bc550f0f19d9,0.98320019,char_3_5gram_tfidf_cosine
nazario5_000366_da306c3c33bf,nazario5_001686_3e9ade6a1288,0.98324883,char_3_5gram_tfidf_cosine
nazario5_000366_da306c3c33bf,nazario5_001815_dd5939d46520,0.98316228,char_3_5gram_tfidf_cosine
nazario5_000366_da306c3c33bf,nazario5_001839_e3e3a57a8961,0.98755699,char_3_5gram_tfidf_cosine
nazario5_000366_da306c3c33bf,nazario5_001959_d5299ff0ee62,0.98766845,char_3_5gram_tfidf_cosine
nazario5_000366_da306c3c33bf,nazario5_001962_51ef1c5c4003,0.98635066,char_3_5gram_tfidf_cosine
nazario5_000366_da306c3c33bf,nazario5_001982_c8c60782a52f,0.98662955,char_3_5gram_tfidf_cosine
nazario5_000366_da306c3c33bf,nazario5_002016_2226c0df157c,0.96124583,char_3_5gram_tfidf_cosine
nazario5_000366_da306c3c33bf,nazario5_002017_f164e4abbe5b,0.95709401,char_3_5gram_tfidf_cosine
nazario5_000366_da306c3c33bf,nazario5_002233_9e4bac512fe6,0.97613639,char_3_5gram_tfidf_cosine
nazario5_000366_da306c3c33bf,nazario5_002266_b77596ff5844,0.96766728,char_3_5gram_tfidf_cosine
nazario5_000366_da306c3c33bf,nazario5_002334_2a2f65a3f53a,0.95768201,char_3_5gram_tfidf_cosine
nazario5_000366_da306c3c33bf,nazario5_002540_12b3c870a329,0.96616,char_3_5gram_tfidf_cosine
nazario5_000366_da306c3c33bf,nazario5_002737_9124b23d3d41,0.96406633,char_3_5gram_tfidf_cosine
nazario5_000366_da306c3c33bf,nazario5_002954_332d832c805a,0.9820677,char_3_5gram_tfidf_cosine
nazario5_000389_53b9afc7e9f7,nazario5_000391_0297eff281f4,1.0,exact_template_signature
nazario5_000422_c9603ef18505,nazario5_000429_3b0327fe69c2,1.0,exact_template_signature
nazario5_000433_5723e8458b19,nazario5_000468_4762a0a46d2c,0.9943164,char_3_5gram_tfidf_cosine
nazario5_000433_5723e8458b19,nazario5_000531_cead1422ac5f,0.96709478,char_3_5gram_tfidf_cosine
nazario5_000433_5723e8458b19,nazario5_000660_2b554099db80,0.95114744,char_3_5gram_tfidf_cosine
nazario5_000433_5723e8458b19,nazario5_001219_95fe482cbc23,0.96005952,char_3_5gram_tfidf_cosine
nazario5_000433_5723e8458b19,nazario5_001221_e0ab9b2e3222,0.95698726,char_3_5gram_tfidf_cosine
nazario5_000433_5723e8458b19,nazario5_001232_a31da942f0e5,0.95123428,char_3_5gram_tfidf_cosine
nazario5_000433_5723e8458b19,nazario5_001256_df03df77c1d4,0.95158076,char_3_5gram_tfidf_cosine
nazario5_000433_5723e8458b19,nazario5_001327_cfb809338d5c,0.95961082,char_3_5gram_tfidf_cosine
nazario5_000433_5723e8458b19,nazario5_001362_f3a28442ab7b,0.9561758,char_3_5gram_tfidf_cosine
nazario5_000433_5723e8458b19,nazario5_001370_18510b38a6b1,0.96105725,char_3_5gram_tfidf_cosine
nazario5_000433_5723e8458b19,nazario5_001396_e9d75d049a99,0.95311815,char_3_5gram_tfidf_cosine
nazario5_000433_5723e8458b19,nazario5_001426_aa02d003e2ef,0.95399517,char_3_5gram_tfidf_cosine
nazario5_000433_5723e8458b19,nazario5_001443_6a980d258984,0.95124346,char_3_5gram_tfidf_cosine
nazario5_000433_5723e8458b19,nazario5_001890_52fa00496fbe,0.97720438,char_3_5gram_tfidf_cosine
nazario5_000433_5723e8458b19,nazario5_002093_6039068f355c,0.97269607,char_3_5gram_tfidf_cosine
nazario5_000433_5723e8458b19,nazario5_002699_c4c8fdaa8a40,0.97733754,char_3_5gram_tfidf_cosine
nazario5_000433_5723e8458b19,nazario5_002784_da2973758df8,0.95491731,char_3_5gram_tfidf_cosine
nazario5_000468_4762a0a46d2c,nazario5_000531_cead1422ac5f,0.95427787,char_3_5gram_tfidf_cosine
nazario5_000468_4762a0a46d2c,nazario5_001890_52fa00496fbe,0.96219248,char_3_5gram_tfidf_cosine
nazario5_000468_4762a0a46d2c,nazario5_002093_6039068f355c,0.96020168,char_3_5gram_tfidf_cosine
nazario5_000468_4762a0a46d2c,nazario5_002699_c4c8fdaa8a40,0.96235818,char_3_5gram_tfidf_cosine
nazario5_000531_cead1422ac5f,nazario5_000660_2b554099db80,0.95187128,char_3_5gram_tfidf_cosine
nazario5_000531_cead1422ac5f,nazario5_000902_0632b29b975c,0.95202857,char_3_5gram_tfidf_cosine
nazario5_000531_cead1422ac5f,nazario5_001000_987d25d8ebfc,0.95001155,char_3_5gram_tfidf_cosine
nazario5_000531_cead1422ac5f,nazario5_001219_95fe482cbc23,0.96374011,char_3_5gram_tfidf_cosine
nazario5_000531_cead1422ac5f,nazario5_001221_e0ab9b2e3222,0.96045077,char_3_5gram_tfidf_cosine
nazario5_000531_cead1422ac5f,nazario5_001232_a31da942f0e5,0.95294076,char_3_5gram_tfidf_cosine
nazario5_000531_cead1422ac5f,nazario5_001256_df03df77c1d4,0.95489323,char_3_5gram_tfidf_cosine
nazario5_000531_cead1422ac5f,nazario5_001327_cfb809338d5c,0.9629119,char_3_5gram_tfidf_cosine
nazario5_000531_cead1422ac5f,nazario5_001362_f3a28442ab7b,0.95746088,char_3_5gram_tfidf_cosine
nazario5_000531_cead1422ac5f,nazario5_001370_18510b38a6b1,0.96484524,char_3_5gram_tfidf_cosine
nazario5_000531_cead1422ac5f,nazario5_001396_e9d75d049a99,0.95567268,char_3_5gram_tfidf_cosine
nazario5_000531_cead1422ac5f,nazario5_001397_a93bc8e1913c,0.95006859,char_3_5gram_tfidf_cosine
nazario5_000531_cead1422ac5f,nazario5_001426_aa02d003e2ef,0.95627177,char_3_5gram_tfidf_cosine
nazario5_000531_cead1422ac5f,nazario5_001443_6a980d258984,0.95371658,char_3_5gram_tfidf_cosine
nazario5_000531_cead1422ac5f,nazario5_001890_52fa00496fbe,0.98218828,char_3_5gram_tfidf_cosine
nazario5_000531_cead1422ac5f,nazario5_002093_6039068f355c,0.97426927,char_3_5gram_tfidf_cosine
nazario5_000531_cead1422ac5f,nazario5_002699_c4c8fdaa8a40,0.9821986,char_3_5gram_tfidf_cosine
nazario5_000531_cead1422ac5f,nazario5_002784_da2973758df8,0.95807606,char_3_5gram_tfidf_cosine
nazario5_000565_3fa48c7f696e,nazario5_001051_b9fbbf22cce6,0.96191645,char_3_5gram_tfidf_cosine
nazario5_000565_3fa48c7f696e,nazario5_001053_fb59c1bc1242,0.95977944,char_3_5gram_tfidf_cosine
nazario5_000565_3fa48c7f696e,nazario5_001095_1f3da60ba1c0,0.95740044,char_3_5gram_tfidf_cosine
nazario5_000565_3fa48c7f696e,nazario5_002618_33c431e030cb,0.96478903,char_3_5gram_tfidf_cosine
nazario5_000591_0e006c61b97c,nazario5_000667_279845739081,0.95373642,char_3_5gram_tfidf_cosine
nazario5_000591_0e006c61b97c,nazario5_001514_bc550f0f19d9,0.97001618,char_3_5gram_tfidf_cosine
nazario5_000591_0e006c61b97c,nazario5_001686_3e9ade6a1288,0.97007024,char_3_5gram_tfidf_cosine
nazario5_000591_0e006c61b97c,nazario5_001815_dd5939d46520,0.96999574,char_3_5gram_tfidf_cosine
nazario5_000591_0e006c61b97c,nazario5_001839_e3e3a57a8961,0.97324646,char_3_5gram_tfidf_cosine
nazario5_000591_0e006c61b97c,nazario5_001959_d5299ff0ee62,0.97360784,char_3_5gram_tfidf_cosine
nazario5_000591_0e006c61b97c,nazario5_001962_51ef1c5c4003,0.97245151,char_3_5gram_tfidf_cosine
nazario5_000591_0e006c61b97c,nazario5_001982_c8c60782a52f,0.97244626,char_3_5gram_tfidf_cosine
nazario5_000591_0e006c61b97c,nazario5_002233_9e4bac512fe6,0.96324569,char_3_5gram_tfidf_cosine
nazario5_000591_0e006c61b97c,nazario5_002266_b77596ff5844,0.95483059,char_3_5gram_tfidf_cosine
nazario5_000591_0e006c61b97c,nazario5_002540_12b3c870a329,0.95473969,char_3_5gram_tfidf_cosine
nazario5_000591_0e006c61b97c,nazario5_002737_9124b23d3d41,0.95232171,char_3_5gram_tfidf_cosine
nazario5_000591_0e006c61b97c,nazario5_002954_332d832c805a,0.96724337,char_3_5gram_tfidf_cosine
nazario5_000608_7c9e2d010d02,nazario5_000658_e3e6a9f3c611,0.9509868,char_3_5gram_tfidf_cosine
nazario5_000621_066fdb56fcac,nazario5_000780_8cca0e4f86ee,0.98123026,char_3_5gram_tfidf_cosine
nazario5_000630_03e9ac6522e8,nazario5_000687_eb6d5352d85f,0.95503879,char_3_5gram_tfidf_cosine
nazario5_000631_29da2dd85bf9,nazario5_000711_b396ca984959,0.99687225,char_3_5gram_tfidf_cosine
nazario5_000631_29da2dd85bf9,nazario5_000747_e9340524bf48,0.99737787,char_3_5gram_tfidf_cosine
nazario5_000631_29da2dd85bf9,nazario5_000784_57d7d130e83d,0.9972176,char_3_5gram_tfidf_cosine
nazario5_000631_29da2dd85bf9,nazario5_000874_cc91dcd99fbf,0.99729925,char_3_5gram_tfidf_cosine
nazario5_000633_e07b6936b53b,nazario5_000788_6ff905fddfc8,0.99548107,char_3_5gram_tfidf_cosine
nazario5_000633_e07b6936b53b,nazario5_000861_34c7f3e6322f,0.99681163,char_3_5gram_tfidf_cosine
nazario5_000633_e07b6936b53b,nazario5_000862_9c487e36a627,0.99565303,char_3_5gram_tfidf_cosine
nazario5_000636_8c7299a15917,nazario5_000877_4a692b17e90c,0.96763045,char_3_5gram_tfidf_cosine
nazario5_000644_46020bd9c69c,nazario5_000853_697d71bbb8ac,0.96361011,char_3_5gram_tfidf_cosine
nazario5_000660_2b554099db80,nazario5_001330_2d0b5babfc12,0.95322943,char_3_5gram_tfidf_cosine
nazario5_000660_2b554099db80,nazario5_001890_52fa00496fbe,0.96182764,char_3_5gram_tfidf_cosine
nazario5_000660_2b554099db80,nazario5_002093_6039068f355c,0.95782769,char_3_5gram_tfidf_cosine
nazario5_000660_2b554099db80,nazario5_002699_c4c8fdaa8a40,0.96188343,char_3_5gram_tfidf_cosine
nazario5_000667_279845739081,nazario5_001514_bc550f0f19d9,0.96885222,char_3_5gram_tfidf_cosine
nazario5_000667_279845739081,nazario5_001686_3e9ade6a1288,0.96891832,char_3_5gram_tfidf_cosine
nazario5_000667_279845739081,nazario5_001815_dd5939d46520,0.96884167,char_3_5gram_tfidf_cosine
nazario5_000667_279845739081,nazario5_001839_e3e3a57a8961,0.97201747,char_3_5gram_tfidf_cosine
nazario5_000667_279845739081,nazario5_001959_d5299ff0ee62,0.97153765,char_3_5gram_tfidf_cosine
nazario5_000667_279845739081,nazario5_001962_51ef1c5c4003,0.97120488,char_3_5gram_tfidf_cosine
nazario5_000667_279845739081,nazario5_001982_c8c60782a52f,0.97111523,char_3_5gram_tfidf_cosine
nazario5_000667_279845739081,nazario5_002233_9e4bac512fe6,0.96214396,char_3_5gram_tfidf_cosine
nazario5_000667_279845739081,nazario5_002266_b77596ff5844,0.95608628,char_3_5gram_tfidf_cosine
nazario5_000667_279845739081,nazario5_002540_12b3c870a329,0.95449162,char_3_5gram_tfidf_cosine
nazario5_000667_279845739081,nazario5_002737_9124b23d3d41,0.95311332,char_3_5gram_tfidf_cosine
nazario5_000667_279845739081,nazario5_002954_332d832c805a,0.96734339,char_3_5gram_tfidf_cosine
nazario5_000704_349eca81c69d,nazario5_000803_b4e4f6d8174a,0.98589909,char_3_5gram_tfidf_cosine
nazario5_000711_b396ca984959,nazario5_000747_e9340524bf48,0.99646616,char_3_5gram_tfidf_cosine
nazario5_000711_b396ca984959,nazario5_000784_57d7d130e83d,0.99648118,char_3_5gram_tfidf_cosine
nazario5_000711_b396ca984959,nazario5_000874_cc91dcd99fbf,0.9964636,char_3_5gram_tfidf_cosine
nazario5_000728_346939d3dc69,nazario5_000740_ce57e8588fa9,0.98389912,char_3_5gram_tfidf_cosine
nazario5_000747_e9340524bf48,nazario5_000784_57d7d130e83d,0.9967888,char_3_5gram_tfidf_cosine
nazario5_000747_e9340524bf48,nazario5_000874_cc91dcd99fbf,0.99679178,char_3_5gram_tfidf_cosine
nazario5_000777_452989980af3,nazario5_000785_f6aa9aafefbc,0.97072786,char_3_5gram_tfidf_cosine
nazario5_000778_d20f82c9a351,nazario5_001157_dc17baf06076,0.96050954,char_3_5gram_tfidf_cosine
nazario5_000778_d20f82c9a351,nazario5_001255_ab13b4d1c7de,0.95672399,char_3_5gram_tfidf_cosine
nazario5_000778_d20f82c9a351,nazario5_002478_cf169225477a,0.96471167,char_3_5gram_tfidf_cosine
nazario5_000784_57d7d130e83d,nazario5_000874_cc91dcd99fbf,0.99680477,char_3_5gram_tfidf_cosine
nazario5_000788_6ff905fddfc8,nazario5_000861_34c7f3e6322f,0.99501044,char_3_5gram_tfidf_cosine
nazario5_000788_6ff905fddfc8,nazario5_000862_9c487e36a627,0.993981,char_3_5gram_tfidf_cosine
nazario5_000798_30f38518f083,nazario5_000857_624b53789467,0.97604966,char_3_5gram_tfidf_cosine
nazario5_000861_34c7f3e6322f,nazario5_000862_9c487e36a627,0.99740386,char_3_5gram_tfidf_cosine
nazario5_000873_582f83653bbf,nazario5_000880_0bff3af77270,0.96835059,char_3_5gram_tfidf_cosine
nazario5_000891_da5a017e9195,nazario5_000892_d30252cc8840,0.97463071,char_3_5gram_tfidf_cosine
nazario5_000902_0632b29b975c,nazario5_001132_2902173163c9,0.96047544,char_3_5gram_tfidf_cosine
nazario5_000902_0632b29b975c,nazario5_001370_18510b38a6b1,0.950014,char_3_5gram_tfidf_cosine
nazario5_000902_0632b29b975c,nazario5_001890_52fa00496fbe,0.96538353,char_3_5gram_tfidf_cosine
nazario5_000902_0632b29b975c,nazario5_002093_6039068f355c,0.95815295,char_3_5gram_tfidf_cosine
nazario5_000902_0632b29b975c,nazario5_002699_c4c8fdaa8a40,0.96554071,char_3_5gram_tfidf_cosine
nazario5_000931_dc41105fcb82,nazario5_000990_fc42a125529c,0.96618861,char_3_5gram_tfidf_cosine
nazario5_000957_b4aafbf0aa45,nazario5_000966_0111d2db4c42,0.97429454,char_3_5gram_tfidf_cosine
nazario5_000957_b4aafbf0aa45,nazario5_000973_6d217aba6aa6,0.99270308,char_3_5gram_tfidf_cosine
nazario5_000957_b4aafbf0aa45,nazario5_000976_ca62c358d014,0.99853665,char_3_5gram_tfidf_cosine
nazario5_000957_b4aafbf0aa45,nazario5_000977_a673ffa4ccdc,0.97786748,char_3_5gram_tfidf_cosine
nazario5_000957_b4aafbf0aa45,nazario5_000985_55c72ebd3258,0.99559492,char_3_5gram_tfidf_cosine
nazario5_000957_b4aafbf0aa45,nazario5_000993_c7cee85fccfd,0.99755681,char_3_5gram_tfidf_cosine
nazario5_000957_b4aafbf0aa45,nazario5_001002_eefb20d4c1fc,0.99826151,char_3_5gram_tfidf_cosine
nazario5_000957_b4aafbf0aa45,nazario5_001009_bc61f1a3962d,0.98635435,char_3_5gram_tfidf_cosine
nazario5_000957_b4aafbf0aa45,nazario5_001021_47af3cb78952,0.97002733,char_3_5gram_tfidf_cosine
nazario5_000957_b4aafbf0aa45,nazario5_001180_0f22c1d95409,0.98734224,char_3_5gram_tfidf_cosine
nazario5_000957_b4aafbf0aa45,nazario5_001183_6216361f366a,0.99193686,char_3_5gram_tfidf_cosine
nazario5_000957_b4aafbf0aa45,nazario5_001189_fcab8ac9f205,0.99477851,char_3_5gram_tfidf_cosine
nazario5_000957_b4aafbf0aa45,nazario5_001191_5da219e2c17b,0.98750228,char_3_5gram_tfidf_cosine
nazario5_000957_b4aafbf0aa45,nazario5_001198_ae99f52485d0,0.99664181,char_3_5gram_tfidf_cosine
nazario5_000966_0111d2db4c42,nazario5_000973_6d217aba6aa6,0.96818119,char_3_5gram_tfidf_cosine
nazario5_000966_0111d2db4c42,nazario5_000976_ca62c358d014,0.97394425,char_3_5gram_tfidf_cosine
nazario5_000966_0111d2db4c42,nazario5_000977_a673ffa4ccdc,0.98984659,char_3_5gram_tfidf_cosine
nazario5_000966_0111d2db4c42,nazario5_000985_55c72ebd3258,0.98034179,char_3_5gram_tfidf_cosine
nazario5_000966_0111d2db4c42,nazario5_000993_c7cee85fccfd,0.97999722,char_3_5gram_tfidf_cosine
nazario5_000966_0111d2db4c42,nazario5_001002_eefb20d4c1fc,0.97176284,char_3_5gram_tfidf_cosine
nazario5_000966_0111d2db4c42,nazario5_001009_bc61f1a3962d,0.98024994,char_3_5gram_tfidf_cosine
nazario5_000966_0111d2db4c42,nazario5_001021_47af3cb78952,0.97230685,char_3_5gram_tfidf_cosine
nazario5_000966_0111d2db4c42,nazario5_001180_0f22c1d95409,0.96843237,char_3_5gram_tfidf_cosine
nazario5_000966_0111d2db4c42,nazario5_001183_6216361f366a,0.98307955,char_3_5gram_tfidf_cosine
nazario5_000966_0111d2db4c42,nazario5_001189_fcab8ac9f205,0.97742599,char_3_5gram_tfidf_cosine
nazario5_000966_0111d2db4c42,nazario5_001191_5da219e2c17b,0.97037941,char_3_5gram_tfidf_cosine
nazario5_000966_0111d2db4c42,nazario5_001198_ae99f52485d0,0.978019,char_3_5gram_tfidf_cosine
nazario5_000973_6d217aba6aa6,nazario5_000976_ca62c358d014,0.99647105,char_3_5gram_tfidf_cosine
nazario5_000973_6d217aba6aa6,nazario5_000977_a673ffa4ccdc,0.98095655,char_3_5gram_tfidf_cosine
nazario5_000973_6d217aba6aa6,nazario5_000985_55c72ebd3258,0.98208165,char_3_5gram_tfidf_cosine
nazario5_000973_6d217aba6aa6,nazario5_000993_c7cee85fccfd,0.9971227,char_3_5gram_tfidf_cosine
nazario5_000973_6d217aba6aa6,nazario5_001002_eefb20d4c1fc,0.9960705,char_3_5gram_tfidf_cosine
nazario5_000973_6d217aba6aa6,nazario5_001009_bc61f1a3962d,0.99481946,char_3_5gram_tfidf_cosine
nazario5_000973_6d217aba6aa6,nazario5_001021_47af3cb78952,0.98650116,char_3_5gram_tfidf_cosine
nazario5_000973_6d217aba6aa6,nazario5_001180_0f22c1d95409,0.99769264,char_3_5gram_tfidf_cosine
nazario5_000973_6d217aba6aa6,nazario5_001183_6216361f366a,0.99670529,char_3_5gram_tfidf_cosine
nazario5_000973_6d217aba6aa6,nazario5_001189_fcab8ac9f205,0.99776751,char_3_5gram_tfidf_cosine
nazario5_000973_6d217aba6aa6,nazario5_001191_5da219e2c17b,0.99773484,char_3_5gram_tfidf_cosine
nazario5_000973_6d217aba6aa6,nazario5_001198_ae99f52485d0,0.99778181,char_3_5gram_tfidf_cosine
nazario5_000976_ca62c358d014,nazario5_000977_a673ffa4ccdc,0.98113275,char_3_5gram_tfidf_cosine
nazario5_000976_ca62c358d014,nazario5_000985_55c72ebd3258,0.99346936,char_3_5gram_tfidf_cosine
nazario5_000976_ca62c358d014,nazario5_000993_c7cee85fccfd,0.99891716,char_3_5gram_tfidf_cosine
nazario5_000976_ca62c358d014,nazario5_001002_eefb20d4c1fc,0.9983989,char_3_5gram_tfidf_cosine
nazario5_000976_ca62c358d014,nazario5_001009_bc61f1a3962d,0.9908396,char_3_5gram_tfidf_cosine
nazario5_000976_ca62c358d014,nazario5_001021_47af3cb78952,0.97646934,char_3_5gram_tfidf_cosine
nazario5_000976_ca62c358d014,nazario5_001180_0f22c1d95409,0.99161559,char_3_5gram_tfidf_cosine
nazario5_000976_ca62c358d014,nazario5_001183_6216361f366a,0.9950794,char_3_5gram_tfidf_cosine
nazario5_000976_ca62c358d014,nazario5_001189_fcab8ac9f205,0.99743164,char_3_5gram_tfidf_cosine
nazario5_000976_ca62c358d014,nazario5_001191_5da219e2c17b,0.99182463,char_3_5gram_tfidf_cosine
nazario5_000976_ca62c358d014,nazario5_001198_ae99f52485d0,0.99838054,char_3_5gram_tfidf_cosine
nazario5_000977_a673ffa4ccdc,nazario5_000985_55c72ebd3258,0.97791195,char_3_5gram_tfidf_cosine
nazario5_000977_a673ffa4ccdc,nazario5_000993_c7cee85fccfd,0.98529518,char_3_5gram_tfidf_cosine
nazario5_000977_a673ffa4ccdc,nazario5_001002_eefb20d4c1fc,0.97708476,char_3_5gram_tfidf_cosine
nazario5_000977_a673ffa4ccdc,nazario5_001009_bc61f1a3962d,0.98739415,char_3_5gram_tfidf_cosine
nazario5_000977_a673ffa4ccdc,nazario5_001021_47af3cb78952,0.98068643,char_3_5gram_tfidf_cosine
nazario5_000977_a673ffa4ccdc,nazario5_001180_0f22c1d95409,0.98000407,char_3_5gram_tfidf_cosine
nazario5_000977_a673ffa4ccdc,nazario5_001183_6216361f366a,0.99023652,char_3_5gram_tfidf_cosine
nazario5_000977_a673ffa4ccdc,nazario5_001189_fcab8ac9f205,0.98526669,char_3_5gram_tfidf_cosine
nazario5_000977_a673ffa4ccdc,nazario5_001191_5da219e2c17b,0.98184538,char_3_5gram_tfidf_cosine
nazario5_000977_a673ffa4ccdc,nazario5_001198_ae99f52485d0,0.98333776,char_3_5gram_tfidf_cosine
nazario5_000982_9be80f4d2a30,nazario5_001001_6bc1e345dacc,0.95571429,char_3_5gram_tfidf_cosine
nazario5_000985_55c72ebd3258,nazario5_000993_c7cee85fccfd,0.99227405,char_3_5gram_tfidf_cosine
nazario5_000985_55c72ebd3258,nazario5_001002_eefb20d4c1fc,0.99075931,char_3_5gram_tfidf_cosine
nazario5_000985_55c72ebd3258,nazario5_001009_bc61f1a3962d,0.97947562,char_3_5gram_tfidf_cosine
nazario5_000985_55c72ebd3258,nazario5_001021_47af3cb78952,0.95936441,char_3_5gram_tfidf_cosine
nazario5_000985_55c72ebd3258,nazario5_001180_0f22c1d95409,0.97527552,char_3_5gram_tfidf_cosine
nazario5_000985_55c72ebd3258,nazario5_001183_6216361f366a,0.98603988,char_3_5gram_tfidf_cosine
nazario5_000985_55c72ebd3258,nazario5_001189_fcab8ac9f205,0.98872787,char_3_5gram_tfidf_cosine
nazario5_000985_55c72ebd3258,nazario5_001191_5da219e2c17b,0.97552747,char_3_5gram_tfidf_cosine
nazario5_000985_55c72ebd3258,nazario5_001198_ae99f52485d0,0.98992449,char_3_5gram_tfidf_cosine
nazario5_000993_c7cee85fccfd,nazario5_001002_eefb20d4c1fc,0.99796909,char_3_5gram_tfidf_cosine
nazario5_000993_c7cee85fccfd,nazario5_001009_bc61f1a3962d,0.99487096,char_3_5gram_tfidf_cosine
nazario5_000993_c7cee85fccfd,nazario5_001021_47af3cb78952,0.98326176,char_3_5gram_tfidf_cosine
nazario5_000993_c7cee85fccfd,nazario5_001180_0f22c1d95409,0.99436003,char_3_5gram_tfidf_cosine
nazario5_000993_c7cee85fccfd,nazario5_001183_6216361f366a,0.99773133,char_3_5gram_tfidf_cosine
nazario5_000993_c7cee85fccfd,nazario5_001189_fcab8ac9f205,0.99873722,char_3_5gram_tfidf_cosine
nazario5_000993_c7cee85fccfd,nazario5_001191_5da219e2c17b,0.99457061,char_3_5gram_tfidf_cosine
nazario5_000993_c7cee85fccfd,nazario5_001198_ae99f52485d0,0.9993704,char_3_5gram_tfidf_cosine
nazario5_001000_987d25d8ebfc,nazario5_001149_2a00bce003f8,0.97821236,char_3_5gram_tfidf_cosine
nazario5_001000_987d25d8ebfc,nazario5_001890_52fa00496fbe,0.96255809,char_3_5gram_tfidf_cosine
nazario5_001000_987d25d8ebfc,nazario5_002093_6039068f355c,0.95662451,char_3_5gram_tfidf_cosine
nazario5_001000_987d25d8ebfc,nazario5_002699_c4c8fdaa8a40,0.9626534,char_3_5gram_tfidf_cosine
nazario5_001002_eefb20d4c1fc,nazario5_001009_bc61f1a3962d,0.98955053,char_3_5gram_tfidf_cosine
nazario5_001002_eefb20d4c1fc,nazario5_001021_47af3cb78952,0.97687,char_3_5gram_tfidf_cosine
nazario5_001002_eefb20d4c1fc,nazario5_001180_0f22c1d95409,0.99204266,char_3_5gram_tfidf_cosine
nazario5_001002_eefb20d4c1fc,nazario5_001183_6216361f366a,0.99389708,char_3_5gram_tfidf_cosine
nazario5_001002_eefb20d4c1fc,nazario5_001189_fcab8ac9f205,0.99597335,char_3_5gram_tfidf_cosine
nazario5_001002_eefb20d4c1fc,nazario5_001191_5da219e2c17b,0.99243104,char_3_5gram_tfidf_cosine
nazario5_001002_eefb20d4c1fc,nazario5_001198_ae99f52485d0,0.99827075,char_3_5gram_tfidf_cosine
nazario5_001006_88172f30d42c,nazario5_001011_dedd4f7ae273,0.96929538,char_3_5gram_tfidf_cosine
nazario5_001009_bc61f1a3962d,nazario5_001021_47af3cb78952,0.99515867,char_3_5gram_tfidf_cosine
nazario5_001009_bc61f1a3962d,nazario5_001180_0f22c1d95409,0.99624056,char_3_5gram_tfidf_cosine
nazario5_001009_bc61f1a3962d,nazario5_001183_6216361f366a,0.99775147,char_3_5gram_tfidf_cosine
nazario5_001009_bc61f1a3962d,nazario5_001189_fcab8ac9f205,0.99622148,char_3_5gram_tfidf_cosine
nazario5_001009_bc61f1a3962d,nazario5_001191_5da219e2c17b,0.99697393,char_3_5gram_tfidf_cosine
nazario5_001009_bc61f1a3962d,nazario5_001198_ae99f52485d0,0.99528033,char_3_5gram_tfidf_cosine
nazario5_001017_762593a809fc,nazario5_001171_700b8601d4cb,0.95646119,char_3_5gram_tfidf_cosine
nazario5_001021_47af3cb78952,nazario5_001180_0f22c1d95409,0.99130404,char_3_5gram_tfidf_cosine
nazario5_001021_47af3cb78952,nazario5_001183_6216361f366a,0.9906522,char_3_5gram_tfidf_cosine
nazario5_001021_47af3cb78952,nazario5_001189_fcab8ac9f205,0.98644239,char_3_5gram_tfidf_cosine
nazario5_001021_47af3cb78952,nazario5_001191_5da219e2c17b,0.99304855,char_3_5gram_tfidf_cosine
nazario5_001021_47af3cb78952,nazario5_001198_ae99f52485d0,0.98496783,char_3_5gram_tfidf_cosine
nazario5_001041_bdcb902a54a7,nazario5_001185_357ec5d7db29,0.95990002,char_3_5gram_tfidf_cosine
nazario5_001051_b9fbbf22cce6,nazario5_001053_fb59c1bc1242,0.99261403,char_3_5gram_tfidf_cosine
nazario5_001051_b9fbbf22cce6,nazario5_001095_1f3da60ba1c0,0.99093354,char_3_5gram_tfidf_cosine
nazario5_001053_fb59c1bc1242,nazario5_001095_1f3da60ba1c0,0.98928702,char_3_5gram_tfidf_cosine
nazario5_001080_229455ec5891,nazario5_001084_2835b66731ca,0.96653342,char_3_5gram_tfidf_cosine
nazario5_001093_f4d3f5700bbc,nazario5_001890_52fa00496fbe,0.95324856,char_3_5gram_tfidf_cosine
nazario5_001093_f4d3f5700bbc,nazario5_002699_c4c8fdaa8a40,0.95334977,char_3_5gram_tfidf_cosine
nazario5_001110_69dbbb71ba91,nazario5_001157_dc17baf06076,0.95486522,char_3_5gram_tfidf_cosine
nazario5_001110_69dbbb71ba91,nazario5_002478_cf169225477a,0.95818985,char_3_5gram_tfidf_cosine
nazario5_001157_dc17baf06076,nazario5_001255_ab13b4d1c7de,0.9601658,char_3_5gram_tfidf_cosine
nazario5_001157_dc17baf06076,nazario5_002478_cf169225477a,0.96890628,char_3_5gram_tfidf_cosine
nazario5_001157_dc17baf06076,nazario5_002803_d6940e946b6c,0.95256394,char_3_5gram_tfidf_cosine
nazario5_001157_dc17baf06076,nazario5_002872_7081d91622fa,0.95362198,char_3_5gram_tfidf_cosine
nazario5_001180_0f22c1d95409,nazario5_001183_6216361f366a,0.99636,char_3_5gram_tfidf_cosine
nazario5_001180_0f22c1d95409,nazario5_001189_fcab8ac9f205,0.99578297,char_3_5gram_tfidf_cosine
nazario5_001180_0f22c1d95409,nazario5_001191_5da219e2c17b,0.99782926,char_3_5gram_tfidf_cosine
nazario5_001180_0f22c1d95409,nazario5_001198_ae99f52485d0,0.99537939,char_3_5gram_tfidf_cosine
nazario5_001183_6216361f366a,nazario5_001189_fcab8ac9f205,0.99819738,char_3_5gram_tfidf_cosine
nazario5_001183_6216361f366a,nazario5_001191_5da219e2c17b,0.99612081,char_3_5gram_tfidf_cosine
nazario5_001183_6216361f366a,nazario5_001198_ae99f52485d0,0.9975825,char_3_5gram_tfidf_cosine
nazario5_001189_fcab8ac9f205,nazario5_001191_5da219e2c17b,0.9956513,char_3_5gram_tfidf_cosine
nazario5_001189_fcab8ac9f205,nazario5_001198_ae99f52485d0,0.99843532,char_3_5gram_tfidf_cosine
nazario5_001191_5da219e2c17b,nazario5_001198_ae99f52485d0,0.99607474,char_3_5gram_tfidf_cosine
nazario5_001202_08762a07bd3a,nazario5_001219_95fe482cbc23,0.9644841,char_3_5gram_tfidf_cosine
nazario5_001202_08762a07bd3a,nazario5_001221_e0ab9b2e3222,0.9613992,char_3_5gram_tfidf_cosine
nazario5_001202_08762a07bd3a,nazario5_001256_df03df77c1d4,0.95620513,char_3_5gram_tfidf_cosine
nazario5_001202_08762a07bd3a,nazario5_001327_cfb809338d5c,0.95894521,char_3_5gram_tfidf_cosine
nazario5_001202_08762a07bd3a,nazario5_001370_18510b38a6b1,0.96554261,char_3_5gram_tfidf_cosine
nazario5_001202_08762a07bd3a,nazario5_001396_e9d75d049a99,0.95677829,char_3_5gram_tfidf_cosine
nazario5_001202_08762a07bd3a,nazario5_001397_a93bc8e1913c,0.95199531,char_3_5gram_tfidf_cosine
nazario5_001202_08762a07bd3a,nazario5_001426_aa02d003e2ef,0.95275027,char_3_5gram_tfidf_cosine
nazario5_001202_08762a07bd3a,nazario5_001443_6a980d258984,0.95410603,char_3_5gram_tfidf_cosine
nazario5_001202_08762a07bd3a,nazario5_001890_52fa00496fbe,0.95491165,char_3_5gram_tfidf_cosine
nazario5_001202_08762a07bd3a,nazario5_002699_c4c8fdaa8a40,0.95497704,char_3_5gram_tfidf_cosine
nazario5_001205_c8192a2d5de1,nazario5_001206_563421534ce0,0.95103914,char_3_5gram_tfidf_cosine
nazario5_001206_563421534ce0,nazario5_001208_ce57d45dea60,0.95482939,char_3_5gram_tfidf_cosine
nazario5_001206_563421534ce0,nazario5_001219_95fe482cbc23,0.96807623,char_3_5gram_tfidf_cosine
nazario5_001206_563421534ce0,nazario5_001221_e0ab9b2e3222,0.96681952,char_3_5gram_tfidf_cosine
nazario5_001206_563421534ce0,nazario5_001256_df03df77c1d4,0.96040463,char_3_5gram_tfidf_cosine
nazario5_001206_563421534ce0,nazario5_001316_8e941c52ea55,0.95149755,char_3_5gram_tfidf_cosine
nazario5_001206_563421534ce0,nazario5_001327_cfb809338d5c,0.96330208,char_3_5gram_tfidf_cosine
nazario5_001206_563421534ce0,nazario5_001370_18510b38a6b1,0.96945953,char_3_5gram_tfidf_cosine
nazario5_001206_563421534ce0,nazario5_001396_e9d75d049a99,0.96027994,char_3_5gram_tfidf_cosine
nazario5_001206_563421534ce0,nazario5_001397_a93bc8e1913c,0.95869839,char_3_5gram_tfidf_cosine
nazario5_001206_563421534ce0,nazario5_001426_aa02d003e2ef,0.95609426,char_3_5gram_tfidf_cosine
nazario5_001206_563421534ce0,nazario5_001427_fba087699160,0.95318604,char_3_5gram_tfidf_cosine
nazario5_001206_563421534ce0,nazario5_001443_6a980d258984,0.95926762,char_3_5gram_tfidf_cosine
nazario5_001206_563421534ce0,nazario5_001890_52fa00496fbe,0.95410037,char_3_5gram_tfidf_cosine
nazario5_001206_563421534ce0,nazario5_002699_c4c8fdaa8a40,0.95420003,char_3_5gram_tfidf_cosine
nazario5_001219_95fe482cbc23,nazario5_001221_e0ab9b2e3222,0.99517125,char_3_5gram_tfidf_cosine
nazario5_001219_95fe482cbc23,nazario5_001224_dc7deb3b9667,0.95802522,char_3_5gram_tfidf_cosine
nazario5_001219_95fe482cbc23,nazario5_001256_df03df77c1d4,0.98308563,char_3_5gram_tfidf_cosine
nazario5_001219_95fe482cbc23,nazario5_001316_8e941c52ea55,0.97369456,char_3_5gram_tfidf_cosine
nazario5_001219_95fe482cbc23,nazario5_001320_d327ca8c8da6,0.95373207,char_3_5gram_tfidf_cosine
nazario5_001219_95fe482cbc23,nazario5_001321_5b1b5c05881c,0.96431381,char_3_5gram_tfidf_cosine
nazario5_001219_95fe482cbc23,nazario5_001323_5ae125394b4f,0.95810622,char_3_5gram_tfidf_cosine
nazario5_001219_95fe482cbc23,nazario5_001324_a97e4150c6dc,0.96655935,char_3_5gram_tfidf_cosine
nazario5_001219_95fe482cbc23,nazario5_001327_cfb809338d5c,0.98638952,char_3_5gram_tfidf_cosine
nazario5_001219_95fe482cbc23,nazario5_001334_59c738ee85ec,0.95072597,char_3_5gram_tfidf_cosine
nazario5_001219_95fe482cbc23,nazario5_001362_f3a28442ab7b,0.96850622,char_3_5gram_tfidf_cosine
nazario5_001219_95fe482cbc23,nazario5_001370_18510b38a6b1,0.99347311,char_3_5gram_tfidf_cosine
nazario5_001219_95fe482cbc23,nazario5_001371_24d71eae04f6,0.96415967,char_3_5gram_tfidf_cosine
nazario5_001219_95fe482cbc23,nazario5_001373_e758eb262c7d,0.96696669,char_3_5gram_tfidf_cosine
nazario5_001219_95fe482cbc23,nazario5_001376_11663b69278e,0.96952802,char_3_5gram_tfidf_cosine
nazario5_001219_95fe482cbc23,nazario5_001385_09df2645ebea,0.9657883,char_3_5gram_tfidf_cosine
nazario5_001219_95fe482cbc23,nazario5_001394_4bee7fbb1392,0.95708656,char_3_5gram_tfidf_cosine
nazario5_001219_95fe482cbc23,nazario5_001396_e9d75d049a99,0.98295444,char_3_5gram_tfidf_cosine
nazario5_001219_95fe482cbc23,nazario5_001397_a93bc8e1913c,0.97654927,char_3_5gram_tfidf_cosine
nazario5_001219_95fe482cbc23,nazario5_001426_aa02d003e2ef,0.97749567,char_3_5gram_tfidf_cosine
nazario5_001219_95fe482cbc23,nazario5_001427_fba087699160,0.97464472,char_3_5gram_tfidf_cosine
nazario5_001219_95fe482cbc23,nazario5_001443_6a980d258984,0.98052919,char_3_5gram_tfidf_cosine
nazario5_001219_95fe482cbc23,nazario5_001445_6907e8b18da1,0.96082377,char_3_5gram_tfidf_cosine
nazario5_001219_95fe482cbc23,nazario5_001446_7e4a60c6f7b4,0.95337838,char_3_5gram_tfidf_cosine
nazario5_001219_95fe482cbc23,nazario5_001494_5fc6f9ef8363,0.95828241,char_3_5gram_tfidf_cosine
nazario5_001219_95fe482cbc23,nazario5_001890_52fa00496fbe,0.97809631,char_3_5gram_tfidf_cosine
nazario5_001219_95fe482cbc23,nazario5_002093_6039068f355c,0.97021639,char_3_5gram_tfidf_cosine
nazario5_001219_95fe482cbc23,nazario5_002699_c4c8fdaa8a40,0.97815013,char_3_5gram_tfidf_cosine
nazario5_001219_95fe482cbc23,nazario5_002784_da2973758df8,0.95490748,char_3_5gram_tfidf_cosine
nazario5_001221_e0ab9b2e3222,nazario5_001224_dc7deb3b9667,0.95633727,char_3_5gram_tfidf_cosine
nazario5_001221_e0ab9b2e3222,nazario5_001256_df03df77c1d4,0.98032117,char_3_5gram_tfidf_cosine
nazario5_001221_e0ab9b2e3222,nazario5_001316_8e941c52ea55,0.97152925,char_3_5gram_tfidf_cosine
nazario5_001221_e0ab9b2e3222,nazario5_001320_d327ca8c8da6,0.95241302,char_3_5gram_tfidf_cosine
nazario5_001221_e0ab9b2e3222,nazario5_001321_5b1b5c05881c,0.96339041,char_3_5gram_tfidf_cosine
nazario5_001221_e0ab9b2e3222,nazario5_001323_5ae125394b4f,0.95684522,char_3_5gram_tfidf_cosine
nazario5_001221_e0ab9b2e3222,nazario5_001324_a97e4150c6dc,0.96391439,char_3_5gram_tfidf_cosine
nazario5_001221_e0ab9b2e3222,nazario5_001327_cfb809338d5c,0.98501986,char_3_5gram_tfidf_cosine
nazario5_001221_e0ab9b2e3222,nazario5_001334_59c738ee85ec,0.95024532,char_3_5gram_tfidf_cosine
nazario5_001221_e0ab9b2e3222,nazario5_001362_f3a28442ab7b,0.9652195,char_3_5gram_tfidf_cosine
nazario5_001221_e0ab9b2e3222,nazario5_001370_18510b38a6b1,0.98995817,char_3_5gram_tfidf_cosine
nazario5_001221_e0ab9b2e3222,nazario5_001371_24d71eae04f6,0.96193713,char_3_5gram_tfidf_cosine
nazario5_001221_e0ab9b2e3222,nazario5_001373_e758eb262c7d,0.96606022,char_3_5gram_tfidf_cosine
nazario5_001221_e0ab9b2e3222,nazario5_001376_11663b69278e,0.96751416,char_3_5gram_tfidf_cosine
nazario5_001221_e0ab9b2e3222,nazario5_001385_09df2645ebea,0.9635756,char_3_5gram_tfidf_cosine
nazario5_001221_e0ab9b2e3222,nazario5_001394_4bee7fbb1392,0.95673233,char_3_5gram_tfidf_cosine
nazario5_001221_e0ab9b2e3222,nazario5_001396_e9d75d049a99,0.97951686,char_3_5gram_tfidf_cosine
nazario5_001221_e0ab9b2e3222,nazario5_001397_a93bc8e1913c,0.97444046,char_3_5gram_tfidf_cosine
nazario5_001221_e0ab9b2e3222,nazario5_001426_aa02d003e2ef,0.97412676,char_3_5gram_tfidf_cosine
nazario5_001221_e0ab9b2e3222,nazario5_001427_fba087699160,0.97224367,char_3_5gram_tfidf_cosine
nazario5_001221_e0ab9b2e3222,nazario5_001443_6a980d258984,0.97888285,char_3_5gram_tfidf_cosine
nazario5_001221_e0ab9b2e3222,nazario5_001445_6907e8b18da1,0.95885861,char_3_5gram_tfidf_cosine
nazario5_001221_e0ab9b2e3222,nazario5_001446_7e4a60c6f7b4,0.95184791,char_3_5gram_tfidf_cosine
nazario5_001221_e0ab9b2e3222,nazario5_001494_5fc6f9ef8363,0.9549973,char_3_5gram_tfidf_cosine
nazario5_001221_e0ab9b2e3222,nazario5_001890_52fa00496fbe,0.97463918,char_3_5gram_tfidf_cosine
nazario5_001221_e0ab9b2e3222,nazario5_002093_6039068f355c,0.96702695,char_3_5gram_tfidf_cosine
nazario5_001221_e0ab9b2e3222,nazario5_002699_c4c8fdaa8a40,0.97469258,char_3_5gram_tfidf_cosine
nazario5_001221_e0ab9b2e3222,nazario5_002784_da2973758df8,0.95155853,char_3_5gram_tfidf_cosine
nazario5_001224_dc7deb3b9667,nazario5_001327_cfb809338d5c,0.95101613,char_3_5gram_tfidf_cosine
nazario5_001224_dc7deb3b9667,nazario5_001370_18510b38a6b1,0.95437884,char_3_5gram_tfidf_cosine
nazario5_001232_a31da942f0e5,nazario5_001244_1d09a3efb5e6,0.9852547,char_3_5gram_tfidf_cosine
nazario5_001232_a31da942f0e5,nazario5_001890_52fa00496fbe,0.96479654,char_3_5gram_tfidf_cosine
nazario5_001232_a31da942f0e5,nazario5_002093_6039068f355c,0.95910275,char_3_5gram_tfidf_cosine
nazario5_001232_a31da942f0e5,nazario5_002699_c4c8fdaa8a40,0.96482229,char_3_5gram_tfidf_cosine
nazario5_001244_1d09a3efb5e6,nazario5_001890_52fa00496fbe,0.9504081,char_3_5gram_tfidf_cosine
nazario5_001244_1d09a3efb5e6,nazario5_002699_c4c8fdaa8a40,0.95044655,char_3_5gram_tfidf_cosine
nazario5_001255_ab13b4d1c7de,nazario5_002478_cf169225477a,0.96185344,char_3_5gram_tfidf_cosine
nazario5_001256_df03df77c1d4,nazario5_001316_8e941c52ea55,0.96573359,char_3_5gram_tfidf_cosine
nazario5_001256_df03df77c1d4,nazario5_001321_5b1b5c05881c,0.95656455,char_3_5gram_tfidf_cosine
nazario5_001256_df03df77c1d4,nazario5_001323_5ae125394b4f,0.95000547,char_3_5gram_tfidf_cosine
nazario5_001256_df03df77c1d4,nazario5_001324_a97e4150c6dc,0.95910752,char_3_5gram_tfidf_cosine
nazario5_001256_df03df77c1d4,nazario5_001327_cfb809338d5c,0.97765356,char_3_5gram_tfidf_cosine
nazario5_001256_df03df77c1d4,nazario5_001362_f3a28442ab7b,0.96026051,char_3_5gram_tfidf_cosine
nazario5_001256_df03df77c1d4,nazario5_001370_18510b38a6b1,0.98487145,char_3_5gram_tfidf_cosine
nazario5_001256_df03df77c1d4,nazario5_001371_24d71eae04f6,0.95649523,char_3_5gram_tfidf_cosine
nazario5_001256_df03df77c1d4,nazario5_001373_e758eb262c7d,0.95874715,char_3_5gram_tfidf_cosine
nazario5_001256_df03df77c1d4,nazario5_001376_11663b69278e,0.96164078,char_3_5gram_tfidf_cosine
nazario5_001256_df03df77c1d4,nazario5_001385_09df2645ebea,0.95752907,char_3_5gram_tfidf_cosine
nazario5_001256_df03df77c1d4,nazario5_001394_4bee7fbb1392,0.95046872,char_3_5gram_tfidf_cosine
nazario5_001256_df03df77c1d4,nazario5_001396_e9d75d049a99,0.97495633,char_3_5gram_tfidf_cosine
nazario5_001256_df03df77c1d4,nazario5_001397_a93bc8e1913c,0.96880817,char_3_5gram_tfidf_cosine
nazario5_001256_df03df77c1d4,nazario5_001426_aa02d003e2ef,0.97171599,char_3_5gram_tfidf_cosine
nazario5_001256_df03df77c1d4,nazario5_001427_fba087699160,0.96694541,char_3_5gram_tfidf_cosine
nazario5_001256_df03df77c1d4,nazario5_001443_6a980d258984,0.97253346,char_3_5gram_tfidf_cosine
nazario5_001256_df03df77c1d4,nazario5_001445_6907e8b18da1,0.95275789,char_3_5gram_tfidf_cosine
nazario5_001256_df03df77c1d4,nazario5_001494_5fc6f9ef8363,0.95029896,char_3_5gram_tfidf_cosine
nazario5_001256_df03df77c1d4,nazario5_001890_52fa00496fbe,0.96804202,char_3_5gram_tfidf_cosine
nazario5_001256_df03df77c1d4,nazario5_002093_6039068f355c,0.96122164,char_3_5gram_tfidf_cosine
nazario5_001256_df03df77c1d4,nazario5_002699_c4c8fdaa8a40,0.9681313,char_3_5gram_tfidf_cosine
nazario5_001260_39ba725b88e7,nazario5_001329_5c90d5105636,0.9760415,char_3_5gram_tfidf_cosine
nazario5_001314_230bc0c16fd0,nazario5_001315_f1e4613c72e9,0.95505416,char_3_5gram_tfidf_cosine
nazario5_001314_230bc0c16fd0,nazario5_001318_047aa8c8da0b,0.95947719,char_3_5gram_tfidf_cosine
nazario5_001315_f1e4613c72e9,nazario5_001318_047aa8c8da0b,0.98738813,char_3_5gram_tfidf_cosine
nazario5_001316_8e941c52ea55,nazario5_001321_5b1b5c05881c,0.95009363,char_3_5gram_tfidf_cosine
nazario5_001316_8e941c52ea55,nazario5_001327_cfb809338d5c,0.96753138,char_3_5gram_tfidf_cosine
nazario5_001316_8e941c52ea55,nazario5_001362_f3a28442ab7b,0.95296854,char_3_5gram_tfidf_cosine
nazario5_001316_8e941c52ea55,nazario5_001370_18510b38a6b1,0.97493851,char_3_5gram_tfidf_cosine
nazario5_001316_8e941c52ea55,nazario5_001373_e758eb262c7d,0.95830923,char_3_5gram_tfidf_cosine
nazario5_001316_8e941c52ea55,nazario5_001376_11663b69278e,0.95326072,char_3_5gram_tfidf_cosine
nazario5_001316_8e941c52ea55,nazario5_001396_e9d75d049a99,0.96498448,char_3_5gram_tfidf_cosine
nazario5_001316_8e941c52ea55,nazario5_001397_a93bc8e1913c,0.95908064,char_3_5gram_tfidf_cosine
nazario5_001316_8e941c52ea55,nazario5_001426_aa02d003e2ef,0.96139598,char_3_5gram_tfidf_cosine
nazario5_001316_8e941c52ea55,nazario5_001427_fba087699160,0.95648462,char_3_5gram_tfidf_cosine
nazario5_001316_8e941c52ea55,nazario5_001443_6a980d258984,0.96269035,char_3_5gram_tfidf_cosine
nazario5_001316_8e941c52ea55,nazario5_001890_52fa00496fbe,0.95925128,char_3_5gram_tfidf_cosine
nazario5_001316_8e941c52ea55,nazario5_002093_6039068f355c,0.95432287,char_3_5gram_tfidf_cosine
nazario5_001316_8e941c52ea55,nazario5_002699_c4c8fdaa8a40,0.95933354,char_3_5gram_tfidf_cosine
nazario5_001320_d327ca8c8da6,nazario5_001327_cfb809338d5c,0.95872176,char_3_5gram_tfidf_cosine
nazario5_001320_d327ca8c8da6,nazario5_001370_18510b38a6b1,0.95486158,char_3_5gram_tfidf_cosine
nazario5_001321_5b1b5c05881c,nazario5_001324_a97e4150c6dc,0.95066464,char_3_5gram_tfidf_cosine
nazario5_001321_5b1b5c05881c,nazario5_001327_cfb809338d5c,0.96644014,char_3_5gram_tfidf_cosine
nazario5_001321_5b1b5c05881c,nazario5_001362_f3a28442ab7b,0.95315582,char_3_5gram_tfidf_cosine
nazario5_001321_5b1b5c05881c,nazario5_001370_18510b38a6b1,0.96594095,char_3_5gram_tfidf_cosine
nazario5_001321_5b1b5c05881c,nazario5_001396_e9d75d049a99,0.95705384,char_3_5gram_tfidf_cosine
nazario5_001321_5b1b5c05881c,nazario5_001397_a93bc8e1913c,0.95243686,char_3_5gram_tfidf_cosine
nazario5_001321_5b1b5c05881c,nazario5_001426_aa02d003e2ef,0.95396537,char_3_5gram_tfidf_cosine
nazario5_001321_5b1b5c05881c,nazario5_001443_6a980d258984,0.95686185,char_3_5gram_tfidf_cosine
nazario5_001321_5b1b5c05881c,nazario5_001890_52fa00496fbe,0.95609903,char_3_5gram_tfidf_cosine
nazario5_001321_5b1b5c05881c,nazario5_002093_6039068f355c,0.95035475,char_3_5gram_tfidf_cosine
nazario5_001321_5b1b5c05881c,nazario5_002699_c4c8fdaa8a40,0.9561308,char_3_5gram_tfidf_cosine
nazario5_001322_b217dc348726,nazario5_001323_5ae125394b4f,0.96076894,char_3_5gram_tfidf_cosine
nazario5_001323_5ae125394b4f,nazario5_001327_cfb809338d5c,0.96521777,char_3_5gram_tfidf_cosine
nazario5_001323_5ae125394b4f,nazario5_001370_18510b38a6b1,0.95925361,char_3_5gram_tfidf_cosine
nazario5_001323_5ae125394b4f,nazario5_001396_e9d75d049a99,0.9505949,char_3_5gram_tfidf_cosine
nazario5_001323_5ae125394b4f,nazario5_001443_6a980d258984,0.95012152,char_3_5gram_tfidf_cosine
nazario5_001324_a97e4150c6dc,nazario5_001327_cfb809338d5c,0.96736592,char_3_5gram_tfidf_cosine
nazario5_001324_a97e4150c6dc,nazario5_001362_f3a28442ab7b,0.95224041,char_3_5gram_tfidf_cosine
nazario5_001324_a97e4150c6dc,nazario5_001370_18510b38a6b1,0.96818537,char_3_5gram_tfidf_cosine
nazario5_001324_a97e4150c6dc,nazario5_001396_e9d75d049a99,0.95848358,char_3_5gram_tfidf_cosine
nazario5_001324_a97e4150c6dc,nazario5_001397_a93bc8e1913c,0.95191467,char_3_5gram_tfidf_cosine
nazario5_001324_a97e4150c6dc,nazario5_001426_aa02d003e2ef,0.95420766,char_3_5gram_tfidf_cosine
nazario5_001324_a97e4150c6dc,nazario5_001427_fba087699160,0.95152575,char_3_5gram_tfidf_cosine
nazario5_001324_a97e4150c6dc,nazario5_001443_6a980d258984,0.95648253,char_3_5gram_tfidf_cosine
nazario5_001324_a97e4150c6dc,nazario5_001890_52fa00496fbe,0.95740855,char_3_5gram_tfidf_cosine
nazario5_001324_a97e4150c6dc,nazario5_002093_6039068f355c,0.95068794,char_3_5gram_tfidf_cosine
nazario5_001324_a97e4150c6dc,nazario5_002699_c4c8fdaa8a40,0.95745832,char_3_5gram_tfidf_cosine
nazario5_001327_cfb809338d5c,nazario5_001334_59c738ee85ec,0.96542507,char_3_5gram_tfidf_cosine
nazario5_001327_cfb809338d5c,nazario5_001362_f3a28442ab7b,0.96837717,char_3_5gram_tfidf_cosine
nazario5_001327_cfb809338d5c,nazario5_001370_18510b38a6b1,0.98678976,char_3_5gram_tfidf_cosine
nazario5_001327_cfb809338d5c,nazario5_001371_24d71eae04f6,0.95841694,char_3_5gram_tfidf_cosine
nazario5_001327_cfb809338d5c,nazario5_001373_e758eb262c7d,0.96121663,char_3_5gram_tfidf_cosine
nazario5_001327_cfb809338d5c,nazario5_001376_11663b69278e,0.96431339,char_3_5gram_tfidf_cosine
nazario5_001327_cfb809338d5c,nazario5_001385_09df2645ebea,0.9604547,char_3_5gram_tfidf_cosine
nazario5_001327_cfb809338d5c,nazario5_001394_4bee7fbb1392,0.95241344,char_3_5gram_tfidf_cosine
nazario5_001327_cfb809338d5c,nazario5_001396_e9d75d049a99,0.9774366,char_3_5gram_tfidf_cosine
nazario5_001327_cfb809338d5c,nazario5_001397_a93bc8e1913c,0.97183514,char_3_5gram_tfidf_cosine
nazario5_001327_cfb809338d5c,nazario5_001426_aa02d003e2ef,0.97197825,char_3_5gram_tfidf_cosine
nazario5_001327_cfb809338d5c,nazario5_001427_fba087699160,0.96935201,char_3_5gram_tfidf_cosine
nazario5_001327_cfb809338d5c,nazario5_001443_6a980d258984,0.97536206,char_3_5gram_tfidf_cosine
nazario5_001327_cfb809338d5c,nazario5_001445_6907e8b18da1,0.96265638,char_3_5gram_tfidf_cosine
nazario5_001327_cfb809338d5c,nazario5_001494_5fc6f9ef8363,0.96142018,char_3_5gram_tfidf_cosine
nazario5_001327_cfb809338d5c,nazario5_001890_52fa00496fbe,0.9771024,char_3_5gram_tfidf_cosine
nazario5_001327_cfb809338d5c,nazario5_002093_6039068f355c,0.96894807,char_3_5gram_tfidf_cosine
nazario5_001327_cfb809338d5c,nazario5_002699_c4c8fdaa8a40,0.97713333,char_3_5gram_tfidf_cosine
nazario5_001327_cfb809338d5c,nazario5_002784_da2973758df8,0.9538722,char_3_5gram_tfidf_cosine
nazario5_001334_59c738ee85ec,nazario5_001370_18510b38a6b1,0.95063108,char_3_5gram_tfidf_cosine
nazario5_001362_f3a28442ab7b,nazario5_001370_18510b38a6b1,0.9697001,char_3_5gram_tfidf_cosine
nazario5_001362_f3a28442ab7b,nazario5_001396_e9d75d049a99,0.96120471,char_3_5gram_tfidf_cosine
nazario5_001362_f3a28442ab7b,nazario5_001397_a93bc8e1913c,0.95520973,char_3_5gram_tfidf_cosine
nazario5_001362_f3a28442ab7b,nazario5_001426_aa02d003e2ef,0.95865607,char_3_5gram_tfidf_cosine
nazario5_001362_f3a28442ab7b,nazario5_001427_fba087699160,0.9516626,char_3_5gram_tfidf_cosine
nazario5_001362_f3a28442ab7b,nazario5_001443_6a980d258984,0.95833892,char_3_5gram_tfidf_cosine
nazario5_001362_f3a28442ab7b,nazario5_001890_52fa00496fbe,0.96974796,char_3_5gram_tfidf_cosine
nazario5_001362_f3a28442ab7b,nazario5_002093_6039068f355c,0.96423405,char_3_5gram_tfidf_cosine
nazario5_001362_f3a28442ab7b,nazario5_002699_c4c8fdaa8a40,0.96978545,char_3_5gram_tfidf_cosine
nazario5_001370_18510b38a6b1,nazario5_001371_24d71eae04f6,0.96527171,char_3_5gram_tfidf_cosine
nazario5_001370_18510b38a6b1,nazario5_001373_e758eb262c7d,0.96833253,char_3_5gram_tfidf_cosine
nazario5_001370_18510b38a6b1,nazario5_001376_11663b69278e,0.97141033,char_3_5gram_tfidf_cosine
nazario5_001370_18510b38a6b1,nazario5_001385_09df2645ebea,0.9671042,char_3_5gram_tfidf_cosine
nazario5_001370_18510b38a6b1,nazario5_001394_4bee7fbb1392,0.95863378,char_3_5gram_tfidf_cosine
nazario5_001370_18510b38a6b1,nazario5_001396_e9d75d049a99,0.98479486,char_3_5gram_tfidf_cosine
nazario5_001370_18510b38a6b1,nazario5_001397_a93bc8e1913c,0.97808385,char_3_5gram_tfidf_cosine
nazario5_001370_18510b38a6b1,nazario5_001426_aa02d003e2ef,0.97898847,char_3_5gram_tfidf_cosine
nazario5_001370_18510b38a6b1,nazario5_001427_fba087699160,0.97590786,char_3_5gram_tfidf_cosine
nazario5_001370_18510b38a6b1,nazario5_001443_6a980d258984,0.98207021,char_3_5gram_tfidf_cosine
nazario5_001370_18510b38a6b1,nazario5_001445_6907e8b18da1,0.96211785,char_3_5gram_tfidf_cosine
nazario5_001370_18510b38a6b1,nazario5_001446_7e4a60c6f7b4,0.95397836,char_3_5gram_tfidf_cosine
nazario5_001370_18510b38a6b1,nazario5_001494_5fc6f9ef8363,0.96005124,char_3_5gram_tfidf_cosine
nazario5_001370_18510b38a6b1,nazario5_001890_52fa00496fbe,0.9792946,char_3_5gram_tfidf_cosine
nazario5_001370_18510b38a6b1,nazario5_002093_6039068f355c,0.97139072,char_3_5gram_tfidf_cosine
nazario5_001370_18510b38a6b1,nazario5_002699_c4c8fdaa8a40,0.97933143,char_3_5gram_tfidf_cosine
nazario5_001370_18510b38a6b1,nazario5_002784_da2973758df8,0.95645386,char_3_5gram_tfidf_cosine
nazario5_001371_24d71eae04f6,nazario5_001396_e9d75d049a99,0.95600903,char_3_5gram_tfidf_cosine
nazario5_001371_24d71eae04f6,nazario5_001397_a93bc8e1913c,0.95109224,char_3_5gram_tfidf_cosine
nazario5_001371_24d71eae04f6,nazario5_001426_aa02d003e2ef,0.95383453,char_3_5gram_tfidf_cosine
nazario5_001371_24d71eae04f6,nazario5_001443_6a980d258984,0.95444971,char_3_5gram_tfidf_cosine
nazario5_001372_6dd489bba6be,nazario5_001374_f43cc8e06e25,0.96575683,char_3_5gram_tfidf_cosine
nazario5_001373_e758eb262c7d,nazario5_001396_e9d75d049a99,0.9594003,char_3_5gram_tfidf_cosine
nazario5_001373_e758eb262c7d,nazario5_001397_a93bc8e1913c,0.95425111,char_3_5gram_tfidf_cosine
nazario5_001373_e758eb262c7d,nazario5_001426_aa02d003e2ef,0.95349252,char_3_5gram_tfidf_cosine
nazario5_001373_e758eb262c7d,nazario5_001427_fba087699160,0.95198804,char_3_5gram_tfidf_cosine
nazario5_001373_e758eb262c7d,nazario5_001443_6a980d258984,0.9582721,char_3_5gram_tfidf_cosine
nazario5_001373_e758eb262c7d,nazario5_001890_52fa00496fbe,0.95194143,char_3_5gram_tfidf_cosine
nazario5_001373_e758eb262c7d,nazario5_002699_c4c8fdaa8a40,0.95204926,char_3_5gram_tfidf_cosine
nazario5_001376_11663b69278e,nazario5_001396_e9d75d049a99,0.96202528,char_3_5gram_tfidf_cosine
nazario5_001376_11663b69278e,nazario5_001397_a93bc8e1913c,0.95708036,char_3_5gram_tfidf_cosine
nazario5_001376_11663b69278e,nazario5_001426_aa02d003e2ef,0.95694596,char_3_5gram_tfidf_cosine
nazario5_001376_11663b69278e,nazario5_001427_fba087699160,0.95376039,char_3_5gram_tfidf_cosine
nazario5_001376_11663b69278e,nazario5_001443_6a980d258984,0.96038502,char_3_5gram_tfidf_cosine
nazario5_001376_11663b69278e,nazario5_001890_52fa00496fbe,0.95526701,char_3_5gram_tfidf_cosine
nazario5_001376_11663b69278e,nazario5_002699_c4c8fdaa8a40,0.95538628,char_3_5gram_tfidf_cosine
nazario5_001385_09df2645ebea,nazario5_001396_e9d75d049a99,0.95756286,char_3_5gram_tfidf_cosine
nazario5_001385_09df2645ebea,nazario5_001397_a93bc8e1913c,0.95376462,char_3_5gram_tfidf_cosine
nazario5_001385_09df2645ebea,nazario5_001426_aa02d003e2ef,0.95341003,char_3_5gram_tfidf_cosine
nazario5_001385_09df2645ebea,nazario5_001427_fba087699160,0.9735921,char_3_5gram_tfidf_cosine
nazario5_001385_09df2645ebea,nazario5_001443_6a980d258984,0.95634156,char_3_5gram_tfidf_cosine
nazario5_001385_09df2645ebea,nazario5_001890_52fa00496fbe,0.95149559,char_3_5gram_tfidf_cosine
nazario5_001385_09df2645ebea,nazario5_002699_c4c8fdaa8a40,0.95157272,char_3_5gram_tfidf_cosine
nazario5_001394_4bee7fbb1392,nazario5_001426_aa02d003e2ef,0.95053297,char_3_5gram_tfidf_cosine
nazario5_001394_4bee7fbb1392,nazario5_001443_6a980d258984,0.95019239,char_3_5gram_tfidf_cosine
nazario5_001396_e9d75d049a99,nazario5_001397_a93bc8e1913c,0.99317908,char_3_5gram_tfidf_cosine
nazario5_001396_e9d75d049a99,nazario5_001426_aa02d003e2ef,0.97000331,char_3_5gram_tfidf_cosine
nazario5_001396_e9d75d049a99,nazario5_001427_fba087699160,0.96603179,char_3_5gram_tfidf_cosine
nazario5_001396_e9d75d049a99,nazario5_001443_6a980d258984,0.97201782,char_3_5gram_tfidf_cosine
nazario5_001396_e9d75d049a99,nazario5_001445_6907e8b18da1,0.95404363,char_3_5gram_tfidf_cosine
nazario5_001396_e9d75d049a99,nazario5_001494_5fc6f9ef8363,0.95230722,char_3_5gram_tfidf_cosine
nazario5_001396_e9d75d049a99,nazario5_001890_52fa00496fbe,0.96924686,char_3_5gram_tfidf_cosine
nazario5_001396_e9d75d049a99,nazario5_002093_6039068f355c,0.96212953,char_3_5gram_tfidf_cosine
nazario5_001396_e9d75d049a99,nazario5_002699_c4c8fdaa8a40,0.96932435,char_3_5gram_tfidf_cosine
nazario5_001397_a93bc8e1913c,nazario5_001426_aa02d003e2ef,0.9641481,char_3_5gram_tfidf_cosine
nazario5_001397_a93bc8e1913c,nazario5_001427_fba087699160,0.96138537,char_3_5gram_tfidf_cosine
nazario5_001397_a93bc8e1913c,nazario5_001443_6a980d258984,0.96696866,char_3_5gram_tfidf_cosine
nazario5_001397_a93bc8e1913c,nazario5_001445_6907e8b18da1,0.95114207,char_3_5gram_tfidf_cosine
nazario5_001397_a93bc8e1913c,nazario5_001890_52fa00496fbe,0.96325201,char_3_5gram_tfidf_cosine
nazario5_001397_a93bc8e1913c,nazario5_002093_6039068f355c,0.95635504,char_3_5gram_tfidf_cosine
nazario5_001397_a93bc8e1913c,nazario5_002699_c4c8fdaa8a40,0.96333051,char_3_5gram_tfidf_cosine
nazario5_001426_aa02d003e2ef,nazario5_001427_fba087699160,0.96184826,char_3_5gram_tfidf_cosine
nazario5_001426_aa02d003e2ef,nazario5_001443_6a980d258984,0.96671271,char_3_5gram_tfidf_cosine
nazario5_001426_aa02d003e2ef,nazario5_001445_6907e8b18da1,0.95004261,char_3_5gram_tfidf_cosine
nazario5_001426_aa02d003e2ef,nazario5_001890_52fa00496fbe,0.96916306,char_3_5gram_tfidf_cosine
nazario5_001426_aa02d003e2ef,nazario5_002093_6039068f355c,0.96229595,char_3_5gram_tfidf_cosine
nazario5_001426_aa02d003e2ef,nazario5_002699_c4c8fdaa8a40,0.9692502,char_3_5gram_tfidf_cosine
nazario5_001427_fba087699160,nazario5_001443_6a980d258984,0.96380997,char_3_5gram_tfidf_cosine
nazario5_001427_fba087699160,nazario5_001890_52fa00496fbe,0.95937216,char_3_5gram_tfidf_cosine
nazario5_001427_fba087699160,nazario5_002093_6039068f355c,0.95256156,char_3_5gram_tfidf_cosine
nazario5_001427_fba087699160,nazario5_002699_c4c8fdaa8a40,0.95947677,char_3_5gram_tfidf_cosine
nazario5_001443_6a980d258984,nazario5_001445_6907e8b18da1,0.95173997,char_3_5gram_tfidf_cosine
nazario5_001443_6a980d258984,nazario5_001890_52fa00496fbe,0.96692038,char_3_5gram_tfidf_cosine
nazario5_001443_6a980d258984,nazario5_002093_6039068f355c,0.95951104,char_3_5gram_tfidf_cosine
nazario5_001443_6a980d258984,nazario5_002699_c4c8fdaa8a40,0.96698129,char_3_5gram_tfidf_cosine
nazario5_001445_6907e8b18da1,nazario5_001446_7e4a60c6f7b4,0.96082509,char_3_5gram_tfidf_cosine
nazario5_001445_6907e8b18da1,nazario5_001890_52fa00496fbe,0.95298964,char_3_5gram_tfidf_cosine
nazario5_001445_6907e8b18da1,nazario5_002699_c4c8fdaa8a40,0.95311737,char_3_5gram_tfidf_cosine
nazario5_001494_5fc6f9ef8363,nazario5_001890_52fa00496fbe,0.9500441,char_3_5gram_tfidf_cosine
nazario5_001494_5fc6f9ef8363,nazario5_002699_c4c8fdaa8a40,0.95016235,char_3_5gram_tfidf_cosine
nazario5_001505_3b7905ff0f72,nazario5_001529_b9b974482c97,0.99708664,char_3_5gram_tfidf_cosine
nazario5_001505_3b7905ff0f72,nazario5_001557_22ccbae06837,0.99484396,char_3_5gram_tfidf_cosine
nazario5_001505_3b7905ff0f72,nazario5_001568_5847c9ab0347,0.99140143,char_3_5gram_tfidf_cosine
nazario5_001505_3b7905ff0f72,nazario5_001609_f0bf0502fd18,0.99196619,char_3_5gram_tfidf_cosine
nazario5_001514_bc550f0f19d9,nazario5_001686_3e9ade6a1288,0.99984378,char_3_5gram_tfidf_cosine
nazario5_001514_bc550f0f19d9,nazario5_001815_dd5939d46520,0.99980062,char_3_5gram_tfidf_cosine
nazario5_001514_bc550f0f19d9,nazario5_001839_e3e3a57a8961,0.98931444,char_3_5gram_tfidf_cosine
nazario5_001514_bc550f0f19d9,nazario5_001959_d5299ff0ee62,0.99076861,char_3_5gram_tfidf_cosine
nazario5_001514_bc550f0f19d9,nazario5_001962_51ef1c5c4003,0.98942363,char_3_5gram_tfidf_cosine
nazario5_001514_bc550f0f19d9,nazario5_001982_c8c60782a52f,0.98981297,char_3_5gram_tfidf_cosine
nazario5_001514_bc550f0f19d9,nazario5_002016_2226c0df157c,0.96597254,char_3_5gram_tfidf_cosine
nazario5_001514_bc550f0f19d9,nazario5_002017_f164e4abbe5b,0.98705041,char_3_5gram_tfidf_cosine
nazario5_001514_bc550f0f19d9,nazario5_002233_9e4bac512fe6,0.98027372,char_3_5gram_tfidf_cosine
nazario5_001514_bc550f0f19d9,nazario5_002266_b77596ff5844,0.97342491,char_3_5gram_tfidf_cosine
nazario5_001514_bc550f0f19d9,nazario5_002334_2a2f65a3f53a,0.96330887,char_3_5gram_tfidf_cosine
nazario5_001514_bc550f0f19d9,nazario5_002540_12b3c870a329,0.97284454,char_3_5gram_tfidf_cosine
nazario5_001514_bc550f0f19d9,nazario5_002737_9124b23d3d41,0.97049505,char_3_5gram_tfidf_cosine
nazario5_001514_bc550f0f19d9,nazario5_002954_332d832c805a,0.98419225,char_3_5gram_tfidf_cosine
nazario5_001516_1ea6548b97b5,nazario5_001518_64960cf69a96,0.97405505,char_3_5gram_tfidf_cosine
nazario5_001516_1ea6548b97b5,nazario5_001522_121c9479b84e,0.97086078,char_3_5gram_tfidf_cosine
nazario5_001518_64960cf69a96,nazario5_001522_121c9479b84e,0.99306446,char_3_5gram_tfidf_cosine
nazario5_001519_fed09d5dd40f,nazario5_001545_44943b624d13,0.956752,char_3_5gram_tfidf_cosine
nazario5_001529_b9b974482c97,nazario5_001557_22ccbae06837,0.99462426,char_3_5gram_tfidf_cosine
nazario5_001529_b9b974482c97,nazario5_001568_5847c9ab0347,0.99115646,char_3_5gram_tfidf_cosine
nazario5_001529_b9b974482c97,nazario5_001609_f0bf0502fd18,0.99134415,char_3_5gram_tfidf_cosine
nazario5_001531_b6a4abcb16ba,nazario5_001538_37b604fa0df1,0.96842366,char_3_5gram_tfidf_cosine
nazario5_001541_fb6a8dd1d77a,nazario5_001652_82b8576203bc,0.97618967,char_3_5gram_tfidf_cosine
nazario5_001541_fb6a8dd1d77a,nazario5_001731_3c4fdb9319ba,0.98624772,char_3_5gram_tfidf_cosine
nazario5_001543_80b73230e88c,nazario5_001546_c6c4a1d98289,1.0,exact_template_signature
nazario5_001543_80b73230e88c,nazario5_001555_fece5f2c0b47,0.99035829,char_3_5gram_tfidf_cosine
nazario5_001543_80b73230e88c,nazario5_001561_34acbbf5ed61,0.97339696,char_3_5gram_tfidf_cosine
nazario5_001546_c6c4a1d98289,nazario5_001555_fece5f2c0b47,0.99035829,char_3_5gram_tfidf_cosine
nazario5_001546_c6c4a1d98289,nazario5_001561_34acbbf5ed61,0.97339696,char_3_5gram_tfidf_cosine
nazario5_001555_fece5f2c0b47,nazario5_001561_34acbbf5ed61,0.99004233,char_3_5gram_tfidf_cosine
nazario5_001557_22ccbae06837,nazario5_001568_5847c9ab0347,0.99313128,char_3_5gram_tfidf_cosine
nazario5_001557_22ccbae06837,nazario5_001609_f0bf0502fd18,0.99059218,char_3_5gram_tfidf_cosine
nazario5_001568_5847c9ab0347,nazario5_001609_f0bf0502fd18,0.99324358,char_3_5gram_tfidf_cosine
nazario5_001569_5d24e3e43bb8,nazario5_001573_bf2f32a76087,0.99683285,char_3_5gram_tfidf_cosine
nazario5_001578_1d23c3861003,nazario5_001579_c40483a89831,1.0,exact_template_signature
nazario5_001582_220f6dbd1813,nazario5_001590_e1fe4bc29089,0.9552058,char_3_5gram_tfidf_cosine
nazario5_001627_9345fac3e69d,nazario5_001656_a7e3e6ec0c01,0.97482282,char_3_5gram_tfidf_cosine
nazario5_001627_9345fac3e69d,nazario5_001771_d0af0199d4f4,0.96440023,char_3_5gram_tfidf_cosine
nazario5_001631_c53a38c5d495,nazario5_001639_1e75afbcfa81,0.99805313,char_3_5gram_tfidf_cosine
nazario5_001644_0febe08ea127,nazario5_001647_868572faa475,0.97503972,char_3_5gram_tfidf_cosine
nazario5_001644_0febe08ea127,nazario5_001653_88b2ea01adce,0.97371387,char_3_5gram_tfidf_cosine
nazario5_001644_0febe08ea127,nazario5_001699_33231458158c,0.96385711,char_3_5gram_tfidf_cosine
nazario5_001646_922669e130cd,nazario5_001650_4a8471a2d0de,1.0,exact_template_signature
nazario5_001647_868572faa475,nazario5_001653_88b2ea01adce,0.98845762,char_3_5gram_tfidf_cosine
nazario5_001649_6b6255355c01,nazario5_001728_2283f4b569f3,0.99144095,char_3_5gram_tfidf_cosine
nazario5_001652_82b8576203bc,nazario5_001731_3c4fdb9319ba,0.99070847,char_3_5gram_tfidf_cosine
nazario5_001656_a7e3e6ec0c01,nazario5_001771_d0af0199d4f4,0.98939776,char_3_5gram_tfidf_cosine
nazario5_001664_a1bb10e1552f,nazario5_001669_80fccc9e78ae,0.967116,char_3_5gram_tfidf_cosine
nazario5_001664_a1bb10e1552f,nazario5_001712_dfb67697c104,0.99629509,char_3_5gram_tfidf_cosine
nazario5_001669_80fccc9e78ae,nazario5_001712_dfb67697c104,0.96846813,char_3_5gram_tfidf_cosine
nazario5_001669_80fccc9e78ae,nazario5_001716_02ceccd985a2,0.96105158,char_3_5gram_tfidf_cosine
nazario5_001669_80fccc9e78ae,nazario5_001720_a4602d9513f2,0.9607324,char_3_5gram_tfidf_cosine
nazario5_001678_3b7f6ba3796a,nazario5_001750_aea1496bd6cf,0.96155018,char_3_5gram_tfidf_cosine
nazario5_001686_3e9ade6a1288,nazario5_001815_dd5939d46520,0.99987894,char_3_5gram_tfidf_cosine
nazario5_001686_3e9ade6a1288,nazario5_001839_e3e3a57a8961,0.98936325,char_3_5gram_tfidf_cosine
nazario5_001686_3e9ade6a1288,nazario5_001959_d5299ff0ee62,0.99080521,char_3_5gram_tfidf_cosine
nazario5_001686_3e9ade6a1288,nazario5_001962_51ef1c5c4003,0.98946697,char_3_5gram_tfidf_cosine
nazario5_001686_3e9ade6a1288,nazario5_001982_c8c60782a52f,0.98984915,char_3_5gram_tfidf_cosine
nazario5_001686_3e9ade6a1288,nazario5_002016_2226c0df157c,0.96601444,char_3_5gram_tfidf_cosine
nazario5_001686_3e9ade6a1288,nazario5_002017_f164e4abbe5b,0.98680848,char_3_5gram_tfidf_cosine
nazario5_001686_3e9ade6a1288,nazario5_002233_9e4bac512fe6,0.98032123,char_3_5gram_tfidf_cosine
nazario5_001686_3e9ade6a1288,nazario5_002266_b77596ff5844,0.97347903,char_3_5gram_tfidf_cosine
nazario5_001686_3e9ade6a1288,nazario5_002334_2a2f65a3f53a,0.96336442,char_3_5gram_tfidf_cosine
nazario5_001686_3e9ade6a1288,nazario5_002540_12b3c870a329,0.9729476,char_3_5gram_tfidf_cosine
nazario5_001686_3e9ade6a1288,nazario5_002737_9124b23d3d41,0.97055787,char_3_5gram_tfidf_cosine
nazario5_001686_3e9ade6a1288,nazario5_002954_332d832c805a,0.98424059,char_3_5gram_tfidf_cosine
nazario5_001703_a73112638e51,nazario5_002571_ee22b3f93ea5,0.95619714,char_3_5gram_tfidf_cosine
nazario5_001710_12ba3fdcfdab,nazario5_002027_ddad8a171c32,0.98542309,char_3_5gram_tfidf_cosine
nazario5_001712_dfb67697c104,nazario5_001716_02ceccd985a2,0.95559835,char_3_5gram_tfidf_cosine
nazario5_001712_dfb67697c104,nazario5_001720_a4602d9513f2,0.95034695,char_3_5gram_tfidf_cosine
nazario5_001716_02ceccd985a2,nazario5_001720_a4602d9513f2,0.95602441,char_3_5gram_tfidf_cosine
nazario5_001717_7b77854d50d1,nazario5_001720_a4602d9513f2,0.95822781,char_3_5gram_tfidf_cosine
nazario5_001744_cb568e6c99bf,nazario5_001803_2ca412517a03,0.97035569,char_3_5gram_tfidf_cosine
nazario5_001747_9ed0053621c8,nazario5_001809_8b7631c58e92,0.98017275,char_3_5gram_tfidf_cosine
nazario5_001747_9ed0053621c8,nazario5_001876_b0e64e56f715,0.97802186,char_3_5gram_tfidf_cosine
nazario5_001747_9ed0053621c8,nazario5_001923_639fd87083af,0.98098171,char_3_5gram_tfidf_cosine
nazario5_001747_9ed0053621c8,nazario5_001945_a72c3dce40ea,0.97596991,char_3_5gram_tfidf_cosine
nazario5_001747_9ed0053621c8,nazario5_001989_1a693a8c8cb1,0.97349352,char_3_5gram_tfidf_cosine
nazario5_001747_9ed0053621c8,nazario5_002064_df1f46ecec00,0.97855443,char_3_5gram_tfidf_cosine
nazario5_001747_9ed0053621c8,nazario5_002078_295a990d7cd8,0.97948712,char_3_5gram_tfidf_cosine
nazario5_001747_9ed0053621c8,nazario5_002079_73eb940a4ec1,0.98075819,char_3_5gram_tfidf_cosine
nazario5_001755_4f5672c699e1,nazario5_001759_77b714af2295,0.99693006,char_3_5gram_tfidf_cosine
nazario5_001765_0085c39877e6,nazario5_001843_847dfbc3988f,0.99089217,char_3_5gram_tfidf_cosine
nazario5_001765_0085c39877e6,nazario5_001848_e735da3de5b0,0.9978317,char_3_5gram_tfidf_cosine
nazario5_001774_41a0bdbbf85d,nazario5_001839_e3e3a57a8961,0.95250154,char_3_5gram_tfidf_cosine
nazario5_001774_41a0bdbbf85d,nazario5_001959_d5299ff0ee62,0.95263749,char_3_5gram_tfidf_cosine
nazario5_001774_41a0bdbbf85d,nazario5_001962_51ef1c5c4003,0.95157552,char_3_5gram_tfidf_cosine
nazario5_001774_41a0bdbbf85d,nazario5_001982_c8c60782a52f,0.95179874,char_3_5gram_tfidf_cosine
nazario5_001778_6045148ee1ab,nazario5_001779_99ae212db7f0,1.0,exact_template_signature
nazario5_001778_6045148ee1ab,nazario5_001780_57d65ae936ba,1.0,exact_template_signature
nazario5_001778_6045148ee1ab,nazario5_001781_b15a74aa5754,0.96816379,char_3_5gram_tfidf_cosine
nazario5_001778_6045148ee1ab,nazario5_001782_ad284ef1f2d0,0.96816379,char_3_5gram_tfidf_cosine
nazario5_001779_99ae212db7f0,nazario5_001781_b15a74aa5754,0.96816379,char_3_5gram_tfidf_cosine
nazario5_001779_99ae212db7f0,nazario5_001782_ad284ef1f2d0,0.96816379,char_3_5gram_tfidf_cosine
nazario5_001780_57d65ae936ba,nazario5_001781_b15a74aa5754,0.96816379,char_3_5gram_tfidf_cosine
nazario5_001780_57d65ae936ba,nazario5_001782_ad284ef1f2d0,0.96816379,char_3_5gram_tfidf_cosine
nazario5_001781_b15a74aa5754,nazario5_001782_ad284ef1f2d0,1.0,exact_template_signature
nazario5_001783_f76fb6cbf31a,nazario5_002046_c8bb274f615d,0.98353624,char_3_5gram_tfidf_cosine
nazario5_001783_f76fb6cbf31a,nazario5_002057_1ca45a7e8020,0.95862073,char_3_5gram_tfidf_cosine
nazario5_001783_f76fb6cbf31a,nazario5_002084_fdc261a5a7cd,0.97596723,char_3_5gram_tfidf_cosine
nazario5_001783_f76fb6cbf31a,nazario5_002307_f0fb64713c31,0.95044947,char_3_5gram_tfidf_cosine
nazario5_001789_b63606950baa,nazario5_001932_c6b399e44e79,0.95672596,char_3_5gram_tfidf_cosine
nazario5_001796_2c1172e5828f,nazario5_001797_eaedf9591782,0.99965382,char_3_5gram_tfidf_cosine
nazario5_001809_8b7631c58e92,nazario5_001876_b0e64e56f715,0.99308807,char_3_5gram_tfidf_cosine
nazario5_001809_8b7631c58e92,nazario5_001923_639fd87083af,0.99100566,char_3_5gram_tfidf_cosine
nazario5_001809_8b7631c58e92,nazario5_001945_a72c3dce40ea,0.98982799,char_3_5gram_tfidf_cosine
nazario5_001809_8b7631c58e92,nazario5_001989_1a693a8c8cb1,0.98425657,char_3_5gram_tfidf_cosine
nazario5_001809_8b7631c58e92,nazario5_002064_df1f46ecec00,0.99306738,char_3_5gram_tfidf_cosine
nazario5_001809_8b7631c58e92,nazario5_002078_295a990d7cd8,0.99382114,char_3_5gram_tfidf_cosine
nazario5_001809_8b7631c58e92,nazario5_002079_73eb940a4ec1,0.99211442,char_3_5gram_tfidf_cosine
nazario5_001809_8b7631c58e92,nazario5_002335_09095b4abcad,0.96114343,char_3_5gram_tfidf_cosine
nazario5_001815_dd5939d46520,nazario5_001839_e3e3a57a8961,0.98928535,char_3_5gram_tfidf_cosine
nazario5_001815_dd5939d46520,nazario5_001959_d5299ff0ee62,0.99072886,char_3_5gram_tfidf_cosine
nazario5_001815_dd5939d46520,nazario5_001962_51ef1c5c4003,0.98944336,char_3_5gram_tfidf_cosine
nazario5_001815_dd5939d46520,nazario5_001982_c8c60782a52f,0.98975968,char_3_5gram_tfidf_cosine
nazario5_001815_dd5939d46520,nazario5_002016_2226c0df157c,0.9660126,char_3_5gram_tfidf_cosine
nazario5_001815_dd5939d46520,nazario5_002017_f164e4abbe5b,0.9868322,char_3_5gram_tfidf_cosine
nazario5_001815_dd5939d46520,nazario5_002233_9e4bac512fe6,0.98023862,char_3_5gram_tfidf_cosine
nazario5_001815_dd5939d46520,nazario5_002266_b77596ff5844,0.97339314,char_3_5gram_tfidf_cosine
nazario5_001815_dd5939d46520,nazario5_002334_2a2f65a3f53a,0.96332234,char_3_5gram_tfidf_cosine
nazario5_001815_dd5939d46520,nazario5_002540_12b3c870a329,0.97281623,char_3_5gram_tfidf_cosine
nazario5_001815_dd5939d46520,nazario5_002737_9124b23d3d41,0.97046268,char_3_5gram_tfidf_cosine
nazario5_001815_dd5939d46520,nazario5_002954_332d832c805a,0.98417205,char_3_5gram_tfidf_cosine
nazario5_001820_ae52b405c396,nazario5_002053_966b78df6956,0.97515374,char_3_5gram_tfidf_cosine
nazario5_001838_ee48d916a753,nazario5_002141_bdb0d501da27,0.98684031,char_3_5gram_tfidf_cosine
nazario5_001838_ee48d916a753,nazario5_002264_c10b8aec38f2,0.98770279,char_3_5gram_tfidf_cosine
nazario5_001839_e3e3a57a8961,nazario5_001959_d5299ff0ee62,0.99325997,char_3_5gram_tfidf_cosine
nazario5_001839_e3e3a57a8961,nazario5_001962_51ef1c5c4003,0.99174911,char_3_5gram_tfidf_cosine
nazario5_001839_e3e3a57a8961,nazario5_001982_c8c60782a52f,0.99267322,char_3_5gram_tfidf_cosine
nazario5_001839_e3e3a57a8961,nazario5_002016_2226c0df157c,0.96677613,char_3_5gram_tfidf_cosine
nazario5_001839_e3e3a57a8961,nazario5_002017_f164e4abbe5b,0.96592677,char_3_5gram_tfidf_cosine
nazario5_001839_e3e3a57a8961,nazario5_002233_9e4bac512fe6,0.98309737,char_3_5gram_tfidf_cosine
nazario5_001839_e3e3a57a8961,nazario5_002266_b77596ff5844,0.97511429,char_3_5gram_tfidf_cosine
nazario5_001839_e3e3a57a8961,nazario5_002334_2a2f65a3f53a,0.97224265,char_3_5gram_tfidf_cosine
nazario5_001839_e3e3a57a8961,nazario5_002540_12b3c870a329,0.97365826,char_3_5gram_tfidf_cosine
nazario5_001839_e3e3a57a8961,nazario5_002737_9124b23d3d41,0.97196746,char_3_5gram_tfidf_cosine
nazario5_001839_e3e3a57a8961,nazario5_002954_332d832c805a,0.99374443,char_3_5gram_tfidf_cosine
nazario5_001843_847dfbc3988f,nazario5_001848_e735da3de5b0,0.98500633,char_3_5gram_tfidf_cosine
nazario5_001844_5b1103a9bebd,nazario5_001851_b465c1518575,1.0,exact_template_signature
nazario5_001844_5b1103a9bebd,nazario5_001864_b97627680edd,0.95725405,char_3_5gram_tfidf_cosine
nazario5_001851_b465c1518575,nazario5_001864_b97627680edd,0.95725405,char_3_5gram_tfidf_cosine
nazario5_001856_7ae121fde3e8,nazario5_002039_c737b3a89d65,0.987629,char_3_5gram_tfidf_cosine
nazario5_001865_3317fd816768,nazario5_002415_580301428ea0,0.99797338,char_3_5gram_tfidf_cosine
nazario5_001872_21315c857b10,nazario5_001930_ccd0e84222aa,0.99050117,char_3_5gram_tfidf_cosine
nazario5_001876_b0e64e56f715,nazario5_001923_639fd87083af,0.98841554,char_3_5gram_tfidf_cosine
nazario5_001876_b0e64e56f715,nazario5_001945_a72c3dce40ea,0.99136013,char_3_5gram_tfidf_cosine
nazario5_001876_b0e64e56f715,nazario5_001989_1a693a8c8cb1,0.98085743,char_3_5gram_tfidf_cosine
nazario5_001876_b0e64e56f715,nazario5_002064_df1f46ecec00,0.99056017,char_3_5gram_tfidf_cosine
nazario5_001876_b0e64e56f715,nazario5_002078_295a990d7cd8,0.99156523,char_3_5gram_tfidf_cosine
nazario5_001876_b0e64e56f715,nazario5_002079_73eb940a4ec1,0.98912668,char_3_5gram_tfidf_cosine
nazario5_001876_b0e64e56f715,nazario5_002335_09095b4abcad,0.95990562,char_3_5gram_tfidf_cosine
nazario5_001880_7de3e1e97448,nazario5_001899_0018fa1ec2a9,0.96758318,char_3_5gram_tfidf_cosine
nazario5_001890_52fa00496fbe,nazario5_002006_8accea0094b1,0.96364993,char_3_5gram_tfidf_cosine
nazario5_001890_52fa00496fbe,nazario5_002093_6039068f355c,0.98772353,char_3_5gram_tfidf_cosine
nazario5_001890_52fa00496fbe,nazario5_002365_a3eb29cb61e9,0.95120817,char_3_5gram_tfidf_cosine
nazario5_001890_52fa00496fbe,nazario5_002699_c4c8fdaa8a40,0.99993157,char_3_5gram_tfidf_cosine
nazario5_001890_52fa00496fbe,nazario5_002784_da2973758df8,0.97147655,char_3_5gram_tfidf_cosine
nazario5_001903_8cfeed65b50c,nazario5_001916_0d651d7b1598,0.95019639,char_3_5gram_tfidf_cosine
nazario5_001907_177d435205b1,nazario5_001909_e19792051a7b,0.98193222,char_3_5gram_tfidf_cosine
nazario5_001919_23ae7308bf65,nazario5_002002_6601e59b720e,0.99268138,char_3_5gram_tfidf_cosine
nazario5_001921_7f656146fb48,nazario5_001922_d25c007a6031,0.95533234,char_3_5gram_tfidf_cosine
nazario5_001922_d25c007a6031,nazario5_001928_deef3c8d71a7,0.98143601,char_3_5gram_tfidf_cosine
nazario5_001922_d25c007a6031,nazario5_001929_02df1e36e8dd,0.99307913,char_3_5gram_tfidf_cosine
nazario5_001923_639fd87083af,nazario5_001945_a72c3dce40ea,0.98966855,char_3_5gram_tfidf_cosine
nazario5_001923_639fd87083af,nazario5_001989_1a693a8c8cb1,0.98352033,char_3_5gram_tfidf_cosine
nazario5_001923_639fd87083af,nazario5_002064_df1f46ecec00,0.98954213,char_3_5gram_tfidf_cosine
nazario5_001923_639fd87083af,nazario5_002078_295a990d7cd8,0.99104291,char_3_5gram_tfidf_cosine
nazario5_001923_639fd87083af,nazario5_002079_73eb940a4ec1,0.99197078,char_3_5gram_tfidf_cosine
nazario5_001923_639fd87083af,nazario5_002335_09095b4abcad,0.95411998,char_3_5gram_tfidf_cosine
nazario5_001928_deef3c8d71a7,nazario5_001929_02df1e36e8dd,0.97452056,char_3_5gram_tfidf_cosine
nazario5_001945_a72c3dce40ea,nazario5_001989_1a693a8c8cb1,0.98039132,char_3_5gram_tfidf_cosine
nazario5_001945_a72c3dce40ea,nazario5_002064_df1f46ecec00,0.98922068,char_3_5gram_tfidf_cosine
nazario5_001945_a72c3dce40ea,nazario5_002078_295a990d7cd8,0.99003851,char_3_5gram_tfidf_cosine
nazario5_001945_a72c3dce40ea,nazario5_002079_73eb940a4ec1,0.98714399,char_3_5gram_tfidf_cosine
nazario5_001945_a72c3dce40ea,nazario5_002335_09095b4abcad,0.96063709,char_3_5gram_tfidf_cosine
nazario5_001946_26c1718e31c5,nazario5_001947_d14379d8bc79,1.0,exact_template_signature
nazario5_001951_3bc0d70976b0,nazario5_001960_c1282d2c48f4,0.98069704,char_3_5gram_tfidf_cosine
nazario5_001952_c97210eb6486,nazario5_001954_f0afc1b19531,0.9940201,char_3_5gram_tfidf_cosine
nazario5_001959_d5299ff0ee62,nazario5_001962_51ef1c5c4003,0.9940201,char_3_5gram_tfidf_cosine
nazario5_001959_d5299ff0ee62,nazario5_001982_c8c60782a52f,0.99901247,char_3_5gram_tfidf_cosine
nazario5_001959_d5299ff0ee62,nazario5_002016_2226c0df157c,0.96713269,char_3_5gram_tfidf_cosine
nazario5_001959_d5299ff0ee62,nazario5_002017_f164e4abbe5b,0.96874964,char_3_5gram_tfidf_cosine
nazario5_001959_d5299ff0ee62,nazario5_002233_9e4bac512fe6,0.98397052,char_3_5gram_tfidf_cosine
nazario5_001959_d5299ff0ee62,nazario5_002266_b77596ff5844,0.97797877,char_3_5gram_tfidf_cosine
nazario5_001959_d5299ff0ee62,nazario5_002334_2a2f65a3f53a,0.96468318,char_3_5gram_tfidf_cosine
nazario5_001959_d5299ff0ee62,nazario5_002540_12b3c870a329,0.976964,char_3_5gram_tfidf_cosine
nazario5_001959_d5299ff0ee62,nazario5_002737_9124b23d3d41,0.9746781,char_3_5gram_tfidf_cosine
nazario5_001959_d5299ff0ee62,nazario5_002954_332d832c805a,0.98718262,char_3_5gram_tfidf_cosine
nazario5_001962_51ef1c5c4003,nazario5_001982_c8c60782a52f,0.99291003,char_3_5gram_tfidf_cosine
nazario5_001962_51ef1c5c4003,nazario5_002016_2226c0df157c,0.96732432,char_3_5gram_tfidf_cosine
nazario5_001962_51ef1c5c4003,nazario5_002017_f164e4abbe5b,0.96726054,char_3_5gram_tfidf_cosine
nazario5_001962_51ef1c5c4003,nazario5_002233_9e4bac512fe6,0.98260635,char_3_5gram_tfidf_cosine
nazario5_001962_51ef1c5c4003,nazario5_002266_b77596ff5844,0.97598296,char_3_5gram_tfidf_cosine
nazario5_001962_51ef1c5c4003,nazario5_002334_2a2f65a3f53a,0.96372145,char_3_5gram_tfidf_cosine
nazario5_001962_51ef1c5c4003,nazario5_002540_12b3c870a329,0.97526282,char_3_5gram_tfidf_cosine
nazario5_001962_51ef1c5c4003,nazario5_002737_9124b23d3d41,0.97292107,char_3_5gram_tfidf_cosine
nazario5_001962_51ef1c5c4003,nazario5_002954_332d832c805a,0.9856562,char_3_5gram_tfidf_cosine
nazario5_001980_fbf810c6ddf1,nazario5_002005_9e933e0c07d8,0.95475036,char_3_5gram_tfidf_cosine
nazario5_001982_c8c60782a52f,nazario5_002016_2226c0df157c,0.96945786,char_3_5gram_tfidf_cosine
nazario5_001982_c8c60782a52f,nazario5_002017_f164e4abbe5b,0.96810216,char_3_5gram_tfidf_cosine
nazario5_001982_c8c60782a52f,nazario5_002233_9e4bac512fe6,0.98321939,char_3_5gram_tfidf_cosine
nazario5_001982_c8c60782a52f,nazario5_002266_b77596ff5844,0.97906131,char_3_5gram_tfidf_cosine
nazario5_001982_c8c60782a52f,nazario5_002334_2a2f65a3f53a,0.96744668,char_3_5gram_tfidf_cosine
nazario5_001982_c8c60782a52f,nazario5_002540_12b3c870a329,0.97658575,char_3_5gram_tfidf_cosine
nazario5_001982_c8c60782a52f,nazario5_002737_9124b23d3d41,0.97437793,char_3_5gram_tfidf_cosine
nazario5_001982_c8c60782a52f,nazario5_002954_332d832c805a,0.98974282,char_3_5gram_tfidf_cosine
nazario5_001983_837e07044100,nazario5_002021_ee96509bfc36,0.99175042,char_3_5gram_tfidf_cosine
nazario5_001989_1a693a8c8cb1,nazario5_002064_df1f46ecec00,0.98287439,char_3_5gram_tfidf_cosine
nazario5_001989_1a693a8c8cb1,nazario5_002078_295a990d7cd8,0.9837237,char_3_5gram_tfidf_cosine
nazario5_001989_1a693a8c8cb1,nazario5_002079_73eb940a4ec1,0.98554343,char_3_5gram_tfidf_cosine
nazario5_001989_1a693a8c8cb1,nazario5_002335_09095b4abcad,0.95262623,char_3_5gram_tfidf_cosine
nazario5_002006_8accea0094b1,nazario5_002093_6039068f355c,0.95927751,char_3_5gram_tfidf_cosine
nazario5_002006_8accea0094b1,nazario5_002699_c4c8fdaa8a40,0.96388984,char_3_5gram_tfidf_cosine
nazario5_002016_2226c0df157c,nazario5_002233_9e4bac512fe6,0.95906979,char_3_5gram_tfidf_cosine
nazario5_002016_2226c0df157c,nazario5_002266_b77596ff5844,0.95700538,char_3_5gram_tfidf_cosine
nazario5_002016_2226c0df157c,nazario5_002540_12b3c870a329,0.95394433,char_3_5gram_tfidf_cosine
nazario5_002016_2226c0df157c,nazario5_002737_9124b23d3d41,0.95175767,char_3_5gram_tfidf_cosine
nazario5_002016_2226c0df157c,nazario5_002954_332d832c805a,0.96816409,char_3_5gram_tfidf_cosine
nazario5_002017_f164e4abbe5b,nazario5_002233_9e4bac512fe6,0.95990914,char_3_5gram_tfidf_cosine
nazario5_002017_f164e4abbe5b,nazario5_002266_b77596ff5844,0.95651168,char_3_5gram_tfidf_cosine
nazario5_002017_f164e4abbe5b,nazario5_002540_12b3c870a329,0.95692682,char_3_5gram_tfidf_cosine
nazario5_002017_f164e4abbe5b,nazario5_002737_9124b23d3d41,0.95428348,char_3_5gram_tfidf_cosine
nazario5_002017_f164e4abbe5b,nazario5_002954_332d832c805a,0.96148419,char_3_5gram_tfidf_cosine
nazario5_002020_bf7c15f9af33,nazario5_002022_071fab20d604,1.0,exact_template_signature
nazario5_002029_9e156ba70e99,nazario5_002054_d029dae1d6d6,0.99110794,char_3_5gram_tfidf_cosine
nazario5_002038_7b45a3714220,nazario5_002122_5c9736c0eb17,0.96325737,char_3_5gram_tfidf_cosine
nazario5_002046_c8bb274f615d,nazario5_002057_1ca45a7e8020,0.96374601,char_3_5gram_tfidf_cosine
nazario5_002046_c8bb274f615d,nazario5_002084_fdc261a5a7cd,0.98466206,char_3_5gram_tfidf_cosine
nazario5_002046_c8bb274f615d,nazario5_002307_f0fb64713c31,0.96111816,char_3_5gram_tfidf_cosine
nazario5_002057_1ca45a7e8020,nazario5_002084_fdc261a5a7cd,0.95321381,char_3_5gram_tfidf_cosine
nazario5_002057_1ca45a7e8020,nazario5_002211_90f295a256fa,0.98213053,char_3_5gram_tfidf_cosine
nazario5_002057_1ca45a7e8020,nazario5_002307_f0fb64713c31,0.95824748,char_3_5gram_tfidf_cosine
nazario5_002058_84e38a2d526e,nazario5_002062_98c502fc070a,0.9940297,char_3_5gram_tfidf_cosine
nazario5_002064_df1f46ecec00,nazario5_002078_295a990d7cd8,0.99336141,char_3_5gram_tfidf_cosine
nazario5_002064_df1f46ecec00,nazario5_002079_73eb940a4ec1,0.99070066,char_3_5gram_tfidf_cosine
nazario5_002064_df1f46ecec00,nazario5_002335_09095b4abcad,0.96148205,char_3_5gram_tfidf_cosine
nazario5_002078_295a990d7cd8,nazario5_002079_73eb940a4ec1,0.99193627,char_3_5gram_tfidf_cosine
nazario5_002078_295a990d7cd8,nazario5_002335_09095b4abcad,0.96124804,char_3_5gram_tfidf_cosine
nazario5_002079_73eb940a4ec1,nazario5_002335_09095b4abcad,0.95603114,char_3_5gram_tfidf_cosine
nazario5_002084_fdc261a5a7cd,nazario5_002307_f0fb64713c31,0.95101666,char_3_5gram_tfidf_cosine
nazario5_002093_6039068f355c,nazario5_002699_c4c8fdaa8a40,0.98782253,char_3_5gram_tfidf_cosine
nazario5_002093_6039068f355c,nazario5_002784_da2973758df8,0.96652627,char_3_5gram_tfidf_cosine
nazario5_002099_af5ec4d6db57,nazario5_002107_83a8ced626a7,0.96456605,char_3_5gram_tfidf_cosine
nazario5_002104_6b916ee8b077,nazario5_002478_cf169225477a,0.96151143,char_3_5gram_tfidf_cosine
nazario5_002119_8f27d9d91aae,nazario5_002129_29be5ff15275,0.99121857,char_3_5gram_tfidf_cosine
nazario5_002120_fcfdf46ae46b,nazario5_002423_a35751a0a27f,0.96154183,char_3_5gram_tfidf_cosine
nazario5_002121_a36e0f9d560a,nazario5_002285_8b19b988575a,0.97212607,char_3_5gram_tfidf_cosine
nazario5_002141_bdb0d501da27,nazario5_002264_c10b8aec38f2,0.98719198,char_3_5gram_tfidf_cosine
nazario5_002155_4f28850becc5,nazario5_002168_061cac18f8fb,1.0,exact_template_signature
nazario5_002203_8e19c0e80a9d,nazario5_002222_f3fa636c2ede,0.97210884,char_3_5gram_tfidf_cosine
nazario5_002211_90f295a256fa,nazario5_002307_f0fb64713c31,0.95307529,char_3_5gram_tfidf_cosine
nazario5_002216_aa2d769f66a7,nazario5_002217_e7e7193aa3c0,0.99767405,char_3_5gram_tfidf_cosine
nazario5_002219_607060034bf7,nazario5_002262_60dce0c0490e,0.96642268,char_3_5gram_tfidf_cosine
nazario5_002228_09205634a622,nazario5_002339_7ee166bf6225,0.95601273,char_3_5gram_tfidf_cosine
nazario5_002228_09205634a622,nazario5_002340_1adeb3135525,0.96196765,char_3_5gram_tfidf_cosine
nazario5_002228_09205634a622,nazario5_002386_531a35aa6808,0.95845789,char_3_5gram_tfidf_cosine
nazario5_002233_9e4bac512fe6,nazario5_002266_b77596ff5844,0.96865213,char_3_5gram_tfidf_cosine
nazario5_002233_9e4bac512fe6,nazario5_002334_2a2f65a3f53a,0.9576875,char_3_5gram_tfidf_cosine
nazario5_002233_9e4bac512fe6,nazario5_002540_12b3c870a329,0.96800107,char_3_5gram_tfidf_cosine
nazario5_002233_9e4bac512fe6,nazario5_002737_9124b23d3d41,0.96563381,char_3_5gram_tfidf_cosine
nazario5_002233_9e4bac512fe6,nazario5_002954_332d832c805a,0.97769624,char_3_5gram_tfidf_cosine
nazario5_002253_fcaf264a23fd,nazario5_002263_317184326e04,0.97849959,char_3_5gram_tfidf_cosine
nazario5_002263_317184326e04,nazario5_002351_dc0c4cb43a10,0.96504384,char_3_5gram_tfidf_cosine
nazario5_002266_b77596ff5844,nazario5_002334_2a2f65a3f53a,0.95507932,char_3_5gram_tfidf_cosine
nazario5_002266_b77596ff5844,nazario5_002540_12b3c870a329,0.99017978,char_3_5gram_tfidf_cosine
nazario5_002266_b77596ff5844,nazario5_002737_9124b23d3d41,0.98702919,char_3_5gram_tfidf_cosine
nazario5_002266_b77596ff5844,nazario5_002954_332d832c805a,0.97286075,char_3_5gram_tfidf_cosine
nazario5_002297_67250461c988,nazario5_002442_1a968e661b80,0.98899329,char_3_5gram_tfidf_cosine
nazario5_002299_3f6af0ab4fdf,nazario5_002464_6ab896649e9a,0.97335052,char_3_5gram_tfidf_cosine
nazario5_002334_2a2f65a3f53a,nazario5_002540_12b3c870a329,0.95070004,char_3_5gram_tfidf_cosine
nazario5_002334_2a2f65a3f53a,nazario5_002954_332d832c805a,0.97587347,char_3_5gram_tfidf_cosine
nazario5_002336_50765098b4d3,nazario5_002366_727a1449ccd3,0.95524061,char_3_5gram_tfidf_cosine
nazario5_002340_1adeb3135525,nazario5_002386_531a35aa6808,0.98112744,char_3_5gram_tfidf_cosine
nazario5_002340_1adeb3135525,nazario5_002398_235f0dd64e84,0.97671217,char_3_5gram_tfidf_cosine
nazario5_002340_1adeb3135525,nazario5_002504_24a5b048f7ca,0.96447438,char_3_5gram_tfidf_cosine
nazario5_002350_ab3691bbf540,nazario5_002370_234f5ab5bc64,0.96229601,char_3_5gram_tfidf_cosine
nazario5_002350_ab3691bbf540,nazario5_002372_de4282ddb2b9,0.96229601,char_3_5gram_tfidf_cosine
nazario5_002352_1f4bf32da9e6,nazario5_002361_ff2a55af2044,0.95976895,char_3_5gram_tfidf_cosine
nazario5_002353_c63bcd533200,nazario5_002356_6acf3d796b6f,1.0,exact_template_signature
nazario5_002354_4636d82c7e02,nazario5_002385_41a48b0f6b9a,0.99929261,char_3_5gram_tfidf_cosine
nazario5_002355_cb1ad8333cde,nazario5_002373_42b6a3b080fc,0.9976185,char_3_5gram_tfidf_cosine
nazario5_002362_28236752adee,nazario5_002477_616769b758cc,0.99589455,char_3_5gram_tfidf_cosine
nazario5_002365_a3eb29cb61e9,nazario5_002699_c4c8fdaa8a40,0.95157874,char_3_5gram_tfidf_cosine
nazario5_002368_484d06209400,nazario5_002480_dcd3628c5d22,0.97175241,char_3_5gram_tfidf_cosine
nazario5_002368_484d06209400,nazario5_002481_d8ed315eeeb6,0.98462665,char_3_5gram_tfidf_cosine
nazario5_002370_234f5ab5bc64,nazario5_002372_de4282ddb2b9,1.0,exact_template_signature
nazario5_002376_d9a7c61ccb09,nazario5_002403_ff51854725c9,0.96324706,char_3_5gram_tfidf_cosine
nazario5_002386_531a35aa6808,nazario5_002398_235f0dd64e84,0.99120086,char_3_5gram_tfidf_cosine
nazario5_002386_531a35aa6808,nazario5_002504_24a5b048f7ca,0.96347195,char_3_5gram_tfidf_cosine
nazario5_002398_235f0dd64e84,nazario5_002504_24a5b048f7ca,0.96808559,char_3_5gram_tfidf_cosine
nazario5_002419_52b5c60b4601,nazario5_002441_9935710561ab,1.0,exact_template_signature
nazario5_002430_abaea30310ae,nazario5_002434_7aab2f597a2e,0.98213881,char_3_5gram_tfidf_cosine
nazario5_002444_ac44570a3278,nazario5_002458_3775271abbf8,0.97226793,char_3_5gram_tfidf_cosine
nazario5_002449_4ecb4344fee7,nazario5_002455_e751ecd2f183,0.95913261,char_3_5gram_tfidf_cosine
nazario5_002478_cf169225477a,nazario5_002659_6301ce163e11,0.95937449,char_3_5gram_tfidf_cosine
nazario5_002478_cf169225477a,nazario5_002723_fd5d94bfde95,0.95273286,char_3_5gram_tfidf_cosine
nazario5_002478_cf169225477a,nazario5_002803_d6940e946b6c,0.95891845,char_3_5gram_tfidf_cosine
nazario5_002478_cf169225477a,nazario5_002872_7081d91622fa,0.95965302,char_3_5gram_tfidf_cosine
nazario5_002480_dcd3628c5d22,nazario5_002481_d8ed315eeeb6,0.97893262,char_3_5gram_tfidf_cosine
nazario5_002482_fb84b677815d,nazario5_002487_a49c95243a4c,0.96860641,char_3_5gram_tfidf_cosine
nazario5_002486_67942a7fd496,nazario5_002572_c3249a4f86da,0.9978447,char_3_5gram_tfidf_cosine
nazario5_002486_67942a7fd496,nazario5_002674_979732b33ab0,0.99788743,char_3_5gram_tfidf_cosine
nazario5_002486_67942a7fd496,nazario5_002798_2f9a773b3c04,0.99821997,char_3_5gram_tfidf_cosine
nazario5_002486_67942a7fd496,nazario5_002825_f5158c958884,0.99782443,char_3_5gram_tfidf_cosine
nazario5_002495_6e843a139c3c,nazario5_002548_5fcf8757621e,0.97973436,char_3_5gram_tfidf_cosine
nazario5_002513_04d8013d515d,nazario5_002514_9767277fb2ab,0.99032038,char_3_5gram_tfidf_cosine
nazario5_002515_33d9cda1dc4c,nazario5_002516_6c3e9c55312a,0.97636288,char_3_5gram_tfidf_cosine
nazario5_002515_33d9cda1dc4c,nazario5_002517_88585dfb7678,0.97211736,char_3_5gram_tfidf_cosine
nazario5_002516_6c3e9c55312a,nazario5_002517_88585dfb7678,0.97951335,char_3_5gram_tfidf_cosine
nazario5_002520_e25498585659,nazario5_002529_f64582f1af31,0.96270967,char_3_5gram_tfidf_cosine
nazario5_002540_12b3c870a329,nazario5_002737_9124b23d3d41,0.9946804,char_3_5gram_tfidf_cosine
nazario5_002540_12b3c870a329,nazario5_002954_332d832c805a,0.96795869,char_3_5gram_tfidf_cosine
nazario5_002544_f8e06990dbfe,nazario5_002556_7b8eacac8f63,0.9597587,char_3_5gram_tfidf_cosine
nazario5_002562_66fdd11fc4f3,nazario5_002646_7dffb99eb442,0.95328856,char_3_5gram_tfidf_cosine
nazario5_002572_c3249a4f86da,nazario5_002674_979732b33ab0,0.99815309,char_3_5gram_tfidf_cosine
nazario5_002572_c3249a4f86da,nazario5_002798_2f9a773b3c04,0.99832791,char_3_5gram_tfidf_cosine
nazario5_002572_c3249a4f86da,nazario5_002825_f5158c958884,0.99809015,char_3_5gram_tfidf_cosine
nazario5_002573_afb5bc2632f9,nazario5_002574_f3c0a4f4a2ab,0.98826241,char_3_5gram_tfidf_cosine
nazario5_002582_d6f84b5eb0d7,nazario5_002584_47ec6db43998,0.99780715,char_3_5gram_tfidf_cosine
nazario5_002601_f5d4f6d8805d,nazario5_002603_a14fa9cbe7b8,0.98825091,char_3_5gram_tfidf_cosine
nazario5_002601_f5d4f6d8805d,nazario5_002606_2169b0734e0d,0.95868027,char_3_5gram_tfidf_cosine
nazario5_002603_a14fa9cbe7b8,nazario5_002606_2169b0734e0d,0.95931405,char_3_5gram_tfidf_cosine
nazario5_002611_4657932ad593,nazario5_002613_cf9b96be23dd,1.0,exact_template_signature
nazario5_002612_8c93f53e0ccc,nazario5_002621_3aae80731a88,0.95676321,char_3_5gram_tfidf_cosine
nazario5_002616_fb0a71ac6a94,nazario5_002655_502036673f65,0.98270416,char_3_5gram_tfidf_cosine
nazario5_002656_eedfb6db5e5e,nazario5_002663_bd44dfbf9ed4,0.97343701,char_3_5gram_tfidf_cosine
nazario5_002657_47c455a8d1a2,nazario5_002670_c276fe0b0c25,0.95282662,char_3_5gram_tfidf_cosine
nazario5_002674_979732b33ab0,nazario5_002798_2f9a773b3c04,0.99913847,char_3_5gram_tfidf_cosine
nazario5_002674_979732b33ab0,nazario5_002825_f5158c958884,0.99868,char_3_5gram_tfidf_cosine
nazario5_002686_357a0f022b3b,nazario5_002691_9a133342fc30,0.96829569,char_3_5gram_tfidf_cosine
nazario5_002699_c4c8fdaa8a40,nazario5_002784_da2973758df8,0.9715814,char_3_5gram_tfidf_cosine
nazario5_002712_54410957149a,nazario5_002726_0191ebefc1f7,0.96107352,char_3_5gram_tfidf_cosine
nazario5_002721_91a2213f3b6a,nazario5_002749_20c72e497417,0.95050108,char_3_5gram_tfidf_cosine
nazario5_002737_9124b23d3d41,nazario5_002954_332d832c805a,0.96654332,char_3_5gram_tfidf_cosine
nazario5_002754_cefc7ed5c03b,nazario5_002766_a55051f3ccf3,0.98643023,char_3_5gram_tfidf_cosine
nazario5_002754_cefc7ed5c03b,nazario5_002767_14b4d0a65d2d,0.99027967,char_3_5gram_tfidf_cosine
nazario5_002754_cefc7ed5c03b,nazario5_002789_0b71e88f46fa,0.99170429,char_3_5gram_tfidf_cosine
nazario5_002766_a55051f3ccf3,nazario5_002767_14b4d0a65d2d,0.98356819,char_3_5gram_tfidf_cosine
nazario5_002766_a55051f3ccf3,nazario5_002789_0b71e88f46fa,0.98122579,char_3_5gram_tfidf_cosine
nazario5_002767_14b4d0a65d2d,nazario5_002789_0b71e88f46fa,0.98540121,char_3_5gram_tfidf_cosine
nazario5_002778_83da1e88f0a9,nazario5_002875_6cce5e20a66e,0.97243726,char_3_5gram_tfidf_cosine
nazario5_002778_83da1e88f0a9,nazario5_002876_6fadb60fa9b5,0.95484287,char_3_5gram_tfidf_cosine
nazario5_002778_83da1e88f0a9,nazario5_002877_4708acb5ece8,0.95515752,char_3_5gram_tfidf_cosine
nazario5_002788_efb067b839b0,nazario5_002791_4d70288613b6,0.97764838,char_3_5gram_tfidf_cosine
nazario5_002798_2f9a773b3c04,nazario5_002825_f5158c958884,0.9988603,char_3_5gram_tfidf_cosine
nazario5_002803_d6940e946b6c,nazario5_002872_7081d91622fa,0.99754453,char_3_5gram_tfidf_cosine
nazario5_002807_01ef433f0898,nazario5_002808_8fcf86eac479,0.96817404,char_3_5gram_tfidf_cosine
nazario5_002824_a61653e78ead,nazario5_002828_71be0832ab9f,0.98303288,char_3_5gram_tfidf_cosine
nazario5_002837_b503a0234918,nazario5_002838_2421cdba38dc,0.97776002,char_3_5gram_tfidf_cosine
nazario5_002852_6cc63cf7dfe0,nazario5_002855_ac4f69569a75,0.99683553,char_3_5gram_tfidf_cosine
nazario5_002852_6cc63cf7dfe0,nazario5_002863_d8546f3d71fd,0.99714273,char_3_5gram_tfidf_cosine
nazario5_002855_ac4f69569a75,nazario5_002863_d8546f3d71fd,0.99854195,char_3_5gram_tfidf_cosine
nazario5_002857_d20adfda15cd,nazario5_002862_e48a78baaef3,0.96112251,char_3_5gram_tfidf_cosine
nazario5_002861_157ae9f1723c,nazario5_002902_a308cc9e3e79,0.99366683,char_3_5gram_tfidf_cosine
nazario5_002861_157ae9f1723c,nazario5_002903_74a3aa0e94d0,0.98980457,char_3_5gram_tfidf_cosine
nazario5_002875_6cce5e20a66e,nazario5_002876_6fadb60fa9b5,0.97603488,char_3_5gram_tfidf_cosine
nazario5_002875_6cce5e20a66e,nazario5_002877_4708acb5ece8,0.97714144,char_3_5gram_tfidf_cosine
nazario5_002876_6fadb60fa9b5,nazario5_002877_4708acb5ece8,0.99634546,char_3_5gram_tfidf_cosine
nazario5_002887_a23508ff7b35,nazario5_002888_6f459e5aa8c4,0.98192805,char_3_5gram_tfidf_cosine
nazario5_002902_a308cc9e3e79,nazario5_002903_74a3aa0e94d0,0.99613696,char_3_5gram_tfidf_cosine
nazario5_002904_289bf8c399ba,nazario5_002940_319913dca9c7,0.97411168,char_3_5gram_tfidf_cosine
nazario5_002913_96f0827db5df,nazario5_002927_70e88a96051c,0.97849578,char_3_5gram_tfidf_cosine
nazario5_002913_96f0827db5df,nazario5_002928_e71eb9120d81,0.99079412,char_3_5gram_tfidf_cosine
nazario5_002913_96f0827db5df,nazario5_002929_0c4623d0f966,0.97472745,char_3_5gram_tfidf_cosine
nazario5_002914_2ae89eb5e297,nazario5_003014_039163285d3d,0.97207862,char_3_5gram_tfidf_cosine
nazario5_002927_70e88a96051c,nazario5_002928_e71eb9120d81,0.98343283,char_3_5gram_tfidf_cosine
nazario5_002927_70e88a96051c,nazario5_002929_0c4623d0f966,0.96952564,char_3_5gram_tfidf_cosine
nazario5_002928_e71eb9120d81,nazario5_002929_0c4623d0f966,0.96984845,char_3_5gram_tfidf_cosine
nazario5_002932_c07b67411ec9,nazario5_003014_039163285d3d,0.9578433,char_3_5gram_tfidf_cosine
nazario5_002941_59a73aec3f6a,nazario5_002949_9889aed87bc7,0.95241684,char_3_5gram_tfidf_cosine
nazario5_002947_b772fac9ceb2,nazario5_002948_66b6b075b061,1.0,exact_template_signature
nazario5_002950_fd72819ed049,nazario5_003036_b4bb7c60f353,0.98443776,char_3_5gram_tfidf_cosine
nazario5_002953_1e8f0b1b2657,nazario5_002956_feef907fc5cf,0.95686018,char_3_5gram_tfidf_cosine
nazario5_002963_706624cf6fdd,nazario5_002973_6bf3a4ffd9a7,1.0,exact_template_signature
nazario5_002965_e2b02d5c347c,nazario5_003011_2448e43e4caf,0.99196601,char_3_5gram_tfidf_cosine
nazario5_002965_e2b02d5c347c,nazario5_003016_1891292698ed,0.98375601,char_3_5gram_tfidf_cosine
nazario5_002972_8941c5197cd0,nazario5_003048_6e3acf1e2e08,0.99859416,char_3_5gram_tfidf_cosine
nazario5_002981_ef2b55b2870c,nazario5_002992_4ce17a200439,0.97690356,char_3_5gram_tfidf_cosine
nazario5_002983_3ccb94c44d3a,nazario5_002987_f9f6e5dc083c,0.9785307,char_3_5gram_tfidf_cosine
nazario5_002993_2e31a6f19b7f,nazario5_002994_a10feadda98e,0.97910744,char_3_5gram_tfidf_cosine
nazario5_002993_2e31a6f19b7f,nazario5_002995_74f09ee1625d,0.97910744,char_3_5gram_tfidf_cosine
nazario5_002994_a10feadda98e,nazario5_002995_74f09ee1625d,1.0,exact_template_signature
nazario5_002996_827b53738e79,nazario5_002999_a84fe892b1e8,0.98898464,char_3_5gram_tfidf_cosine
nazario5_002996_827b53738e79,nazario5_003004_a6d1aa04e45e,0.99645513,char_3_5gram_tfidf_cosine
nazario5_002996_827b53738e79,nazario5_003010_4c593d81e9a8,0.99230218,char_3_5gram_tfidf_cosine
nazario5_002999_a84fe892b1e8,nazario5_003004_a6d1aa04e45e,0.98688704,char_3_5gram_tfidf_cosine
nazario5_002999_a84fe892b1e8,nazario5_003010_4c593d81e9a8,0.97503984,char_3_5gram_tfidf_cosine
nazario5_003003_3adbbc58f68d,nazario5_003008_785a80d5d743,0.97859454,char_3_5gram_tfidf_cosine
nazario5_003003_3adbbc58f68d,nazario5_003064_3eea5515fe3e,0.9523859,char_3_5gram_tfidf_cosine
nazario5_003004_a6d1aa04e45e,nazario5_003010_4c593d81e9a8,0.9974401,char_3_5gram_tfidf_cosine
nazario5_003008_785a80d5d743,nazario5_003064_3eea5515fe3e,0.95192522,char_3_5gram_tfidf_cosine
nazario5_003011_2448e43e4caf,nazario5_003016_1891292698ed,0.96953714,char_3_5gram_tfidf_cosine
nazario5_003016_1891292698ed,nazario5_003025_b82260fe03a9,0.97637397,char_3_5gram_tfidf_cosine
nazario5_003018_04f234f0753c,nazario5_003046_44a921519d5d,0.97062391,char_3_5gram_tfidf_cosine
nazario5_003032_614e30ce212a,nazario5_003034_6dfdb51915b6,0.9900341,char_3_5gram_tfidf_cosine
nazario5_003032_614e30ce212a,nazario5_003042_6f78639475a2,0.954606,char_3_5gram_tfidf_cosine
nazario5_003032_614e30ce212a,nazario5_003045_5530d2fc782b,0.95254475,char_3_5gram_tfidf_cosine
nazario5_003033_05fc151fa8ef,nazario5_003065_a92a21134b3e,0.95869046,char_3_5gram_tfidf_cosine
nazario5_003034_6dfdb51915b6,nazario5_003042_6f78639475a2,0.96878988,char_3_5gram_tfidf_cosine
nazario5_003034_6dfdb51915b6,nazario5_003045_5530d2fc782b,0.96699953,char_3_5gram_tfidf_cosine
nazario5_003042_6f78639475a2,nazario5_003045_5530d2fc782b,0.99866992,char_3_5gram_tfidf_cosine
nazario5_003051_2fb7e2c84da1,nazario5_003053_30a2635ffc83,0.97171718,char_3_5gram_tfidf_cosine
